epoch,loss_train,loss_val,mae_train,mae_val,mse_train,mse_val,modelo,numInputs,fold,filters,kernel_size,dropout,dense_units,learning_rate,batch_size,patience,epochs_max,epochs_usados,early_stopping_monitor
1,0.5226384401321411,0.16129520535469055,0.5558987259864807,0.3185195326805115,0.5226384401321411,0.16129520535469055,CNN,30,0,32,3,0.1,32,0.001,32,15,100,83,val_loss
2,0.20873266458511353,0.07730269432067871,0.3394804894924164,0.21581001579761505,0.20873266458511353,0.07730269432067871,CNN,30,0,32,3,0.1,32,0.001,32,15,100,83,val_loss
3,0.1417464166879654,0.06602980196475983,0.2755274176597595,0.1952344924211502,0.1417464166879654,0.06602980196475983,CNN,30,0,32,3,0.1,32,0.001,32,15,100,83,val_loss
4,0.12344203889369965,0.060026202350854874,0.25783824920654297,0.18493962287902832,0.12344203889369965,0.060026202350854874,CNN,30,0,32,3,0.1,32,0.001,32,15,100,83,val_loss
5,0.10233511030673981,0.0652671754360199,0.2337954342365265,0.19135290384292603,0.10233511030673981,0.0652671754360199,CNN,30,0,32,3,0.1,32,0.001,32,15,100,83,val_loss
6,0.10364838689565659,0.053011205047369,0.23144131898880005,0.17425402998924255,0.10364838689565659,0.053011205047369,CNN,30,0,32,3,0.1,32,0.001,32,15,100,83,val_loss
7,0.0924813374876976,0.053644344210624695,0.2206144481897354,0.17075209319591522,0.0924813374876976,0.053644344210624695,CNN,30,0,32,3,0.1,32,0.001,32,15,100,83,val_loss
8,0.0874873548746109,0.04788006469607353,0.21719472110271454,0.1631486713886261,0.0874873548746109,0.04788006469607353,CNN,30,0,32,3,0.1,32,0.001,32,15,100,83,val_loss
9,0.07676964998245239,0.03819790855050087,0.20386317372322083,0.14640475809574127,0.07676964998245239,0.03819790855050087,CNN,30,0,32,3,0.1,32,0.001,32,15,100,83,val_loss
10,0.07067915797233582,0.041597895324230194,0.19482281804084778,0.15014979243278503,0.07067915797233582,0.041597895324230194,CNN,30,0,32,3,0.1,32,0.001,32,15,100,83,val_loss
11,0.06970439851284027,0.04151669517159462,0.19485096633434296,0.14966298639774323,0.06970439851284027,0.04151669517159462,CNN,30,0,32,3,0.1,32,0.001,32,15,100,83,val_loss
12,0.06649627536535263,0.04193297028541565,0.19010452926158905,0.14871451258659363,0.06649627536535263,0.04193297028541565,CNN,30,0,32,3,0.1,32,0.001,32,15,100,83,val_loss
13,0.06943914294242859,0.036237314343452454,0.1934831440448761,0.13930031657218933,0.06943914294242859,0.036237314343452454,CNN,30,0,32,3,0.1,32,0.001,32,15,100,83,val_loss
14,0.06120426952838898,0.03470468521118164,0.18242184817790985,0.13684959709644318,0.06120426952838898,0.03470468521118164,CNN,30,0,32,3,0.1,32,0.001,32,15,100,83,val_loss
15,0.05691603943705559,0.035700347274541855,0.17646557092666626,0.13634422421455383,0.05691603943705559,0.035700347274541855,CNN,30,0,32,3,0.1,32,0.001,32,15,100,83,val_loss
16,0.05995158478617668,0.03836619853973389,0.17975379526615143,0.1433635801076889,0.05995158478617668,0.03836619853973389,CNN,30,0,32,3,0.1,32,0.001,32,15,100,83,val_loss
17,0.060640376061201096,0.043265193700790405,0.18248477578163147,0.14917172491550446,0.060640376061201096,0.043265193700790405,CNN,30,0,32,3,0.1,32,0.001,32,15,100,83,val_loss
18,0.061041347682476044,0.03638789430260658,0.18094980716705322,0.14255337417125702,0.061041347682476044,0.03638789430260658,CNN,30,0,32,3,0.1,32,0.001,32,15,100,83,val_loss
19,0.055087264627218246,0.03815492242574692,0.17357443273067474,0.13757668435573578,0.055087264627218246,0.03815492242574692,CNN,30,0,32,3,0.1,32,0.001,32,15,100,83,val_loss
20,0.05605150759220123,0.03209199756383896,0.17427021265029907,0.12852126359939575,0.05605150759220123,0.03209199756383896,CNN,30,0,32,3,0.1,32,0.001,32,15,100,83,val_loss
21,0.05557437241077423,0.031875014305114746,0.17263425886631012,0.12820008397102356,0.05557437241077423,0.031875014305114746,CNN,30,0,32,3,0.1,32,0.001,32,15,100,83,val_loss
22,0.05607970803976059,0.03089740313589573,0.17260679602622986,0.12593959271907806,0.05607970803976059,0.03089740313589573,CNN,30,0,32,3,0.1,32,0.001,32,15,100,83,val_loss
23,0.05100608617067337,0.03741423785686493,0.1657186895608902,0.13851387798786163,0.05100608617067337,0.03741423785686493,CNN,30,0,32,3,0.1,32,0.001,32,15,100,83,val_loss
24,0.05046161636710167,0.03449193015694618,0.16309702396392822,0.1343996822834015,0.05046161636710167,0.03449193015694618,CNN,30,0,32,3,0.1,32,0.001,32,15,100,83,val_loss
25,0.05426196753978729,0.03551559895277023,0.17139932513237,0.13572914898395538,0.05426196753978729,0.03551559895277023,CNN,30,0,32,3,0.1,32,0.001,32,15,100,83,val_loss
26,0.048046816140413284,0.02598460577428341,0.1610487401485443,0.11584417521953583,0.048046816140413284,0.02598460577428341,CNN,30,0,32,3,0.1,32,0.001,32,15,100,83,val_loss
27,0.044324230402708054,0.025204934179782867,0.15550805628299713,0.11157256364822388,0.044324230402708054,0.025204934179782867,CNN,30,0,32,3,0.1,32,0.001,32,15,100,83,val_loss
28,0.042915232479572296,0.027337726205587387,0.15172560513019562,0.117713063955307,0.042915232479572296,0.027337726205587387,CNN,30,0,32,3,0.1,32,0.001,32,15,100,83,val_loss
29,0.041698623448610306,0.032520197331905365,0.148414745926857,0.1281440258026123,0.041698623448610306,0.032520197331905365,CNN,30,0,32,3,0.1,32,0.001,32,15,100,83,val_loss
30,0.0503949299454689,0.024676337838172913,0.16382436454296112,0.11158255487680435,0.0503949299454689,0.024676337838172913,CNN,30,0,32,3,0.1,32,0.001,32,15,100,83,val_loss
31,0.04177658632397652,0.02322852797806263,0.15023598074913025,0.10805818438529968,0.04177658632397652,0.02322852797806263,CNN,30,0,32,3,0.1,32,0.001,32,15,100,83,val_loss
32,0.04246561974287033,0.024948230013251305,0.15078411996364594,0.11165572702884674,0.04246561974287033,0.024948230013251305,CNN,30,0,32,3,0.1,32,0.001,32,15,100,83,val_loss
33,0.04232703894376755,0.029536811634898186,0.15106546878814697,0.12849532067775726,0.04232703894376755,0.029536811634898186,CNN,30,0,32,3,0.1,32,0.001,32,15,100,83,val_loss
34,0.04969901964068413,0.03921182453632355,0.1649574637413025,0.15603549778461456,0.04969901964068413,0.03921182453632355,CNN,30,0,32,3,0.1,32,0.001,32,15,100,83,val_loss
35,0.055396538227796555,0.03337201848626137,0.17757537961006165,0.13451628386974335,0.055396538227796555,0.03337201848626137,CNN,30,0,32,3,0.1,32,0.001,32,15,100,83,val_loss
36,0.05150344595313072,0.028691334649920464,0.16414541006088257,0.1259046196937561,0.05150344595313072,0.028691334649920464,CNN,30,0,32,3,0.1,32,0.001,32,15,100,83,val_loss
37,0.04456288367509842,0.02347458153963089,0.15287241339683533,0.10774003714323044,0.04456288367509842,0.02347458153963089,CNN,30,0,32,3,0.1,32,0.001,32,15,100,83,val_loss
38,0.04088198021054268,0.024263767525553703,0.14561301469802856,0.11600121855735779,0.04088198021054268,0.024263767525553703,CNN,30,0,32,3,0.1,32,0.001,32,15,100,83,val_loss
39,0.0424032099545002,0.023989329114556313,0.14971254765987396,0.11592360585927963,0.0424032099545002,0.023989329114556313,CNN,30,0,32,3,0.1,32,0.001,32,15,100,83,val_loss
40,0.041793469339609146,0.03420354053378105,0.15178070962429047,0.13187642395496368,0.041793469339609146,0.03420354053378105,CNN,30,0,32,3,0.1,32,0.001,32,15,100,83,val_loss
41,0.04309173300862312,0.02179555408656597,0.15035201609134674,0.10155697166919708,0.04309173300862312,0.02179555408656597,CNN,30,0,32,3,0.1,32,0.001,32,15,100,83,val_loss
42,0.03694729879498482,0.021401671692728996,0.14072081446647644,0.10204573720693588,0.03694729879498482,0.021401671692728996,CNN,30,0,32,3,0.1,32,0.001,32,15,100,83,val_loss
43,0.03853626176714897,0.0216148030012846,0.14226722717285156,0.10083837807178497,0.03853626176714897,0.0216148030012846,CNN,30,0,32,3,0.1,32,0.001,32,15,100,83,val_loss
44,0.035969845950603485,0.026400215923786163,0.14000965654850006,0.11395246535539627,0.035969845950603485,0.026400215923786163,CNN,30,0,32,3,0.1,32,0.001,32,15,100,83,val_loss
45,0.04105804115533829,0.022740520536899567,0.14505793154239655,0.10714876651763916,0.04105804115533829,0.022740520536899567,CNN,30,0,32,3,0.1,32,0.001,32,15,100,83,val_loss
46,0.03882557153701782,0.020681120455265045,0.14319229125976562,0.09982328861951828,0.03882557153701782,0.020681120455265045,CNN,30,0,32,3,0.1,32,0.001,32,15,100,83,val_loss
47,0.03563487529754639,0.023143822327256203,0.13650581240653992,0.10078532993793488,0.03563487529754639,0.023143822327256203,CNN,30,0,32,3,0.1,32,0.001,32,15,100,83,val_loss
48,0.03376429155468941,0.021881692111492157,0.13575750589370728,0.09931468963623047,0.03376429155468941,0.021881692111492157,CNN,30,0,32,3,0.1,32,0.001,32,15,100,83,val_loss
49,0.03215642645955086,0.021305851638317108,0.13199709355831146,0.10240514576435089,0.03215642645955086,0.021305851638317108,CNN,30,0,32,3,0.1,32,0.001,32,15,100,83,val_loss
50,0.03470073640346527,0.019975800067186356,0.13567696511745453,0.0966302901506424,0.03470073640346527,0.019975800067186356,CNN,30,0,32,3,0.1,32,0.001,32,15,100,83,val_loss
51,0.033761296421289444,0.021485229954123497,0.13371986150741577,0.10289603471755981,0.033761296421289444,0.021485229954123497,CNN,30,0,32,3,0.1,32,0.001,32,15,100,83,val_loss
52,0.03722110018134117,0.02529018186032772,0.1387176215648651,0.1136411651968956,0.03722110018134117,0.02529018186032772,CNN,30,0,32,3,0.1,32,0.001,32,15,100,83,val_loss
53,0.0368688628077507,0.019738176837563515,0.13937678933143616,0.09756709635257721,0.0368688628077507,0.019738176837563515,CNN,30,0,32,3,0.1,32,0.001,32,15,100,83,val_loss
54,0.03237453103065491,0.019713986665010452,0.1325487494468689,0.09707630425691605,0.03237453103065491,0.019713986665010452,CNN,30,0,32,3,0.1,32,0.001,32,15,100,83,val_loss
55,0.03633520007133484,0.019100291654467583,0.1384243369102478,0.0920470580458641,0.03633520007133484,0.019100291654467583,CNN,30,0,32,3,0.1,32,0.001,32,15,100,83,val_loss
56,0.032441396266222,0.01968606747686863,0.13124845921993256,0.09591922909021378,0.032441396266222,0.01968606747686863,CNN,30,0,32,3,0.1,32,0.001,32,15,100,83,val_loss
57,0.03508837893605232,0.02062823809683323,0.13726738095283508,0.09981139004230499,0.03508837893605232,0.02062823809683323,CNN,30,0,32,3,0.1,32,0.001,32,15,100,83,val_loss
58,0.035440705716609955,0.023071814328432083,0.13898031413555145,0.10695358365774155,0.035440705716609955,0.023071814328432083,CNN,30,0,32,3,0.1,32,0.001,32,15,100,83,val_loss
59,0.0358785018324852,0.019366560503840446,0.13580094277858734,0.09300698339939117,0.0358785018324852,0.019366560503840446,CNN,30,0,32,3,0.1,32,0.001,32,15,100,83,val_loss
60,0.03485977649688721,0.019001886248588562,0.1367672234773636,0.09257760643959045,0.03485977649688721,0.019001886248588562,CNN,30,0,32,3,0.1,32,0.001,32,15,100,83,val_loss
61,0.036384228616952896,0.020850110799074173,0.13968102633953094,0.1026778444647789,0.036384228616952896,0.020850110799074173,CNN,30,0,32,3,0.1,32,0.001,32,15,100,83,val_loss
62,0.03596166893839836,0.018400048837065697,0.13664525747299194,0.0916508212685585,0.03596166893839836,0.018400048837065697,CNN,30,0,32,3,0.1,32,0.001,32,15,100,83,val_loss
63,0.031715959310531616,0.0189522672444582,0.13221475481987,0.09314326196908951,0.031715959310531616,0.0189522672444582,CNN,30,0,32,3,0.1,32,0.001,32,15,100,83,val_loss
64,0.033661406487226486,0.0196842048317194,0.13354314863681793,0.09700292348861694,0.033661406487226486,0.0196842048317194,CNN,30,0,32,3,0.1,32,0.001,32,15,100,83,val_loss
65,0.033585235476493835,0.02006622776389122,0.13546687364578247,0.09756577014923096,0.033585235476493835,0.02006622776389122,CNN,30,0,32,3,0.1,32,0.001,32,15,100,83,val_loss
66,0.030421821400523186,0.018519500270485878,0.12739413976669312,0.09158758819103241,0.030421821400523186,0.018519500270485878,CNN,30,0,32,3,0.1,32,0.001,32,15,100,83,val_loss
67,0.03443191200494766,0.018078969791531563,0.13497212529182434,0.0893210843205452,0.03443191200494766,0.018078969791531563,CNN,30,0,32,3,0.1,32,0.001,32,15,100,83,val_loss
68,0.03038676083087921,0.017974330112338066,0.1266484558582306,0.0907716229557991,0.03038676083087921,0.017974330112338066,CNN,30,0,32,3,0.1,32,0.001,32,15,100,83,val_loss
69,0.030929947271943092,0.018890850245952606,0.12690645456314087,0.09582459926605225,0.030929947271943092,0.018890850245952606,CNN,30,0,32,3,0.1,32,0.001,32,15,100,83,val_loss
70,0.032801106572151184,0.02022884599864483,0.1310194730758667,0.0964084044098854,0.032801106572151184,0.02022884599864483,CNN,30,0,32,3,0.1,32,0.001,32,15,100,83,val_loss
71,0.032214973121881485,0.02173873782157898,0.1308947205543518,0.1034405454993248,0.032214973121881485,0.02173873782157898,CNN,30,0,32,3,0.1,32,0.001,32,15,100,83,val_loss
72,0.031098339706659317,0.01949475333094597,0.12817241251468658,0.09280861169099808,0.031098339706659317,0.01949475333094597,CNN,30,0,32,3,0.1,32,0.001,32,15,100,83,val_loss
73,0.030392780900001526,0.017980357632040977,0.12786385416984558,0.09251110255718231,0.030392780900001526,0.017980357632040977,CNN,30,0,32,3,0.1,32,0.001,32,15,100,83,val_loss
74,0.03139287978410721,0.02444332465529442,0.13041646778583527,0.10805143415927887,0.03139287978410721,0.02444332465529442,CNN,30,0,32,3,0.1,32,0.001,32,15,100,83,val_loss
75,0.03371362388134003,0.01871897466480732,0.13243958353996277,0.09222068637609482,0.03371362388134003,0.01871897466480732,CNN,30,0,32,3,0.1,32,0.001,32,15,100,83,val_loss
76,0.030433233827352524,0.01875273510813713,0.12910206615924835,0.09305962175130844,0.030433233827352524,0.01875273510813713,CNN,30,0,32,3,0.1,32,0.001,32,15,100,83,val_loss
77,0.030729753896594048,0.01941700465977192,0.12828510999679565,0.09266865253448486,0.030729753896594048,0.01941700465977192,CNN,30,0,32,3,0.1,32,0.001,32,15,100,83,val_loss
78,0.03268526494503021,0.021400392055511475,0.1323133260011673,0.10704746842384338,0.03268526494503021,0.021400392055511475,CNN,30,0,32,3,0.1,32,0.001,32,15,100,83,val_loss
79,0.0293053537607193,0.02040034718811512,0.12723147869110107,0.09830810129642487,0.0293053537607193,0.02040034718811512,CNN,30,0,32,3,0.1,32,0.001,32,15,100,83,val_loss
80,0.030777672305703163,0.018044067546725273,0.12624339759349823,0.09051080793142319,0.030777672305703163,0.018044067546725273,CNN,30,0,32,3,0.1,32,0.001,32,15,100,83,val_loss
81,0.0298157949000597,0.018260549753904343,0.12696653604507446,0.09184762090444565,0.0298157949000597,0.018260549753904343,CNN,30,0,32,3,0.1,32,0.001,32,15,100,83,val_loss
82,0.030359288677573204,0.018995804712176323,0.12702935934066772,0.09280363470315933,0.030359288677573204,0.018995804712176323,CNN,30,0,32,3,0.1,32,0.001,32,15,100,83,val_loss
83,0.028464699164032936,0.018164629116654396,0.12231727689504623,0.0924810916185379,0.028464699164032936,0.018164629116654396,CNN,30,0,32,3,0.1,32,0.001,32,15,100,83,val_loss
1,0.39904817938804626,0.11770300567150116,0.47001269459724426,0.2725346088409424,0.39904817938804626,0.11770300567150116,CNN,30,1,32,3,0.1,32,0.001,32,15,100,95,val_loss
2,0.16480852663516998,0.0698561742901802,0.2982693016529083,0.19914744794368744,0.16480852663516998,0.0698561742901802,CNN,30,1,32,3,0.1,32,0.001,32,15,100,95,val_loss
3,0.12254586070775986,0.05993030220270157,0.25729864835739136,0.1865866482257843,0.12254586070775986,0.05993030220270157,CNN,30,1,32,3,0.1,32,0.001,32,15,100,95,val_loss
4,0.10566611588001251,0.052840929478406906,0.23622950911521912,0.1760152280330658,0.10566611588001251,0.052840929478406906,CNN,30,1,32,3,0.1,32,0.001,32,15,100,95,val_loss
5,0.09604524821043015,0.05549439415335655,0.22586773335933685,0.1733400821685791,0.09604524821043015,0.05549439415335655,CNN,30,1,32,3,0.1,32,0.001,32,15,100,95,val_loss
6,0.08809605985879898,0.0465998500585556,0.2183011919260025,0.16701534390449524,0.08809605985879898,0.0465998500585556,CNN,30,1,32,3,0.1,32,0.001,32,15,100,95,val_loss
7,0.08332127332687378,0.04642472416162491,0.21232669055461884,0.16309024393558502,0.08332127332687378,0.04642472416162491,CNN,30,1,32,3,0.1,32,0.001,32,15,100,95,val_loss
8,0.07295267283916473,0.042216043919324875,0.2029741406440735,0.15462647378444672,0.07295267283916473,0.042216043919324875,CNN,30,1,32,3,0.1,32,0.001,32,15,100,95,val_loss
9,0.06726841628551483,0.05196614935994148,0.19194579124450684,0.16308969259262085,0.06726841628551483,0.05196614935994148,CNN,30,1,32,3,0.1,32,0.001,32,15,100,95,val_loss
10,0.0737752690911293,0.03961163014173508,0.2015254944562912,0.14822901785373688,0.0737752690911293,0.03961163014173508,CNN,30,1,32,3,0.1,32,0.001,32,15,100,95,val_loss
11,0.06352183222770691,0.04921231418848038,0.18804381787776947,0.15818628668785095,0.06352183222770691,0.04921231418848038,CNN,30,1,32,3,0.1,32,0.001,32,15,100,95,val_loss
12,0.06388194113969803,0.038190100342035294,0.18647344410419464,0.14104880392551422,0.06388194113969803,0.038190100342035294,CNN,30,1,32,3,0.1,32,0.001,32,15,100,95,val_loss
13,0.06454584002494812,0.04572906345129013,0.18708845973014832,0.15744861960411072,0.06454584002494812,0.04572906345129013,CNN,30,1,32,3,0.1,32,0.001,32,15,100,95,val_loss
14,0.06249126419425011,0.040588490664958954,0.18530407547950745,0.1498963087797165,0.06249126419425011,0.040588490664958954,CNN,30,1,32,3,0.1,32,0.001,32,15,100,95,val_loss
15,0.0613107830286026,0.03716086223721504,0.1836884617805481,0.14262939989566803,0.0613107830286026,0.03716086223721504,CNN,30,1,32,3,0.1,32,0.001,32,15,100,95,val_loss
16,0.06142847239971161,0.04036891087889671,0.1819714605808258,0.14959219098091125,0.06142847239971161,0.04036891087889671,CNN,30,1,32,3,0.1,32,0.001,32,15,100,95,val_loss
17,0.06410975754261017,0.03673391789197922,0.18731465935707092,0.14398859441280365,0.06410975754261017,0.03673391789197922,CNN,30,1,32,3,0.1,32,0.001,32,15,100,95,val_loss
18,0.061663951724767685,0.03508811816573143,0.18732666969299316,0.13428997993469238,0.061663951724767685,0.03508811816573143,CNN,30,1,32,3,0.1,32,0.001,32,15,100,95,val_loss
19,0.05714445188641548,0.03148678317666054,0.1764097511768341,0.12871114909648895,0.05714445188641548,0.03148678317666054,CNN,30,1,32,3,0.1,32,0.001,32,15,100,95,val_loss
20,0.051359083503484726,0.0319228358566761,0.16659943759441376,0.12787480652332306,0.051359083503484726,0.0319228358566761,CNN,30,1,32,3,0.1,32,0.001,32,15,100,95,val_loss
21,0.0508284866809845,0.03925979882478714,0.16531728208065033,0.14106611907482147,0.0508284866809845,0.03925979882478714,CNN,30,1,32,3,0.1,32,0.001,32,15,100,95,val_loss
22,0.04814447462558746,0.03545204922556877,0.16180436313152313,0.1365446299314499,0.04814447462558746,0.03545204922556877,CNN,30,1,32,3,0.1,32,0.001,32,15,100,95,val_loss
23,0.05365848168730736,0.04569702222943306,0.16888757050037384,0.15283699333667755,0.05365848168730736,0.04569702222943306,CNN,30,1,32,3,0.1,32,0.001,32,15,100,95,val_loss
24,0.05469467118382454,0.03697172924876213,0.16969819366931915,0.1364566832780838,0.05469467118382454,0.03697172924876213,CNN,30,1,32,3,0.1,32,0.001,32,15,100,95,val_loss
25,0.05052914097905159,0.03209580108523369,0.16555741429328918,0.1297440081834793,0.05052914097905159,0.03209580108523369,CNN,30,1,32,3,0.1,32,0.001,32,15,100,95,val_loss
26,0.04950641468167305,0.029425382614135742,0.1642596423625946,0.12256041914224625,0.04950641468167305,0.029425382614135742,CNN,30,1,32,3,0.1,32,0.001,32,15,100,95,val_loss
27,0.05249921977519989,0.03404097631573677,0.16671529412269592,0.13270694017410278,0.05249921977519989,0.03404097631573677,CNN,30,1,32,3,0.1,32,0.001,32,15,100,95,val_loss
28,0.0478435717523098,0.026782287284731865,0.16184444725513458,0.1159018948674202,0.0478435717523098,0.026782287284731865,CNN,30,1,32,3,0.1,32,0.001,32,15,100,95,val_loss
29,0.046829257160425186,0.02668028324842453,0.15826871991157532,0.11236480623483658,0.046829257160425186,0.02668028324842453,CNN,30,1,32,3,0.1,32,0.001,32,15,100,95,val_loss
30,0.041947513818740845,0.025149844586849213,0.15039804577827454,0.11188814789056778,0.041947513818740845,0.025149844586849213,CNN,30,1,32,3,0.1,32,0.001,32,15,100,95,val_loss
31,0.04042249917984009,0.025845535099506378,0.14618957042694092,0.11503257602453232,0.04042249917984009,0.025845535099506378,CNN,30,1,32,3,0.1,32,0.001,32,15,100,95,val_loss
32,0.0432613231241703,0.032992132008075714,0.15336979925632477,0.12840649485588074,0.0432613231241703,0.032992132008075714,CNN,30,1,32,3,0.1,32,0.001,32,15,100,95,val_loss
33,0.04606487601995468,0.024597447365522385,0.1585751473903656,0.11211252212524414,0.04606487601995468,0.024597447365522385,CNN,30,1,32,3,0.1,32,0.001,32,15,100,95,val_loss
34,0.03737219423055649,0.024599695578217506,0.14224955439567566,0.10855881124734879,0.03737219423055649,0.024599695578217506,CNN,30,1,32,3,0.1,32,0.001,32,15,100,95,val_loss
35,0.03948928043246269,0.0240144245326519,0.14509740471839905,0.10872247815132141,0.03948928043246269,0.0240144245326519,CNN,30,1,32,3,0.1,32,0.001,32,15,100,95,val_loss
36,0.03799055516719818,0.03373176231980324,0.14487901329994202,0.1283808946609497,0.03799055516719818,0.03373176231980324,CNN,30,1,32,3,0.1,32,0.001,32,15,100,95,val_loss
37,0.04655994847416878,0.037550561130046844,0.15386348962783813,0.1391364485025406,0.04655994847416878,0.037550561130046844,CNN,30,1,32,3,0.1,32,0.001,32,15,100,95,val_loss
38,0.04501133784651756,0.025205839425325394,0.15634480118751526,0.11341767758131027,0.04501133784651756,0.025205839425325394,CNN,30,1,32,3,0.1,32,0.001,32,15,100,95,val_loss
39,0.047603871673345566,0.028231853619217873,0.16244542598724365,0.11957143992185593,0.047603871673345566,0.028231853619217873,CNN,30,1,32,3,0.1,32,0.001,32,15,100,95,val_loss
40,0.04333043470978737,0.02280081808567047,0.1520642340183258,0.10630131512880325,0.04333043470978737,0.02280081808567047,CNN,30,1,32,3,0.1,32,0.001,32,15,100,95,val_loss
41,0.03611653670668602,0.02647719532251358,0.14078721404075623,0.11491107195615768,0.03611653670668602,0.02647719532251358,CNN,30,1,32,3,0.1,32,0.001,32,15,100,95,val_loss
42,0.036844342947006226,0.02190433256328106,0.14049595594406128,0.10399127006530762,0.036844342947006226,0.02190433256328106,CNN,30,1,32,3,0.1,32,0.001,32,15,100,95,val_loss
43,0.03783534839749336,0.023097164928913116,0.14056538045406342,0.1082204282283783,0.03783534839749336,0.023097164928913116,CNN,30,1,32,3,0.1,32,0.001,32,15,100,95,val_loss
44,0.03847697749733925,0.021768169477581978,0.1413588672876358,0.0999443307518959,0.03847697749733925,0.021768169477581978,CNN,30,1,32,3,0.1,32,0.001,32,15,100,95,val_loss
45,0.036340005695819855,0.02109897881746292,0.13853314518928528,0.10021771490573883,0.036340005695819855,0.02109897881746292,CNN,30,1,32,3,0.1,32,0.001,32,15,100,95,val_loss
46,0.037249937653541565,0.02146153524518013,0.14132586121559143,0.10409532487392426,0.037249937653541565,0.02146153524518013,CNN,30,1,32,3,0.1,32,0.001,32,15,100,95,val_loss
47,0.03511397913098335,0.023272432386875153,0.13865680992603302,0.10918156057596207,0.03511397913098335,0.023272432386875153,CNN,30,1,32,3,0.1,32,0.001,32,15,100,95,val_loss
48,0.03984930366277695,0.023786185309290886,0.14636120200157166,0.11649740487337112,0.03984930366277695,0.023786185309290886,CNN,30,1,32,3,0.1,32,0.001,32,15,100,95,val_loss
49,0.04007487744092941,0.026356594637036324,0.14759379625320435,0.12164530903100967,0.04007487744092941,0.026356594637036324,CNN,30,1,32,3,0.1,32,0.001,32,15,100,95,val_loss
50,0.038989048451185226,0.020500874146819115,0.14279338717460632,0.10008135437965393,0.038989048451185226,0.020500874146819115,CNN,30,1,32,3,0.1,32,0.001,32,15,100,95,val_loss
51,0.03763221576809883,0.026661932468414307,0.13936689496040344,0.1130128726363182,0.03763221576809883,0.026661932468414307,CNN,30,1,32,3,0.1,32,0.001,32,15,100,95,val_loss
52,0.034614406526088715,0.02207876555621624,0.13605676591396332,0.10401172190904617,0.034614406526088715,0.02207876555621624,CNN,30,1,32,3,0.1,32,0.001,32,15,100,95,val_loss
53,0.0355156846344471,0.019955888390541077,0.13755036890506744,0.09688795357942581,0.0355156846344471,0.019955888390541077,CNN,30,1,32,3,0.1,32,0.001,32,15,100,95,val_loss
54,0.03464293107390404,0.021401865407824516,0.13526952266693115,0.09792689979076385,0.03464293107390404,0.021401865407824516,CNN,30,1,32,3,0.1,32,0.001,32,15,100,95,val_loss
55,0.0315474197268486,0.020759521052241325,0.13049496710300446,0.10131814330816269,0.0315474197268486,0.020759521052241325,CNN,30,1,32,3,0.1,32,0.001,32,15,100,95,val_loss
56,0.03274397552013397,0.020137077197432518,0.13115498423576355,0.09921900928020477,0.03274397552013397,0.020137077197432518,CNN,30,1,32,3,0.1,32,0.001,32,15,100,95,val_loss
57,0.03389734402298927,0.019890977069735527,0.1332676261663437,0.09600093960762024,0.03389734402298927,0.019890977069735527,CNN,30,1,32,3,0.1,32,0.001,32,15,100,95,val_loss
58,0.03108636662364006,0.019860202446579933,0.1306035816669464,0.095835380256176,0.03108636662364006,0.019860202446579933,CNN,30,1,32,3,0.1,32,0.001,32,15,100,95,val_loss
59,0.03163555637001991,0.02186117134988308,0.12798798084259033,0.10489613562822342,0.03163555637001991,0.02186117134988308,CNN,30,1,32,3,0.1,32,0.001,32,15,100,95,val_loss
60,0.03087531588971615,0.020564446225762367,0.12921521067619324,0.10020329803228378,0.03087531588971615,0.020564446225762367,CNN,30,1,32,3,0.1,32,0.001,32,15,100,95,val_loss
61,0.031901367008686066,0.019959652796387672,0.13013608753681183,0.0956653580069542,0.031901367008686066,0.019959652796387672,CNN,30,1,32,3,0.1,32,0.001,32,15,100,95,val_loss
62,0.030312182381749153,0.019552987068891525,0.12838274240493774,0.09373237192630768,0.030312182381749153,0.019552987068891525,CNN,30,1,32,3,0.1,32,0.001,32,15,100,95,val_loss
63,0.03030572272837162,0.023681702092289925,0.12757006287574768,0.10732495784759521,0.03030572272837162,0.023681702092289925,CNN,30,1,32,3,0.1,32,0.001,32,15,100,95,val_loss
64,0.03441846743226051,0.01975766383111477,0.1329423189163208,0.10161353647708893,0.03441846743226051,0.01975766383111477,CNN,30,1,32,3,0.1,32,0.001,32,15,100,95,val_loss
65,0.032806091010570526,0.0248830858618021,0.13251452147960663,0.12275994569063187,0.032806091010570526,0.0248830858618021,CNN,30,1,32,3,0.1,32,0.001,32,15,100,95,val_loss
66,0.034067247062921524,0.019330868497490883,0.13703611493110657,0.09620754420757294,0.034067247062921524,0.019330868497490883,CNN,30,1,32,3,0.1,32,0.001,32,15,100,95,val_loss
67,0.030741263180971146,0.019274350255727768,0.12813706696033478,0.09416278451681137,0.030741263180971146,0.019274350255727768,CNN,30,1,32,3,0.1,32,0.001,32,15,100,95,val_loss
68,0.03051300160586834,0.019049568101763725,0.12719784677028656,0.09400904178619385,0.03051300160586834,0.019049568101763725,CNN,30,1,32,3,0.1,32,0.001,32,15,100,95,val_loss
69,0.031465303152799606,0.019094347953796387,0.12957113981246948,0.0924946665763855,0.031465303152799606,0.019094347953796387,CNN,30,1,32,3,0.1,32,0.001,32,15,100,95,val_loss
70,0.02963700145483017,0.019656119868159294,0.12517035007476807,0.09244696795940399,0.02963700145483017,0.019656119868159294,CNN,30,1,32,3,0.1,32,0.001,32,15,100,95,val_loss
71,0.02963508479297161,0.022217733785510063,0.12575069069862366,0.1068679466843605,0.02963508479297161,0.022217733785510063,CNN,30,1,32,3,0.1,32,0.001,32,15,100,95,val_loss
72,0.03258182108402252,0.020031778141856194,0.1302843987941742,0.1042650043964386,0.03258182108402252,0.020031778141856194,CNN,30,1,32,3,0.1,32,0.001,32,15,100,95,val_loss
73,0.031054126098752022,0.018340205773711205,0.12844397127628326,0.09140437096357346,0.031054126098752022,0.018340205773711205,CNN,30,1,32,3,0.1,32,0.001,32,15,100,95,val_loss
74,0.028152218088507652,0.019045792520046234,0.12312906235456467,0.09410325437784195,0.028152218088507652,0.019045792520046234,CNN,30,1,32,3,0.1,32,0.001,32,15,100,95,val_loss
75,0.028859535232186317,0.01881437934935093,0.12327747046947479,0.09161055833101273,0.028859535232186317,0.01881437934935093,CNN,30,1,32,3,0.1,32,0.001,32,15,100,95,val_loss
76,0.029598737135529518,0.018385158851742744,0.12311610579490662,0.09026672691106796,0.029598737135529518,0.018385158851742744,CNN,30,1,32,3,0.1,32,0.001,32,15,100,95,val_loss
77,0.02845209464430809,0.01870233565568924,0.12331572920084,0.09531725943088531,0.02845209464430809,0.01870233565568924,CNN,30,1,32,3,0.1,32,0.001,32,15,100,95,val_loss
78,0.03051270730793476,0.018834851682186127,0.12684233486652374,0.09256113320589066,0.03051270730793476,0.018834851682186127,CNN,30,1,32,3,0.1,32,0.001,32,15,100,95,val_loss
79,0.030228011310100555,0.0186399444937706,0.12620249390602112,0.09189552813768387,0.030228011310100555,0.0186399444937706,CNN,30,1,32,3,0.1,32,0.001,32,15,100,95,val_loss
80,0.029051730409264565,0.018061604350805283,0.12454455345869064,0.08916725218296051,0.029051730409264565,0.018061604350805283,CNN,30,1,32,3,0.1,32,0.001,32,15,100,95,val_loss
81,0.03200369328260422,0.018406234681606293,0.12579356133937836,0.09102516621351242,0.03200369328260422,0.018406234681606293,CNN,30,1,32,3,0.1,32,0.001,32,15,100,95,val_loss
82,0.0303553007543087,0.02066587656736374,0.12633712589740753,0.10140492767095566,0.0303553007543087,0.02066587656736374,CNN,30,1,32,3,0.1,32,0.001,32,15,100,95,val_loss
83,0.027505304664373398,0.01923111081123352,0.12118173390626907,0.09554038196802139,0.027505304664373398,0.01923111081123352,CNN,30,1,32,3,0.1,32,0.001,32,15,100,95,val_loss
84,0.026274217292666435,0.01896052435040474,0.11808869987726212,0.08920040726661682,0.026274217292666435,0.01896052435040474,CNN,30,1,32,3,0.1,32,0.001,32,15,100,95,val_loss
85,0.02900891937315464,0.018941491842269897,0.12337588518857956,0.09413383901119232,0.02900891937315464,0.018941491842269897,CNN,30,1,32,3,0.1,32,0.001,32,15,100,95,val_loss
86,0.028399312868714333,0.02133159711956978,0.12295090407133102,0.10120000690221786,0.028399312868714333,0.02133159711956978,CNN,30,1,32,3,0.1,32,0.001,32,15,100,95,val_loss
87,0.03313707187771797,0.018077069893479347,0.13026314973831177,0.08908123522996902,0.03313707187771797,0.018077069893479347,CNN,30,1,32,3,0.1,32,0.001,32,15,100,95,val_loss
88,0.02707766741514206,0.018878482282161713,0.11887039989233017,0.09019603580236435,0.02707766741514206,0.018878482282161713,CNN,30,1,32,3,0.1,32,0.001,32,15,100,95,val_loss
89,0.028032006695866585,0.019479574635624886,0.12121914327144623,0.09160809218883514,0.028032006695866585,0.019479574635624886,CNN,30,1,32,3,0.1,32,0.001,32,15,100,95,val_loss
90,0.03096849098801613,0.01904047653079033,0.127240851521492,0.09170287847518921,0.03096849098801613,0.01904047653079033,CNN,30,1,32,3,0.1,32,0.001,32,15,100,95,val_loss
91,0.02861565165221691,0.020799480378627777,0.1239098384976387,0.09851649403572083,0.02861565165221691,0.020799480378627777,CNN,30,1,32,3,0.1,32,0.001,32,15,100,95,val_loss
92,0.02878022938966751,0.019039899110794067,0.12220374494791031,0.09198538213968277,0.02878022938966751,0.019039899110794067,CNN,30,1,32,3,0.1,32,0.001,32,15,100,95,val_loss
93,0.027801785618066788,0.018543876707553864,0.12092262506484985,0.09276233613491058,0.027801785618066788,0.018543876707553864,CNN,30,1,32,3,0.1,32,0.001,32,15,100,95,val_loss
94,0.027413543313741684,0.01966162770986557,0.11934096366167068,0.09090296179056168,0.027413543313741684,0.01966162770986557,CNN,30,1,32,3,0.1,32,0.001,32,15,100,95,val_loss
95,0.027040312066674232,0.01846241019666195,0.1197226420044899,0.0927753746509552,0.027040312066674232,0.01846241019666195,CNN,30,1,32,3,0.1,32,0.001,32,15,100,95,val_loss
1,0.48096963763237,0.2165193110704422,0.5114748477935791,0.34114912152290344,0.48096963763237,0.2165193110704422,CNN,30,2,32,3,0.1,32,0.001,32,15,100,100,val_loss
2,0.23745591938495636,0.09062064439058304,0.35525569319725037,0.22393053770065308,0.23745591938495636,0.09062064439058304,CNN,30,2,32,3,0.1,32,0.001,32,15,100,100,val_loss
3,0.15421563386917114,0.07432533800601959,0.2864803075790405,0.19666582345962524,0.15421563386917114,0.07432533800601959,CNN,30,2,32,3,0.1,32,0.001,32,15,100,100,val_loss
4,0.12590785324573517,0.05707135796546936,0.2569260895252228,0.17586570978164673,0.12590785324573517,0.05707135796546936,CNN,30,2,32,3,0.1,32,0.001,32,15,100,100,val_loss
5,0.10706332325935364,0.059304129332304,0.23855698108673096,0.17406994104385376,0.10706332325935364,0.059304129332304,CNN,30,2,32,3,0.1,32,0.001,32,15,100,100,val_loss
6,0.09028620272874832,0.04783863201737404,0.22271984815597534,0.1609824001789093,0.09028620272874832,0.04783863201737404,CNN,30,2,32,3,0.1,32,0.001,32,15,100,100,val_loss
7,0.09411001205444336,0.041931748390197754,0.2204025834798813,0.15156926214694977,0.09411001205444336,0.041931748390197754,CNN,30,2,32,3,0.1,32,0.001,32,15,100,100,val_loss
8,0.0850895345211029,0.04420953243970871,0.21168072521686554,0.15682533383369446,0.0850895345211029,0.04420953243970871,CNN,30,2,32,3,0.1,32,0.001,32,15,100,100,val_loss
9,0.07639533281326294,0.04315483570098877,0.20170457661151886,0.152347132563591,0.07639533281326294,0.04315483570098877,CNN,30,2,32,3,0.1,32,0.001,32,15,100,100,val_loss
10,0.0789111778140068,0.039754532277584076,0.2038400024175644,0.14756225049495697,0.0789111778140068,0.039754532277584076,CNN,30,2,32,3,0.1,32,0.001,32,15,100,100,val_loss
11,0.0674014538526535,0.03840462118387222,0.19177496433258057,0.14350706338882446,0.0674014538526535,0.03840462118387222,CNN,30,2,32,3,0.1,32,0.001,32,15,100,100,val_loss
12,0.06637270003557205,0.04323730990290642,0.18806026875972748,0.15667448937892914,0.06637270003557205,0.04323730990290642,CNN,30,2,32,3,0.1,32,0.001,32,15,100,100,val_loss
13,0.0646444708108902,0.04046810045838356,0.18730950355529785,0.15245887637138367,0.0646444708108902,0.04046810045838356,CNN,30,2,32,3,0.1,32,0.001,32,15,100,100,val_loss
14,0.06497962027788162,0.04315704479813576,0.18775296211242676,0.15907493233680725,0.06497962027788162,0.04315704479813576,CNN,30,2,32,3,0.1,32,0.001,32,15,100,100,val_loss
15,0.061514172703027725,0.036084409803152084,0.18180903792381287,0.14037925004959106,0.061514172703027725,0.036084409803152084,CNN,30,2,32,3,0.1,32,0.001,32,15,100,100,val_loss
16,0.055814895778894424,0.03807589411735535,0.17517708241939545,0.13856810331344604,0.055814895778894424,0.03807589411735535,CNN,30,2,32,3,0.1,32,0.001,32,15,100,100,val_loss
17,0.05248524993658066,0.033740609884262085,0.16917403042316437,0.13568681478500366,0.05248524993658066,0.033740609884262085,CNN,30,2,32,3,0.1,32,0.001,32,15,100,100,val_loss
18,0.0552431158721447,0.03071034513413906,0.17386892437934875,0.12832553684711456,0.0552431158721447,0.03071034513413906,CNN,30,2,32,3,0.1,32,0.001,32,15,100,100,val_loss
19,0.04907121881842613,0.03540567681193352,0.16318172216415405,0.13293643295764923,0.04907121881842613,0.03540567681193352,CNN,30,2,32,3,0.1,32,0.001,32,15,100,100,val_loss
20,0.0514906570315361,0.033742506057024,0.16697070002555847,0.13688631355762482,0.0514906570315361,0.033742506057024,CNN,30,2,32,3,0.1,32,0.001,32,15,100,100,val_loss
21,0.0518273189663887,0.03592545539140701,0.1658654361963272,0.13384182751178741,0.0518273189663887,0.03592545539140701,CNN,30,2,32,3,0.1,32,0.001,32,15,100,100,val_loss
22,0.05272997170686722,0.0320904515683651,0.16636651754379272,0.1327882707118988,0.05272997170686722,0.0320904515683651,CNN,30,2,32,3,0.1,32,0.001,32,15,100,100,val_loss
23,0.04830404743552208,0.02809748612344265,0.1599753499031067,0.1177118718624115,0.04830404743552208,0.02809748612344265,CNN,30,2,32,3,0.1,32,0.001,32,15,100,100,val_loss
24,0.04831062629818916,0.028235668316483498,0.15847758948802948,0.12012146413326263,0.04831062629818916,0.028235668316483498,CNN,30,2,32,3,0.1,32,0.001,32,15,100,100,val_loss
25,0.045032791793346405,0.029808394610881805,0.15452885627746582,0.1252465695142746,0.045032791793346405,0.029808394610881805,CNN,30,2,32,3,0.1,32,0.001,32,15,100,100,val_loss
26,0.04767270013689995,0.0341140478849411,0.1576954871416092,0.13858161866664886,0.04767270013689995,0.0341140478849411,CNN,30,2,32,3,0.1,32,0.001,32,15,100,100,val_loss
27,0.04757550358772278,0.03842125087976456,0.1585429161787033,0.15365247428417206,0.04757550358772278,0.03842125087976456,CNN,30,2,32,3,0.1,32,0.001,32,15,100,100,val_loss
28,0.043796736747026443,0.028972353786230087,0.1537359654903412,0.12446628510951996,0.043796736747026443,0.028972353786230087,CNN,30,2,32,3,0.1,32,0.001,32,15,100,100,val_loss
29,0.047145601361989975,0.0339619405567646,0.157426118850708,0.14228995144367218,0.047145601361989975,0.0339619405567646,CNN,30,2,32,3,0.1,32,0.001,32,15,100,100,val_loss
30,0.04202750325202942,0.02804751880466938,0.1502966433763504,0.1209726482629776,0.04202750325202942,0.02804751880466938,CNN,30,2,32,3,0.1,32,0.001,32,15,100,100,val_loss
31,0.043293215334415436,0.04312838241457939,0.15090125799179077,0.16823047399520874,0.043293215334415436,0.04312838241457939,CNN,30,2,32,3,0.1,32,0.001,32,15,100,100,val_loss
32,0.047125376760959625,0.02516196481883526,0.15753769874572754,0.10997149348258972,0.047125376760959625,0.02516196481883526,CNN,30,2,32,3,0.1,32,0.001,32,15,100,100,val_loss
33,0.040148377418518066,0.02751203626394272,0.14629895985126495,0.11973675340414047,0.040148377418518066,0.02751203626394272,CNN,30,2,32,3,0.1,32,0.001,32,15,100,100,val_loss
34,0.04006924480199814,0.027403993532061577,0.1465325504541397,0.12374117970466614,0.04006924480199814,0.027403993532061577,CNN,30,2,32,3,0.1,32,0.001,32,15,100,100,val_loss
35,0.0400155633687973,0.02406134456396103,0.14601978659629822,0.10986951738595963,0.0400155633687973,0.02406134456396103,CNN,30,2,32,3,0.1,32,0.001,32,15,100,100,val_loss
36,0.03911305591464043,0.026114460080862045,0.14492161571979523,0.12159860134124756,0.03911305591464043,0.026114461943507195,CNN,30,2,32,3,0.1,32,0.001,32,15,100,100,val_loss
37,0.038883768022060394,0.028946474194526672,0.14350098371505737,0.12781551480293274,0.038883768022060394,0.028946474194526672,CNN,30,2,32,3,0.1,32,0.001,32,15,100,100,val_loss
38,0.039235491305589676,0.027730893343687057,0.14371313154697418,0.1223638728260994,0.039235491305589676,0.027730893343687057,CNN,30,2,32,3,0.1,32,0.001,32,15,100,100,val_loss
39,0.040000636130571365,0.03438066318631172,0.14548267424106598,0.14379216730594635,0.040000636130571365,0.03438066318631172,CNN,30,2,32,3,0.1,32,0.001,32,15,100,100,val_loss
40,0.04233195260167122,0.04537220671772957,0.15156243741512299,0.1702648401260376,0.04233195260167122,0.04537220671772957,CNN,30,2,32,3,0.1,32,0.001,32,15,100,100,val_loss
41,0.048439133912324905,0.03656899556517601,0.16276349127292633,0.14842408895492554,0.048439133912324905,0.03656899556517601,CNN,30,2,32,3,0.1,32,0.001,32,15,100,100,val_loss
42,0.05467405542731285,0.024212559685111046,0.175710067152977,0.11204572021961212,0.05467405542731285,0.024212559685111046,CNN,30,2,32,3,0.1,32,0.001,32,15,100,100,val_loss
43,0.04478810355067253,0.02312627248466015,0.15528471767902374,0.1094493567943573,0.04478810355067253,0.02312627248466015,CNN,30,2,32,3,0.1,32,0.001,32,15,100,100,val_loss
44,0.03533310815691948,0.023176997900009155,0.13627003133296967,0.10583589226007462,0.03533310815691948,0.023176997900009155,CNN,30,2,32,3,0.1,32,0.001,32,15,100,100,val_loss
45,0.03575364500284195,0.02432992123067379,0.13698209822177887,0.11501001566648483,0.03575364500284195,0.02432992123067379,CNN,30,2,32,3,0.1,32,0.001,32,15,100,100,val_loss
46,0.038508202880620956,0.02443382889032364,0.14299376308918,0.11627542972564697,0.038508202880620956,0.02443382889032364,CNN,30,2,32,3,0.1,32,0.001,32,15,100,100,val_loss
47,0.035070471465587616,0.02210843563079834,0.13528229296207428,0.10105972737073898,0.035070471465587616,0.02210843563079834,CNN,30,2,32,3,0.1,32,0.001,32,15,100,100,val_loss
48,0.032187700271606445,0.021492743864655495,0.13042272627353668,0.10195299983024597,0.032187700271606445,0.021492743864655495,CNN,30,2,32,3,0.1,32,0.001,32,15,100,100,val_loss
49,0.038392726331949234,0.028742250055074692,0.13916750252246857,0.119134820997715,0.038392726331949234,0.028742250055074692,CNN,30,2,32,3,0.1,32,0.001,32,15,100,100,val_loss
50,0.03370428830385208,0.023364461958408356,0.1351311355829239,0.10312259942293167,0.03370428830385208,0.023364461958408356,CNN,30,2,32,3,0.1,32,0.001,32,15,100,100,val_loss
51,0.03279099240899086,0.021375663578510284,0.12938545644283295,0.09898731112480164,0.03279099240899086,0.021375663578510284,CNN,30,2,32,3,0.1,32,0.001,32,15,100,100,val_loss
52,0.03190818056464195,0.0212545283138752,0.12923534214496613,0.10026419907808304,0.03190818056464195,0.0212545283138752,CNN,30,2,32,3,0.1,32,0.001,32,15,100,100,val_loss
53,0.03700638562440872,0.021123453974723816,0.13672880828380585,0.0985322967171669,0.03700638562440872,0.021123453974723816,CNN,30,2,32,3,0.1,32,0.001,32,15,100,100,val_loss
54,0.03468077629804611,0.022255737334489822,0.13278788328170776,0.10456206649541855,0.03468077629804611,0.022255737334489822,CNN,30,2,32,3,0.1,32,0.001,32,15,100,100,val_loss
55,0.034254856407642365,0.02068598009645939,0.1335744559764862,0.09742660075426102,0.034254856407642365,0.02068598009645939,CNN,30,2,32,3,0.1,32,0.001,32,15,100,100,val_loss
56,0.03225882723927498,0.021073326468467712,0.1303936392068863,0.09788160026073456,0.03225882723927498,0.021073326468467712,CNN,30,2,32,3,0.1,32,0.001,32,15,100,100,val_loss
57,0.035179756581783295,0.024692349135875702,0.134648397564888,0.11670123785734177,0.035179756581783295,0.024692349135875702,CNN,30,2,32,3,0.1,32,0.001,32,15,100,100,val_loss
58,0.03926136717200279,0.021676400676369667,0.14326483011245728,0.10212894529104233,0.03926136717200279,0.021676400676369667,CNN,30,2,32,3,0.1,32,0.001,32,15,100,100,val_loss
59,0.03566902503371239,0.020183337852358818,0.13753540813922882,0.09721542149782181,0.03566902503371239,0.020183337852358818,CNN,30,2,32,3,0.1,32,0.001,32,15,100,100,val_loss
60,0.03305543586611748,0.020117465406656265,0.13165076076984406,0.094660684466362,0.03305543586611748,0.020117465406656265,CNN,30,2,32,3,0.1,32,0.001,32,15,100,100,val_loss
61,0.0318041667342186,0.025997407734394073,0.12800900638103485,0.10962613672018051,0.0318041667342186,0.025997407734394073,CNN,30,2,32,3,0.1,32,0.001,32,15,100,100,val_loss
62,0.029897136613726616,0.01975192129611969,0.12597446143627167,0.09469997882843018,0.029897136613726616,0.01975192129611969,CNN,30,2,32,3,0.1,32,0.001,32,15,100,100,val_loss
63,0.03260685130953789,0.02000337466597557,0.12785722315311432,0.09725826233625412,0.03260685130953789,0.02000337466597557,CNN,30,2,32,3,0.1,32,0.001,32,15,100,100,val_loss
64,0.035052958875894547,0.020219972357153893,0.13582123816013336,0.0957946702837944,0.035052958875894547,0.020219972357153893,CNN,30,2,32,3,0.1,32,0.001,32,15,100,100,val_loss
65,0.030563825741410255,0.02080046944320202,0.12904177606105804,0.09578811377286911,0.030563825741410255,0.02080046944320202,CNN,30,2,32,3,0.1,32,0.001,32,15,100,100,val_loss
66,0.03167039901018143,0.022098969668149948,0.12991194427013397,0.09792788326740265,0.03167039901018143,0.022098969668149948,CNN,30,2,32,3,0.1,32,0.001,32,15,100,100,val_loss
67,0.03055785410106182,0.021137012168765068,0.12540671229362488,0.10286803543567657,0.03055785410106182,0.021137012168765068,CNN,30,2,32,3,0.1,32,0.001,32,15,100,100,val_loss
68,0.03055368922650814,0.020698824897408485,0.1281225085258484,0.09804391115903854,0.03055368922650814,0.020698824897408485,CNN,30,2,32,3,0.1,32,0.001,32,15,100,100,val_loss
69,0.028348995372653008,0.019306402653455734,0.12335682660341263,0.0940861627459526,0.028348995372653008,0.019306402653455734,CNN,30,2,32,3,0.1,32,0.001,32,15,100,100,val_loss
70,0.035411931574344635,0.019673481583595276,0.13400399684906006,0.09659045934677124,0.035411931574344635,0.019673481583595276,CNN,30,2,32,3,0.1,32,0.001,32,15,100,100,val_loss
71,0.0356297492980957,0.021843664348125458,0.13474637269973755,0.09899435192346573,0.0356297492980957,0.021843664348125458,CNN,30,2,32,3,0.1,32,0.001,32,15,100,100,val_loss
72,0.03338053449988365,0.02059408649802208,0.1329728215932846,0.10270925611257553,0.03338053449988365,0.02059408649802208,CNN,30,2,32,3,0.1,32,0.001,32,15,100,100,val_loss
73,0.029591389000415802,0.02168574370443821,0.12343879044055939,0.09685169905424118,0.029591389000415802,0.02168574370443821,CNN,30,2,32,3,0.1,32,0.001,32,15,100,100,val_loss
74,0.028285734355449677,0.020327508449554443,0.12242211401462555,0.10135379433631897,0.028285734355449677,0.020327508449554443,CNN,30,2,32,3,0.1,32,0.001,32,15,100,100,val_loss
75,0.031116953119635582,0.022133493795990944,0.12702041864395142,0.10211469978094101,0.031116953119635582,0.022133493795990944,CNN,30,2,32,3,0.1,32,0.001,32,15,100,100,val_loss
76,0.028816258534789085,0.021793222054839134,0.123105488717556,0.10087636858224869,0.028816258534789085,0.021793222054839134,CNN,30,2,32,3,0.1,32,0.001,32,15,100,100,val_loss
77,0.029540708288550377,0.01990923099219799,0.12568975985050201,0.10022199898958206,0.029540708288550377,0.01990923099219799,CNN,30,2,32,3,0.1,32,0.001,32,15,100,100,val_loss
78,0.029006728902459145,0.02087748423218727,0.12471980601549149,0.09524331241846085,0.029006728902459145,0.02087748423218727,CNN,30,2,32,3,0.1,32,0.001,32,15,100,100,val_loss
79,0.028943439945578575,0.019788753241300583,0.12251868098974228,0.09733420610427856,0.028943439945578575,0.019788753241300583,CNN,30,2,32,3,0.1,32,0.001,32,15,100,100,val_loss
80,0.03050203062593937,0.019356099888682365,0.12483870983123779,0.09210027754306793,0.03050203062593937,0.019356099888682365,CNN,30,2,32,3,0.1,32,0.001,32,15,100,100,val_loss
81,0.028625736013054848,0.019271792843937874,0.12478802353143692,0.0940028727054596,0.028625736013054848,0.019271792843937874,CNN,30,2,32,3,0.1,32,0.001,32,15,100,100,val_loss
82,0.030071958899497986,0.02028486132621765,0.12642687559127808,0.09563513845205307,0.030071958899497986,0.02028486132621765,CNN,30,2,32,3,0.1,32,0.001,32,15,100,100,val_loss
83,0.03183149918913841,0.019877048209309578,0.12978637218475342,0.09606485813856125,0.03183149918913841,0.019877048209309578,CNN,30,2,32,3,0.1,32,0.001,32,15,100,100,val_loss
84,0.031724780797958374,0.021130064502358437,0.1308208405971527,0.10163566470146179,0.031724780797958374,0.021130064502358437,CNN,30,2,32,3,0.1,32,0.001,32,15,100,100,val_loss
85,0.029752152040600777,0.01987997442483902,0.12422630190849304,0.09534918516874313,0.029752152040600777,0.01987997442483902,CNN,30,2,32,3,0.1,32,0.001,32,15,100,100,val_loss
86,0.026968784630298615,0.018795425072312355,0.11974707990884781,0.09296613931655884,0.026968784630298615,0.018795425072312355,CNN,30,2,32,3,0.1,32,0.001,32,15,100,100,val_loss
87,0.028120839968323708,0.01861961930990219,0.12146658450365067,0.09337557107210159,0.028120839968323708,0.01861961930990219,CNN,30,2,32,3,0.1,32,0.001,32,15,100,100,val_loss
88,0.0275135338306427,0.01913507655262947,0.12021716684103012,0.0945698618888855,0.0275135338306427,0.01913507655262947,CNN,30,2,32,3,0.1,32,0.001,32,15,100,100,val_loss
89,0.028581000864505768,0.01838093064725399,0.12214963138103485,0.09266547858715057,0.028581000864505768,0.01838093064725399,CNN,30,2,32,3,0.1,32,0.001,32,15,100,100,val_loss
90,0.026412632316350937,0.01896132156252861,0.11829765886068344,0.09253780543804169,0.026412632316350937,0.01896132156252861,CNN,30,2,32,3,0.1,32,0.001,32,15,100,100,val_loss
91,0.026069700717926025,0.019812753424048424,0.11780604720115662,0.09397215396165848,0.026069700717926025,0.019812753424048424,CNN,30,2,32,3,0.1,32,0.001,32,15,100,100,val_loss
92,0.02985610067844391,0.019105328246951103,0.12544743716716766,0.09322988986968994,0.02985610067844391,0.019105328246951103,CNN,30,2,32,3,0.1,32,0.001,32,15,100,100,val_loss
93,0.027560066431760788,0.01864311844110489,0.12223466485738754,0.09259762614965439,0.027560066431760788,0.01864311844110489,CNN,30,2,32,3,0.1,32,0.001,32,15,100,100,val_loss
94,0.027247751131653786,0.024571476504206657,0.12016282230615616,0.10271400213241577,0.027247751131653786,0.024571476504206657,CNN,30,2,32,3,0.1,32,0.001,32,15,100,100,val_loss
95,0.026301302015781403,0.0188576839864254,0.1182921752333641,0.09513632953166962,0.026301302015781403,0.0188576839864254,CNN,30,2,32,3,0.1,32,0.001,32,15,100,100,val_loss
96,0.025934576988220215,0.018911095336079597,0.11644113808870316,0.09412073343992233,0.025934576988220215,0.018911095336079597,CNN,30,2,32,3,0.1,32,0.001,32,15,100,100,val_loss
97,0.025785978883504868,0.01916244439780712,0.11629321426153183,0.09470903128385544,0.025785978883504868,0.01916244439780712,CNN,30,2,32,3,0.1,32,0.001,32,15,100,100,val_loss
98,0.027440467849373817,0.02073018252849579,0.12020960450172424,0.09303253144025803,0.027440467849373817,0.02073018252849579,CNN,30,2,32,3,0.1,32,0.001,32,15,100,100,val_loss
99,0.02545180357992649,0.018833322450518608,0.11730531603097916,0.0920923501253128,0.02545180357992649,0.018833322450518608,CNN,30,2,32,3,0.1,32,0.001,32,15,100,100,val_loss
100,0.02578130178153515,0.018336022272706032,0.11727943271398544,0.09045872837305069,0.02578130178153515,0.018336022272706032,CNN,30,2,32,3,0.1,32,0.001,32,15,100,100,val_loss
1,0.5121592283248901,0.19728682935237885,0.5480061173439026,0.34603217244148254,0.5121592283248901,0.19728682935237885,CNN,30,3,32,3,0.1,32,0.001,32,15,100,100,val_loss
2,0.20414501428604126,0.08418691903352737,0.338708758354187,0.23133721947669983,0.20414501428604126,0.08418691903352737,CNN,30,3,32,3,0.1,32,0.001,32,15,100,100,val_loss
3,0.13935397565364838,0.06297800689935684,0.26987531781196594,0.19834503531455994,0.13935397565364838,0.06297800689935684,CNN,30,3,32,3,0.1,32,0.001,32,15,100,100,val_loss
4,0.12090326100587845,0.055829305201768875,0.24995167553424835,0.18578431010246277,0.12090326100587845,0.055829305201768875,CNN,30,3,32,3,0.1,32,0.001,32,15,100,100,val_loss
5,0.11107426881790161,0.050888191908597946,0.23909251391887665,0.17783790826797485,0.11107426881790161,0.050888191908597946,CNN,30,3,32,3,0.1,32,0.001,32,15,100,100,val_loss
6,0.10186414420604706,0.04852950945496559,0.2286297082901001,0.17299489676952362,0.10186414420604706,0.04852950945496559,CNN,30,3,32,3,0.1,32,0.001,32,15,100,100,val_loss
7,0.09129142016172409,0.04716773331165314,0.21733219921588898,0.1668606996536255,0.09129142016172409,0.04716773331165314,CNN,30,3,32,3,0.1,32,0.001,32,15,100,100,val_loss
8,0.08765595406293869,0.049898091703653336,0.2132619470357895,0.17675748467445374,0.08765595406293869,0.049898091703653336,CNN,30,3,32,3,0.1,32,0.001,32,15,100,100,val_loss
9,0.08458220958709717,0.04659620299935341,0.2155485451221466,0.16805914044380188,0.08458220958709717,0.04659620299935341,CNN,30,3,32,3,0.1,32,0.001,32,15,100,100,val_loss
10,0.08471599966287613,0.04377002269029617,0.21181322634220123,0.1589365154504776,0.08471599966287613,0.04377002269029617,CNN,30,3,32,3,0.1,32,0.001,32,15,100,100,val_loss
11,0.07889861613512039,0.03545534238219261,0.20464952290058136,0.14251653850078583,0.07889861613512039,0.03545534238219261,CNN,30,3,32,3,0.1,32,0.001,32,15,100,100,val_loss
12,0.07224736362695694,0.037732549011707306,0.19707056879997253,0.1456732302904129,0.07224736362695694,0.037732549011707306,CNN,30,3,32,3,0.1,32,0.001,32,15,100,100,val_loss
13,0.06343018263578415,0.03500267490744591,0.18370549380779266,0.13758321106433868,0.06343018263578415,0.03500267490744591,CNN,30,3,32,3,0.1,32,0.001,32,15,100,100,val_loss
14,0.0641242042183876,0.032460205256938934,0.1845453679561615,0.1350766271352768,0.0641242042183876,0.032460205256938934,CNN,30,3,32,3,0.1,32,0.001,32,15,100,100,val_loss
15,0.062047116458415985,0.031034909188747406,0.18168234825134277,0.12922629714012146,0.062047116458415985,0.031034909188747406,CNN,30,3,32,3,0.1,32,0.001,32,15,100,100,val_loss
16,0.06130190193653107,0.031737070530653,0.17871564626693726,0.13270914554595947,0.06130190193653107,0.031737070530653,CNN,30,3,32,3,0.1,32,0.001,32,15,100,100,val_loss
17,0.05823409929871559,0.03385205939412117,0.17683124542236328,0.1374998539686203,0.05823409929871559,0.03385205939412117,CNN,30,3,32,3,0.1,32,0.001,32,15,100,100,val_loss
18,0.057415351271629333,0.03074904903769493,0.1755264848470688,0.12744995951652527,0.057415351271629333,0.03074904903769493,CNN,30,3,32,3,0.1,32,0.001,32,15,100,100,val_loss
19,0.05279572680592537,0.029178425669670105,0.16817143559455872,0.1226276233792305,0.05279572680592537,0.029178425669670105,CNN,30,3,32,3,0.1,32,0.001,32,15,100,100,val_loss
20,0.056163638830184937,0.02816092036664486,0.17308449745178223,0.12031568586826324,0.056163638830184937,0.02816092036664486,CNN,30,3,32,3,0.1,32,0.001,32,15,100,100,val_loss
21,0.05618792399764061,0.030684087425470352,0.1715632528066635,0.12916719913482666,0.05618792399764061,0.030684087425470352,CNN,30,3,32,3,0.1,32,0.001,32,15,100,100,val_loss
22,0.051593117415905,0.029958954080939293,0.16774782538414001,0.12872251868247986,0.051593117415905,0.029958954080939293,CNN,30,3,32,3,0.1,32,0.001,32,15,100,100,val_loss
23,0.05531323328614235,0.030086006969213486,0.16921505331993103,0.12461584061384201,0.05531323328614235,0.030086006969213486,CNN,30,3,32,3,0.1,32,0.001,32,15,100,100,val_loss
24,0.05253902077674866,0.028792114928364754,0.1650068610906601,0.12382251769304276,0.05253902077674866,0.028792114928364754,CNN,30,3,32,3,0.1,32,0.001,32,15,100,100,val_loss
25,0.049405962228775024,0.028305761516094208,0.16161087155342102,0.12287189811468124,0.049405962228775024,0.028305761516094208,CNN,30,3,32,3,0.1,32,0.001,32,15,100,100,val_loss
26,0.049210064113140106,0.02941776253283024,0.16111257672309875,0.12338432669639587,0.049210064113140106,0.02941776253283024,CNN,30,3,32,3,0.1,32,0.001,32,15,100,100,val_loss
27,0.04890529811382294,0.030918484553694725,0.16432681679725647,0.12646478414535522,0.04890529811382294,0.030918484553694725,CNN,30,3,32,3,0.1,32,0.001,32,15,100,100,val_loss
28,0.055770132690668106,0.03740875795483589,0.17052730917930603,0.14023055136203766,0.055770132690668106,0.03740875795483589,CNN,30,3,32,3,0.1,32,0.001,32,15,100,100,val_loss
29,0.053442154079675674,0.03389078751206398,0.16781991720199585,0.13250716030597687,0.053442154079675674,0.03389078751206398,CNN,30,3,32,3,0.1,32,0.001,32,15,100,100,val_loss
30,0.05385278910398483,0.03390374407172203,0.16892285645008087,0.13260188698768616,0.05385278910398483,0.03390374407172203,CNN,30,3,32,3,0.1,32,0.001,32,15,100,100,val_loss
31,0.04312976449728012,0.025837905704975128,0.1508268117904663,0.11166081577539444,0.04312976449728012,0.025837905704975128,CNN,30,3,32,3,0.1,32,0.001,32,15,100,100,val_loss
32,0.04395704343914986,0.025625580921769142,0.1526760458946228,0.11397730559110641,0.04395704343914986,0.025625580921769142,CNN,30,3,32,3,0.1,32,0.001,32,15,100,100,val_loss
33,0.042360324412584305,0.025969194248318672,0.147022545337677,0.11139727383852005,0.042360324412584305,0.025969194248318672,CNN,30,3,32,3,0.1,32,0.001,32,15,100,100,val_loss
34,0.04271529242396355,0.02591888979077339,0.15030965209007263,0.11735393106937408,0.04271529242396355,0.02591888979077339,CNN,30,3,32,3,0.1,32,0.001,32,15,100,100,val_loss
35,0.044739142060279846,0.02589508146047592,0.1539515107870102,0.11502975970506668,0.044739142060279846,0.02589508146047592,CNN,30,3,32,3,0.1,32,0.001,32,15,100,100,val_loss
36,0.03779752925038338,0.026017284020781517,0.14288270473480225,0.11419178545475006,0.03779752925038338,0.026017284020781517,CNN,30,3,32,3,0.1,32,0.001,32,15,100,100,val_loss
37,0.044476959854364395,0.025365270674228668,0.1497664451599121,0.10948190838098526,0.044476959854364395,0.025365270674228668,CNN,30,3,32,3,0.1,32,0.001,32,15,100,100,val_loss
38,0.03782574459910393,0.0250546932220459,0.14297251403331757,0.11382083594799042,0.03782574459910393,0.0250546932220459,CNN,30,3,32,3,0.1,32,0.001,32,15,100,100,val_loss
39,0.040279071778059006,0.024337921291589737,0.1439850926399231,0.10901270061731339,0.040279071778059006,0.024337921291589737,CNN,30,3,32,3,0.1,32,0.001,32,15,100,100,val_loss
40,0.040516577661037445,0.03166111931204796,0.14289617538452148,0.13512782752513885,0.040516577661037445,0.03166111931204796,CNN,30,3,32,3,0.1,32,0.001,32,15,100,100,val_loss
41,0.04758426919579506,0.0352366603910923,0.15945954620838165,0.146357461810112,0.04758426919579506,0.0352366603910923,CNN,30,3,32,3,0.1,32,0.001,32,15,100,100,val_loss
42,0.05278806760907173,0.028431037440896034,0.16749833524227142,0.1323728859424591,0.05278806760907173,0.028431037440896034,CNN,30,3,32,3,0.1,32,0.001,32,15,100,100,val_loss
43,0.04290367290377617,0.024216337129473686,0.15159431099891663,0.10689039528369904,0.04290367290377617,0.024216337129473686,CNN,30,3,32,3,0.1,32,0.001,32,15,100,100,val_loss
44,0.036106836050748825,0.023823760449886322,0.13878630101680756,0.10703042894601822,0.036106836050748825,0.023823760449886322,CNN,30,3,32,3,0.1,32,0.001,32,15,100,100,val_loss
45,0.04051923379302025,0.023785732686519623,0.1471678614616394,0.11045259237289429,0.04051923379302025,0.023785732686519623,CNN,30,3,32,3,0.1,32,0.001,32,15,100,100,val_loss
46,0.03929365426301956,0.031700972467660904,0.14535823464393616,0.11724796891212463,0.03929365426301956,0.031700972467660904,CNN,30,3,32,3,0.1,32,0.001,32,15,100,100,val_loss
47,0.03763335570693016,0.022889990359544754,0.14121216535568237,0.1042785495519638,0.03763335570693016,0.022889990359544754,CNN,30,3,32,3,0.1,32,0.001,32,15,100,100,val_loss
48,0.03461315110325813,0.02287559024989605,0.13502304255962372,0.1066710352897644,0.03461315110325813,0.02287559024989605,CNN,30,3,32,3,0.1,32,0.001,32,15,100,100,val_loss
49,0.03669776767492294,0.023472877219319344,0.13858528435230255,0.10603831708431244,0.03669776767492294,0.023472877219319344,CNN,30,3,32,3,0.1,32,0.001,32,15,100,100,val_loss
50,0.037028126418590546,0.023477211594581604,0.1397142857313156,0.10758823901414871,0.037028126418590546,0.023477211594581604,CNN,30,3,32,3,0.1,32,0.001,32,15,100,100,val_loss
51,0.03591576963663101,0.02305927872657776,0.13798367977142334,0.10298202186822891,0.03591576963663101,0.02305927872657776,CNN,30,3,32,3,0.1,32,0.001,32,15,100,100,val_loss
52,0.03752222657203674,0.022337276488542557,0.1400262862443924,0.10397613048553467,0.03752222657203674,0.022337276488542557,CNN,30,3,32,3,0.1,32,0.001,32,15,100,100,val_loss
53,0.03908740356564522,0.022544940933585167,0.1408216953277588,0.10426217317581177,0.03908740356564522,0.022544940933585167,CNN,30,3,32,3,0.1,32,0.001,32,15,100,100,val_loss
54,0.03426838666200638,0.023692309856414795,0.1352345496416092,0.10673685371875763,0.03426838666200638,0.023692309856414795,CNN,30,3,32,3,0.1,32,0.001,32,15,100,100,val_loss
55,0.03567077964544296,0.024809343740344048,0.13762447237968445,0.11305337399244308,0.03567077964544296,0.024809343740344048,CNN,30,3,32,3,0.1,32,0.001,32,15,100,100,val_loss
56,0.037129178643226624,0.023647498339414597,0.13984309136867523,0.10584741085767746,0.037129178643226624,0.023647498339414597,CNN,30,3,32,3,0.1,32,0.001,32,15,100,100,val_loss
57,0.030630646273493767,0.02421938255429268,0.1284487098455429,0.10423233360052109,0.030630646273493767,0.02421938255429268,CNN,30,3,32,3,0.1,32,0.001,32,15,100,100,val_loss
58,0.03316948190331459,0.024332230910658836,0.13154569268226624,0.104690782725811,0.03316948190331459,0.024332230910658836,CNN,30,3,32,3,0.1,32,0.001,32,15,100,100,val_loss
59,0.034688204526901245,0.022044749930500984,0.13434234261512756,0.10374192893505096,0.034688204526901245,0.022044749930500984,CNN,30,3,32,3,0.1,32,0.001,32,15,100,100,val_loss
60,0.03833877667784691,0.022252796217799187,0.14266695082187653,0.1030200719833374,0.03833877667784691,0.022252796217799187,CNN,30,3,32,3,0.1,32,0.001,32,15,100,100,val_loss
61,0.033416662365198135,0.02204189822077751,0.13168865442276,0.1030879095196724,0.033416662365198135,0.02204189822077751,CNN,30,3,32,3,0.1,32,0.001,32,15,100,100,val_loss
62,0.035547737032175064,0.02347615547478199,0.13699477910995483,0.10717768967151642,0.035547737032175064,0.02347615547478199,CNN,30,3,32,3,0.1,32,0.001,32,15,100,100,val_loss
63,0.033696889877319336,0.02426351048052311,0.13519321382045746,0.10222937911748886,0.033696889877319336,0.02426351048052311,CNN,30,3,32,3,0.1,32,0.001,32,15,100,100,val_loss
64,0.03191020339727402,0.022720640525221825,0.12998445332050323,0.1019909605383873,0.03191020339727402,0.022720640525221825,CNN,30,3,32,3,0.1,32,0.001,32,15,100,100,val_loss
65,0.035984061658382416,0.023150717839598656,0.1367499977350235,0.1076722964644432,0.035984061658382416,0.023150717839598656,CNN,30,3,32,3,0.1,32,0.001,32,15,100,100,val_loss
66,0.036100875586271286,0.02902129665017128,0.13926458358764648,0.13474509119987488,0.036100875586271286,0.02902129665017128,CNN,30,3,32,3,0.1,32,0.001,32,15,100,100,val_loss
67,0.03693882375955582,0.0236030425876379,0.1408480852842331,0.10293339937925339,0.03693882375955582,0.0236030425876379,CNN,30,3,32,3,0.1,32,0.001,32,15,100,100,val_loss
68,0.035296984016895294,0.02186424285173416,0.13486789166927338,0.10019524395465851,0.035296984016895294,0.02186424285173416,CNN,30,3,32,3,0.1,32,0.001,32,15,100,100,val_loss
69,0.03183232992887497,0.02179977484047413,0.13033010065555573,0.10200454294681549,0.03183232992887497,0.02179977484047413,CNN,30,3,32,3,0.1,32,0.001,32,15,100,100,val_loss
70,0.03361590579152107,0.022026319056749344,0.1313016712665558,0.10192754119634628,0.03361590579152107,0.022026319056749344,CNN,30,3,32,3,0.1,32,0.001,32,15,100,100,val_loss
71,0.0329630970954895,0.0224089827388525,0.13206985592842102,0.10120861977338791,0.0329630970954895,0.0224089827388525,CNN,30,3,32,3,0.1,32,0.001,32,15,100,100,val_loss
72,0.03383924067020416,0.023119211196899414,0.13342542946338654,0.10211561620235443,0.03383924067020416,0.023119211196899414,CNN,30,3,32,3,0.1,32,0.001,32,15,100,100,val_loss
73,0.03483453765511513,0.02175089158117771,0.13564002513885498,0.10109737515449524,0.03483453765511513,0.02175089158117771,CNN,30,3,32,3,0.1,32,0.001,32,15,100,100,val_loss
74,0.03429025039076805,0.022791050374507904,0.13473519682884216,0.10639449954032898,0.03429025039076805,0.022791050374507904,CNN,30,3,32,3,0.1,32,0.001,32,15,100,100,val_loss
75,0.031971801072359085,0.021699709817767143,0.128726989030838,0.09728176146745682,0.031971801072359085,0.021699709817767143,CNN,30,3,32,3,0.1,32,0.001,32,15,100,100,val_loss
76,0.03276953101158142,0.021419787779450417,0.13046157360076904,0.09966762363910675,0.03276953101158142,0.021419787779450417,CNN,30,3,32,3,0.1,32,0.001,32,15,100,100,val_loss
77,0.03212468698620796,0.021143952384591103,0.13159805536270142,0.09571205824613571,0.03212468698620796,0.021143952384591103,CNN,30,3,32,3,0.1,32,0.001,32,15,100,100,val_loss
78,0.03195992484688759,0.02086610533297062,0.1295684427022934,0.09682923555374146,0.03195992484688759,0.02086610533297062,CNN,30,3,32,3,0.1,32,0.001,32,15,100,100,val_loss
79,0.030843477696180344,0.023929789662361145,0.1281435340642929,0.10107584297657013,0.030843477696180344,0.023929789662361145,CNN,30,3,32,3,0.1,32,0.001,32,15,100,100,val_loss
80,0.03298037499189377,0.02090577408671379,0.1332838535308838,0.09759113937616348,0.03298037499189377,0.02090577408671379,CNN,30,3,32,3,0.1,32,0.001,32,15,100,100,val_loss
81,0.029403558000922203,0.020977042615413666,0.1270938664674759,0.09650587290525436,0.029403558000922203,0.020977042615413666,CNN,30,3,32,3,0.1,32,0.001,32,15,100,100,val_loss
82,0.03055410459637642,0.021916842088103294,0.1273442804813385,0.09779296815395355,0.03055410459637642,0.021916842088103294,CNN,30,3,32,3,0.1,32,0.001,32,15,100,100,val_loss
83,0.030350539833307266,0.021836843341588974,0.12720933556556702,0.09691158682107925,0.030350539833307266,0.021836843341588974,CNN,30,3,32,3,0.1,32,0.001,32,15,100,100,val_loss
84,0.029731016606092453,0.024282952770590782,0.12697049975395203,0.11492607742547989,0.029731016606092453,0.024282952770590782,CNN,30,3,32,3,0.1,32,0.001,32,15,100,100,val_loss
85,0.03170512244105339,0.021845970302820206,0.13048361241817474,0.10686807334423065,0.03170512244105339,0.021845970302820206,CNN,30,3,32,3,0.1,32,0.001,32,15,100,100,val_loss
86,0.030327197164297104,0.021317051723599434,0.1275368481874466,0.09966319799423218,0.030327197164297104,0.021317051723599434,CNN,30,3,32,3,0.1,32,0.001,32,15,100,100,val_loss
87,0.030636338517069817,0.020319592207670212,0.12789110839366913,0.09471587836742401,0.030636338517069817,0.020319592207670212,CNN,30,3,32,3,0.1,32,0.001,32,15,100,100,val_loss
88,0.03197377920150757,0.020799243822693825,0.13185514509677887,0.09837645292282104,0.03197377920150757,0.020799243822693825,CNN,30,3,32,3,0.1,32,0.001,32,15,100,100,val_loss
89,0.03284840285778046,0.021716808900237083,0.13016165792942047,0.1072629988193512,0.03284840285778046,0.021716808900237083,CNN,30,3,32,3,0.1,32,0.001,32,15,100,100,val_loss
90,0.0337771438062191,0.023214925080537796,0.1325029730796814,0.11357682943344116,0.0337771438062191,0.023214925080537796,CNN,30,3,32,3,0.1,32,0.001,32,15,100,100,val_loss
91,0.034717410802841187,0.026101162657141685,0.13893912732601166,0.11496300995349884,0.034717410802841187,0.026101162657141685,CNN,30,3,32,3,0.1,32,0.001,32,15,100,100,val_loss
92,0.034507736563682556,0.02070508897304535,0.1329324096441269,0.09629634022712708,0.034507736563682556,0.02070508897304535,CNN,30,3,32,3,0.1,32,0.001,32,15,100,100,val_loss
93,0.03262850269675255,0.02210737019777298,0.13178475201129913,0.10010191053152084,0.03262850269675255,0.02210737019777298,CNN,30,3,32,3,0.1,32,0.001,32,15,100,100,val_loss
94,0.03410351648926735,0.025543900206685066,0.1352439522743225,0.10313481837511063,0.03410351648926735,0.025543900206685066,CNN,30,3,32,3,0.1,32,0.001,32,15,100,100,val_loss
95,0.029644526541233063,0.02083529904484749,0.12699034810066223,0.10040532797574997,0.029644526541233063,0.02083529904484749,CNN,30,3,32,3,0.1,32,0.001,32,15,100,100,val_loss
96,0.029336096718907356,0.02523561753332615,0.1269122213125229,0.10168933868408203,0.029336096718907356,0.02523561753332615,CNN,30,3,32,3,0.1,32,0.001,32,15,100,100,val_loss
97,0.028816144913434982,0.020055437460541725,0.12507562339305878,0.09669755399227142,0.028816144913434982,0.020055437460541725,CNN,30,3,32,3,0.1,32,0.001,32,15,100,100,val_loss
98,0.029122279956936836,0.02396523393690586,0.12475088238716125,0.10542351752519608,0.029122279956936836,0.02396523393690586,CNN,30,3,32,3,0.1,32,0.001,32,15,100,100,val_loss
99,0.02965455688536167,0.02009434625506401,0.12715110182762146,0.09840450435876846,0.02965455688536167,0.02009434625506401,CNN,30,3,32,3,0.1,32,0.001,32,15,100,100,val_loss
100,0.030731666833162308,0.01990332454442978,0.1258980631828308,0.0939655601978302,0.030731666833162308,0.01990332454442978,CNN,30,3,32,3,0.1,32,0.001,32,15,100,100,val_loss
1,0.45292434096336365,0.18932297825813293,0.5153384804725647,0.3480236232280731,0.45292434096336365,0.18932297825813293,CNN,30,4,32,3,0.1,32,0.001,32,15,100,72,val_loss
2,0.2107839435338974,0.10100206732749939,0.34029918909072876,0.2541262209415436,0.2107839435338974,0.10100206732749939,CNN,30,4,32,3,0.1,32,0.001,32,15,100,72,val_loss
3,0.14035673439502716,0.07163689285516739,0.2787957489490509,0.2120395451784134,0.14035673439502716,0.07163689285516739,CNN,30,4,32,3,0.1,32,0.001,32,15,100,72,val_loss
4,0.12074174731969833,0.05378064513206482,0.2531140446662903,0.1787826269865036,0.12074174731969833,0.05378064513206482,CNN,30,4,32,3,0.1,32,0.001,32,15,100,72,val_loss
5,0.10669781267642975,0.05449272692203522,0.23564717173576355,0.1778966635465622,0.10669781267642975,0.05449272692203522,CNN,30,4,32,3,0.1,32,0.001,32,15,100,72,val_loss
6,0.10093645006418228,0.048707880079746246,0.23005102574825287,0.16812126338481903,0.10093645006418228,0.048707880079746246,CNN,30,4,32,3,0.1,32,0.001,32,15,100,72,val_loss
7,0.0887284129858017,0.04489915072917938,0.21539388597011566,0.1588500589132309,0.0887284129858017,0.04489915072917938,CNN,30,4,32,3,0.1,32,0.001,32,15,100,72,val_loss
8,0.08943156898021698,0.043479278683662415,0.21758659183979034,0.15662389993667603,0.08943156898021698,0.043479278683662415,CNN,30,4,32,3,0.1,32,0.001,32,15,100,72,val_loss
9,0.08825774490833282,0.03974907472729683,0.21700988709926605,0.14746685326099396,0.08825774490833282,0.03974907472729683,CNN,30,4,32,3,0.1,32,0.001,32,15,100,72,val_loss
10,0.07668011635541916,0.03999904915690422,0.20220839977264404,0.14969824254512787,0.07668011635541916,0.03999904915690422,CNN,30,4,32,3,0.1,32,0.001,32,15,100,72,val_loss
11,0.08178234100341797,0.03981403633952141,0.20987381041049957,0.1480388045310974,0.08178234100341797,0.03981403633952141,CNN,30,4,32,3,0.1,32,0.001,32,15,100,72,val_loss
12,0.0735122561454773,0.03744975104928017,0.19854815304279327,0.14541861414909363,0.0735122561454773,0.03744975104928017,CNN,30,4,32,3,0.1,32,0.001,32,15,100,72,val_loss
13,0.06787151843309402,0.034877631813287735,0.1907811313867569,0.136617511510849,0.06787151843309402,0.034877631813287735,CNN,30,4,32,3,0.1,32,0.001,32,15,100,72,val_loss
14,0.06585687398910522,0.034079089760780334,0.18701033294200897,0.1366405040025711,0.06585687398910522,0.034079089760780334,CNN,30,4,32,3,0.1,32,0.001,32,15,100,72,val_loss
15,0.06504309922456741,0.0350215770304203,0.18422965705394745,0.13788175582885742,0.06504309922456741,0.0350215770304203,CNN,30,4,32,3,0.1,32,0.001,32,15,100,72,val_loss
16,0.0635150894522667,0.03223990276455879,0.18465407192707062,0.13318918645381927,0.0635150894522667,0.03223990276455879,CNN,30,4,32,3,0.1,32,0.001,32,15,100,72,val_loss
17,0.06298846751451492,0.029722396284341812,0.1836140751838684,0.1257842630147934,0.06298846751451492,0.029722396284341812,CNN,30,4,32,3,0.1,32,0.001,32,15,100,72,val_loss
18,0.0618298202753067,0.035817135125398636,0.18026962876319885,0.1377267837524414,0.0618298202753067,0.035817135125398636,CNN,30,4,32,3,0.1,32,0.001,32,15,100,72,val_loss
19,0.062239937484264374,0.02918192744255066,0.18027707934379578,0.12365393340587616,0.062239937484264374,0.02918192744255066,CNN,30,4,32,3,0.1,32,0.001,32,15,100,72,val_loss
20,0.057467758655548096,0.029063072055578232,0.17567354440689087,0.12286125868558884,0.057467758655548096,0.029063072055578232,CNN,30,4,32,3,0.1,32,0.001,32,15,100,72,val_loss
21,0.05592132359743118,0.0282928254455328,0.17197684943675995,0.12228383123874664,0.05592132359743118,0.0282928254455328,CNN,30,4,32,3,0.1,32,0.001,32,15,100,72,val_loss
22,0.0490848571062088,0.028064996004104614,0.15932431817054749,0.12150337547063828,0.0490848571062088,0.028064996004104614,CNN,30,4,32,3,0.1,32,0.001,32,15,100,72,val_loss
23,0.0537906177341938,0.026525983586907387,0.16950994729995728,0.11419403553009033,0.0537906177341938,0.026525983586907387,CNN,30,4,32,3,0.1,32,0.001,32,15,100,72,val_loss
24,0.05066356807947159,0.026733556762337685,0.16482385993003845,0.11528503894805908,0.05066356807947159,0.026733556762337685,CNN,30,4,32,3,0.1,32,0.001,32,15,100,72,val_loss
25,0.04842415824532509,0.02606097236275673,0.15849143266677856,0.11330243945121765,0.04842415824532509,0.02606097236275673,CNN,30,4,32,3,0.1,32,0.001,32,15,100,72,val_loss
26,0.04811282828450203,0.02898016944527626,0.1588291972875595,0.12421243637800217,0.04811282828450203,0.02898016944527626,CNN,30,4,32,3,0.1,32,0.001,32,15,100,72,val_loss
27,0.04885672405362129,0.026044752448797226,0.15918110311031342,0.11447007954120636,0.04885672405362129,0.026044752448797226,CNN,30,4,32,3,0.1,32,0.001,32,15,100,72,val_loss
28,0.045581620186567307,0.0245034359395504,0.1536858230829239,0.1092372015118599,0.045581620186567307,0.0245034359395504,CNN,30,4,32,3,0.1,32,0.001,32,15,100,72,val_loss
29,0.04353998228907585,0.02413126640021801,0.1496472954750061,0.10819888114929199,0.04353998228907585,0.02413126640021801,CNN,30,4,32,3,0.1,32,0.001,32,15,100,72,val_loss
30,0.04697074741125107,0.02402731031179428,0.15702013671398163,0.10764166712760925,0.04697074741125107,0.02402731031179428,CNN,30,4,32,3,0.1,32,0.001,32,15,100,72,val_loss
31,0.05089593306183815,0.024486711248755455,0.16164855659008026,0.11133712530136108,0.05089593306183815,0.024486711248755455,CNN,30,4,32,3,0.1,32,0.001,32,15,100,72,val_loss
32,0.04413275793194771,0.02279547229409218,0.15281203389167786,0.1034199669957161,0.04413275793194771,0.02279547229409218,CNN,30,4,32,3,0.1,32,0.001,32,15,100,72,val_loss
33,0.04290977865457535,0.023014187812805176,0.15080009400844574,0.104899562895298,0.04290977865457535,0.023014187812805176,CNN,30,4,32,3,0.1,32,0.001,32,15,100,72,val_loss
34,0.045365460216999054,0.02440265193581581,0.15297472476959229,0.10829336196184158,0.045365460216999054,0.02440265193581581,CNN,30,4,32,3,0.1,32,0.001,32,15,100,72,val_loss
35,0.043330591171979904,0.02226279117166996,0.15011098980903625,0.1023171916604042,0.043330591171979904,0.02226279117166996,CNN,30,4,32,3,0.1,32,0.001,32,15,100,72,val_loss
36,0.04389350488781929,0.02371777780354023,0.14943285286426544,0.10828594863414764,0.04389350488781929,0.02371777780354023,CNN,30,4,32,3,0.1,32,0.001,32,15,100,72,val_loss
37,0.0424114465713501,0.02270984835922718,0.14702358841896057,0.104449562728405,0.0424114465713501,0.02270984835922718,CNN,30,4,32,3,0.1,32,0.001,32,15,100,72,val_loss
38,0.0398898683488369,0.022485461086034775,0.14229659736156464,0.10110028833150864,0.0398898683488369,0.022485461086034775,CNN,30,4,32,3,0.1,32,0.001,32,15,100,72,val_loss
39,0.04149128124117851,0.022213703021407127,0.14659981429576874,0.1012287586927414,0.04149128124117851,0.022213703021407127,CNN,30,4,32,3,0.1,32,0.001,32,15,100,72,val_loss
40,0.04197283089160919,0.022967403754591942,0.14619827270507812,0.10422730445861816,0.04197283089160919,0.022967403754591942,CNN,30,4,32,3,0.1,32,0.001,32,15,100,72,val_loss
41,0.03953946754336357,0.021149681881070137,0.1432419717311859,0.09788345545530319,0.03953946754336357,0.021149681881070137,CNN,30,4,32,3,0.1,32,0.001,32,15,100,72,val_loss
42,0.04039715230464935,0.021593697369098663,0.14159642159938812,0.09915124624967575,0.04039715230464935,0.021593697369098663,CNN,30,4,32,3,0.1,32,0.001,32,15,100,72,val_loss
43,0.04100307822227478,0.021625379100441933,0.1451084166765213,0.09922119975090027,0.04100307822227478,0.021625379100441933,CNN,30,4,32,3,0.1,32,0.001,32,15,100,72,val_loss
44,0.03969988599419594,0.022192155942320824,0.14261505007743835,0.10165286064147949,0.03969988599419594,0.022192155942320824,CNN,30,4,32,3,0.1,32,0.001,32,15,100,72,val_loss
45,0.03602708503603935,0.021509595215320587,0.13600458204746246,0.1009029895067215,0.03602708503603935,0.021509595215320587,CNN,30,4,32,3,0.1,32,0.001,32,15,100,72,val_loss
46,0.038090869784355164,0.021695969626307487,0.14038819074630737,0.09900825470685959,0.038090869784355164,0.021695969626307487,CNN,30,4,32,3,0.1,32,0.001,32,15,100,72,val_loss
47,0.0384361632168293,0.02280079573392868,0.14044015109539032,0.10741742700338364,0.0384361632168293,0.02280079573392868,CNN,30,4,32,3,0.1,32,0.001,32,15,100,72,val_loss
48,0.03604363650083542,0.026834798976778984,0.13543815910816193,0.11972691118717194,0.03604363650083542,0.026834798976778984,CNN,30,4,32,3,0.1,32,0.001,32,15,100,72,val_loss
49,0.037466779351234436,0.02373640425503254,0.13912682235240936,0.11093481630086899,0.037466779351234436,0.02373640425503254,CNN,30,4,32,3,0.1,32,0.001,32,15,100,72,val_loss
50,0.037838250398635864,0.021006649360060692,0.1374768614768982,0.09770562499761581,0.037838250398635864,0.021006649360060692,CNN,30,4,32,3,0.1,32,0.001,32,15,100,72,val_loss
51,0.035794418305158615,0.021568775177001953,0.13536368310451508,0.10158094763755798,0.035794418305158615,0.021568775177001953,CNN,30,4,32,3,0.1,32,0.001,32,15,100,72,val_loss
52,0.0347261056303978,0.021505698561668396,0.13277316093444824,0.10068132728338242,0.0347261056303978,0.021505698561668396,CNN,30,4,32,3,0.1,32,0.001,32,15,100,72,val_loss
53,0.03328762203454971,0.021977746859192848,0.12994281947612762,0.10321420431137085,0.03328762203454971,0.021977746859192848,CNN,30,4,32,3,0.1,32,0.001,32,15,100,72,val_loss
54,0.03604527935385704,0.02051484026014805,0.13542670011520386,0.0957324430346489,0.03604527935385704,0.02051484026014805,CNN,30,4,32,3,0.1,32,0.001,32,15,100,72,val_loss
55,0.036056309938430786,0.021004151552915573,0.13764771819114685,0.09758588671684265,0.036056309938430786,0.021004151552915573,CNN,30,4,32,3,0.1,32,0.001,32,15,100,72,val_loss
56,0.033477671444416046,0.020921915769577026,0.13161559402942657,0.09828132390975952,0.033477671444416046,0.020921915769577026,CNN,30,4,32,3,0.1,32,0.001,32,15,100,72,val_loss
57,0.03467842936515808,0.020005255937576294,0.13223567605018616,0.09479569643735886,0.03467842936515808,0.020005255937576294,CNN,30,4,32,3,0.1,32,0.001,32,15,100,72,val_loss
58,0.035593707114458084,0.020865842700004578,0.13537506759166718,0.09528560191392899,0.035593707114458084,0.020865842700004578,CNN,30,4,32,3,0.1,32,0.001,32,15,100,72,val_loss
59,0.0349239706993103,0.02131672017276287,0.13148948550224304,0.09995505213737488,0.0349239706993103,0.02131672017276287,CNN,30,4,32,3,0.1,32,0.001,32,15,100,72,val_loss
60,0.036656785756349564,0.020436517894268036,0.13723386824131012,0.096429243683815,0.036656785756349564,0.020436517894268036,CNN,30,4,32,3,0.1,32,0.001,32,15,100,72,val_loss
61,0.0324409045279026,0.021047094836831093,0.12848548591136932,0.09812945872545242,0.0324409045279026,0.021047094836831093,CNN,30,4,32,3,0.1,32,0.001,32,15,100,72,val_loss
62,0.032658450305461884,0.022289149463176727,0.12888135015964508,0.10360591113567352,0.032658450305461884,0.022289149463176727,CNN,30,4,32,3,0.1,32,0.001,32,15,100,72,val_loss
63,0.03485274314880371,0.021100925281643867,0.13061237335205078,0.09750247746706009,0.03485274314880371,0.021100925281643867,CNN,30,4,32,3,0.1,32,0.001,32,15,100,72,val_loss
64,0.03510734438896179,0.021850300952792168,0.13105124235153198,0.10130477696657181,0.03510734438896179,0.021850300952792168,CNN,30,4,32,3,0.1,32,0.001,32,15,100,72,val_loss
65,0.03588539734482765,0.0203714556992054,0.13433632254600525,0.09631121158599854,0.03588539734482765,0.0203714556992054,CNN,30,4,32,3,0.1,32,0.001,32,15,100,72,val_loss
66,0.03641744703054428,0.02135414630174637,0.1368938833475113,0.0971151813864708,0.03641744703054428,0.02135414630174637,CNN,30,4,32,3,0.1,32,0.001,32,15,100,72,val_loss
67,0.03474654629826546,0.020480282604694366,0.13220736384391785,0.09578816592693329,0.03474654629826546,0.020480282604694366,CNN,30,4,32,3,0.1,32,0.001,32,15,100,72,val_loss
68,0.03143959492444992,0.021421272307634354,0.12739156186580658,0.10058054327964783,0.03143959492444992,0.021421272307634354,CNN,30,4,32,3,0.1,32,0.001,32,15,100,72,val_loss
69,0.0350557304918766,0.020468436181545258,0.13330966234207153,0.09622424095869064,0.0350557304918766,0.020468436181545258,CNN,30,4,32,3,0.1,32,0.001,32,15,100,72,val_loss
70,0.03390229120850563,0.022803107276558876,0.1303473263978958,0.10727683454751968,0.03390229120850563,0.022803107276558876,CNN,30,4,32,3,0.1,32,0.001,32,15,100,72,val_loss
71,0.031090058386325836,0.020837921649217606,0.12595234811306,0.09607577323913574,0.031090058386325836,0.020837921649217606,CNN,30,4,32,3,0.1,32,0.001,32,15,100,72,val_loss
72,0.0344444140791893,0.020567627623677254,0.13204777240753174,0.09598883986473083,0.0344444140791893,0.020567627623677254,CNN,30,4,32,3,0.1,32,0.001,32,15,100,72,val_loss
1,0.48109281063079834,0.21879591047763824,0.5474828481674194,0.36847037076950073,0.48109281063079834,0.21879591047763824,CNN,60,0,32,3,0.1,32,0.001,32,15,100,86,val_loss
2,0.2507054805755615,0.11860011518001556,0.38733792304992676,0.2748568654060364,0.2507054805755615,0.11860011518001556,CNN,60,0,32,3,0.1,32,0.001,32,15,100,86,val_loss
3,0.19205383956432343,0.09791059046983719,0.33417508006095886,0.2525034546852112,0.19205383956432343,0.09791059046983719,CNN,60,0,32,3,0.1,32,0.001,32,15,100,86,val_loss
4,0.15806129574775696,0.0995989441871643,0.30595478415489197,0.2521496117115021,0.15806129574775696,0.0995989441871643,CNN,60,0,32,3,0.1,32,0.001,32,15,100,86,val_loss
5,0.137313574552536,0.0808466449379921,0.28750160336494446,0.2283792495727539,0.137313574552536,0.0808466449379921,CNN,60,0,32,3,0.1,32,0.001,32,15,100,86,val_loss
6,0.12373906373977661,0.08011322468519211,0.2695881724357605,0.22228172421455383,0.12373906373977661,0.08011322468519211,CNN,60,0,32,3,0.1,32,0.001,32,15,100,86,val_loss
7,0.11605079472064972,0.06400492042303085,0.25772717595100403,0.19489748775959015,0.11605079472064972,0.06400492042303085,CNN,60,0,32,3,0.1,32,0.001,32,15,100,86,val_loss
8,0.10366753488779068,0.05926297977566719,0.24004819989204407,0.18848590552806854,0.10366753488779068,0.05926297977566719,CNN,60,0,32,3,0.1,32,0.001,32,15,100,86,val_loss
9,0.08975450694561005,0.05729082599282265,0.22759410738945007,0.18740850687026978,0.08975450694561005,0.05729082599282265,CNN,60,0,32,3,0.1,32,0.001,32,15,100,86,val_loss
10,0.09256533533334732,0.05450059846043587,0.22481362521648407,0.18337155878543854,0.09256533533334732,0.054500605911016464,CNN,60,0,32,3,0.1,32,0.001,32,15,100,86,val_loss
11,0.09464142471551895,0.051408059895038605,0.22693398594856262,0.17646217346191406,0.09464142471551895,0.051408059895038605,CNN,60,0,32,3,0.1,32,0.001,32,15,100,86,val_loss
12,0.0792427510023117,0.049988944083452225,0.21135029196739197,0.174016535282135,0.0792427510023117,0.049988944083452225,CNN,60,0,32,3,0.1,32,0.001,32,15,100,86,val_loss
13,0.08115698397159576,0.05234921723604202,0.20940469205379486,0.17850562930107117,0.08115698397159576,0.05234921723604202,CNN,60,0,32,3,0.1,32,0.001,32,15,100,86,val_loss
14,0.08288503438234329,0.054267287254333496,0.21409918367862701,0.18506863713264465,0.08288503438234329,0.054267287254333496,CNN,60,0,32,3,0.1,32,0.001,32,15,100,86,val_loss
15,0.08417052775621414,0.059799086302518845,0.215391606092453,0.19328339397907257,0.08417052775621414,0.059799086302518845,CNN,60,0,32,3,0.1,32,0.001,32,15,100,86,val_loss
16,0.07542971521615982,0.04773009568452835,0.2040529102087021,0.1712811142206192,0.07542971521615982,0.04773009568452835,CNN,60,0,32,3,0.1,32,0.001,32,15,100,86,val_loss
17,0.07497622817754745,0.05151017755270004,0.2018914520740509,0.1790602058172226,0.07497622817754745,0.05151017755270004,CNN,60,0,32,3,0.1,32,0.001,32,15,100,86,val_loss
18,0.06237415224313736,0.04816160351037979,0.18767286837100983,0.17279577255249023,0.06237415224313736,0.04816160351037979,CNN,60,0,32,3,0.1,32,0.001,32,15,100,86,val_loss
19,0.06958996504545212,0.046850092709064484,0.1943511962890625,0.16751156747341156,0.06958996504545212,0.046850092709064484,CNN,60,0,32,3,0.1,32,0.001,32,15,100,86,val_loss
20,0.06450065970420837,0.03959871456027031,0.18582522869110107,0.15158884227275848,0.06450065970420837,0.03959871456027031,CNN,60,0,32,3,0.1,32,0.001,32,15,100,86,val_loss
21,0.06319137662649155,0.04261050373315811,0.18634724617004395,0.15596045553684235,0.06319137662649155,0.04261050373315811,CNN,60,0,32,3,0.1,32,0.001,32,15,100,86,val_loss
22,0.06522049009799957,0.04551183432340622,0.18750447034835815,0.16567789018154144,0.06522049009799957,0.04551183432340622,CNN,60,0,32,3,0.1,32,0.001,32,15,100,86,val_loss
23,0.06805555522441864,0.055038150399923325,0.1920240968465805,0.18345476686954498,0.06805555522441864,0.055038150399923325,CNN,60,0,32,3,0.1,32,0.001,32,15,100,86,val_loss
24,0.0661463513970375,0.05273040384054184,0.19005174934864044,0.17978084087371826,0.0661463513970375,0.05273040384054184,CNN,60,0,32,3,0.1,32,0.001,32,15,100,86,val_loss
25,0.06084815785288811,0.05132799968123436,0.18366600573062897,0.17791318893432617,0.06084815785288811,0.05132799968123436,CNN,60,0,32,3,0.1,32,0.001,32,15,100,86,val_loss
26,0.05710138380527496,0.03912796825170517,0.1788989156484604,0.15215332806110382,0.05710138380527496,0.03912796825170517,CNN,60,0,32,3,0.1,32,0.001,32,15,100,86,val_loss
27,0.05605878680944443,0.04185297340154648,0.17243562638759613,0.15873843431472778,0.05605878680944443,0.04185297340154648,CNN,60,0,32,3,0.1,32,0.001,32,15,100,86,val_loss
28,0.05794482305645943,0.048345476388931274,0.17656682431697845,0.16800840198993683,0.05794482305645943,0.048345476388931274,CNN,60,0,32,3,0.1,32,0.001,32,15,100,86,val_loss
29,0.0589510016143322,0.04483714699745178,0.17916066944599152,0.16421133279800415,0.0589510016143322,0.04483714699745178,CNN,60,0,32,3,0.1,32,0.001,32,15,100,86,val_loss
30,0.05915282666683197,0.04808714613318443,0.1788497120141983,0.17055389285087585,0.05915282666683197,0.04808714613318443,CNN,60,0,32,3,0.1,32,0.001,32,15,100,86,val_loss
31,0.06143047660589218,0.05948644131422043,0.181827574968338,0.19110089540481567,0.06143047660589218,0.05948644131422043,CNN,60,0,32,3,0.1,32,0.001,32,15,100,86,val_loss
32,0.05752316489815712,0.05681693181395531,0.17639189958572388,0.1837788075208664,0.05752316489815712,0.05681693181395531,CNN,60,0,32,3,0.1,32,0.001,32,15,100,86,val_loss
33,0.05583108961582184,0.04748839512467384,0.1750936359167099,0.16780121624469757,0.05583108961582184,0.04748839512467384,CNN,60,0,32,3,0.1,32,0.001,32,15,100,86,val_loss
34,0.05228504538536072,0.03592795878648758,0.16717010736465454,0.14240403473377228,0.05228504538536072,0.03592795878648758,CNN,60,0,32,3,0.1,32,0.001,32,15,100,86,val_loss
35,0.052000582218170166,0.038916993886232376,0.16754072904586792,0.14182908833026886,0.052000582218170166,0.038916993886232376,CNN,60,0,32,3,0.1,32,0.001,32,15,100,86,val_loss
36,0.05347047746181488,0.03510177135467529,0.16831569373607635,0.14077679812908173,0.05347047746181488,0.03510177507996559,CNN,60,0,32,3,0.1,32,0.001,32,15,100,86,val_loss
37,0.054893314838409424,0.03990263119339943,0.17242927849292755,0.15283121168613434,0.054893314838409424,0.03990263119339943,CNN,60,0,32,3,0.1,32,0.001,32,15,100,86,val_loss
38,0.05121584236621857,0.03457391634583473,0.16434462368488312,0.1405484825372696,0.05121584236621857,0.03457391634583473,CNN,60,0,32,3,0.1,32,0.001,32,15,100,86,val_loss
39,0.049712665379047394,0.03807505592703819,0.1640825867652893,0.14589929580688477,0.049712665379047394,0.03807505592703819,CNN,60,0,32,3,0.1,32,0.001,32,15,100,86,val_loss
40,0.041955187916755676,0.035400040447711945,0.14985841512680054,0.1419573426246643,0.041955187916755676,0.035400040447711945,CNN,60,0,32,3,0.1,32,0.001,32,15,100,86,val_loss
41,0.04759838432073593,0.03299245983362198,0.15713201463222504,0.1355222463607788,0.04759838432073593,0.03299245983362198,CNN,60,0,32,3,0.1,32,0.001,32,15,100,86,val_loss
42,0.0429169163107872,0.02972085028886795,0.1508917659521103,0.1241057738661766,0.0429169163107872,0.02972085028886795,CNN,60,0,32,3,0.1,32,0.001,32,15,100,86,val_loss
43,0.03998035192489624,0.02793070860207081,0.14597515761852264,0.115695059299469,0.03998035192489624,0.02793070860207081,CNN,60,0,32,3,0.1,32,0.001,32,15,100,86,val_loss
44,0.04804274067282677,0.029363205656409264,0.15983568131923676,0.1222953125834465,0.04804274067282677,0.029363205656409264,CNN,60,0,32,3,0.1,32,0.001,32,15,100,86,val_loss
45,0.04209370166063309,0.028660496696829796,0.14916938543319702,0.11955678462982178,0.04209370166063309,0.028660496696829796,CNN,60,0,32,3,0.1,32,0.001,32,15,100,86,val_loss
46,0.039376579225063324,0.029271071776747704,0.14347104728221893,0.1237330362200737,0.039376579225063324,0.029271071776747704,CNN,60,0,32,3,0.1,32,0.001,32,15,100,86,val_loss
47,0.04483165219426155,0.03343754634261131,0.15319353342056274,0.1373780071735382,0.04483165219426155,0.03343754634261131,CNN,60,0,32,3,0.1,32,0.001,32,15,100,86,val_loss
48,0.04621710628271103,0.029152652248740196,0.15579922497272491,0.12434264272451401,0.04621710628271103,0.029152652248740196,CNN,60,0,32,3,0.1,32,0.001,32,15,100,86,val_loss
49,0.042141176760196686,0.027632594108581543,0.15027444064617157,0.11386192589998245,0.042141176760196686,0.027632594108581543,CNN,60,0,32,3,0.1,32,0.001,32,15,100,86,val_loss
50,0.04065878316760063,0.033124253153800964,0.1495112031698227,0.13717982172966003,0.04065878316760063,0.033124253153800964,CNN,60,0,32,3,0.1,32,0.001,32,15,100,86,val_loss
51,0.04137207940220833,0.03689267858862877,0.14991673827171326,0.14304466545581818,0.04137207940220833,0.03689267858862877,CNN,60,0,32,3,0.1,32,0.001,32,15,100,86,val_loss
52,0.043142080307006836,0.035519640892744064,0.14852647483348846,0.14409813284873962,0.043142080307006836,0.035519640892744064,CNN,60,0,32,3,0.1,32,0.001,32,15,100,86,val_loss
53,0.03985825926065445,0.030810529366135597,0.14660833775997162,0.12953728437423706,0.03985825926065445,0.030810529366135597,CNN,60,0,32,3,0.1,32,0.001,32,15,100,86,val_loss
54,0.037230804562568665,0.02636018581688404,0.14058493077754974,0.11540664732456207,0.037230804562568665,0.02636018581688404,CNN,60,0,32,3,0.1,32,0.001,32,15,100,86,val_loss
55,0.032649748027324677,0.025376012548804283,0.13162091374397278,0.11036035418510437,0.032649748027324677,0.025376012548804283,CNN,60,0,32,3,0.1,32,0.001,32,15,100,86,val_loss
56,0.04115438088774681,0.026285890489816666,0.14567549526691437,0.1120847538113594,0.04115438088774681,0.026285890489816666,CNN,60,0,32,3,0.1,32,0.001,32,15,100,86,val_loss
57,0.04013499245047569,0.02947051450610161,0.14567089080810547,0.12488320469856262,0.04013499245047569,0.02947051450610161,CNN,60,0,32,3,0.1,32,0.001,32,15,100,86,val_loss
58,0.038658563047647476,0.03141927346587181,0.14714911580085754,0.12780511379241943,0.038658563047647476,0.03141927346587181,CNN,60,0,32,3,0.1,32,0.001,32,15,100,86,val_loss
59,0.04229046404361725,0.03161542862653732,0.1449422687292099,0.12374072521924973,0.04229046404361725,0.03161542862653732,CNN,60,0,32,3,0.1,32,0.001,32,15,100,86,val_loss
60,0.03819200396537781,0.026322903111577034,0.14331865310668945,0.1139145940542221,0.03819200396537781,0.026322903111577034,CNN,60,0,32,3,0.1,32,0.001,32,15,100,86,val_loss
61,0.035283010452985764,0.029307512566447258,0.13588373363018036,0.12462390959262848,0.035283010452985764,0.029307512566447258,CNN,60,0,32,3,0.1,32,0.001,32,15,100,86,val_loss
62,0.03930837661027908,0.02637275867164135,0.14408470690250397,0.117649145424366,0.03930837661027908,0.02637275867164135,CNN,60,0,32,3,0.1,32,0.001,32,15,100,86,val_loss
63,0.036143042147159576,0.02691592089831829,0.13697883486747742,0.11980992555618286,0.036143042147159576,0.02691592089831829,CNN,60,0,32,3,0.1,32,0.001,32,15,100,86,val_loss
64,0.034920211881399155,0.026442114263772964,0.13449837267398834,0.11647780984640121,0.034920211881399155,0.026442114263772964,CNN,60,0,32,3,0.1,32,0.001,32,15,100,86,val_loss
65,0.03415653482079506,0.03171532601118088,0.1370089054107666,0.12846361100673676,0.03415653482079506,0.03171532601118088,CNN,60,0,32,3,0.1,32,0.001,32,15,100,86,val_loss
66,0.03608032315969467,0.02614622376859188,0.13830702006816864,0.11496465653181076,0.03608032315969467,0.02614622376859188,CNN,60,0,32,3,0.1,32,0.001,32,15,100,86,val_loss
67,0.03739044815301895,0.028042040765285492,0.14113794267177582,0.1217617318034172,0.03739044815301895,0.028042040765285492,CNN,60,0,32,3,0.1,32,0.001,32,15,100,86,val_loss
68,0.036851271986961365,0.02334965392947197,0.1374143362045288,0.1057492196559906,0.036851271986961365,0.02334965392947197,CNN,60,0,32,3,0.1,32,0.001,32,15,100,86,val_loss
69,0.03292186185717583,0.02743496000766754,0.13379120826721191,0.12099786102771759,0.03292186185717583,0.02743496000766754,CNN,60,0,32,3,0.1,32,0.001,32,15,100,86,val_loss
70,0.035896316170692444,0.02438223361968994,0.1373317390680313,0.10818706452846527,0.035896316170692444,0.02438223361968994,CNN,60,0,32,3,0.1,32,0.001,32,15,100,86,val_loss
71,0.03454534336924553,0.0231794323772192,0.13429076969623566,0.09927579760551453,0.03454534336924553,0.0231794323772192,CNN,60,0,32,3,0.1,32,0.001,32,15,100,86,val_loss
72,0.0381978303194046,0.024029668420553207,0.13895604014396667,0.1084926649928093,0.0381978303194046,0.024029668420553207,CNN,60,0,32,3,0.1,32,0.001,32,15,100,86,val_loss
73,0.033500369638204575,0.023843344300985336,0.13194715976715088,0.10325642675161362,0.033500369638204575,0.023843344300985336,CNN,60,0,32,3,0.1,32,0.001,32,15,100,86,val_loss
74,0.037737563252449036,0.023939818143844604,0.14176946878433228,0.1052471250295639,0.037737563252449036,0.023939820006489754,CNN,60,0,32,3,0.1,32,0.001,32,15,100,86,val_loss
75,0.03603356331586838,0.025868460536003113,0.13903072476387024,0.11753909289836884,0.03603356331586838,0.025868460536003113,CNN,60,0,32,3,0.1,32,0.001,32,15,100,86,val_loss
76,0.03786776214838028,0.026478152722120285,0.14131592214107513,0.1219276711344719,0.03786776214838028,0.026478152722120285,CNN,60,0,32,3,0.1,32,0.001,32,15,100,86,val_loss
77,0.04364319518208504,0.03825969621539116,0.15301696956157684,0.15082594752311707,0.04364319518208504,0.03825969621539116,CNN,60,0,32,3,0.1,32,0.001,32,15,100,86,val_loss
78,0.03430924192070961,0.02521391585469246,0.13728219270706177,0.11250825226306915,0.03430924192070961,0.02521391585469246,CNN,60,0,32,3,0.1,32,0.001,32,15,100,86,val_loss
79,0.03368642181158066,0.02680543251335621,0.13480406999588013,0.11665800213813782,0.03368642181158066,0.02680543251335621,CNN,60,0,32,3,0.1,32,0.001,32,15,100,86,val_loss
80,0.03230733424425125,0.027086609974503517,0.13258887827396393,0.11293577402830124,0.03230733424425125,0.027086609974503517,CNN,60,0,32,3,0.1,32,0.001,32,15,100,86,val_loss
81,0.033520277589559555,0.024039318785071373,0.1314440667629242,0.10996640473604202,0.033520277589559555,0.024039318785071373,CNN,60,0,32,3,0.1,32,0.001,32,15,100,86,val_loss
82,0.03400858864188194,0.02355637028813362,0.13379038870334625,0.10870186984539032,0.03400858864188194,0.02355637028813362,CNN,60,0,32,3,0.1,32,0.001,32,15,100,86,val_loss
83,0.03264269977807999,0.0288713276386261,0.12895172834396362,0.1187845766544342,0.03264269977807999,0.0288713276386261,CNN,60,0,32,3,0.1,32,0.001,32,15,100,86,val_loss
84,0.035810232162475586,0.027701858431100845,0.13816334307193756,0.12050119042396545,0.035810232162475586,0.027701858431100845,CNN,60,0,32,3,0.1,32,0.001,32,15,100,86,val_loss
85,0.03095647692680359,0.028719870373606682,0.12796498835086823,0.12374205887317657,0.03095647692680359,0.028719870373606682,CNN,60,0,32,3,0.1,32,0.001,32,15,100,86,val_loss
86,0.03393010050058365,0.025117237120866776,0.13382892310619354,0.11409367620944977,0.03393010050058365,0.025117237120866776,CNN,60,0,32,3,0.1,32,0.001,32,15,100,86,val_loss
1,0.5301176309585571,0.2118968665599823,0.5787199139595032,0.36848706007003784,0.5301176309585571,0.2118968665599823,CNN,60,1,32,3,0.1,32,0.001,32,15,100,100,val_loss
2,0.30257338285446167,0.12160857021808624,0.41625481843948364,0.2826496660709381,0.30257338285446167,0.12160857021808624,CNN,60,1,32,3,0.1,32,0.001,32,15,100,100,val_loss
3,0.21669074892997742,0.10955999046564102,0.35785961151123047,0.26681527495384216,0.21669074892997742,0.10955999046564102,CNN,60,1,32,3,0.1,32,0.001,32,15,100,100,val_loss
4,0.18926946818828583,0.09614835679531097,0.3336537480354309,0.25358444452285767,0.18926946818828583,0.09614835679531097,CNN,60,1,32,3,0.1,32,0.001,32,15,100,100,val_loss
5,0.15898481011390686,0.07819028198719025,0.3027489483356476,0.22451892495155334,0.15898481011390686,0.07819028198719025,CNN,60,1,32,3,0.1,32,0.001,32,15,100,100,val_loss
6,0.14328062534332275,0.06910703331232071,0.28512436151504517,0.20905636250972748,0.14328062534332275,0.06910703331232071,CNN,60,1,32,3,0.1,32,0.001,32,15,100,100,val_loss
7,0.12662243843078613,0.07284925132989883,0.2681214213371277,0.21484389901161194,0.12662243843078613,0.07284925132989883,CNN,60,1,32,3,0.1,32,0.001,32,15,100,100,val_loss
8,0.11785492300987244,0.06649556756019592,0.26009514927864075,0.20540431141853333,0.11785492300987244,0.06649556756019592,CNN,60,1,32,3,0.1,32,0.001,32,15,100,100,val_loss
9,0.11285074800252914,0.06263957917690277,0.2506231963634491,0.19929581880569458,0.11285074800252914,0.06263957917690277,CNN,60,1,32,3,0.1,32,0.001,32,15,100,100,val_loss
10,0.10322297364473343,0.05887039750814438,0.24147929251194,0.1913442760705948,0.10322297364473343,0.05887039750814438,CNN,60,1,32,3,0.1,32,0.001,32,15,100,100,val_loss
11,0.09845960885286331,0.05544644594192505,0.23392784595489502,0.18286922574043274,0.09845960885286331,0.05544644594192505,CNN,60,1,32,3,0.1,32,0.001,32,15,100,100,val_loss
12,0.09593641012907028,0.05407026782631874,0.22914136946201324,0.18294760584831238,0.09593641012907028,0.05407026782631874,CNN,60,1,32,3,0.1,32,0.001,32,15,100,100,val_loss
13,0.10106043517589569,0.049957823008298874,0.23270879685878754,0.17541809380054474,0.10106043517589569,0.049957823008298874,CNN,60,1,32,3,0.1,32,0.001,32,15,100,100,val_loss
14,0.09375457465648651,0.04945686087012291,0.2290031909942627,0.173941969871521,0.09375457465648651,0.04945686087012291,CNN,60,1,32,3,0.1,32,0.001,32,15,100,100,val_loss
15,0.09340362995862961,0.04655667766928673,0.22666917741298676,0.16590440273284912,0.09340362995862961,0.04655667766928673,CNN,60,1,32,3,0.1,32,0.001,32,15,100,100,val_loss
16,0.08638900518417358,0.04687964916229248,0.2169908732175827,0.1664637178182602,0.08638900518417358,0.04687964916229248,CNN,60,1,32,3,0.1,32,0.001,32,15,100,100,val_loss
17,0.08182087540626526,0.04978644847869873,0.21080897748470306,0.1764114499092102,0.08182087540626526,0.04978644847869873,CNN,60,1,32,3,0.1,32,0.001,32,15,100,100,val_loss
18,0.084808349609375,0.047876711934804916,0.21908728778362274,0.17292000353336334,0.0848083570599556,0.047876711934804916,CNN,60,1,32,3,0.1,32,0.001,32,15,100,100,val_loss
19,0.08896881341934204,0.044574540108442307,0.223354309797287,0.16057072579860687,0.08896881341934204,0.044574540108442307,CNN,60,1,32,3,0.1,32,0.001,32,15,100,100,val_loss
20,0.07516638934612274,0.04891762137413025,0.20452068746089935,0.17245034873485565,0.07516638934612274,0.04891762137413025,CNN,60,1,32,3,0.1,32,0.001,32,15,100,100,val_loss
21,0.08023188263177872,0.046895675361156464,0.21170423924922943,0.1683965027332306,0.08023188263177872,0.046895675361156464,CNN,60,1,32,3,0.1,32,0.001,32,15,100,100,val_loss
22,0.08468517661094666,0.043834660202264786,0.21269899606704712,0.16195710003376007,0.08468517661094666,0.043834660202264786,CNN,60,1,32,3,0.1,32,0.001,32,15,100,100,val_loss
23,0.07135988026857376,0.041646458208560944,0.19974994659423828,0.15612183511257172,0.07135988026857376,0.041646458208560944,CNN,60,1,32,3,0.1,32,0.001,32,15,100,100,val_loss
24,0.07425722479820251,0.04146036505699158,0.2008541077375412,0.1564648598432541,0.07425721734762192,0.04146036505699158,CNN,60,1,32,3,0.1,32,0.001,32,15,100,100,val_loss
25,0.06302349269390106,0.03585463762283325,0.18592821061611176,0.14076504111289978,0.06302349269390106,0.03585463762283325,CNN,60,1,32,3,0.1,32,0.001,32,15,100,100,val_loss
26,0.06438136100769043,0.03593767434358597,0.18490171432495117,0.139927938580513,0.06438136100769043,0.03593767434358597,CNN,60,1,32,3,0.1,32,0.001,32,15,100,100,val_loss
27,0.06298205256462097,0.03816265985369682,0.18688462674617767,0.148595929145813,0.06298205256462097,0.03816266357898712,CNN,60,1,32,3,0.1,32,0.001,32,15,100,100,val_loss
28,0.06451825797557831,0.03814450651407242,0.18683701753616333,0.1488242894411087,0.06451825797557831,0.03814450278878212,CNN,60,1,32,3,0.1,32,0.001,32,15,100,100,val_loss
29,0.06018777936697006,0.038674112409353256,0.18190325796604156,0.1494038999080658,0.06018777936697006,0.038674112409353256,CNN,60,1,32,3,0.1,32,0.001,32,15,100,100,val_loss
30,0.057644594460725784,0.035772018134593964,0.17710088193416595,0.14279434084892273,0.057644594460725784,0.035772018134593964,CNN,60,1,32,3,0.1,32,0.001,32,15,100,100,val_loss
31,0.06381630897521973,0.036634787917137146,0.1833859533071518,0.14398059248924255,0.06381630897521973,0.036634787917137146,CNN,60,1,32,3,0.1,32,0.001,32,15,100,100,val_loss
32,0.05648534372448921,0.039612822234630585,0.1764899492263794,0.15361903607845306,0.05648534372448921,0.039612822234630585,CNN,60,1,32,3,0.1,32,0.001,32,15,100,100,val_loss
33,0.05661339685320854,0.03803539276123047,0.17661599814891815,0.14994889497756958,0.05661339685320854,0.03803539276123047,CNN,60,1,32,3,0.1,32,0.001,32,15,100,100,val_loss
34,0.057838521897792816,0.04097342491149902,0.17445002496242523,0.15793900191783905,0.057838521897792816,0.04097342491149902,CNN,60,1,32,3,0.1,32,0.001,32,15,100,100,val_loss
35,0.05638188123703003,0.04442640021443367,0.1740146279335022,0.1658068597316742,0.05638188123703003,0.04442640021443367,CNN,60,1,32,3,0.1,32,0.001,32,15,100,100,val_loss
36,0.05748504027724266,0.04428641125559807,0.17632818222045898,0.16314265131950378,0.05748504027724266,0.04428641125559807,CNN,60,1,32,3,0.1,32,0.001,32,15,100,100,val_loss
37,0.054139863699674606,0.04601845517754555,0.1681917905807495,0.1668565273284912,0.054139863699674606,0.04601845517754555,CNN,60,1,32,3,0.1,32,0.001,32,15,100,100,val_loss
38,0.05794795602560043,0.05742916092276573,0.1767168492078781,0.1890314817428589,0.05794795602560043,0.05742916092276573,CNN,60,1,32,3,0.1,32,0.001,32,15,100,100,val_loss
39,0.05461956560611725,0.046535514295101166,0.17048612236976624,0.16559411585330963,0.05461956560611725,0.046535514295101166,CNN,60,1,32,3,0.1,32,0.001,32,15,100,100,val_loss
40,0.05276280269026756,0.03879044950008392,0.1685657650232315,0.150102436542511,0.05276280269026756,0.03879044950008392,CNN,60,1,32,3,0.1,32,0.001,32,15,100,100,val_loss
41,0.05215940251946449,0.04089741408824921,0.16480094194412231,0.15577054023742676,0.05215940251946449,0.04089741408824921,CNN,60,1,32,3,0.1,32,0.001,32,15,100,100,val_loss
42,0.04950666055083275,0.03527582064270973,0.1617441028356552,0.14028571546077728,0.04950666055083275,0.03527582064270973,CNN,60,1,32,3,0.1,32,0.001,32,15,100,100,val_loss
43,0.046187542378902435,0.03459203615784645,0.15630851686000824,0.14019936323165894,0.046187542378902435,0.03459203615784645,CNN,60,1,32,3,0.1,32,0.001,32,15,100,100,val_loss
44,0.05150434374809265,0.03451951965689659,0.164951354265213,0.13647516071796417,0.05150434374809265,0.03451951965689659,CNN,60,1,32,3,0.1,32,0.001,32,15,100,100,val_loss
45,0.04678571969270706,0.03162878006696701,0.15779615938663483,0.12921416759490967,0.04678571969270706,0.03162878006696701,CNN,60,1,32,3,0.1,32,0.001,32,15,100,100,val_loss
46,0.046920668333768845,0.03757642209529877,0.15611694753170013,0.14501658082008362,0.046920668333768845,0.03757642209529877,CNN,60,1,32,3,0.1,32,0.001,32,15,100,100,val_loss
47,0.04822460561990738,0.03328400477766991,0.1638866513967514,0.13620644807815552,0.04822460561990738,0.03328400477766991,CNN,60,1,32,3,0.1,32,0.001,32,15,100,100,val_loss
48,0.04356854408979416,0.02987954393029213,0.15197008848190308,0.12253295630216599,0.04356854408979416,0.02987954393029213,CNN,60,1,32,3,0.1,32,0.001,32,15,100,100,val_loss
49,0.04944721981883049,0.03624065965414047,0.1574927419424057,0.13551652431488037,0.04944721981883049,0.03624065965414047,CNN,60,1,32,3,0.1,32,0.001,32,15,100,100,val_loss
50,0.045219484716653824,0.030643904581665993,0.15647023916244507,0.12500980496406555,0.045219484716653824,0.030643904581665993,CNN,60,1,32,3,0.1,32,0.001,32,15,100,100,val_loss
51,0.041770730167627335,0.037764448672533035,0.14971917867660522,0.14788207411766052,0.041770730167627335,0.037764448672533035,CNN,60,1,32,3,0.1,32,0.001,32,15,100,100,val_loss
52,0.05036395043134689,0.039250679314136505,0.1643150895833969,0.14887553453445435,0.05036395043134689,0.039250679314136505,CNN,60,1,32,3,0.1,32,0.001,32,15,100,100,val_loss
53,0.03906046599149704,0.039747387170791626,0.14491085708141327,0.15124598145484924,0.03906046599149704,0.039747387170791626,CNN,60,1,32,3,0.1,32,0.001,32,15,100,100,val_loss
54,0.04409025236964226,0.032115377485752106,0.1550889015197754,0.12673401832580566,0.04409025236964226,0.032115377485752106,CNN,60,1,32,3,0.1,32,0.001,32,15,100,100,val_loss
55,0.04062371328473091,0.029946567490696907,0.14775249361991882,0.12548458576202393,0.04062371328473091,0.029946567490696907,CNN,60,1,32,3,0.1,32,0.001,32,15,100,100,val_loss
56,0.03879791870713234,0.030133727937936783,0.14334195852279663,0.1270969957113266,0.03879791870713234,0.030133727937936783,CNN,60,1,32,3,0.1,32,0.001,32,15,100,100,val_loss
57,0.04177727550268173,0.03906668350100517,0.14876027405261993,0.14779141545295715,0.04177727550268173,0.03906668350100517,CNN,60,1,32,3,0.1,32,0.001,32,15,100,100,val_loss
58,0.04498036205768585,0.0388261154294014,0.15638600289821625,0.1498933583498001,0.04498036205768585,0.0388261154294014,CNN,60,1,32,3,0.1,32,0.001,32,15,100,100,val_loss
59,0.03631700947880745,0.028775202110409737,0.14155380427837372,0.12202005833387375,0.03631700947880745,0.028775202110409737,CNN,60,1,32,3,0.1,32,0.001,32,15,100,100,val_loss
60,0.03347579017281532,0.029445648193359375,0.134013831615448,0.12395218759775162,0.03347579017281532,0.029445648193359375,CNN,60,1,32,3,0.1,32,0.001,32,15,100,100,val_loss
61,0.03767835348844528,0.03367983549833298,0.141867995262146,0.13595925271511078,0.03767835348844528,0.03367983549833298,CNN,60,1,32,3,0.1,32,0.001,32,15,100,100,val_loss
62,0.037761837244033813,0.029154233634471893,0.14135600626468658,0.12475008517503738,0.037761837244033813,0.029154233634471893,CNN,60,1,32,3,0.1,32,0.001,32,15,100,100,val_loss
63,0.04211800545454025,0.03464570268988609,0.14887437224388123,0.13307252526283264,0.04211800545454025,0.03464570268988609,CNN,60,1,32,3,0.1,32,0.001,32,15,100,100,val_loss
64,0.04166705533862114,0.029585152864456177,0.14916396141052246,0.12190763652324677,0.04166705533862114,0.029585152864456177,CNN,60,1,32,3,0.1,32,0.001,32,15,100,100,val_loss
65,0.03587910532951355,0.0269944965839386,0.14042247831821442,0.11333242803812027,0.03587910532951355,0.0269944965839386,CNN,60,1,32,3,0.1,32,0.001,32,15,100,100,val_loss
66,0.040739499032497406,0.02836884744465351,0.14611105620861053,0.1197567880153656,0.040739499032497406,0.02836884744465351,CNN,60,1,32,3,0.1,32,0.001,32,15,100,100,val_loss
67,0.04034098982810974,0.0284198559820652,0.14528237283229828,0.11753595620393753,0.04034098982810974,0.0284198559820652,CNN,60,1,32,3,0.1,32,0.001,32,15,100,100,val_loss
68,0.036322370171546936,0.027791032567620277,0.13876314461231232,0.11851214617490768,0.036322370171546936,0.027791032567620277,CNN,60,1,32,3,0.1,32,0.001,32,15,100,100,val_loss
69,0.03626684844493866,0.0296784695237875,0.14071327447891235,0.12849223613739014,0.03626684844493866,0.0296784695237875,CNN,60,1,32,3,0.1,32,0.001,32,15,100,100,val_loss
70,0.037073906511068344,0.029056072235107422,0.14121533930301666,0.12309258431196213,0.037073906511068344,0.029056072235107422,CNN,60,1,32,3,0.1,32,0.001,32,15,100,100,val_loss
71,0.031612370163202286,0.028314843773841858,0.1319507509469986,0.1198817789554596,0.031612370163202286,0.028314843773841858,CNN,60,1,32,3,0.1,32,0.001,32,15,100,100,val_loss
72,0.0360783152282238,0.02594069205224514,0.13833338022232056,0.11150859296321869,0.0360783152282238,0.02594069205224514,CNN,60,1,32,3,0.1,32,0.001,32,15,100,100,val_loss
73,0.03677304834127426,0.027355942875146866,0.13795390725135803,0.11588602513074875,0.03677304834127426,0.027355942875146866,CNN,60,1,32,3,0.1,32,0.001,32,15,100,100,val_loss
74,0.03305783495306969,0.02838895469903946,0.13093644380569458,0.12038655579090118,0.03305783495306969,0.02838895469903946,CNN,60,1,32,3,0.1,32,0.001,32,15,100,100,val_loss
75,0.03876481205224991,0.03985576331615448,0.1429578810930252,0.15202324092388153,0.03876481205224991,0.03985576331615448,CNN,60,1,32,3,0.1,32,0.001,32,15,100,100,val_loss
76,0.0413929745554924,0.03199148550629616,0.1489761918783188,0.13322152197360992,0.0413929745554924,0.03199148550629616,CNN,60,1,32,3,0.1,32,0.001,32,15,100,100,val_loss
77,0.032585397362709045,0.026001831516623497,0.1298292875289917,0.10771040618419647,0.032585397362709045,0.026001831516623497,CNN,60,1,32,3,0.1,32,0.001,32,15,100,100,val_loss
78,0.03029613569378853,0.026967663317918777,0.1280440092086792,0.11634473502635956,0.03029613569378853,0.026967663317918777,CNN,60,1,32,3,0.1,32,0.001,32,15,100,100,val_loss
79,0.03431280329823494,0.02891824021935463,0.13429920375347137,0.1218174546957016,0.03431280329823494,0.02891824021935463,CNN,60,1,32,3,0.1,32,0.001,32,15,100,100,val_loss
80,0.03605293855071068,0.025763392448425293,0.13659490644931793,0.10687386244535446,0.03605293855071068,0.025763392448425293,CNN,60,1,32,3,0.1,32,0.001,32,15,100,100,val_loss
81,0.0340726338326931,0.026168668642640114,0.13378632068634033,0.11305587738752365,0.0340726338326931,0.026168668642640114,CNN,60,1,32,3,0.1,32,0.001,32,15,100,100,val_loss
82,0.03807983174920082,0.02648206613957882,0.14169743657112122,0.11324761807918549,0.03807983174920082,0.02648206613957882,CNN,60,1,32,3,0.1,32,0.001,32,15,100,100,val_loss
83,0.03681888058781624,0.024872740730643272,0.13993138074874878,0.10347416251897812,0.03681888058781624,0.024872740730643272,CNN,60,1,32,3,0.1,32,0.001,32,15,100,100,val_loss
84,0.03002668172121048,0.027000708505511284,0.12651264667510986,0.11908994615077972,0.03002668172121048,0.027000708505511284,CNN,60,1,32,3,0.1,32,0.001,32,15,100,100,val_loss
85,0.033305294811725616,0.02659917250275612,0.13331806659698486,0.11483616381883621,0.033305294811725616,0.02659917250275612,CNN,60,1,32,3,0.1,32,0.001,32,15,100,100,val_loss
86,0.03128616139292717,0.027660319581627846,0.1285281777381897,0.12110171467065811,0.03128616139292717,0.027660319581627846,CNN,60,1,32,3,0.1,32,0.001,32,15,100,100,val_loss
87,0.03579603135585785,0.02964829094707966,0.1349446326494217,0.12501679360866547,0.03579603135585785,0.02964829094707966,CNN,60,1,32,3,0.1,32,0.001,32,15,100,100,val_loss
88,0.035725560039281845,0.030093733221292496,0.13670197129249573,0.12468162924051285,0.035725560039281845,0.030093733221292496,CNN,60,1,32,3,0.1,32,0.001,32,15,100,100,val_loss
89,0.041004523634910583,0.034173477441072464,0.1501680314540863,0.13867394626140594,0.041004523634910583,0.034173477441072464,CNN,60,1,32,3,0.1,32,0.001,32,15,100,100,val_loss
90,0.03404388576745987,0.02970706671476364,0.13563215732574463,0.12204491347074509,0.03404388576745987,0.02970706671476364,CNN,60,1,32,3,0.1,32,0.001,32,15,100,100,val_loss
91,0.03616569563746452,0.028757117688655853,0.14058645069599152,0.11747442185878754,0.03616569563746452,0.028757117688655853,CNN,60,1,32,3,0.1,32,0.001,32,15,100,100,val_loss
92,0.03855498507618904,0.03095052018761635,0.14361195266246796,0.13250452280044556,0.03855498507618904,0.03095052018761635,CNN,60,1,32,3,0.1,32,0.001,32,15,100,100,val_loss
93,0.03184138238430023,0.029215693473815918,0.12934328615665436,0.12500175833702087,0.03184138238430023,0.029215693473815918,CNN,60,1,32,3,0.1,32,0.001,32,15,100,100,val_loss
94,0.029531780630350113,0.02362801320850849,0.1266012042760849,0.10145152360200882,0.029531780630350113,0.02362801320850849,CNN,60,1,32,3,0.1,32,0.001,32,15,100,100,val_loss
95,0.031141143292188644,0.029545646160840988,0.1265374720096588,0.12381862103939056,0.031141143292188644,0.029545646160840988,CNN,60,1,32,3,0.1,32,0.001,32,15,100,100,val_loss
96,0.031132632866501808,0.02629447542130947,0.12718892097473145,0.10660795867443085,0.031132632866501808,0.02629447542130947,CNN,60,1,32,3,0.1,32,0.001,32,15,100,100,val_loss
97,0.028400540351867676,0.02394331619143486,0.1220991238951683,0.10325997322797775,0.028400540351867676,0.02394331619143486,CNN,60,1,32,3,0.1,32,0.001,32,15,100,100,val_loss
98,0.029211968183517456,0.025969183072447777,0.12436392903327942,0.1110718622803688,0.029211968183517456,0.025969183072447777,CNN,60,1,32,3,0.1,32,0.001,32,15,100,100,val_loss
99,0.03212432190775871,0.025652999058365822,0.1282617598772049,0.10835646092891693,0.03212432190775871,0.025652999058365822,CNN,60,1,32,3,0.1,32,0.001,32,15,100,100,val_loss
100,0.02941504679620266,0.03336816281080246,0.12562018632888794,0.12633010745048523,0.02941504679620266,0.03336816281080246,CNN,60,1,32,3,0.1,32,0.001,32,15,100,100,val_loss
1,0.43393704295158386,0.1907198280096054,0.5225158333778381,0.34946027398109436,0.43393704295158386,0.1907198280096054,CNN,60,2,32,3,0.1,32,0.001,32,15,100,48,val_loss
2,0.245157852768898,0.1191350445151329,0.38053104281425476,0.2723807394504547,0.245157852768898,0.1191350445151329,CNN,60,2,32,3,0.1,32,0.001,32,15,100,48,val_loss
3,0.16181640326976776,0.09226991981267929,0.30965152382850647,0.24131867289543152,0.16181640326976776,0.09226991981267929,CNN,60,2,32,3,0.1,32,0.001,32,15,100,48,val_loss
4,0.151464581489563,0.0806061178445816,0.29201894998550415,0.22798587381839752,0.151464581489563,0.0806061178445816,CNN,60,2,32,3,0.1,32,0.001,32,15,100,48,val_loss
5,0.13325558602809906,0.08427418023347855,0.27805376052856445,0.23624266684055328,0.13325558602809906,0.08427418023347855,CNN,60,2,32,3,0.1,32,0.001,32,15,100,48,val_loss
6,0.10681509226560593,0.07582796365022659,0.25110793113708496,0.22361189126968384,0.10681509226560593,0.07582796365022659,CNN,60,2,32,3,0.1,32,0.001,32,15,100,48,val_loss
7,0.10301485657691956,0.06892220675945282,0.24462300539016724,0.20868708193302155,0.10301485657691956,0.06892220675945282,CNN,60,2,32,3,0.1,32,0.001,32,15,100,48,val_loss
8,0.10880235582590103,0.07481914758682251,0.2458614557981491,0.21478506922721863,0.10880235582590103,0.07481914758682251,CNN,60,2,32,3,0.1,32,0.001,32,15,100,48,val_loss
9,0.10376236587762833,0.06935587525367737,0.24109745025634766,0.2099563479423523,0.10376236587762833,0.06935587525367737,CNN,60,2,32,3,0.1,32,0.001,32,15,100,48,val_loss
10,0.09813352674245834,0.06278667598962784,0.2324674129486084,0.193954735994339,0.09813352674245834,0.06278667598962784,CNN,60,2,32,3,0.1,32,0.001,32,15,100,48,val_loss
11,0.09409907460212708,0.05794266611337662,0.22986538708209991,0.1847783476114273,0.09409907460212708,0.05794266611337662,CNN,60,2,32,3,0.1,32,0.001,32,15,100,48,val_loss
12,0.08626475930213928,0.05603334680199623,0.21982425451278687,0.18618382513523102,0.08626475930213928,0.05603334680199623,CNN,60,2,32,3,0.1,32,0.001,32,15,100,48,val_loss
13,0.08000736683607101,0.05966189131140709,0.2134726196527481,0.19058232009410858,0.08000736683607101,0.05966189131140709,CNN,60,2,32,3,0.1,32,0.001,32,15,100,48,val_loss
14,0.08224858343601227,0.055382151156663895,0.21679441630840302,0.18373335897922516,0.08224858343601227,0.055382151156663895,CNN,60,2,32,3,0.1,32,0.001,32,15,100,48,val_loss
15,0.07553645968437195,0.051318418234586716,0.20400041341781616,0.1739625632762909,0.07553645968437195,0.051318418234586716,CNN,60,2,32,3,0.1,32,0.001,32,15,100,48,val_loss
16,0.07441399991512299,0.04854556918144226,0.20119215548038483,0.1691829264163971,0.07441399991512299,0.04854556918144226,CNN,60,2,32,3,0.1,32,0.001,32,15,100,48,val_loss
17,0.06994561105966568,0.05070330947637558,0.198856920003891,0.17492012679576874,0.06994561105966568,0.05070330947637558,CNN,60,2,32,3,0.1,32,0.001,32,15,100,48,val_loss
18,0.06831249594688416,0.04243597760796547,0.1946166306734085,0.15929774940013885,0.06831249594688416,0.04243597760796547,CNN,60,2,32,3,0.1,32,0.001,32,15,100,48,val_loss
19,0.0690341368317604,0.03915766626596451,0.1962069571018219,0.15230421721935272,0.0690341368317604,0.03915766626596451,CNN,60,2,32,3,0.1,32,0.001,32,15,100,48,val_loss
20,0.06905899196863174,0.0388714075088501,0.19331559538841248,0.1490364372730255,0.06905899196863174,0.0388714075088501,CNN,60,2,32,3,0.1,32,0.001,32,15,100,48,val_loss
21,0.06134108826518059,0.041212208569049835,0.18467560410499573,0.15766067802906036,0.06134108826518059,0.041212208569049835,CNN,60,2,32,3,0.1,32,0.001,32,15,100,48,val_loss
22,0.062065329402685165,0.04448982700705528,0.1864856481552124,0.1662493497133255,0.062065329402685165,0.04448982700705528,CNN,60,2,32,3,0.1,32,0.001,32,15,100,48,val_loss
23,0.06389299035072327,0.040218885987997055,0.1886758655309677,0.15632152557373047,0.06389299035072327,0.040218885987997055,CNN,60,2,32,3,0.1,32,0.001,32,15,100,48,val_loss
24,0.060415249317884445,0.03653861582279205,0.18277540802955627,0.14675717055797577,0.060415249317884445,0.03653861582279205,CNN,60,2,32,3,0.1,32,0.001,32,15,100,48,val_loss
25,0.055639516562223434,0.0345156230032444,0.17489981651306152,0.14054276049137115,0.055639516562223434,0.0345156230032444,CNN,60,2,32,3,0.1,32,0.001,32,15,100,48,val_loss
26,0.05976221710443497,0.03759770467877388,0.18030348420143127,0.15103574097156525,0.05976221710443497,0.03759770467877388,CNN,60,2,32,3,0.1,32,0.001,32,15,100,48,val_loss
27,0.058994878083467484,0.03500219061970711,0.17625132203102112,0.13761165738105774,0.058994878083467484,0.03500219061970711,CNN,60,2,32,3,0.1,32,0.001,32,15,100,48,val_loss
28,0.05816509574651718,0.03707454353570938,0.18095064163208008,0.14926894009113312,0.05816509574651718,0.03707454353570938,CNN,60,2,32,3,0.1,32,0.001,32,15,100,48,val_loss
29,0.06211789324879646,0.03494102507829666,0.18486306071281433,0.1423387974500656,0.06211789324879646,0.03494102507829666,CNN,60,2,32,3,0.1,32,0.001,32,15,100,48,val_loss
30,0.05773893743753433,0.03333909437060356,0.1776243895292282,0.1384362280368805,0.05773893743753433,0.03333909437060356,CNN,60,2,32,3,0.1,32,0.001,32,15,100,48,val_loss
31,0.05320636183023453,0.034223735332489014,0.17177174985408783,0.14100152254104614,0.05320636183023453,0.034223735332489014,CNN,60,2,32,3,0.1,32,0.001,32,15,100,48,val_loss
32,0.05422542616724968,0.03199555724859238,0.170684352517128,0.13377675414085388,0.05422542616724968,0.03199555724859238,CNN,60,2,32,3,0.1,32,0.001,32,15,100,48,val_loss
33,0.050593141466379166,0.03107512556016445,0.1666213721036911,0.13019512593746185,0.050593141466379166,0.03107512556016445,CNN,60,2,32,3,0.1,32,0.001,32,15,100,48,val_loss
34,0.04912582412362099,0.036914076656103134,0.16286025941371918,0.14914660155773163,0.04912582412362099,0.036914076656103134,CNN,60,2,32,3,0.1,32,0.001,32,15,100,48,val_loss
35,0.05498664081096649,0.04913466051220894,0.1729886680841446,0.17518717050552368,0.05498664081096649,0.04913466051220894,CNN,60,2,32,3,0.1,32,0.001,32,15,100,48,val_loss
36,0.055803317576646805,0.047891490161418915,0.176987424492836,0.175130233168602,0.055803317576646805,0.047891490161418915,CNN,60,2,32,3,0.1,32,0.001,32,15,100,48,val_loss
37,0.05261167511343956,0.03916873782873154,0.1694091558456421,0.15574881434440613,0.05261167511343956,0.03916873782873154,CNN,60,2,32,3,0.1,32,0.001,32,15,100,48,val_loss
38,0.05108199268579483,0.03825782984495163,0.16744256019592285,0.15411387383937836,0.05108199268579483,0.03825782984495163,CNN,60,2,32,3,0.1,32,0.001,32,15,100,48,val_loss
39,0.05403785780072212,0.038926862180233,0.1721407026052475,0.15333035588264465,0.05403785780072212,0.038926862180233,CNN,60,2,32,3,0.1,32,0.001,32,15,100,48,val_loss
40,0.044163621962070465,0.0369824543595314,0.15623785555362701,0.14960958063602448,0.044163621962070465,0.0369824543595314,CNN,60,2,32,3,0.1,32,0.001,32,15,100,48,val_loss
41,0.04681762680411339,0.03792116791009903,0.16254819929599762,0.15206728875637054,0.04681762680411339,0.03792116791009903,CNN,60,2,32,3,0.1,32,0.001,32,15,100,48,val_loss
42,0.04548988118767738,0.03363892063498497,0.15185941755771637,0.1382177621126175,0.04548988118767738,0.03363892063498497,CNN,60,2,32,3,0.1,32,0.001,32,15,100,48,val_loss
43,0.05027712509036064,0.0363173671066761,0.16192765533924103,0.14944101870059967,0.05027712509036064,0.0363173671066761,CNN,60,2,32,3,0.1,32,0.001,32,15,100,48,val_loss
44,0.050783421844244,0.038174595683813095,0.16328759491443634,0.15233837068080902,0.050783421844244,0.038174595683813095,CNN,60,2,32,3,0.1,32,0.001,32,15,100,48,val_loss
45,0.047755319625139236,0.03464946895837784,0.16191576421260834,0.14385703206062317,0.047755319625139236,0.03464946895837784,CNN,60,2,32,3,0.1,32,0.001,32,15,100,48,val_loss
46,0.05113144963979721,0.04857282713055611,0.16558876633644104,0.17457202076911926,0.05113144963979721,0.04857282713055611,CNN,60,2,32,3,0.1,32,0.001,32,15,100,48,val_loss
47,0.04683736711740494,0.04852091148495674,0.16191530227661133,0.17327578365802765,0.04683736711740494,0.04852091148495674,CNN,60,2,32,3,0.1,32,0.001,32,15,100,48,val_loss
48,0.052939701825380325,0.05084146559238434,0.1664937436580658,0.1764640063047409,0.052939701825380325,0.05084146559238434,CNN,60,2,32,3,0.1,32,0.001,32,15,100,48,val_loss
1,0.6303388476371765,0.4212492108345032,0.6029318571090698,0.49438977241516113,0.6303388476371765,0.4212492108345032,CNN,60,3,32,3,0.1,32,0.001,32,15,100,89,val_loss
2,0.42113205790519714,0.3040023446083069,0.4731149971485138,0.3953879475593567,0.42113205790519714,0.3040023446083069,CNN,60,3,32,3,0.1,32,0.001,32,15,100,89,val_loss
3,0.33934009075164795,0.2463071495294571,0.412191241979599,0.36221206188201904,0.33934009075164795,0.2463071197271347,CNN,60,3,32,3,0.1,32,0.001,32,15,100,89,val_loss
4,0.2652665972709656,0.1847846955060959,0.36503422260284424,0.3168317377567291,0.2652665972709656,0.1847846955060959,CNN,60,3,32,3,0.1,32,0.001,32,15,100,89,val_loss
5,0.22106261551380157,0.15925735235214233,0.337623655796051,0.30568957328796387,0.22106261551380157,0.15925735235214233,CNN,60,3,32,3,0.1,32,0.001,32,15,100,89,val_loss
6,0.20587055385112762,0.13187594711780548,0.3256954550743103,0.2817637026309967,0.20587055385112762,0.13187594711780548,CNN,60,3,32,3,0.1,32,0.001,32,15,100,89,val_loss
7,0.17072933912277222,0.0958009883761406,0.29746541380882263,0.23915806412696838,0.17072933912277222,0.0958009883761406,CNN,60,3,32,3,0.1,32,0.001,32,15,100,89,val_loss
8,0.13225436210632324,0.08935371786355972,0.2686239182949066,0.23714278638362885,0.13225436210632324,0.08935371786355972,CNN,60,3,32,3,0.1,32,0.001,32,15,100,89,val_loss
9,0.13782598078250885,0.0744086354970932,0.262839138507843,0.21493034064769745,0.13782598078250885,0.0744086354970932,CNN,60,3,32,3,0.1,32,0.001,32,15,100,89,val_loss
10,0.11810150742530823,0.07027198374271393,0.2531794607639313,0.20864860713481903,0.11810150742530823,0.07027198374271393,CNN,60,3,32,3,0.1,32,0.001,32,15,100,89,val_loss
11,0.10171685367822647,0.07299590855836868,0.23832368850708008,0.21290723979473114,0.10171685367822647,0.07299590855836868,CNN,60,3,32,3,0.1,32,0.001,32,15,100,89,val_loss
12,0.12151340395212173,0.07505745440721512,0.2518390715122223,0.21622025966644287,0.12151340395212173,0.07505745440721512,CNN,60,3,32,3,0.1,32,0.001,32,15,100,89,val_loss
13,0.1231575608253479,0.07499828934669495,0.24799634516239166,0.21861127018928528,0.1231575608253479,0.07499828934669495,CNN,60,3,32,3,0.1,32,0.001,32,15,100,89,val_loss
14,0.10764903575181961,0.060323841869831085,0.23849788308143616,0.19255152344703674,0.10764903575181961,0.060323841869831085,CNN,60,3,32,3,0.1,32,0.001,32,15,100,89,val_loss
15,0.09306956082582474,0.06776612251996994,0.22182703018188477,0.20571155846118927,0.09306956082582474,0.06776612251996994,CNN,60,3,32,3,0.1,32,0.001,32,15,100,89,val_loss
16,0.09587245434522629,0.0524989515542984,0.2218315303325653,0.1781146228313446,0.09587245434522629,0.0524989515542984,CNN,60,3,32,3,0.1,32,0.001,32,15,100,89,val_loss
17,0.09509481489658356,0.04909196496009827,0.21982207894325256,0.17176289856433868,0.09509481489658356,0.04909196496009827,CNN,60,3,32,3,0.1,32,0.001,32,15,100,89,val_loss
18,0.0916115865111351,0.05393340066075325,0.2128157913684845,0.1822664737701416,0.0916115865111351,0.05393340066075325,CNN,60,3,32,3,0.1,32,0.001,32,15,100,89,val_loss
19,0.09242653101682663,0.06859026104211807,0.22349926829338074,0.20719251036643982,0.09242653101682663,0.06859026104211807,CNN,60,3,32,3,0.1,32,0.001,32,15,100,89,val_loss
20,0.08988096565008163,0.06833158433437347,0.21705465018749237,0.20595666766166687,0.08988096565008163,0.06833158433437347,CNN,60,3,32,3,0.1,32,0.001,32,15,100,89,val_loss
21,0.09092995524406433,0.08936510235071182,0.22122465074062347,0.23578011989593506,0.09092995524406433,0.08936510235071182,CNN,60,3,32,3,0.1,32,0.001,32,15,100,89,val_loss
22,0.09649047255516052,0.08484353870153427,0.22406013309955597,0.22683170437812805,0.09649047255516052,0.08484353870153427,CNN,60,3,32,3,0.1,32,0.001,32,15,100,89,val_loss
23,0.09247805923223495,0.07194830477237701,0.21924200654029846,0.21024245023727417,0.09247805923223495,0.07194830477237701,CNN,60,3,32,3,0.1,32,0.001,32,15,100,89,val_loss
24,0.08791198581457138,0.06658931821584702,0.21777595579624176,0.20256797969341278,0.08791198581457138,0.06658931821584702,CNN,60,3,32,3,0.1,32,0.001,32,15,100,89,val_loss
25,0.08697951585054398,0.055769432336091995,0.2154860496520996,0.18236809968948364,0.08697951585054398,0.055769432336091995,CNN,60,3,32,3,0.1,32,0.001,32,15,100,89,val_loss
26,0.07816300541162491,0.04336732253432274,0.19829262793064117,0.15783542394638062,0.07816300541162491,0.04336732253432274,CNN,60,3,32,3,0.1,32,0.001,32,15,100,89,val_loss
27,0.07433173060417175,0.047697532922029495,0.19643975794315338,0.16755259037017822,0.07433173060417175,0.047697532922029495,CNN,60,3,32,3,0.1,32,0.001,32,15,100,89,val_loss
28,0.0820043608546257,0.06283480674028397,0.20491927862167358,0.1959504634141922,0.0820043608546257,0.06283480674028397,CNN,60,3,32,3,0.1,32,0.001,32,15,100,89,val_loss
29,0.06922052800655365,0.07026902586221695,0.1932704895734787,0.20562806725502014,0.06922052800655365,0.07026902586221695,CNN,60,3,32,3,0.1,32,0.001,32,15,100,89,val_loss
30,0.07427909225225449,0.05421224236488342,0.19613751769065857,0.18068695068359375,0.07427909225225449,0.05421224236488342,CNN,60,3,32,3,0.1,32,0.001,32,15,100,89,val_loss
31,0.08553750067949295,0.053643569350242615,0.20718492567539215,0.17889079451560974,0.08553750067949295,0.053643565624952316,CNN,60,3,32,3,0.1,32,0.001,32,15,100,89,val_loss
32,0.0721711590886116,0.03684471175074577,0.19310294091701508,0.14639723300933838,0.0721711590886116,0.03684471175074577,CNN,60,3,32,3,0.1,32,0.001,32,15,100,89,val_loss
33,0.07394145429134369,0.05620770901441574,0.1935340315103531,0.184149831533432,0.07394145429134369,0.05620770901441574,CNN,60,3,32,3,0.1,32,0.001,32,15,100,89,val_loss
34,0.07765666395425797,0.04134683683514595,0.1929083615541458,0.1546081155538559,0.07765666395425797,0.04134683683514595,CNN,60,3,32,3,0.1,32,0.001,32,15,100,89,val_loss
35,0.06750046461820602,0.03986625000834465,0.18553932011127472,0.14903438091278076,0.06750046461820602,0.03986625000834465,CNN,60,3,32,3,0.1,32,0.001,32,15,100,89,val_loss
36,0.06398556381464005,0.03559163212776184,0.17946243286132812,0.14343611896038055,0.06398556381464005,0.03559163212776184,CNN,60,3,32,3,0.1,32,0.001,32,15,100,89,val_loss
37,0.06175650656223297,0.04113616421818733,0.17851942777633667,0.15631841123104095,0.06175650656223297,0.04113616421818733,CNN,60,3,32,3,0.1,32,0.001,32,15,100,89,val_loss
38,0.054120879620313644,0.04304198548197746,0.16615234315395355,0.15982158482074738,0.054120879620313644,0.04304198548197746,CNN,60,3,32,3,0.1,32,0.001,32,15,100,89,val_loss
39,0.055720821022987366,0.037655312567949295,0.16982315480709076,0.14903563261032104,0.055720821022987366,0.037655312567949295,CNN,60,3,32,3,0.1,32,0.001,32,15,100,89,val_loss
40,0.06422688812017441,0.04958868771791458,0.17967233061790466,0.17478089034557343,0.06422688812017441,0.04958868771791458,CNN,60,3,32,3,0.1,32,0.001,32,15,100,89,val_loss
41,0.05851956084370613,0.05171919986605644,0.1740722954273224,0.1738041341304779,0.05851956084370613,0.05171919986605644,CNN,60,3,32,3,0.1,32,0.001,32,15,100,89,val_loss
42,0.059753045439720154,0.03441314026713371,0.17180374264717102,0.14068521559238434,0.059753045439720154,0.03441314026713371,CNN,60,3,32,3,0.1,32,0.001,32,15,100,89,val_loss
43,0.058374788612127304,0.034495484083890915,0.17036879062652588,0.14016558229923248,0.058374788612127304,0.034495484083890915,CNN,60,3,32,3,0.1,32,0.001,32,15,100,89,val_loss
44,0.05908144637942314,0.0319775827229023,0.17205767333507538,0.12936964631080627,0.05908144637942314,0.0319775827229023,CNN,60,3,32,3,0.1,32,0.001,32,15,100,89,val_loss
45,0.06188337504863739,0.035300008952617645,0.17531900107860565,0.13726790249347687,0.06188337504863739,0.035300008952617645,CNN,60,3,32,3,0.1,32,0.001,32,15,100,89,val_loss
46,0.054613180458545685,0.03880419582128525,0.1658560037612915,0.1460075080394745,0.054613180458545685,0.03880419582128525,CNN,60,3,32,3,0.1,32,0.001,32,15,100,89,val_loss
47,0.05876690894365311,0.038574278354644775,0.16570690274238586,0.1448482722043991,0.05876690894365311,0.038574278354644775,CNN,60,3,32,3,0.1,32,0.001,32,15,100,89,val_loss
48,0.055070340633392334,0.033002451062202454,0.1639830470085144,0.1367628276348114,0.055070340633392334,0.033002451062202454,CNN,60,3,32,3,0.1,32,0.001,32,15,100,89,val_loss
49,0.055845148861408234,0.03779229894280434,0.1665022224187851,0.14802169799804688,0.055845148861408234,0.03779229894280434,CNN,60,3,32,3,0.1,32,0.001,32,15,100,89,val_loss
50,0.049893755465745926,0.039972420781850815,0.1583181917667389,0.15273398160934448,0.049893755465745926,0.039972420781850815,CNN,60,3,32,3,0.1,32,0.001,32,15,100,89,val_loss
51,0.04961927607655525,0.03628593310713768,0.15853583812713623,0.14688722789287567,0.04961927607655525,0.03628593310713768,CNN,60,3,32,3,0.1,32,0.001,32,15,100,89,val_loss
52,0.04765724763274193,0.0340215265750885,0.1528867483139038,0.14005468785762787,0.04765724763274193,0.0340215265750885,CNN,60,3,32,3,0.1,32,0.001,32,15,100,89,val_loss
53,0.04611194133758545,0.04051234573125839,0.1526162326335907,0.1568164974451065,0.04611194133758545,0.04051234573125839,CNN,60,3,32,3,0.1,32,0.001,32,15,100,89,val_loss
54,0.05261476710438728,0.04366908222436905,0.16521137952804565,0.15935857594013214,0.05261476710438728,0.04366908222436905,CNN,60,3,32,3,0.1,32,0.001,32,15,100,89,val_loss
55,0.05178883671760559,0.044714704155921936,0.16187144815921783,0.1558801680803299,0.05178883671760559,0.044714704155921936,CNN,60,3,32,3,0.1,32,0.001,32,15,100,89,val_loss
56,0.049168020486831665,0.03591172769665718,0.15751418471336365,0.14342781901359558,0.049168020486831665,0.03591172769665718,CNN,60,3,32,3,0.1,32,0.001,32,15,100,89,val_loss
57,0.05917152389883995,0.03882395103573799,0.1660277247428894,0.15091338753700256,0.05917152389883995,0.03882395103573799,CNN,60,3,32,3,0.1,32,0.001,32,15,100,89,val_loss
58,0.05448996648192406,0.029792189598083496,0.16007830202579498,0.12593762576580048,0.05448996648192406,0.029792189598083496,CNN,60,3,32,3,0.1,32,0.001,32,15,100,89,val_loss
59,0.05175720155239105,0.03020685352385044,0.16151800751686096,0.12654684484004974,0.05175720155239105,0.03020685352385044,CNN,60,3,32,3,0.1,32,0.001,32,15,100,89,val_loss
60,0.052880581468343735,0.030934102833271027,0.16561652719974518,0.12601307034492493,0.052880581468343735,0.030934102833271027,CNN,60,3,32,3,0.1,32,0.001,32,15,100,89,val_loss
61,0.052176568657159805,0.029109161347150803,0.15736129879951477,0.12260684370994568,0.052176568657159805,0.029109161347150803,CNN,60,3,32,3,0.1,32,0.001,32,15,100,89,val_loss
62,0.049235135316848755,0.029486652463674545,0.1568954437971115,0.11746789515018463,0.049235135316848755,0.029486652463674545,CNN,60,3,32,3,0.1,32,0.001,32,15,100,89,val_loss
63,0.04817339405417442,0.03296498581767082,0.15700948238372803,0.13188734650611877,0.04817339405417442,0.03296498581767082,CNN,60,3,32,3,0.1,32,0.001,32,15,100,89,val_loss
64,0.04230951517820358,0.029362116008996964,0.1480160504579544,0.12391053140163422,0.04230951517820358,0.029362116008996964,CNN,60,3,32,3,0.1,32,0.001,32,15,100,89,val_loss
65,0.0397508405148983,0.029458198696374893,0.1414072960615158,0.12407108396291733,0.0397508405148983,0.029458198696374893,CNN,60,3,32,3,0.1,32,0.001,32,15,100,89,val_loss
66,0.052803829312324524,0.02769082970917225,0.1668691337108612,0.11830128729343414,0.052803829312324524,0.02769082970917225,CNN,60,3,32,3,0.1,32,0.001,32,15,100,89,val_loss
67,0.04586828127503395,0.03370294347405434,0.1532246172428131,0.13785865902900696,0.04586828127503395,0.03370294347405434,CNN,60,3,32,3,0.1,32,0.001,32,15,100,89,val_loss
68,0.04842803627252579,0.027928762137889862,0.15731723606586456,0.11878345161676407,0.04842803627252579,0.027928762137889862,CNN,60,3,32,3,0.1,32,0.001,32,15,100,89,val_loss
69,0.04652427136898041,0.032374974340200424,0.15274660289287567,0.1274290531873703,0.04652427136898041,0.032374974340200424,CNN,60,3,32,3,0.1,32,0.001,32,15,100,89,val_loss
70,0.04336664453148842,0.02776278741657734,0.1469368040561676,0.11959183216094971,0.04336664453148842,0.02776278741657734,CNN,60,3,32,3,0.1,32,0.001,32,15,100,89,val_loss
71,0.05402645096182823,0.028821896761655807,0.16369248926639557,0.12514474987983704,0.05402645096182823,0.028821896761655807,CNN,60,3,32,3,0.1,32,0.001,32,15,100,89,val_loss
72,0.04188147187232971,0.028118757531046867,0.14630064368247986,0.12041079252958298,0.04188147187232971,0.028118757531046867,CNN,60,3,32,3,0.1,32,0.001,32,15,100,89,val_loss
73,0.043045781552791595,0.027816660702228546,0.14915701746940613,0.11551561206579208,0.043045781552791595,0.027816660702228546,CNN,60,3,32,3,0.1,32,0.001,32,15,100,89,val_loss
74,0.04288419336080551,0.02701011672616005,0.1455770581960678,0.11360111087560654,0.04288419336080551,0.02701011672616005,CNN,60,3,32,3,0.1,32,0.001,32,15,100,89,val_loss
75,0.04843730852007866,0.039941150695085526,0.1556481271982193,0.1531890481710434,0.04843730852007866,0.039941150695085526,CNN,60,3,32,3,0.1,32,0.001,32,15,100,89,val_loss
76,0.048255521804094315,0.029427995905280113,0.15754078328609467,0.12770773470401764,0.048255521804094315,0.029427995905280113,CNN,60,3,32,3,0.1,32,0.001,32,15,100,89,val_loss
77,0.043678153306245804,0.03748278692364693,0.14950984716415405,0.1461227685213089,0.043678153306245804,0.03748278692364693,CNN,60,3,32,3,0.1,32,0.001,32,15,100,89,val_loss
78,0.04957707226276398,0.047777727246284485,0.16065679490566254,0.17052453756332397,0.04957707226276398,0.047777727246284485,CNN,60,3,32,3,0.1,32,0.001,32,15,100,89,val_loss
79,0.0452970452606678,0.028325606137514114,0.1493740975856781,0.11911018192768097,0.0452970452606678,0.028325606137514114,CNN,60,3,32,3,0.1,32,0.001,32,15,100,89,val_loss
80,0.044056810438632965,0.02952885814011097,0.1462409794330597,0.12534528970718384,0.044056810438632965,0.02952885814011097,CNN,60,3,32,3,0.1,32,0.001,32,15,100,89,val_loss
81,0.05701066181063652,0.030718982219696045,0.1623079925775528,0.13021546602249146,0.05701066181063652,0.030718982219696045,CNN,60,3,32,3,0.1,32,0.001,32,15,100,89,val_loss
82,0.043356094509363174,0.03489740937948227,0.14960281550884247,0.13972888886928558,0.043356094509363174,0.03489740565419197,CNN,60,3,32,3,0.1,32,0.001,32,15,100,89,val_loss
83,0.044497597962617874,0.03766278177499771,0.1531297117471695,0.1473248153924942,0.044497597962617874,0.03766278177499771,CNN,60,3,32,3,0.1,32,0.001,32,15,100,89,val_loss
84,0.037541259080171585,0.03543274477124214,0.1395047903060913,0.14268776774406433,0.037541259080171585,0.03543274477124214,CNN,60,3,32,3,0.1,32,0.001,32,15,100,89,val_loss
85,0.04551013931632042,0.044612251222133636,0.1536986380815506,0.1647137999534607,0.04551013931632042,0.044612251222133636,CNN,60,3,32,3,0.1,32,0.001,32,15,100,89,val_loss
86,0.044486209750175476,0.03225609287619591,0.15208543837070465,0.1381027102470398,0.044486209750175476,0.03225609287619591,CNN,60,3,32,3,0.1,32,0.001,32,15,100,89,val_loss
87,0.03952949494123459,0.03462040796875954,0.1403237134218216,0.14708960056304932,0.03952949494123459,0.03462040796875954,CNN,60,3,32,3,0.1,32,0.001,32,15,100,89,val_loss
88,0.04909340292215347,0.031751517206430435,0.1588418334722519,0.13669294118881226,0.04909340292215347,0.031751517206430435,CNN,60,3,32,3,0.1,32,0.001,32,15,100,89,val_loss
89,0.039272505789995193,0.030626386404037476,0.13688251376152039,0.1319025605916977,0.039272505789995193,0.030626386404037476,CNN,60,3,32,3,0.1,32,0.001,32,15,100,89,val_loss
1,0.6301029920578003,0.3200765550136566,0.6293382048606873,0.45630282163619995,0.6301029920578003,0.3200765550136566,CNN,60,4,32,3,0.1,32,0.001,32,15,100,100,val_loss
2,0.28783348202705383,0.19386696815490723,0.41985201835632324,0.3514600694179535,0.28783348202705383,0.19386696815490723,CNN,60,4,32,3,0.1,32,0.001,32,15,100,100,val_loss
3,0.20649859309196472,0.14104032516479492,0.35562798380851746,0.2976129949092865,0.20649859309196472,0.14104032516479492,CNN,60,4,32,3,0.1,32,0.001,32,15,100,100,val_loss
4,0.17576037347316742,0.11483385413885117,0.3261866867542267,0.26546087861061096,0.17576037347316742,0.11483385413885117,CNN,60,4,32,3,0.1,32,0.001,32,15,100,100,val_loss
5,0.16470487415790558,0.09126097708940506,0.31137144565582275,0.23540611565113068,0.16470487415790558,0.09126097708940506,CNN,60,4,32,3,0.1,32,0.001,32,15,100,100,val_loss
6,0.1376737505197525,0.09124798327684402,0.2852230370044708,0.2320576161146164,0.1376737505197525,0.09124798327684402,CNN,60,4,32,3,0.1,32,0.001,32,15,100,100,val_loss
7,0.12306172400712967,0.07497964054346085,0.2681604027748108,0.2103322148323059,0.12306172400712967,0.07497964054346085,CNN,60,4,32,3,0.1,32,0.001,32,15,100,100,val_loss
8,0.11235925555229187,0.07138416171073914,0.2542925477027893,0.20475542545318604,0.11235925555229187,0.07138416171073914,CNN,60,4,32,3,0.1,32,0.001,32,15,100,100,val_loss
9,0.10742495954036713,0.06134268641471863,0.24703019857406616,0.18735091388225555,0.10742495954036713,0.06134268641471863,CNN,60,4,32,3,0.1,32,0.001,32,15,100,100,val_loss
10,0.10418456047773361,0.06899353861808777,0.2421775460243225,0.19761675596237183,0.10418456047773361,0.06899353861808777,CNN,60,4,32,3,0.1,32,0.001,32,15,100,100,val_loss
11,0.10216519981622696,0.05624270439147949,0.2398620992898941,0.17946086823940277,0.10216519981622696,0.05624270439147949,CNN,60,4,32,3,0.1,32,0.001,32,15,100,100,val_loss
12,0.09460988640785217,0.05903482809662819,0.23358000814914703,0.1830202341079712,0.09460988640785217,0.05903482809662819,CNN,60,4,32,3,0.1,32,0.001,32,15,100,100,val_loss
13,0.09024395048618317,0.051847245544195175,0.22521787881851196,0.17127762734889984,0.09024395048618317,0.051847245544195175,CNN,60,4,32,3,0.1,32,0.001,32,15,100,100,val_loss
14,0.08588715642690659,0.05732085183262825,0.21898026764392853,0.17827537655830383,0.08588715642690659,0.05732085183262825,CNN,60,4,32,3,0.1,32,0.001,32,15,100,100,val_loss
15,0.0887523889541626,0.051719557493925095,0.22007858753204346,0.17048360407352448,0.0887523889541626,0.051719557493925095,CNN,60,4,32,3,0.1,32,0.001,32,15,100,100,val_loss
16,0.07920675724744797,0.055814869701862335,0.2065235823392868,0.1769879162311554,0.07920675724744797,0.055814869701862335,CNN,60,4,32,3,0.1,32,0.001,32,15,100,100,val_loss
17,0.08502480387687683,0.056659482419490814,0.2144574522972107,0.1774100810289383,0.08502480387687683,0.056659482419490814,CNN,60,4,32,3,0.1,32,0.001,32,15,100,100,val_loss
18,0.07931680232286453,0.0637722760438919,0.20774254202842712,0.1858758181333542,0.07931680232286453,0.0637722760438919,CNN,60,4,32,3,0.1,32,0.001,32,15,100,100,val_loss
19,0.07971277832984924,0.05717110633850098,0.20936620235443115,0.17951716482639313,0.07971277832984924,0.05717110633850098,CNN,60,4,32,3,0.1,32,0.001,32,15,100,100,val_loss
20,0.07887259125709534,0.055552829056978226,0.21255964040756226,0.17724654078483582,0.07887259125709534,0.05555282160639763,CNN,60,4,32,3,0.1,32,0.001,32,15,100,100,val_loss
21,0.06946942210197449,0.055911947041749954,0.20034483075141907,0.17361634969711304,0.06946942210197449,0.05591193959116936,CNN,60,4,32,3,0.1,32,0.001,32,15,100,100,val_loss
22,0.07374923676252365,0.06237825006246567,0.19986774027347565,0.1823737621307373,0.07374923676252365,0.06237825006246567,CNN,60,4,32,3,0.1,32,0.001,32,15,100,100,val_loss
23,0.07006534934043884,0.0562223382294178,0.19656386971473694,0.17311441898345947,0.07006534934043884,0.0562223382294178,CNN,60,4,32,3,0.1,32,0.001,32,15,100,100,val_loss
24,0.07339485734701157,0.0478302538394928,0.19771119952201843,0.16293121874332428,0.07339485734701157,0.0478302538394928,CNN,60,4,32,3,0.1,32,0.001,32,15,100,100,val_loss
25,0.06355299800634384,0.04960619658231735,0.1855102777481079,0.163201242685318,0.06355299800634384,0.04960619658231735,CNN,60,4,32,3,0.1,32,0.001,32,15,100,100,val_loss
26,0.057584814727306366,0.051484376192092896,0.17733705043792725,0.1648733913898468,0.057584814727306366,0.051484376192092896,CNN,60,4,32,3,0.1,32,0.001,32,15,100,100,val_loss
27,0.06553708016872406,0.05119677633047104,0.18751776218414307,0.1645202338695526,0.06553708016872406,0.05119677633047104,CNN,60,4,32,3,0.1,32,0.001,32,15,100,100,val_loss
28,0.06859756261110306,0.05432143062353134,0.19214148819446564,0.16980531811714172,0.06859756261110306,0.05432143062353134,CNN,60,4,32,3,0.1,32,0.001,32,15,100,100,val_loss
29,0.07378493994474411,0.06329525262117386,0.19687965512275696,0.1830112636089325,0.07378493994474411,0.06329525262117386,CNN,60,4,32,3,0.1,32,0.001,32,15,100,100,val_loss
30,0.0741116851568222,0.05557415634393692,0.1967584788799286,0.17559683322906494,0.0741116851568222,0.05557415634393692,CNN,60,4,32,3,0.1,32,0.001,32,15,100,100,val_loss
31,0.07140852510929108,0.051465705037117004,0.19829782843589783,0.16741740703582764,0.07140852510929108,0.051465705037117004,CNN,60,4,32,3,0.1,32,0.001,32,15,100,100,val_loss
32,0.06839142739772797,0.04698336869478226,0.1922307312488556,0.16010233759880066,0.06839142739772797,0.04698336869478226,CNN,60,4,32,3,0.1,32,0.001,32,15,100,100,val_loss
33,0.0673142597079277,0.04001759737730026,0.19572341442108154,0.14851219952106476,0.0673142597079277,0.04001759737730026,CNN,60,4,32,3,0.1,32,0.001,32,15,100,100,val_loss
34,0.06288126856088638,0.03721410408616066,0.1864696443080902,0.14212781190872192,0.06288126856088638,0.03721410408616066,CNN,60,4,32,3,0.1,32,0.001,32,15,100,100,val_loss
35,0.061359554529190063,0.03402220830321312,0.18411885201931,0.13592752814292908,0.061359554529190063,0.03402220457792282,CNN,60,4,32,3,0.1,32,0.001,32,15,100,100,val_loss
36,0.05873408913612366,0.041271816939115524,0.17279820144176483,0.15063345432281494,0.05873408913612366,0.041271816939115524,CNN,60,4,32,3,0.1,32,0.001,32,15,100,100,val_loss
37,0.05908745154738426,0.033954866230487823,0.17807695269584656,0.13570097088813782,0.05908745154738426,0.033954866230487823,CNN,60,4,32,3,0.1,32,0.001,32,15,100,100,val_loss
38,0.054193414747714996,0.041062675416469574,0.16954383254051208,0.14906156063079834,0.054193414747714996,0.041062675416469574,CNN,60,4,32,3,0.1,32,0.001,32,15,100,100,val_loss
39,0.05474282056093216,0.033547572791576385,0.17170238494873047,0.13338883221149445,0.05474282056093216,0.033547572791576385,CNN,60,4,32,3,0.1,32,0.001,32,15,100,100,val_loss
40,0.05916229262948036,0.03449880704283714,0.17728492617607117,0.13516558706760406,0.05916229262948036,0.03449880704283714,CNN,60,4,32,3,0.1,32,0.001,32,15,100,100,val_loss
41,0.055024564266204834,0.03489477187395096,0.1715293675661087,0.13754813373088837,0.055024564266204834,0.03489477187395096,CNN,60,4,32,3,0.1,32,0.001,32,15,100,100,val_loss
42,0.054048262536525726,0.03373467177152634,0.1689690500497818,0.13392424583435059,0.054048262536525726,0.03373467177152634,CNN,60,4,32,3,0.1,32,0.001,32,15,100,100,val_loss
43,0.047366321086883545,0.0311347134411335,0.1586441993713379,0.12865783274173737,0.047366321086883545,0.0311347134411335,CNN,60,4,32,3,0.1,32,0.001,32,15,100,100,val_loss
44,0.05667280778288841,0.031219014897942543,0.1713314801454544,0.1287676990032196,0.05667280778288841,0.031219014897942543,CNN,60,4,32,3,0.1,32,0.001,32,15,100,100,val_loss
45,0.05440212041139603,0.03035465069115162,0.17167489230632782,0.12535245716571808,0.05440212041139603,0.03035465069115162,CNN,60,4,32,3,0.1,32,0.001,32,15,100,100,val_loss
46,0.05252597853541374,0.033106155693531036,0.1683116853237152,0.1340111345052719,0.05252597853541374,0.033106155693531036,CNN,60,4,32,3,0.1,32,0.001,32,15,100,100,val_loss
47,0.05031517520546913,0.03054977022111416,0.16361896693706512,0.12743350863456726,0.05031517520546913,0.03054977022111416,CNN,60,4,32,3,0.1,32,0.001,32,15,100,100,val_loss
48,0.04987490177154541,0.03384736552834511,0.16133378446102142,0.13508902490139008,0.04987490177154541,0.03384736552834511,CNN,60,4,32,3,0.1,32,0.001,32,15,100,100,val_loss
49,0.051759425550699234,0.028974106535315514,0.1626642793416977,0.1234658882021904,0.051759425550699234,0.028974106535315514,CNN,60,4,32,3,0.1,32,0.001,32,15,100,100,val_loss
50,0.047245338559150696,0.02930879034101963,0.15743668377399445,0.1244378313422203,0.047245338559150696,0.02930879034101963,CNN,60,4,32,3,0.1,32,0.001,32,15,100,100,val_loss
51,0.049019429832696915,0.03509199619293213,0.16076113283634186,0.1390245109796524,0.049019429832696915,0.03509199619293213,CNN,60,4,32,3,0.1,32,0.001,32,15,100,100,val_loss
52,0.04602258652448654,0.030408943071961403,0.15420550107955933,0.12713368237018585,0.04602258652448654,0.030408943071961403,CNN,60,4,32,3,0.1,32,0.001,32,15,100,100,val_loss
53,0.045121751725673676,0.028270874172449112,0.15432533621788025,0.12255203723907471,0.045121751725673676,0.028270874172449112,CNN,60,4,32,3,0.1,32,0.001,32,15,100,100,val_loss
54,0.04783186316490173,0.028071003034710884,0.1578330248594284,0.12181402742862701,0.04783186316490173,0.028071003034710884,CNN,60,4,32,3,0.1,32,0.001,32,15,100,100,val_loss
55,0.04424039274454117,0.02732980251312256,0.1528112143278122,0.11934501677751541,0.04424039274454117,0.02732980251312256,CNN,60,4,32,3,0.1,32,0.001,32,15,100,100,val_loss
56,0.04504420608282089,0.028586244210600853,0.15358467400074005,0.12231537699699402,0.04504420608282089,0.028586244210600853,CNN,60,4,32,3,0.1,32,0.001,32,15,100,100,val_loss
57,0.045396588742733,0.029786160215735435,0.15175515413284302,0.12630820274353027,0.045396588742733,0.029786160215735435,CNN,60,4,32,3,0.1,32,0.001,32,15,100,100,val_loss
58,0.04686620086431503,0.03367972373962402,0.15689131617546082,0.13445636630058289,0.04686620086431503,0.03367972373962402,CNN,60,4,32,3,0.1,32,0.001,32,15,100,100,val_loss
59,0.047579575330019,0.0265201423317194,0.15621007978916168,0.11778917163610458,0.047579575330019,0.0265201423317194,CNN,60,4,32,3,0.1,32,0.001,32,15,100,100,val_loss
60,0.04481229931116104,0.028719386085867882,0.15028245747089386,0.12316133826971054,0.04481229931116104,0.028719386085867882,CNN,60,4,32,3,0.1,32,0.001,32,15,100,100,val_loss
61,0.04214635491371155,0.026109114289283752,0.14721374213695526,0.11689624190330505,0.04214635491371155,0.026109114289283752,CNN,60,4,32,3,0.1,32,0.001,32,15,100,100,val_loss
62,0.040747083723545074,0.025923162698745728,0.14552675187587738,0.11501196771860123,0.040747083723545074,0.025923162698745728,CNN,60,4,32,3,0.1,32,0.001,32,15,100,100,val_loss
63,0.041598111391067505,0.02624140866100788,0.1425696760416031,0.11632798612117767,0.041598111391067505,0.02624140866100788,CNN,60,4,32,3,0.1,32,0.001,32,15,100,100,val_loss
64,0.046834032982587814,0.02840934321284294,0.1499135047197342,0.12082044780254364,0.046834032982587814,0.02840934321284294,CNN,60,4,32,3,0.1,32,0.001,32,15,100,100,val_loss
65,0.040697161108255386,0.02568179741501808,0.14598269760608673,0.11504713445901871,0.040697161108255386,0.02568179741501808,CNN,60,4,32,3,0.1,32,0.001,32,15,100,100,val_loss
66,0.040903281420469284,0.02847021445631981,0.14525166153907776,0.12285198271274567,0.040903281420469284,0.02847021445631981,CNN,60,4,32,3,0.1,32,0.001,32,15,100,100,val_loss
67,0.04081997275352478,0.02427189238369465,0.14403904974460602,0.11206748336553574,0.04081997275352478,0.02427189238369465,CNN,60,4,32,3,0.1,32,0.001,32,15,100,100,val_loss
68,0.0423826165497303,0.026285478845238686,0.14641261100769043,0.1157342791557312,0.0423826165497303,0.026285478845238686,CNN,60,4,32,3,0.1,32,0.001,32,15,100,100,val_loss
69,0.04292190819978714,0.025156253948807716,0.14939086139202118,0.11502272635698318,0.04292190819978714,0.025156253948807716,CNN,60,4,32,3,0.1,32,0.001,32,15,100,100,val_loss
70,0.039424117654561996,0.025646019726991653,0.14226923882961273,0.11515729874372482,0.039424117654561996,0.025646019726991653,CNN,60,4,32,3,0.1,32,0.001,32,15,100,100,val_loss
71,0.04004603251814842,0.024371301755309105,0.14198312163352966,0.1132163256406784,0.04004603251814842,0.024371301755309105,CNN,60,4,32,3,0.1,32,0.001,32,15,100,100,val_loss
72,0.043403275310993195,0.024401437491178513,0.14791813492774963,0.11186783760786057,0.043403275310993195,0.024401437491178513,CNN,60,4,32,3,0.1,32,0.001,32,15,100,100,val_loss
73,0.042462531477212906,0.026075372472405434,0.14905945956707,0.11607368290424347,0.042462531477212906,0.026075372472405434,CNN,60,4,32,3,0.1,32,0.001,32,15,100,100,val_loss
74,0.04117197170853615,0.025866618379950523,0.14227715134620667,0.11631468683481216,0.04117197170853615,0.025866618379950523,CNN,60,4,32,3,0.1,32,0.001,32,15,100,100,val_loss
75,0.03814471885561943,0.02449587918817997,0.13701379299163818,0.11318574100732803,0.03814471885561943,0.02449587918817997,CNN,60,4,32,3,0.1,32,0.001,32,15,100,100,val_loss
76,0.037691302597522736,0.027922242879867554,0.13674822449684143,0.1209525391459465,0.037691302597522736,0.027922242879867554,CNN,60,4,32,3,0.1,32,0.001,32,15,100,100,val_loss
77,0.04396914318203926,0.023562923073768616,0.14874403178691864,0.11131701618432999,0.04396914318203926,0.023562923073768616,CNN,60,4,32,3,0.1,32,0.001,32,15,100,100,val_loss
78,0.03935655578970909,0.024891547858715057,0.14193612337112427,0.11182510852813721,0.03935655578970909,0.024891547858715057,CNN,60,4,32,3,0.1,32,0.001,32,15,100,100,val_loss
79,0.03856074810028076,0.024143490940332413,0.13973774015903473,0.11151700466871262,0.03856074810028076,0.024143490940332413,CNN,60,4,32,3,0.1,32,0.001,32,15,100,100,val_loss
80,0.037207409739494324,0.02354705147445202,0.13647717237472534,0.11026211827993393,0.037207409739494324,0.02354705147445202,CNN,60,4,32,3,0.1,32,0.001,32,15,100,100,val_loss
81,0.04194547235965729,0.024447394534945488,0.14575634896755219,0.11205088347196579,0.04194547235965729,0.024447394534945488,CNN,60,4,32,3,0.1,32,0.001,32,15,100,100,val_loss
82,0.03888435289263725,0.02460130862891674,0.141548752784729,0.11046013981103897,0.03888435289263725,0.02460130862891674,CNN,60,4,32,3,0.1,32,0.001,32,15,100,100,val_loss
83,0.03427579998970032,0.023813586682081223,0.12991411983966827,0.11119381338357925,0.03427579998970032,0.023813586682081223,CNN,60,4,32,3,0.1,32,0.001,32,15,100,100,val_loss
84,0.03703494742512703,0.024931473657488823,0.13689835369586945,0.11192426830530167,0.03703494742512703,0.024931473657488823,CNN,60,4,32,3,0.1,32,0.001,32,15,100,100,val_loss
85,0.037985313683748245,0.02620099112391472,0.1381535530090332,0.11553680896759033,0.037985313683748245,0.02620099112391472,CNN,60,4,32,3,0.1,32,0.001,32,15,100,100,val_loss
86,0.04403948038816452,0.02791636809706688,0.1471983641386032,0.12083524465560913,0.04403948038816452,0.02791636809706688,CNN,60,4,32,3,0.1,32,0.001,32,15,100,100,val_loss
87,0.042381126433610916,0.028406081721186638,0.1473131775856018,0.12115640938282013,0.042381126433610916,0.028406081721186638,CNN,60,4,32,3,0.1,32,0.001,32,15,100,100,val_loss
88,0.036986444145441055,0.02607964538037777,0.13586586713790894,0.11660794913768768,0.036986444145441055,0.02607964538037777,CNN,60,4,32,3,0.1,32,0.001,32,15,100,100,val_loss
89,0.040008168667554855,0.02459530159831047,0.14493027329444885,0.1110379546880722,0.040008168667554855,0.02459530159831047,CNN,60,4,32,3,0.1,32,0.001,32,15,100,100,val_loss
90,0.04242090880870819,0.03809215500950813,0.14548076689243317,0.14546415209770203,0.04242090880870819,0.03809215500950813,CNN,60,4,32,3,0.1,32,0.001,32,15,100,100,val_loss
91,0.03824811801314354,0.024028364568948746,0.14135009050369263,0.10939890891313553,0.03824811801314354,0.024028364568948746,CNN,60,4,32,3,0.1,32,0.001,32,15,100,100,val_loss
92,0.03880363702774048,0.02328573539853096,0.13904519379138947,0.10780621320009232,0.03880363702774048,0.02328573539853096,CNN,60,4,32,3,0.1,32,0.001,32,15,100,100,val_loss
93,0.038795653730630875,0.023407433182001114,0.1398691087961197,0.11024338006973267,0.038795653730630875,0.023407433182001114,CNN,60,4,32,3,0.1,32,0.001,32,15,100,100,val_loss
94,0.0386546328663826,0.025631388649344444,0.13804197311401367,0.11591433733701706,0.0386546328663826,0.025631388649344444,CNN,60,4,32,3,0.1,32,0.001,32,15,100,100,val_loss
95,0.04165418818593025,0.029141420498490334,0.1426466405391693,0.1254103034734726,0.04165418818593025,0.029141420498490334,CNN,60,4,32,3,0.1,32,0.001,32,15,100,100,val_loss
96,0.05078042671084404,0.0261647067964077,0.15846948325634003,0.11869988590478897,0.05078042671084404,0.0261647067964077,CNN,60,4,32,3,0.1,32,0.001,32,15,100,100,val_loss
97,0.042365796864032745,0.024499140679836273,0.1459677815437317,0.1103963553905487,0.042365796864032745,0.024499140679836273,CNN,60,4,32,3,0.1,32,0.001,32,15,100,100,val_loss
98,0.03887925669550896,0.02256079763174057,0.13861407339572906,0.10801896452903748,0.03887925669550896,0.02256079763174057,CNN,60,4,32,3,0.1,32,0.001,32,15,100,100,val_loss
99,0.031572554260492325,0.021556921303272247,0.1263287365436554,0.10423358529806137,0.031572554260492325,0.021556921303272247,CNN,60,4,32,3,0.1,32,0.001,32,15,100,100,val_loss
100,0.03526671603322029,0.02328304760158062,0.13422100245952606,0.10646295547485352,0.03526671603322029,0.02328304760158062,CNN,60,4,32,3,0.1,32,0.001,32,15,100,100,val_loss
