epoch,loss_train,loss_val,mae_train,mae_val,mse_train,mse_val,modelo,numInputs,fold,units,dropout,learning_rate,batch_size,patience,epochs_max,epochs_usados,early_stopping_monitor
1,0.6843301653862,0.3501743674278259,0.6526041626930237,0.45798221230506897,0.6843301653862,0.3501743674278259,LSTM,30,0,32,0.1,0.001,32,15,100,100,val_loss
2,0.28654778003692627,0.14423677325248718,0.4142245054244995,0.28792670369148254,0.28654778003692627,0.14423677325248718,LSTM,30,0,32,0.1,0.001,32,15,100,100,val_loss
3,0.1347665786743164,0.07708988338708878,0.2779812216758728,0.21383768320083618,0.1347665786743164,0.07708988338708878,LSTM,30,0,32,0.1,0.001,32,15,100,100,val_loss
4,0.08901893347501755,0.05996357277035713,0.2261781245470047,0.18643756210803986,0.08901893347501755,0.05996357277035713,LSTM,30,0,32,0.1,0.001,32,15,100,100,val_loss
5,0.07135890424251556,0.05402292311191559,0.20086218416690826,0.17255191504955292,0.07135890424251556,0.05402292311191559,LSTM,30,0,32,0.1,0.001,32,15,100,100,val_loss
6,0.06244456395506859,0.05259668827056885,0.18826206028461456,0.16853414475917816,0.06244456395506859,0.05259668827056885,LSTM,30,0,32,0.1,0.001,32,15,100,100,val_loss
7,0.059803225100040436,0.053690582513809204,0.18545961380004883,0.1702018529176712,0.059803225100040436,0.053690582513809204,LSTM,30,0,32,0.1,0.001,32,15,100,100,val_loss
8,0.05467439442873001,0.05073948949575424,0.1770264208316803,0.16315805912017822,0.05467439442873001,0.05073948949575424,LSTM,30,0,32,0.1,0.001,32,15,100,100,val_loss
9,0.05274030193686485,0.049314748495817184,0.17326635122299194,0.1603395938873291,0.05274030193686485,0.049314748495817184,LSTM,30,0,32,0.1,0.001,32,15,100,100,val_loss
10,0.05251409113407135,0.04904262349009514,0.17219135165214539,0.1584187150001526,0.05251409113407135,0.04904262349009514,LSTM,30,0,32,0.1,0.001,32,15,100,100,val_loss
11,0.05260465294122696,0.04848692938685417,0.17160174250602722,0.1575886309146881,0.05260465294122696,0.04848692938685417,LSTM,30,0,32,0.1,0.001,32,15,100,100,val_loss
12,0.050601787865161896,0.04540802165865898,0.16888019442558289,0.1528996080160141,0.050601787865161896,0.04540802165865898,LSTM,30,0,32,0.1,0.001,32,15,100,100,val_loss
13,0.049214158207178116,0.04609604552388191,0.16528423130512238,0.15283332765102386,0.049214158207178116,0.04609604552388191,LSTM,30,0,32,0.1,0.001,32,15,100,100,val_loss
14,0.047498270869255066,0.04442119598388672,0.1641940325498581,0.15053613483905792,0.047498270869255066,0.04442119598388672,LSTM,30,0,32,0.1,0.001,32,15,100,100,val_loss
15,0.04653332382440567,0.04379718005657196,0.1614769995212555,0.14880400896072388,0.04653332382440567,0.04379718005657196,LSTM,30,0,32,0.1,0.001,32,15,100,100,val_loss
16,0.04468810558319092,0.04222052916884422,0.1576623171567917,0.1475420445203781,0.04468810558319092,0.04222052916884422,LSTM,30,0,32,0.1,0.001,32,15,100,100,val_loss
17,0.044363267719745636,0.040461067110300064,0.15757238864898682,0.1422732025384903,0.044363267719745636,0.040461067110300064,LSTM,30,0,32,0.1,0.001,32,15,100,100,val_loss
18,0.04353499785065651,0.04021534323692322,0.15465684235095978,0.1417221575975418,0.04353499785065651,0.04021534323692322,LSTM,30,0,32,0.1,0.001,32,15,100,100,val_loss
19,0.04287908971309662,0.03910541161894798,0.15460827946662903,0.1400594264268875,0.04287908971309662,0.03910541161894798,LSTM,30,0,32,0.1,0.001,32,15,100,100,val_loss
20,0.04012827202677727,0.03919701278209686,0.15002945065498352,0.13996735215187073,0.04012827202677727,0.03919701278209686,LSTM,30,0,32,0.1,0.001,32,15,100,100,val_loss
21,0.04119499772787094,0.037073150277137756,0.15091869235038757,0.13625819981098175,0.04119499772787094,0.037073150277137756,LSTM,30,0,32,0.1,0.001,32,15,100,100,val_loss
22,0.04126996919512749,0.03718896582722664,0.15110178291797638,0.13522325456142426,0.04126996919512749,0.03718896582722664,LSTM,30,0,32,0.1,0.001,32,15,100,100,val_loss
23,0.03968438133597374,0.0353931300342083,0.14752984046936035,0.13188502192497253,0.03968438133597374,0.0353931300342083,LSTM,30,0,32,0.1,0.001,32,15,100,100,val_loss
24,0.03941410779953003,0.035268090665340424,0.147298201918602,0.13317666947841644,0.03941410779953003,0.035268090665340424,LSTM,30,0,32,0.1,0.001,32,15,100,100,val_loss
25,0.03925097733736038,0.034356288611888885,0.14779970049858093,0.13051429390907288,0.03925097733736038,0.034356288611888885,LSTM,30,0,32,0.1,0.001,32,15,100,100,val_loss
26,0.0380941778421402,0.03563179075717926,0.1443932056427002,0.1325044482946396,0.0380941778421402,0.03563179075717926,LSTM,30,0,32,0.1,0.001,32,15,100,100,val_loss
27,0.037462905049324036,0.03525521233677864,0.14341238141059875,0.1323309987783432,0.037462905049324036,0.03525521233677864,LSTM,30,0,32,0.1,0.001,32,15,100,100,val_loss
28,0.038521021604537964,0.033310666680336,0.14553365111351013,0.1272437870502472,0.038521021604537964,0.033310666680336,LSTM,30,0,32,0.1,0.001,32,15,100,100,val_loss
29,0.03615632653236389,0.0336199626326561,0.1410418599843979,0.1275685578584671,0.03615632653236389,0.0336199626326561,LSTM,30,0,32,0.1,0.001,32,15,100,100,val_loss
30,0.03750981017947197,0.03356960043311119,0.1432340294122696,0.12853296101093292,0.03750981017947197,0.03356960043311119,LSTM,30,0,32,0.1,0.001,32,15,100,100,val_loss
31,0.035219717770814896,0.033474039286375046,0.13831155002117157,0.1273692101240158,0.035219717770814896,0.033474039286375046,LSTM,30,0,32,0.1,0.001,32,15,100,100,val_loss
32,0.03604479506611824,0.03183264657855034,0.14049209654331207,0.12362805753946304,0.03604479506611824,0.03183264657855034,LSTM,30,0,32,0.1,0.001,32,15,100,100,val_loss
33,0.03446579352021217,0.03233260661363602,0.13654689490795135,0.12509119510650635,0.03446579352021217,0.03233260661363602,LSTM,30,0,32,0.1,0.001,32,15,100,100,val_loss
34,0.03571368753910065,0.032382261008024216,0.13996781408786774,0.12533234059810638,0.03571368753910065,0.032382261008024216,LSTM,30,0,32,0.1,0.001,32,15,100,100,val_loss
35,0.036439597606658936,0.03220209851861,0.14044764637947083,0.12292880564928055,0.036439597606658936,0.03220209851861,LSTM,30,0,32,0.1,0.001,32,15,100,100,val_loss
36,0.0348026305437088,0.03138173371553421,0.1371735781431198,0.12246735394001007,0.0348026305437088,0.03138173371553421,LSTM,30,0,32,0.1,0.001,32,15,100,100,val_loss
37,0.03319387510418892,0.029958734288811684,0.13519762456417084,0.11982804536819458,0.03319387510418892,0.029958734288811684,LSTM,30,0,32,0.1,0.001,32,15,100,100,val_loss
38,0.03296976536512375,0.029483109712600708,0.1349787414073944,0.11906401813030243,0.03296976536512375,0.029483109712600708,LSTM,30,0,32,0.1,0.001,32,15,100,100,val_loss
39,0.03295894339680672,0.02987075410783291,0.13414576649665833,0.11860834807157516,0.03295894339680672,0.02987075410783291,LSTM,30,0,32,0.1,0.001,32,15,100,100,val_loss
40,0.03298402950167656,0.030206577852368355,0.13467472791671753,0.11954449862241745,0.03298402950167656,0.030206577852368355,LSTM,30,0,32,0.1,0.001,32,15,100,100,val_loss
41,0.03293200209736824,0.029376711696386337,0.1342759132385254,0.11849414557218552,0.03293200209736824,0.029376711696386337,LSTM,30,0,32,0.1,0.001,32,15,100,100,val_loss
42,0.0322546549141407,0.029250778257846832,0.13233382999897003,0.1177443414926529,0.0322546549141407,0.029250778257846832,LSTM,30,0,32,0.1,0.001,32,15,100,100,val_loss
43,0.03263417258858681,0.02812783792614937,0.1329880803823471,0.11736701428890228,0.03263417258858681,0.02812783792614937,LSTM,30,0,32,0.1,0.001,32,15,100,100,val_loss
44,0.03197108954191208,0.029517289251089096,0.13136202096939087,0.11743667721748352,0.03197108954191208,0.029517289251089096,LSTM,30,0,32,0.1,0.001,32,15,100,100,val_loss
45,0.03242960199713707,0.028655868023633957,0.1328008621931076,0.11532945185899734,0.03242960199713707,0.028655868023633957,LSTM,30,0,32,0.1,0.001,32,15,100,100,val_loss
46,0.03139326348900795,0.027663273736834526,0.13074737787246704,0.11455404758453369,0.03139326348900795,0.027663273736834526,LSTM,30,0,32,0.1,0.001,32,15,100,100,val_loss
47,0.03156225383281708,0.02773118019104004,0.13099922239780426,0.11417299509048462,0.03156225383281708,0.02773118019104004,LSTM,30,0,32,0.1,0.001,32,15,100,100,val_loss
48,0.031650643795728683,0.02845980040729046,0.1304595023393631,0.11530110985040665,0.031650643795728683,0.02845980040729046,LSTM,30,0,32,0.1,0.001,32,15,100,100,val_loss
49,0.029961256310343742,0.028189295902848244,0.12725591659545898,0.11432815343141556,0.029961256310343742,0.028189295902848244,LSTM,30,0,32,0.1,0.001,32,15,100,100,val_loss
50,0.03037646785378456,0.030646760016679764,0.12745052576065063,0.11831081658601761,0.03037646785378456,0.030646760016679764,LSTM,30,0,32,0.1,0.001,32,15,100,100,val_loss
51,0.030572956427931786,0.027660921216011047,0.12729406356811523,0.11356281489133835,0.030572956427931786,0.027660921216011047,LSTM,30,0,32,0.1,0.001,32,15,100,100,val_loss
52,0.030764644965529442,0.027645910158753395,0.1295108050107956,0.1135445162653923,0.030764644965529442,0.027645910158753395,LSTM,30,0,32,0.1,0.001,32,15,100,100,val_loss
53,0.030226105824112892,0.02799201011657715,0.12806686758995056,0.11357128620147705,0.030226105824112892,0.02799201011657715,LSTM,30,0,32,0.1,0.001,32,15,100,100,val_loss
54,0.0299394428730011,0.026547512039542198,0.12756258249282837,0.11258286237716675,0.0299394428730011,0.026547512039542198,LSTM,30,0,32,0.1,0.001,32,15,100,100,val_loss
55,0.030546899884939194,0.026550834998488426,0.12908658385276794,0.111009880900383,0.030546899884939194,0.026550834998488426,LSTM,30,0,32,0.1,0.001,32,15,100,100,val_loss
56,0.0287531279027462,0.026545803993940353,0.12389545142650604,0.1109987124800682,0.0287531279027462,0.026545803993940353,LSTM,30,0,32,0.1,0.001,32,15,100,100,val_loss
57,0.03076087310910225,0.02684176340699196,0.12926769256591797,0.11113590747117996,0.03076087310910225,0.02684176340699196,LSTM,30,0,32,0.1,0.001,32,15,100,100,val_loss
58,0.030220191925764084,0.025918113067746162,0.12708961963653564,0.1102103516459465,0.030220191925764084,0.025918113067746162,LSTM,30,0,32,0.1,0.001,32,15,100,100,val_loss
59,0.028895802795886993,0.026917096227407455,0.12438201904296875,0.11136619001626968,0.028895802795886993,0.026917096227407455,LSTM,30,0,32,0.1,0.001,32,15,100,100,val_loss
60,0.029477139934897423,0.025948461145162582,0.1272227019071579,0.10987469553947449,0.029477139934897423,0.025948461145162582,LSTM,30,0,32,0.1,0.001,32,15,100,100,val_loss
61,0.029412459582090378,0.02648293413221836,0.1266239434480667,0.11079461872577667,0.029412459582090378,0.02648293413221836,LSTM,30,0,32,0.1,0.001,32,15,100,100,val_loss
62,0.029553089290857315,0.026112737134099007,0.12494444102048874,0.1098533421754837,0.029553089290857315,0.026112737134099007,LSTM,30,0,32,0.1,0.001,32,15,100,100,val_loss
63,0.029751691967248917,0.02595275081694126,0.12697120010852814,0.10957737267017365,0.029751691967248917,0.02595275081694126,LSTM,30,0,32,0.1,0.001,32,15,100,100,val_loss
64,0.0287004467099905,0.025783078745007515,0.1237054094672203,0.10887131839990616,0.0287004467099905,0.025783078745007515,LSTM,30,0,32,0.1,0.001,32,15,100,100,val_loss
65,0.02990162931382656,0.02579476684331894,0.12777560949325562,0.1089354082942009,0.02990162931382656,0.02579476684331894,LSTM,30,0,32,0.1,0.001,32,15,100,100,val_loss
66,0.028573786839842796,0.025567973032593727,0.12415892630815506,0.10914120078086853,0.028573786839842796,0.025567973032593727,LSTM,30,0,32,0.1,0.001,32,15,100,100,val_loss
67,0.029134875163435936,0.026281161233782768,0.12572264671325684,0.11022485047578812,0.029134875163435936,0.026281161233782768,LSTM,30,0,32,0.1,0.001,32,15,100,100,val_loss
68,0.027819087728857994,0.02668173797428608,0.12217169255018234,0.11058203130960464,0.027819087728857994,0.02668173797428608,LSTM,30,0,32,0.1,0.001,32,15,100,100,val_loss
69,0.02941383421421051,0.02553781494498253,0.12527799606323242,0.10747942328453064,0.02941383421421051,0.02553781494498253,LSTM,30,0,32,0.1,0.001,32,15,100,100,val_loss
70,0.02754022926092148,0.026131173595786095,0.12120228260755539,0.10883037000894547,0.02754022926092148,0.026131173595786095,LSTM,30,0,32,0.1,0.001,32,15,100,100,val_loss
71,0.027376214042305946,0.025662388652563095,0.12106073647737503,0.10841452330350876,0.027376214042305946,0.025662388652563095,LSTM,30,0,32,0.1,0.001,32,15,100,100,val_loss
72,0.02721370756626129,0.02520671859383583,0.12183517217636108,0.10749474912881851,0.02721370756626129,0.02520671859383583,LSTM,30,0,32,0.1,0.001,32,15,100,100,val_loss
73,0.02802235074341297,0.025069111958146095,0.12175246328115463,0.1065085232257843,0.02802235074341297,0.025069111958146095,LSTM,30,0,32,0.1,0.001,32,15,100,100,val_loss
74,0.02737394906580448,0.024932174012064934,0.1209191083908081,0.10686231404542923,0.02737394906580448,0.024932174012064934,LSTM,30,0,32,0.1,0.001,32,15,100,100,val_loss
75,0.027661094442009926,0.025684110820293427,0.120763398706913,0.10760796815156937,0.027661094442009926,0.025684110820293427,LSTM,30,0,32,0.1,0.001,32,15,100,100,val_loss
76,0.02759663388133049,0.024614106863737106,0.12269897013902664,0.10560983419418335,0.02759663388133049,0.024614106863737106,LSTM,30,0,32,0.1,0.001,32,15,100,100,val_loss
77,0.026323547586798668,0.024781402200460434,0.11943971365690231,0.10607760399580002,0.026323547586798668,0.024781402200460434,LSTM,30,0,32,0.1,0.001,32,15,100,100,val_loss
78,0.027154894545674324,0.025055110454559326,0.12017133831977844,0.10635960847139359,0.027154894545674324,0.025055110454559326,LSTM,30,0,32,0.1,0.001,32,15,100,100,val_loss
79,0.026858597993850708,0.024379707872867584,0.11956702172756195,0.10548274219036102,0.026858597993850708,0.024379707872867584,LSTM,30,0,32,0.1,0.001,32,15,100,100,val_loss
80,0.02697208896279335,0.024496981874108315,0.11895459145307541,0.10580957680940628,0.02697208896279335,0.024496981874108315,LSTM,30,0,32,0.1,0.001,32,15,100,100,val_loss
81,0.02692563645541668,0.02498561330139637,0.11860775947570801,0.10508795827627182,0.02692563645541668,0.02498561330139637,LSTM,30,0,32,0.1,0.001,32,15,100,100,val_loss
82,0.026596635580062866,0.02411326952278614,0.11897215247154236,0.10549551993608475,0.026596635580062866,0.02411326952278614,LSTM,30,0,32,0.1,0.001,32,15,100,100,val_loss
83,0.027042215690016747,0.024511907249689102,0.11952506005764008,0.10547993332147598,0.027042215690016747,0.024511907249689102,LSTM,30,0,32,0.1,0.001,32,15,100,100,val_loss
84,0.025504548102617264,0.024121971800923347,0.11637935787439346,0.10536948591470718,0.025504548102617264,0.024121971800923347,LSTM,30,0,32,0.1,0.001,32,15,100,100,val_loss
85,0.02670353464782238,0.02423846162855625,0.12003869563341141,0.10518376529216766,0.02670353464782238,0.02423846162855625,LSTM,30,0,32,0.1,0.001,32,15,100,100,val_loss
86,0.02586338110268116,0.02390941232442856,0.1171501874923706,0.10384558886289597,0.02586338110268116,0.02390941232442856,LSTM,30,0,32,0.1,0.001,32,15,100,100,val_loss
87,0.026646576821804047,0.02450517565011978,0.11850979924201965,0.10472992807626724,0.026646576821804047,0.02450517565011978,LSTM,30,0,32,0.1,0.001,32,15,100,100,val_loss
88,0.027109244838356972,0.023854494094848633,0.11996002495288849,0.10674691945314407,0.027109244838356972,0.023854494094848633,LSTM,30,0,32,0.1,0.001,32,15,100,100,val_loss
89,0.026654867455363274,0.023988008499145508,0.12017083913087845,0.10389020293951035,0.026654867455363274,0.023988008499145508,LSTM,30,0,32,0.1,0.001,32,15,100,100,val_loss
90,0.02596418745815754,0.0241908710449934,0.11615917831659317,0.10396107286214828,0.02596418745815754,0.0241908710449934,LSTM,30,0,32,0.1,0.001,32,15,100,100,val_loss
91,0.026097973808646202,0.023314934223890305,0.11582471430301666,0.10375137627124786,0.026097973808646202,0.023314934223890305,LSTM,30,0,32,0.1,0.001,32,15,100,100,val_loss
92,0.026290060952305794,0.02379845827817917,0.11812383681535721,0.10337323695421219,0.026290060952305794,0.02379845827817917,LSTM,30,0,32,0.1,0.001,32,15,100,100,val_loss
93,0.02563592419028282,0.023735733702778816,0.11563897877931595,0.10368289798498154,0.02563592419028282,0.023735733702778816,LSTM,30,0,32,0.1,0.001,32,15,100,100,val_loss
94,0.02613196335732937,0.024007221683859825,0.11671376973390579,0.10338262468576431,0.02613196335732937,0.024007221683859825,LSTM,30,0,32,0.1,0.001,32,15,100,100,val_loss
95,0.026501579210162163,0.024855539202690125,0.11792441457509995,0.10421488434076309,0.026501579210162163,0.024855539202690125,LSTM,30,0,32,0.1,0.001,32,15,100,100,val_loss
96,0.0256278607994318,0.02389293909072876,0.11707527935504913,0.10329833626747131,0.0256278607994318,0.02389293909072876,LSTM,30,0,32,0.1,0.001,32,15,100,100,val_loss
97,0.025701552629470825,0.02330292947590351,0.11674291640520096,0.10256092995405197,0.025701552629470825,0.02330292947590351,LSTM,30,0,32,0.1,0.001,32,15,100,100,val_loss
98,0.025506693869829178,0.023419778794050217,0.11552336812019348,0.10264679044485092,0.025506693869829178,0.023419778794050217,LSTM,30,0,32,0.1,0.001,32,15,100,100,val_loss
99,0.02491174079477787,0.024540511891245842,0.11407354474067688,0.10413039475679398,0.02491174079477787,0.024540511891245842,LSTM,30,0,32,0.1,0.001,32,15,100,100,val_loss
100,0.025266215205192566,0.023287227377295494,0.11510562896728516,0.10273336619138718,0.025266215205192566,0.023287227377295494,LSTM,30,0,32,0.1,0.001,32,15,100,100,val_loss
1,0.7127017378807068,0.3891611695289612,0.6601480841636658,0.4723125398159027,0.7127017378807068,0.3891611695289612,LSTM,30,1,32,0.1,0.001,32,15,100,100,val_loss
2,0.30238834023475647,0.16003067791461945,0.4216705560684204,0.3012970983982086,0.30238834023475647,0.16003067791461945,LSTM,30,1,32,0.1,0.001,32,15,100,100,val_loss
3,0.1494322568178177,0.08499810099601746,0.29163244366645813,0.22326135635375977,0.1494322568178177,0.08499810099601746,LSTM,30,1,32,0.1,0.001,32,15,100,100,val_loss
4,0.09180653095245361,0.06351028382778168,0.2298552393913269,0.19609059393405914,0.09180653095245361,0.06351028382778168,LSTM,30,1,32,0.1,0.001,32,15,100,100,val_loss
5,0.0746179148554802,0.05560070648789406,0.20897968113422394,0.1828100085258484,0.0746179148554802,0.05560070648789406,LSTM,30,1,32,0.1,0.001,32,15,100,100,val_loss
6,0.06727579981088638,0.053052790462970734,0.19711531698703766,0.1709768921136856,0.06727579981088638,0.053052790462970734,LSTM,30,1,32,0.1,0.001,32,15,100,100,val_loss
7,0.061341360211372375,0.05319540947675705,0.18603633344173431,0.16852621734142303,0.061341360211372375,0.05319540947675705,LSTM,30,1,32,0.1,0.001,32,15,100,100,val_loss
8,0.05497249588370323,0.049225740134716034,0.1773620843887329,0.16220669448375702,0.05497249588370323,0.049225740134716034,LSTM,30,1,32,0.1,0.001,32,15,100,100,val_loss
9,0.052656471729278564,0.04840671271085739,0.1733858734369278,0.15965670347213745,0.052656471729278564,0.04840671271085739,LSTM,30,1,32,0.1,0.001,32,15,100,100,val_loss
10,0.05188540741801262,0.047631897032260895,0.17125409841537476,0.15775613486766815,0.05188540741801262,0.047631897032260895,LSTM,30,1,32,0.1,0.001,32,15,100,100,val_loss
11,0.050026699900627136,0.045797355473041534,0.16887791454792023,0.15472090244293213,0.050026699900627136,0.045797355473041534,LSTM,30,1,32,0.1,0.001,32,15,100,100,val_loss
12,0.048404548317193985,0.04705119878053665,0.16585847735404968,0.1556616574525833,0.048404548317193985,0.04705119878053665,LSTM,30,1,32,0.1,0.001,32,15,100,100,val_loss
13,0.04725056141614914,0.044589169323444366,0.16371768712997437,0.1510690301656723,0.04725056141614914,0.044589169323444366,LSTM,30,1,32,0.1,0.001,32,15,100,100,val_loss
14,0.048078201711177826,0.045214809477329254,0.16416679322719574,0.15175946056842804,0.048078201711177826,0.045214809477329254,LSTM,30,1,32,0.1,0.001,32,15,100,100,val_loss
15,0.04525001719594002,0.04435310140252113,0.15933765470981598,0.15080386400222778,0.04525001719594002,0.04435310140252113,LSTM,30,1,32,0.1,0.001,32,15,100,100,val_loss
16,0.04582178220152855,0.042797382920980453,0.16016174852848053,0.14742949604988098,0.04582178220152855,0.042797382920980453,LSTM,30,1,32,0.1,0.001,32,15,100,100,val_loss
17,0.04393686354160309,0.041627027094364166,0.15659943222999573,0.14455458521842957,0.04393686354160309,0.041627027094364166,LSTM,30,1,32,0.1,0.001,32,15,100,100,val_loss
18,0.04502157121896744,0.041351113468408585,0.15759854018688202,0.14281634986400604,0.04502157121896744,0.041351113468408585,LSTM,30,1,32,0.1,0.001,32,15,100,100,val_loss
19,0.0436442568898201,0.040561407804489136,0.15514153242111206,0.1418314278125763,0.0436442568898201,0.040561407804489136,LSTM,30,1,32,0.1,0.001,32,15,100,100,val_loss
20,0.04173736274242401,0.04045609012246132,0.15182501077651978,0.14055170118808746,0.04173736274242401,0.04045609012246132,LSTM,30,1,32,0.1,0.001,32,15,100,100,val_loss
21,0.039968594908714294,0.03912970423698425,0.14875578880310059,0.14012399315834045,0.039968594908714294,0.03912970423698425,LSTM,30,1,32,0.1,0.001,32,15,100,100,val_loss
22,0.03938249126076698,0.03698321059346199,0.14758287370204926,0.13518314063549042,0.03938249126076698,0.03698321059346199,LSTM,30,1,32,0.1,0.001,32,15,100,100,val_loss
23,0.038878850638866425,0.037256017327308655,0.14654895663261414,0.13583989441394806,0.038878850638866425,0.037256017327308655,LSTM,30,1,32,0.1,0.001,32,15,100,100,val_loss
24,0.039472538977861404,0.03661564737558365,0.1485024094581604,0.13406290113925934,0.039472538977861404,0.03661564737558365,LSTM,30,1,32,0.1,0.001,32,15,100,100,val_loss
25,0.036393024027347565,0.03479105979204178,0.1415543258190155,0.1314941942691803,0.036393024027347565,0.03479105979204178,LSTM,30,1,32,0.1,0.001,32,15,100,100,val_loss
26,0.038412511348724365,0.035736966878175735,0.14579971134662628,0.13139520585536957,0.038412511348724365,0.035736966878175735,LSTM,30,1,32,0.1,0.001,32,15,100,100,val_loss
27,0.036277469247579575,0.03474533557891846,0.14144586026668549,0.13111421465873718,0.036277469247579575,0.03474533557891846,LSTM,30,1,32,0.1,0.001,32,15,100,100,val_loss
28,0.03670759126543999,0.03354768455028534,0.1423652470111847,0.12785527110099792,0.03670759126543999,0.03354768455028534,LSTM,30,1,32,0.1,0.001,32,15,100,100,val_loss
29,0.03666692227125168,0.03346508368849754,0.14144402742385864,0.12797020375728607,0.03666692227125168,0.03346508368849754,LSTM,30,1,32,0.1,0.001,32,15,100,100,val_loss
30,0.035952840000391006,0.03283415362238884,0.13953545689582825,0.12568633258342743,0.035952840000391006,0.03283415362238884,LSTM,30,1,32,0.1,0.001,32,15,100,100,val_loss
31,0.03511397913098335,0.03301166743040085,0.13811273872852325,0.12612241506576538,0.03511397913098335,0.03301166743040085,LSTM,30,1,32,0.1,0.001,32,15,100,100,val_loss
32,0.03647097572684288,0.03157302364706993,0.14026598632335663,0.12396131455898285,0.03647097572684288,0.03157302364706993,LSTM,30,1,32,0.1,0.001,32,15,100,100,val_loss
33,0.03438543528318405,0.03215283527970314,0.1366533488035202,0.12393900007009506,0.03438543528318405,0.03215283527970314,LSTM,30,1,32,0.1,0.001,32,15,100,100,val_loss
34,0.033890482038259506,0.032183367758989334,0.1352550983428955,0.12400493025779724,0.033890482038259506,0.032183367758989334,LSTM,30,1,32,0.1,0.001,32,15,100,100,val_loss
35,0.03349773958325386,0.0308669600635767,0.13391533493995667,0.1217665895819664,0.03349773958325386,0.0308669600635767,LSTM,30,1,32,0.1,0.001,32,15,100,100,val_loss
36,0.03379454463720322,0.030480381101369858,0.13586707413196564,0.12064237147569656,0.03379454463720322,0.030480381101369858,LSTM,30,1,32,0.1,0.001,32,15,100,100,val_loss
37,0.03363370522856712,0.03040250763297081,0.13477642834186554,0.12032021582126617,0.03363370522856712,0.03040250763297081,LSTM,30,1,32,0.1,0.001,32,15,100,100,val_loss
38,0.033533964306116104,0.030881445854902267,0.13527412712574005,0.12142056971788406,0.033533964306116104,0.030881445854902267,LSTM,30,1,32,0.1,0.001,32,15,100,100,val_loss
39,0.03161762282252312,0.030193859711289406,0.13012830913066864,0.1199943795800209,0.03161762282252312,0.030193859711289406,LSTM,30,1,32,0.1,0.001,32,15,100,100,val_loss
40,0.03133465722203255,0.030608251690864563,0.1288646012544632,0.11994240432977676,0.03133465722203255,0.030608251690864563,LSTM,30,1,32,0.1,0.001,32,15,100,100,val_loss
41,0.03361096233129501,0.030463343486189842,0.13533878326416016,0.11991141736507416,0.03361096233129501,0.030463343486189842,LSTM,30,1,32,0.1,0.001,32,15,100,100,val_loss
42,0.03298739343881607,0.02977358177304268,0.13325360417366028,0.11861120909452438,0.03298739343881607,0.02977358177304268,LSTM,30,1,32,0.1,0.001,32,15,100,100,val_loss
43,0.03174198046326637,0.029379189014434814,0.1317719966173172,0.11843384057283401,0.03174198046326637,0.029379189014434814,LSTM,30,1,32,0.1,0.001,32,15,100,100,val_loss
44,0.030726896598935127,0.02909783646464348,0.12954077124595642,0.11729041486978531,0.030726896598935127,0.02909783646464348,LSTM,30,1,32,0.1,0.001,32,15,100,100,val_loss
45,0.030597344040870667,0.029755117371678352,0.12855060398578644,0.11720804125070572,0.030597344040870667,0.029755117371678352,LSTM,30,1,32,0.1,0.001,32,15,100,100,val_loss
46,0.03060314804315567,0.028220582753419876,0.1282927542924881,0.11563041061162949,0.03060314804315567,0.028220582753419876,LSTM,30,1,32,0.1,0.001,32,15,100,100,val_loss
47,0.029377564787864685,0.02900657430291176,0.12625443935394287,0.11608856916427612,0.029377564787864685,0.02900657430291176,LSTM,30,1,32,0.1,0.001,32,15,100,100,val_loss
48,0.030447177588939667,0.028336741030216217,0.12798142433166504,0.11513634771108627,0.030447177588939667,0.028336741030216217,LSTM,30,1,32,0.1,0.001,32,15,100,100,val_loss
49,0.03116292506456375,0.028362546116113663,0.13012677431106567,0.11505361646413803,0.03116292506456375,0.028362546116113663,LSTM,30,1,32,0.1,0.001,32,15,100,100,val_loss
50,0.029795505106449127,0.02756977081298828,0.1271117478609085,0.11428195983171463,0.029795505106449127,0.02756977081298828,LSTM,30,1,32,0.1,0.001,32,15,100,100,val_loss
51,0.03125517815351486,0.02865736559033394,0.129129558801651,0.1159241572022438,0.03125517815351486,0.02865736559033394,LSTM,30,1,32,0.1,0.001,32,15,100,100,val_loss
52,0.02943282388150692,0.027953259646892548,0.1266937553882599,0.11437449604272842,0.02943282388150692,0.027953259646892548,LSTM,30,1,32,0.1,0.001,32,15,100,100,val_loss
53,0.02977512776851654,0.02831549197435379,0.12744173407554626,0.1140131726861,0.02977512776851654,0.02831549197435379,LSTM,30,1,32,0.1,0.001,32,15,100,100,val_loss
54,0.029915275052189827,0.028410043567419052,0.12681178748607635,0.11416143923997879,0.029915275052189827,0.028410043567419052,LSTM,30,1,32,0.1,0.001,32,15,100,100,val_loss
55,0.029223348945379257,0.027823425829410553,0.12596233189105988,0.11313099414110184,0.029223348945379257,0.027823425829410553,LSTM,30,1,32,0.1,0.001,32,15,100,100,val_loss
56,0.02805577777326107,0.026578668504953384,0.12337277829647064,0.11157689243555069,0.02805577777326107,0.026578668504953384,LSTM,30,1,32,0.1,0.001,32,15,100,100,val_loss
57,0.028946949169039726,0.026258336380124092,0.1255323886871338,0.11110328137874603,0.028946949169039726,0.026258336380124092,LSTM,30,1,32,0.1,0.001,32,15,100,100,val_loss
58,0.02924928441643715,0.026777610182762146,0.12533535063266754,0.11137335002422333,0.02924928441643715,0.026777610182762146,LSTM,30,1,32,0.1,0.001,32,15,100,100,val_loss
59,0.02789163403213024,0.02609543688595295,0.12263469398021698,0.11093593388795853,0.02789163403213024,0.02609543688595295,LSTM,30,1,32,0.1,0.001,32,15,100,100,val_loss
60,0.027846865355968475,0.02684144489467144,0.12267769873142242,0.11140056699514389,0.027846865355968475,0.02684144489467144,LSTM,30,1,32,0.1,0.001,32,15,100,100,val_loss
61,0.02814514935016632,0.026369933038949966,0.12270064651966095,0.11143619567155838,0.02814514935016632,0.026369933038949966,LSTM,30,1,32,0.1,0.001,32,15,100,100,val_loss
62,0.02830548584461212,0.026910442858934402,0.12327553331851959,0.11049291491508484,0.02830548584461212,0.026910442858934402,LSTM,30,1,32,0.1,0.001,32,15,100,100,val_loss
63,0.027761613950133324,0.02651042677462101,0.12338404357433319,0.11031562089920044,0.027761613950133324,0.02651042677462101,LSTM,30,1,32,0.1,0.001,32,15,100,100,val_loss
64,0.027576100081205368,0.026700735092163086,0.12149977684020996,0.1099274531006813,0.027576100081205368,0.026700735092163086,LSTM,30,1,32,0.1,0.001,32,15,100,100,val_loss
65,0.02784774824976921,0.02718067169189453,0.1222977563738823,0.1111106351017952,0.02784774824976921,0.02718067169189453,LSTM,30,1,32,0.1,0.001,32,15,100,100,val_loss
66,0.028085729107260704,0.02731085941195488,0.12237994372844696,0.10973698645830154,0.028085729107260704,0.02731085941195488,LSTM,30,1,32,0.1,0.001,32,15,100,100,val_loss
67,0.027050677686929703,0.02592017501592636,0.11998160928487778,0.10822228342294693,0.027050677686929703,0.02592017501592636,LSTM,30,1,32,0.1,0.001,32,15,100,100,val_loss
68,0.02827407792210579,0.02543085254728794,0.12203128635883331,0.10773271322250366,0.02827407792210579,0.02543085254728794,LSTM,30,1,32,0.1,0.001,32,15,100,100,val_loss
69,0.027522984892129898,0.026515545323491096,0.12206904590129852,0.10969620198011398,0.027522984892129898,0.026515545323491096,LSTM,30,1,32,0.1,0.001,32,15,100,100,val_loss
70,0.026199107989668846,0.02659430354833603,0.11927670985460281,0.10825874656438828,0.026199107989668846,0.02659430354833603,LSTM,30,1,32,0.1,0.001,32,15,100,100,val_loss
71,0.027303282171487808,0.02602621354162693,0.12108767032623291,0.10794965922832489,0.027303282171487808,0.02602621354162693,LSTM,30,1,32,0.1,0.001,32,15,100,100,val_loss
72,0.02700863406062126,0.02685629203915596,0.11989918351173401,0.10971211642026901,0.02700863406062126,0.02685629203915596,LSTM,30,1,32,0.1,0.001,32,15,100,100,val_loss
73,0.026385346427559853,0.02565966360270977,0.11929712444543839,0.10813366621732712,0.026385346427559853,0.02565966360270977,LSTM,30,1,32,0.1,0.001,32,15,100,100,val_loss
74,0.02634245716035366,0.025574836879968643,0.1185963824391365,0.1069498285651207,0.02634245716035366,0.025574836879968643,LSTM,30,1,32,0.1,0.001,32,15,100,100,val_loss
75,0.02737182192504406,0.026990167796611786,0.12010432034730911,0.10770238935947418,0.02737182192504406,0.026990167796611786,LSTM,30,1,32,0.1,0.001,32,15,100,100,val_loss
76,0.026348307728767395,0.025379231199622154,0.1180732399225235,0.10654288530349731,0.026348307728767395,0.025379231199622154,LSTM,30,1,32,0.1,0.001,32,15,100,100,val_loss
77,0.02627357468008995,0.02507305145263672,0.11715412139892578,0.10615964978933334,0.02627357468008995,0.02507305145263672,LSTM,30,1,32,0.1,0.001,32,15,100,100,val_loss
78,0.026785437017679214,0.025267813354730606,0.11869911104440689,0.10647133737802505,0.026785437017679214,0.025267813354730606,LSTM,30,1,32,0.1,0.001,32,15,100,100,val_loss
79,0.025622285902500153,0.025814222171902657,0.11718187481164932,0.1067488044500351,0.025622285902500153,0.025814222171902657,LSTM,30,1,32,0.1,0.001,32,15,100,100,val_loss
80,0.027223514392971992,0.025888539850711823,0.12095347791910172,0.10601209849119186,0.027223514392971992,0.025888539850711823,LSTM,30,1,32,0.1,0.001,32,15,100,100,val_loss
81,0.026974400505423546,0.02480626106262207,0.1194438561797142,0.10492810606956482,0.026974400505423546,0.02480626106262207,LSTM,30,1,32,0.1,0.001,32,15,100,100,val_loss
82,0.027171561494469643,0.025628043338656425,0.12107089161872864,0.1057334691286087,0.027171561494469643,0.025628043338656425,LSTM,30,1,32,0.1,0.001,32,15,100,100,val_loss
83,0.02549479342997074,0.025537408888339996,0.11706166714429855,0.10589411854743958,0.02549479342997074,0.025537408888339996,LSTM,30,1,32,0.1,0.001,32,15,100,100,val_loss
84,0.025525568053126335,0.024869538843631744,0.11587027460336685,0.10440164059400558,0.025525568053126335,0.024869538843631744,LSTM,30,1,32,0.1,0.001,32,15,100,100,val_loss
85,0.025482704862952232,0.02460673823952675,0.11628518998622894,0.10442844778299332,0.025482704862952232,0.02460673823952675,LSTM,30,1,32,0.1,0.001,32,15,100,100,val_loss
86,0.025035953149199486,0.02423708327114582,0.11474093049764633,0.10362302511930466,0.025035953149199486,0.02423708327114582,LSTM,30,1,32,0.1,0.001,32,15,100,100,val_loss
87,0.026326050981879234,0.024740587919950485,0.11754042655229568,0.10497189313173294,0.026326050981879234,0.024740587919950485,LSTM,30,1,32,0.1,0.001,32,15,100,100,val_loss
88,0.02501414343714714,0.02515226975083351,0.11580082029104233,0.1054619625210762,0.02501414343714714,0.02515226975083351,LSTM,30,1,32,0.1,0.001,32,15,100,100,val_loss
89,0.024155842140316963,0.025463195517659187,0.11335661262273788,0.10519379377365112,0.024155842140316963,0.025463195517659187,LSTM,30,1,32,0.1,0.001,32,15,100,100,val_loss
90,0.025747857987880707,0.02537546679377556,0.11653844267129898,0.10437233746051788,0.025747857987880707,0.02537546679377556,LSTM,30,1,32,0.1,0.001,32,15,100,100,val_loss
91,0.02488473616540432,0.024704664945602417,0.11485906690359116,0.10352534800767899,0.02488473616540432,0.024704664945602417,LSTM,30,1,32,0.1,0.001,32,15,100,100,val_loss
92,0.024145418778061867,0.023883605375885963,0.11445678770542145,0.1026618629693985,0.024145418778061867,0.023883605375885963,LSTM,30,1,32,0.1,0.001,32,15,100,100,val_loss
93,0.024343591183423996,0.024249091744422913,0.11249998211860657,0.10283470898866653,0.024343591183423996,0.024249091744422913,LSTM,30,1,32,0.1,0.001,32,15,100,100,val_loss
94,0.0253718551248312,0.024754993617534637,0.11618173867464066,0.10322409868240356,0.0253718551248312,0.024754993617534637,LSTM,30,1,32,0.1,0.001,32,15,100,100,val_loss
95,0.023932108655571938,0.023678548634052277,0.11180128157138824,0.10221364349126816,0.023932108655571938,0.023678548634052277,LSTM,30,1,32,0.1,0.001,32,15,100,100,val_loss
96,0.024200908839702606,0.024369580671191216,0.1133013367652893,0.10455875843763351,0.024200908839702606,0.024369580671191216,LSTM,30,1,32,0.1,0.001,32,15,100,100,val_loss
97,0.023397916927933693,0.024558071047067642,0.11206691712141037,0.10290928184986115,0.023397916927933693,0.024558071047067642,LSTM,30,1,32,0.1,0.001,32,15,100,100,val_loss
98,0.025475848466157913,0.024867260828614235,0.11541187018156052,0.1035899743437767,0.025475848466157913,0.024867260828614235,LSTM,30,1,32,0.1,0.001,32,15,100,100,val_loss
99,0.023785259574651718,0.025140689685940742,0.11170662939548492,0.10331173241138458,0.023785259574651718,0.025140689685940742,LSTM,30,1,32,0.1,0.001,32,15,100,100,val_loss
100,0.02515581250190735,0.023753050714731216,0.11561603844165802,0.1022527888417244,0.02515581250190735,0.023753050714731216,LSTM,30,1,32,0.1,0.001,32,15,100,100,val_loss
1,0.7854814529418945,0.45000943541526794,0.7024394869804382,0.5205477476119995,0.7854814529418945,0.45000943541526794,LSTM,30,2,32,0.1,0.001,32,15,100,100,val_loss
2,0.3117276728153229,0.1476239114999771,0.430375337600708,0.2879050374031067,0.3117276728153229,0.1476239114999771,LSTM,30,2,32,0.1,0.001,32,15,100,100,val_loss
3,0.13285580277442932,0.07495216280221939,0.27487412095069885,0.20963335037231445,0.13285580277442932,0.07495216280221939,LSTM,30,2,32,0.1,0.001,32,15,100,100,val_loss
4,0.08425303548574448,0.059320226311683655,0.2197764813899994,0.18569648265838623,0.08425303548574448,0.059320226311683655,LSTM,30,2,32,0.1,0.001,32,15,100,100,val_loss
5,0.07138834148645401,0.05323236808180809,0.2020162045955658,0.1763724386692047,0.07138834148645401,0.05323236808180809,LSTM,30,2,32,0.1,0.001,32,15,100,100,val_loss
6,0.06548131257295609,0.04927728325128555,0.19332660734653473,0.16670438647270203,0.06548131257295609,0.04927728325128555,LSTM,30,2,32,0.1,0.001,32,15,100,100,val_loss
7,0.06260005384683609,0.0483090877532959,0.18738891184329987,0.16313016414642334,0.06260005384683609,0.0483090877532959,LSTM,30,2,32,0.1,0.001,32,15,100,100,val_loss
8,0.05668506771326065,0.04682661592960358,0.1788165420293808,0.15806064009666443,0.05668506771326065,0.04682661592960358,LSTM,30,2,32,0.1,0.001,32,15,100,100,val_loss
9,0.05384022742509842,0.045787688344717026,0.17366857826709747,0.15723006427288055,0.05384022742509842,0.045787688344717026,LSTM,30,2,32,0.1,0.001,32,15,100,100,val_loss
10,0.0541556216776371,0.045165400952100754,0.17397163808345795,0.15478725731372833,0.0541556216776371,0.045165400952100754,LSTM,30,2,32,0.1,0.001,32,15,100,100,val_loss
11,0.05131292715668678,0.04383518546819687,0.16914676129817963,0.15177179872989655,0.05131292715668678,0.04383518546819687,LSTM,30,2,32,0.1,0.001,32,15,100,100,val_loss
12,0.04850218817591667,0.043176908046007156,0.16395346820354462,0.15179283916950226,0.04850218817591667,0.043176908046007156,LSTM,30,2,32,0.1,0.001,32,15,100,100,val_loss
13,0.04926743730902672,0.043042607605457306,0.16665220260620117,0.1488121896982193,0.04926743730902672,0.043042607605457306,LSTM,30,2,32,0.1,0.001,32,15,100,100,val_loss
14,0.046923331916332245,0.04189596697688103,0.16175103187561035,0.1478835642337799,0.046923331916332245,0.04189596697688103,LSTM,30,2,32,0.1,0.001,32,15,100,100,val_loss
15,0.048229362815618515,0.043297991156578064,0.16355586051940918,0.14843909442424774,0.048229362815618515,0.043297991156578064,LSTM,30,2,32,0.1,0.001,32,15,100,100,val_loss
16,0.0451456643640995,0.04073095694184303,0.15890485048294067,0.1440107673406601,0.0451456643640995,0.04073095694184303,LSTM,30,2,32,0.1,0.001,32,15,100,100,val_loss
17,0.04320429638028145,0.039945654571056366,0.15598523616790771,0.142343208193779,0.04320429638028145,0.039945654571056366,LSTM,30,2,32,0.1,0.001,32,15,100,100,val_loss
18,0.045915618538856506,0.041183389723300934,0.15941019356250763,0.14324939250946045,0.045915618538856506,0.041183389723300934,LSTM,30,2,32,0.1,0.001,32,15,100,100,val_loss
19,0.0433778241276741,0.03998849540948868,0.1558457463979721,0.14138899743556976,0.0433778241276741,0.03998849540948868,LSTM,30,2,32,0.1,0.001,32,15,100,100,val_loss
20,0.0421350933611393,0.038660112768411636,0.15271033346652985,0.13993941247463226,0.0421350933611393,0.038660112768411636,LSTM,30,2,32,0.1,0.001,32,15,100,100,val_loss
21,0.04208430275321007,0.03787311539053917,0.15265889465808868,0.13695023953914642,0.04208430275321007,0.03787311539053917,LSTM,30,2,32,0.1,0.001,32,15,100,100,val_loss
22,0.038398291915655136,0.038146816194057465,0.1459231823682785,0.1373104453086853,0.038398291915655136,0.038146816194057465,LSTM,30,2,32,0.1,0.001,32,15,100,100,val_loss
23,0.03987978398799896,0.037526391446590424,0.1478382647037506,0.13585340976715088,0.03987978398799896,0.037526391446590424,LSTM,30,2,32,0.1,0.001,32,15,100,100,val_loss
24,0.03982103243470192,0.03649793565273285,0.14788641035556793,0.13655579090118408,0.03982103243470192,0.03649793565273285,LSTM,30,2,32,0.1,0.001,32,15,100,100,val_loss
25,0.03863455355167389,0.035449933260679245,0.14529967308044434,0.132526233792305,0.03863455355167389,0.035449933260679245,LSTM,30,2,32,0.1,0.001,32,15,100,100,val_loss
26,0.03939775377511978,0.036257702857255936,0.14708802103996277,0.13288778066635132,0.03939775377511978,0.036257702857255936,LSTM,30,2,32,0.1,0.001,32,15,100,100,val_loss
27,0.03812164068222046,0.03532637283205986,0.14406096935272217,0.13082335889339447,0.03812164068222046,0.03532637283205986,LSTM,30,2,32,0.1,0.001,32,15,100,100,val_loss
28,0.03666326031088829,0.03788873553276062,0.14240625500679016,0.13640190660953522,0.03666326031088829,0.03788873553276062,LSTM,30,2,32,0.1,0.001,32,15,100,100,val_loss
29,0.037949513643980026,0.03630121797323227,0.14416472613811493,0.1318827122449875,0.037949513643980026,0.03630121797323227,LSTM,30,2,32,0.1,0.001,32,15,100,100,val_loss
30,0.03614850714802742,0.035511936992406845,0.14066053926944733,0.13036766648292542,0.03614850714802742,0.035511936992406845,LSTM,30,2,32,0.1,0.001,32,15,100,100,val_loss
31,0.03538764640688896,0.03364643082022667,0.13847702741622925,0.1269640475511551,0.03538764640688896,0.03364643082022667,LSTM,30,2,32,0.1,0.001,32,15,100,100,val_loss
32,0.03463532403111458,0.033283308148384094,0.1383286863565445,0.12639427185058594,0.03463532403111458,0.033283308148384094,LSTM,30,2,32,0.1,0.001,32,15,100,100,val_loss
33,0.03467702865600586,0.0334361232817173,0.13826727867126465,0.1256132572889328,0.03467702865600586,0.0334361232817173,LSTM,30,2,32,0.1,0.001,32,15,100,100,val_loss
34,0.034854087978601456,0.033143553882837296,0.13752202689647675,0.12607675790786743,0.034854087978601456,0.033143553882837296,LSTM,30,2,32,0.1,0.001,32,15,100,100,val_loss
35,0.03358297422528267,0.03213219344615936,0.13440833985805511,0.12391085922718048,0.03358297422528267,0.03213219344615936,LSTM,30,2,32,0.1,0.001,32,15,100,100,val_loss
36,0.034880343824625015,0.0328638032078743,0.13772991299629211,0.1243768110871315,0.034880343824625015,0.0328638032078743,LSTM,30,2,32,0.1,0.001,32,15,100,100,val_loss
37,0.03533177077770233,0.032898612320423126,0.1384270340204239,0.12362218648195267,0.03533177077770233,0.032898612320423126,LSTM,30,2,32,0.1,0.001,32,15,100,100,val_loss
38,0.033819716423749924,0.03179702162742615,0.13537804782390594,0.12237243354320526,0.033819716423749924,0.03179702162742615,LSTM,30,2,32,0.1,0.001,32,15,100,100,val_loss
39,0.033109150826931,0.03135039284825325,0.13299858570098877,0.12160811573266983,0.033109150826931,0.03135039284825325,LSTM,30,2,32,0.1,0.001,32,15,100,100,val_loss
40,0.03265601024031639,0.03214607015252113,0.1332244873046875,0.12389881163835526,0.03265601024031639,0.03214607015252113,LSTM,30,2,32,0.1,0.001,32,15,100,100,val_loss
41,0.031923942267894745,0.030678333714604378,0.1310703456401825,0.12022537738084793,0.031923942267894745,0.030678333714604378,LSTM,30,2,32,0.1,0.001,32,15,100,100,val_loss
42,0.03261885046958923,0.030709994956851006,0.13316382467746735,0.11962785571813583,0.03261885046958923,0.030709994956851006,LSTM,30,2,32,0.1,0.001,32,15,100,100,val_loss
43,0.031186426058411598,0.03070240467786789,0.12956777215003967,0.11914394050836563,0.031186426058411598,0.03070240467786789,LSTM,30,2,32,0.1,0.001,32,15,100,100,val_loss
44,0.03233543783426285,0.031010322272777557,0.13211184740066528,0.12001955509185791,0.03233543783426285,0.031010322272777557,LSTM,30,2,32,0.1,0.001,32,15,100,100,val_loss
45,0.03127976506948471,0.03134811297059059,0.1294826865196228,0.12079865485429764,0.03127976506948471,0.03134811297059059,LSTM,30,2,32,0.1,0.001,32,15,100,100,val_loss
46,0.03064129129052162,0.03062828630208969,0.12897706031799316,0.11907509714365005,0.03064129129052162,0.03062828630208969,LSTM,30,2,32,0.1,0.001,32,15,100,100,val_loss
47,0.03069349005818367,0.03118152916431427,0.12895582616329193,0.11949151009321213,0.03069349005818367,0.03118152916431427,LSTM,30,2,32,0.1,0.001,32,15,100,100,val_loss
48,0.03095853514969349,0.029978476464748383,0.1296103149652481,0.11762344092130661,0.03095853514969349,0.029978476464748383,LSTM,30,2,32,0.1,0.001,32,15,100,100,val_loss
49,0.031775958836078644,0.030244050547480583,0.13025321066379547,0.11846369504928589,0.031775958836078644,0.030244050547480583,LSTM,30,2,32,0.1,0.001,32,15,100,100,val_loss
50,0.030296627432107925,0.02973553165793419,0.12819738686084747,0.11705587059259415,0.030296627432107925,0.02973553165793419,LSTM,30,2,32,0.1,0.001,32,15,100,100,val_loss
51,0.0310687143355608,0.031098801642656326,0.1278287023305893,0.11960843950510025,0.0310687143355608,0.031098801642656326,LSTM,30,2,32,0.1,0.001,32,15,100,100,val_loss
52,0.03023022599518299,0.031203633174300194,0.12802214920520782,0.11965961754322052,0.03023022599518299,0.031203633174300194,LSTM,30,2,32,0.1,0.001,32,15,100,100,val_loss
53,0.030294643715023994,0.030375506728887558,0.1282838135957718,0.11715666949748993,0.030294643715023994,0.030375506728887558,LSTM,30,2,32,0.1,0.001,32,15,100,100,val_loss
54,0.030588924884796143,0.02926499769091606,0.12824273109436035,0.1163710206747055,0.030588924884796143,0.02926499769091606,LSTM,30,2,32,0.1,0.001,32,15,100,100,val_loss
55,0.030347641557455063,0.030158309265971184,0.12743689119815826,0.11679984629154205,0.030347641557455063,0.030158309265971184,LSTM,30,2,32,0.1,0.001,32,15,100,100,val_loss
56,0.029848307371139526,0.029895326122641563,0.1262366622686386,0.11626824736595154,0.029848307371139526,0.029895326122641563,LSTM,30,2,32,0.1,0.001,32,15,100,100,val_loss
57,0.028890885412693024,0.03045298345386982,0.12340846657752991,0.11771401762962341,0.028890885412693024,0.03045298345386982,LSTM,30,2,32,0.1,0.001,32,15,100,100,val_loss
58,0.030042696744203568,0.03176908940076828,0.12733642756938934,0.12199624627828598,0.030042696744203568,0.03176908940076828,LSTM,30,2,32,0.1,0.001,32,15,100,100,val_loss
59,0.029756078496575356,0.030425187200307846,0.12658940255641937,0.11659765243530273,0.029756078496575356,0.030425187200307846,LSTM,30,2,32,0.1,0.001,32,15,100,100,val_loss
60,0.029351036995649338,0.02839776687324047,0.1256539225578308,0.11382579803466797,0.029351036995649338,0.02839776687324047,LSTM,30,2,32,0.1,0.001,32,15,100,100,val_loss
61,0.02888268604874611,0.02907036617398262,0.125673308968544,0.11516153812408447,0.02888268604874611,0.02907036617398262,LSTM,30,2,32,0.1,0.001,32,15,100,100,val_loss
62,0.028896521776914597,0.028641166165471077,0.12421789020299911,0.11369787901639938,0.028896521776914597,0.028641166165471077,LSTM,30,2,32,0.1,0.001,32,15,100,100,val_loss
63,0.02816976048052311,0.029872138053178787,0.12289513647556305,0.11499437689781189,0.02816976048052311,0.029872138053178787,LSTM,30,2,32,0.1,0.001,32,15,100,100,val_loss
64,0.02767237275838852,0.029192151501774788,0.12174282222986221,0.11423143744468689,0.02767237275838852,0.029192151501774788,LSTM,30,2,32,0.1,0.001,32,15,100,100,val_loss
65,0.027204763144254684,0.028327282518148422,0.12119905650615692,0.11276490241289139,0.027204763144254684,0.028327282518148422,LSTM,30,2,32,0.1,0.001,32,15,100,100,val_loss
66,0.028033947572112083,0.02856322005391121,0.12202375382184982,0.11362786591053009,0.028033947572112083,0.02856322005391121,LSTM,30,2,32,0.1,0.001,32,15,100,100,val_loss
67,0.027877535670995712,0.028629377484321594,0.12296538800001144,0.11394359171390533,0.027877535670995712,0.028629377484321594,LSTM,30,2,32,0.1,0.001,32,15,100,100,val_loss
68,0.026641884818673134,0.028100403025746346,0.11925757676362991,0.11248549818992615,0.026641884818673134,0.028100403025746346,LSTM,30,2,32,0.1,0.001,32,15,100,100,val_loss
69,0.02765733376145363,0.02936512976884842,0.1206745132803917,0.11312714219093323,0.02765733376145363,0.02936512976884842,LSTM,30,2,32,0.1,0.001,32,15,100,100,val_loss
70,0.027754107490181923,0.028278756886720657,0.1221785619854927,0.11223839223384857,0.027754107490181923,0.028278756886720657,LSTM,30,2,32,0.1,0.001,32,15,100,100,val_loss
71,0.027877088636159897,0.02825433947145939,0.12237022817134857,0.11242391169071198,0.027877088636159897,0.02825433947145939,LSTM,30,2,32,0.1,0.001,32,15,100,100,val_loss
72,0.027612578123807907,0.028799843043088913,0.12037752568721771,0.11268950253725052,0.027612578123807907,0.028799843043088913,LSTM,30,2,32,0.1,0.001,32,15,100,100,val_loss
73,0.02728068269789219,0.027491629123687744,0.11908376216888428,0.11058410257101059,0.02728068269789219,0.027491629123687744,LSTM,30,2,32,0.1,0.001,32,15,100,100,val_loss
74,0.0272781141102314,0.02803247608244419,0.12050637602806091,0.11070061475038528,0.0272781141102314,0.02803247608244419,LSTM,30,2,32,0.1,0.001,32,15,100,100,val_loss
75,0.0265644621104002,0.02870880253612995,0.1184239313006401,0.11266705393791199,0.0265644621104002,0.02870880253612995,LSTM,30,2,32,0.1,0.001,32,15,100,100,val_loss
76,0.02575092203915119,0.028064517304301262,0.11804614216089249,0.1111808568239212,0.02575092203915119,0.028064517304301262,LSTM,30,2,32,0.1,0.001,32,15,100,100,val_loss
77,0.02694661356508732,0.028500206768512726,0.12065325677394867,0.11189357936382294,0.02694661356508732,0.028500206768512726,LSTM,30,2,32,0.1,0.001,32,15,100,100,val_loss
78,0.026253553107380867,0.027996033430099487,0.11852619051933289,0.11032078415155411,0.026253553107380867,0.027996033430099487,LSTM,30,2,32,0.1,0.001,32,15,100,100,val_loss
79,0.027259964495897293,0.027909012511372566,0.12032357603311539,0.10966359823942184,0.027259964495897293,0.027909012511372566,LSTM,30,2,32,0.1,0.001,32,15,100,100,val_loss
80,0.02544059231877327,0.028484603390097618,0.11603882163763046,0.11117082089185715,0.02544059231877327,0.028484603390097618,LSTM,30,2,32,0.1,0.001,32,15,100,100,val_loss
81,0.026489799842238426,0.0279241930693388,0.11824973672628403,0.10911427438259125,0.026489799842238426,0.0279241930693388,LSTM,30,2,32,0.1,0.001,32,15,100,100,val_loss
82,0.026359179988503456,0.028025126084685326,0.11855734884738922,0.10973329097032547,0.026359179988503456,0.028025126084685326,LSTM,30,2,32,0.1,0.001,32,15,100,100,val_loss
83,0.02678612805902958,0.027477435767650604,0.11992671340703964,0.11057088524103165,0.02678612805902958,0.027477435767650604,LSTM,30,2,32,0.1,0.001,32,15,100,100,val_loss
84,0.02754245512187481,0.02738065831363201,0.12071584165096283,0.10932090878486633,0.02754245512187481,0.02738065831363201,LSTM,30,2,32,0.1,0.001,32,15,100,100,val_loss
85,0.02567911148071289,0.027999356389045715,0.11665406078100204,0.10958316177129745,0.02567911148071289,0.027999356389045715,LSTM,30,2,32,0.1,0.001,32,15,100,100,val_loss
86,0.02650297060608864,0.027942057698965073,0.11967087537050247,0.10961229354143143,0.02650297060608864,0.027942057698965073,LSTM,30,2,32,0.1,0.001,32,15,100,100,val_loss
87,0.025257103145122528,0.027075137943029404,0.11673291772603989,0.10822489112615585,0.025257103145122528,0.027075137943029404,LSTM,30,2,32,0.1,0.001,32,15,100,100,val_loss
88,0.02469574473798275,0.026497704908251762,0.11455591022968292,0.10815143585205078,0.02469574473798275,0.026497704908251762,LSTM,30,2,32,0.1,0.001,32,15,100,100,val_loss
89,0.02487773634493351,0.026926837861537933,0.11541272699832916,0.1075609102845192,0.02487773634493351,0.026926837861537933,LSTM,30,2,32,0.1,0.001,32,15,100,100,val_loss
90,0.025037122890353203,0.026806939393281937,0.11443690210580826,0.10689736902713776,0.025037122890353203,0.026806939393281937,LSTM,30,2,32,0.1,0.001,32,15,100,100,val_loss
91,0.02567996270954609,0.027747564017772675,0.11689598858356476,0.10843351483345032,0.02567996270954609,0.027747564017772675,LSTM,30,2,32,0.1,0.001,32,15,100,100,val_loss
92,0.02355564944446087,0.026864878833293915,0.11223436146974564,0.10689983516931534,0.02355564944446087,0.026864878833293915,LSTM,30,2,32,0.1,0.001,32,15,100,100,val_loss
93,0.025142043828964233,0.026874041184782982,0.11636823415756226,0.10684717446565628,0.025142043828964233,0.026874041184782982,LSTM,30,2,32,0.1,0.001,32,15,100,100,val_loss
94,0.024976473301649094,0.027033207938075066,0.11480138450860977,0.10680557787418365,0.024976473301649094,0.027033207938075066,LSTM,30,2,32,0.1,0.001,32,15,100,100,val_loss
95,0.024635037407279015,0.026174960657954216,0.1140604168176651,0.1071411594748497,0.024635037407279015,0.026174960657954216,LSTM,30,2,32,0.1,0.001,32,15,100,100,val_loss
96,0.02419569157063961,0.02628013677895069,0.11259099096059799,0.10751476138830185,0.02419569157063961,0.02628013677895069,LSTM,30,2,32,0.1,0.001,32,15,100,100,val_loss
97,0.024763189256191254,0.02613700181245804,0.11455636471509933,0.10613081604242325,0.024763189256191254,0.02613700181245804,LSTM,30,2,32,0.1,0.001,32,15,100,100,val_loss
98,0.024812230840325356,0.026860086247324944,0.11478545516729355,0.1070365458726883,0.024812230840325356,0.026860086247324944,LSTM,30,2,32,0.1,0.001,32,15,100,100,val_loss
99,0.024855412542819977,0.028887925669550896,0.11541713774204254,0.10914795845746994,0.024855412542819977,0.028887925669550896,LSTM,30,2,32,0.1,0.001,32,15,100,100,val_loss
100,0.0251522958278656,0.02650882862508297,0.11600599437952042,0.10569643974304199,0.0251522958278656,0.02650882862508297,LSTM,30,2,32,0.1,0.001,32,15,100,100,val_loss
1,0.6632588505744934,0.3722466230392456,0.6374955177307129,0.469894140958786,0.6632588505744934,0.3722466230392456,LSTM,30,3,32,0.1,0.001,32,15,100,77,val_loss
2,0.27023521065711975,0.12728384137153625,0.40053248405456543,0.26727914810180664,0.27023521065711975,0.12728384137153625,LSTM,30,3,32,0.1,0.001,32,15,100,77,val_loss
3,0.1271786242723465,0.07349907606840134,0.26867416501045227,0.20754382014274597,0.1271786242723465,0.07349907606840134,LSTM,30,3,32,0.1,0.001,32,15,100,77,val_loss
4,0.08450307697057724,0.058575671166181564,0.22013500332832336,0.18367435038089752,0.08450307697057724,0.058575671166181564,LSTM,30,3,32,0.1,0.001,32,15,100,77,val_loss
5,0.07508344203233719,0.05116976425051689,0.2057727724313736,0.1722099781036377,0.07508344203233719,0.05116976425051689,LSTM,30,3,32,0.1,0.001,32,15,100,77,val_loss
6,0.06717567145824432,0.0472455732524395,0.19615942239761353,0.16389819979667664,0.06717567145824432,0.0472455732524395,LSTM,30,3,32,0.1,0.001,32,15,100,77,val_loss
7,0.05995027720928192,0.04568197950720787,0.18538005650043488,0.15905340015888214,0.05995027720928192,0.04568197950720787,LSTM,30,3,32,0.1,0.001,32,15,100,77,val_loss
8,0.05635147914290428,0.04407082870602608,0.17846564948558807,0.15590763092041016,0.05635147914290428,0.04407082870602608,LSTM,30,3,32,0.1,0.001,32,15,100,77,val_loss
9,0.05391804128885269,0.0429106242954731,0.17480704188346863,0.15239951014518738,0.05391804128885269,0.0429106242954731,LSTM,30,3,32,0.1,0.001,32,15,100,77,val_loss
10,0.05363951250910759,0.04173552989959717,0.17405417561531067,0.1508154273033142,0.05363951250910759,0.04173552989959717,LSTM,30,3,32,0.1,0.001,32,15,100,77,val_loss
11,0.05277017131447792,0.04057975858449936,0.17138807475566864,0.14776065945625305,0.05277017131447792,0.04057975858449936,LSTM,30,3,32,0.1,0.001,32,15,100,77,val_loss
12,0.05007476732134819,0.04026712849736214,0.16728495061397552,0.14810492098331451,0.05007476732134819,0.04026712849736214,LSTM,30,3,32,0.1,0.001,32,15,100,77,val_loss
13,0.04745841771364212,0.03908763825893402,0.16261132061481476,0.14281243085861206,0.04745841771364212,0.03908763825893402,LSTM,30,3,32,0.1,0.001,32,15,100,77,val_loss
14,0.04844124615192413,0.03900964558124542,0.16456137597560883,0.1429472416639328,0.04844124615192413,0.03900964558124542,LSTM,30,3,32,0.1,0.001,32,15,100,77,val_loss
15,0.04647749289870262,0.038544319570064545,0.16164427995681763,0.14066091179847717,0.04647749289870262,0.038544319570064545,LSTM,30,3,32,0.1,0.001,32,15,100,77,val_loss
16,0.04607804864645004,0.03774634748697281,0.15977290272712708,0.1398322433233261,0.04607804864645004,0.03774634748697281,LSTM,30,3,32,0.1,0.001,32,15,100,77,val_loss
17,0.044167470186948776,0.03692527487874031,0.15633980929851532,0.13748915493488312,0.044167470186948776,0.03692527487874031,LSTM,30,3,32,0.1,0.001,32,15,100,77,val_loss
18,0.042326658964157104,0.03785271942615509,0.1536627858877182,0.13723857700824738,0.042326658964157104,0.03785271942615509,LSTM,30,3,32,0.1,0.001,32,15,100,77,val_loss
19,0.04014216363430023,0.03609054163098335,0.14956742525100708,0.13528917729854584,0.04014216363430023,0.03609054163098335,LSTM,30,3,32,0.1,0.001,32,15,100,77,val_loss
20,0.04147499427199364,0.03587416186928749,0.15103089809417725,0.13361883163452148,0.04147499427199364,0.03587416186928749,LSTM,30,3,32,0.1,0.001,32,15,100,77,val_loss
21,0.04127756133675575,0.035772182047367096,0.1504974216222763,0.13282987475395203,0.04127756133675575,0.035772182047367096,LSTM,30,3,32,0.1,0.001,32,15,100,77,val_loss
22,0.03986171633005142,0.03487133979797363,0.14863711595535278,0.1312788426876068,0.03986171633005142,0.03487133979797363,LSTM,30,3,32,0.1,0.001,32,15,100,77,val_loss
23,0.038803864270448685,0.03502095490694046,0.1457555592060089,0.13049475848674774,0.038803864270448685,0.03502095490694046,LSTM,30,3,32,0.1,0.001,32,15,100,77,val_loss
24,0.03768639266490936,0.033688608556985855,0.14417703449726105,0.12789039313793182,0.03768639266490936,0.033688608556985855,LSTM,30,3,32,0.1,0.001,32,15,100,77,val_loss
25,0.037692368030548096,0.03404462710022926,0.14274680614471436,0.12797148525714874,0.037692368030548096,0.03404462710022926,LSTM,30,3,32,0.1,0.001,32,15,100,77,val_loss
26,0.03823011741042137,0.0341547355055809,0.1442052572965622,0.1279054582118988,0.03823011741042137,0.0341547355055809,LSTM,30,3,32,0.1,0.001,32,15,100,77,val_loss
27,0.03612548112869263,0.033566322177648544,0.13997472822666168,0.1266658753156662,0.03612548112869263,0.033566322177648544,LSTM,30,3,32,0.1,0.001,32,15,100,77,val_loss
28,0.037470489740371704,0.03364299237728119,0.1429174691438675,0.12605811655521393,0.037470489740371704,0.03364299237728119,LSTM,30,3,32,0.1,0.001,32,15,100,77,val_loss
29,0.03685131296515465,0.03357914462685585,0.14163026213645935,0.12626264989376068,0.03685131296515465,0.03357914462685585,LSTM,30,3,32,0.1,0.001,32,15,100,77,val_loss
30,0.035806357860565186,0.03247902914881706,0.13997986912727356,0.1237119808793068,0.035806357860565186,0.03247902914881706,LSTM,30,3,32,0.1,0.001,32,15,100,77,val_loss
31,0.034180980175733566,0.03226631134748459,0.13577698171138763,0.12308026105165482,0.034180980175733566,0.03226631134748459,LSTM,30,3,32,0.1,0.001,32,15,100,77,val_loss
32,0.034773871302604675,0.03169754520058632,0.1384154111146927,0.12300457060337067,0.034773871302604675,0.03169754520058632,LSTM,30,3,32,0.1,0.001,32,15,100,77,val_loss
33,0.03294173628091812,0.03188839182257652,0.13346654176712036,0.12196992337703705,0.03294173628091812,0.03188839182257652,LSTM,30,3,32,0.1,0.001,32,15,100,77,val_loss
34,0.0333196222782135,0.031634535640478134,0.1339399665594101,0.12174728512763977,0.0333196222782135,0.031634535640478134,LSTM,30,3,32,0.1,0.001,32,15,100,77,val_loss
35,0.03379363566637039,0.031649813055992126,0.13480490446090698,0.1220519095659256,0.03379363566637039,0.031649813055992126,LSTM,30,3,32,0.1,0.001,32,15,100,77,val_loss
36,0.03306475281715393,0.031257372349500656,0.1335001289844513,0.12081629782915115,0.03306475281715393,0.031257372349500656,LSTM,30,3,32,0.1,0.001,32,15,100,77,val_loss
37,0.033248282968997955,0.030613571405410767,0.13485054671764374,0.11919163167476654,0.033248282968997955,0.030613571405410767,LSTM,30,3,32,0.1,0.001,32,15,100,77,val_loss
38,0.03215065971016884,0.03130662441253662,0.13051901757717133,0.12054231017827988,0.03215065971016884,0.03130662441253662,LSTM,30,3,32,0.1,0.001,32,15,100,77,val_loss
39,0.0330485999584198,0.0306274201720953,0.13297447562217712,0.11889705061912537,0.0330485999584198,0.0306274201720953,LSTM,30,3,32,0.1,0.001,32,15,100,77,val_loss
40,0.033363766968250275,0.030154358595609665,0.13339918851852417,0.11827065050601959,0.033363766968250275,0.030154358595609665,LSTM,30,3,32,0.1,0.001,32,15,100,77,val_loss
41,0.032113414257764816,0.030139349400997162,0.13148534297943115,0.11813214421272278,0.032113414257764816,0.030139349400997162,LSTM,30,3,32,0.1,0.001,32,15,100,77,val_loss
42,0.03178652748465538,0.030113812536001205,0.12993094325065613,0.11803369224071503,0.03178652748465538,0.030113812536001205,LSTM,30,3,32,0.1,0.001,32,15,100,77,val_loss
43,0.03099551610648632,0.030499303713440895,0.1292410045862198,0.11806056648492813,0.03099551610648632,0.030499303713440895,LSTM,30,3,32,0.1,0.001,32,15,100,77,val_loss
44,0.031052615493535995,0.030627790838479996,0.128037691116333,0.11920038610696793,0.031052615493535995,0.030627790838479996,LSTM,30,3,32,0.1,0.001,32,15,100,77,val_loss
45,0.03203563764691353,0.030761843547225,0.1308182328939438,0.11892282962799072,0.03203563764691353,0.030761843547225,LSTM,30,3,32,0.1,0.001,32,15,100,77,val_loss
46,0.03181566670536995,0.031124912202358246,0.12979412078857422,0.11939182132482529,0.03181566670536995,0.031124912202358246,LSTM,30,3,32,0.1,0.001,32,15,100,77,val_loss
47,0.03128715232014656,0.029819592833518982,0.12954455614089966,0.11708436906337738,0.03128715232014656,0.029819592833518982,LSTM,30,3,32,0.1,0.001,32,15,100,77,val_loss
48,0.029157178476452827,0.029452743008732796,0.124405637383461,0.11644960939884186,0.029157178476452827,0.029452743008732796,LSTM,30,3,32,0.1,0.001,32,15,100,77,val_loss
49,0.030452964827418327,0.030598942190408707,0.1270245611667633,0.11779598891735077,0.030452964827418327,0.030598942190408707,LSTM,30,3,32,0.1,0.001,32,15,100,77,val_loss
50,0.03031744621694088,0.03081711009144783,0.1272016316652298,0.11900302022695541,0.03031744621694088,0.03081711009144783,LSTM,30,3,32,0.1,0.001,32,15,100,77,val_loss
51,0.030311796814203262,0.029813110828399658,0.1266964077949524,0.11736252903938293,0.030311796814203262,0.029813110828399658,LSTM,30,3,32,0.1,0.001,32,15,100,77,val_loss
52,0.03083961084485054,0.029605256393551826,0.12766490876674652,0.11775194108486176,0.03083961084485054,0.029605256393551826,LSTM,30,3,32,0.1,0.001,32,15,100,77,val_loss
53,0.031009111553430557,0.031047264114022255,0.12815485894680023,0.12153170257806778,0.031009111553430557,0.031047264114022255,LSTM,30,3,32,0.1,0.001,32,15,100,77,val_loss
54,0.02936597913503647,0.029436537995934486,0.12537993490695953,0.11731649190187454,0.02936597913503647,0.029436537995934486,LSTM,30,3,32,0.1,0.001,32,15,100,77,val_loss
55,0.029765797778964043,0.0285947285592556,0.1260489821434021,0.11432216316461563,0.029765797778964043,0.0285947285592556,LSTM,30,3,32,0.1,0.001,32,15,100,77,val_loss
56,0.028845051303505898,0.03084341064095497,0.12319684028625488,0.11996787786483765,0.028845051303505898,0.03084341064095497,LSTM,30,3,32,0.1,0.001,32,15,100,77,val_loss
57,0.02936748042702675,0.03021566942334175,0.1245257630944252,0.11724883317947388,0.02936748042702675,0.03021566942334175,LSTM,30,3,32,0.1,0.001,32,15,100,77,val_loss
58,0.028063064441084862,0.029816430062055588,0.12301957607269287,0.11585280299186707,0.028063064441084862,0.029816430062055588,LSTM,30,3,32,0.1,0.001,32,15,100,77,val_loss
59,0.028270158916711807,0.029337136074900627,0.12155159562826157,0.11505956947803497,0.028270158916711807,0.029337136074900627,LSTM,30,3,32,0.1,0.001,32,15,100,77,val_loss
60,0.029574735090136528,0.028820395469665527,0.1242021918296814,0.11414290964603424,0.029574735090136528,0.028820395469665527,LSTM,30,3,32,0.1,0.001,32,15,100,77,val_loss
61,0.02909461036324501,0.02922486513853073,0.12310376763343811,0.11548011749982834,0.02909461036324501,0.02922486513853073,LSTM,30,3,32,0.1,0.001,32,15,100,77,val_loss
62,0.028392363339662552,0.028435224667191505,0.12312310189008713,0.11392728239297867,0.028392363339662552,0.028435224667191505,LSTM,30,3,32,0.1,0.001,32,15,100,77,val_loss
63,0.028545992448925972,0.02943732775747776,0.12406693398952484,0.11578873544931412,0.028545992448925972,0.02943732775747776,LSTM,30,3,32,0.1,0.001,32,15,100,77,val_loss
64,0.029467325657606125,0.028811156749725342,0.12400160729885101,0.11453408002853394,0.029467325657606125,0.028811156749725342,LSTM,30,3,32,0.1,0.001,32,15,100,77,val_loss
65,0.028918765485286713,0.02957475744187832,0.12306481599807739,0.11629952490329742,0.028918765485286713,0.02957475744187832,LSTM,30,3,32,0.1,0.001,32,15,100,77,val_loss
66,0.028713831678032875,0.02906135283410549,0.12268079817295074,0.11348514258861542,0.028713831678032875,0.02906135283410549,LSTM,30,3,32,0.1,0.001,32,15,100,77,val_loss
67,0.02867841348052025,0.030274057760834694,0.1228141263127327,0.11666709929704666,0.02867841348052025,0.030274057760834694,LSTM,30,3,32,0.1,0.001,32,15,100,77,val_loss
68,0.02732394076883793,0.030344389379024506,0.12016526609659195,0.11615690588951111,0.02732394076883793,0.030344389379024506,LSTM,30,3,32,0.1,0.001,32,15,100,77,val_loss
69,0.0272845309227705,0.028982166200876236,0.11973190307617188,0.11280903965234756,0.0272845309227705,0.028982166200876236,LSTM,30,3,32,0.1,0.001,32,15,100,77,val_loss
70,0.027341416105628014,0.030070321634411812,0.11909567564725876,0.11415611207485199,0.027341416105628014,0.030070321634411812,LSTM,30,3,32,0.1,0.001,32,15,100,77,val_loss
71,0.027607697993516922,0.030971983447670937,0.12177740782499313,0.11593987047672272,0.027607697993516922,0.030971983447670937,LSTM,30,3,32,0.1,0.001,32,15,100,77,val_loss
72,0.027870800346136093,0.030960850417613983,0.12038616091012955,0.12107830494642258,0.027870800346136093,0.030960850417613983,LSTM,30,3,32,0.1,0.001,32,15,100,77,val_loss
73,0.0272141732275486,0.029528243467211723,0.11980394273996353,0.11507650464773178,0.0272141732275486,0.029528243467211723,LSTM,30,3,32,0.1,0.001,32,15,100,77,val_loss
74,0.027835745364427567,0.030478620901703835,0.12122366577386856,0.11767728626728058,0.027835745364427567,0.030478620901703835,LSTM,30,3,32,0.1,0.001,32,15,100,77,val_loss
75,0.02667461521923542,0.028570296242833138,0.11919423192739487,0.11169956624507904,0.02667461521923542,0.028570296242833138,LSTM,30,3,32,0.1,0.001,32,15,100,77,val_loss
76,0.026554061099886894,0.02973129414021969,0.11874601989984512,0.11599750071763992,0.026554061099886894,0.02973129414021969,LSTM,30,3,32,0.1,0.001,32,15,100,77,val_loss
77,0.02608414739370346,0.02923600748181343,0.11805303394794464,0.11292573809623718,0.02608414739370346,0.02923600748181343,LSTM,30,3,32,0.1,0.001,32,15,100,77,val_loss
1,0.6497436165809631,0.33708518743515015,0.6424673199653625,0.4557994604110718,0.6497436165809631,0.33708518743515015,LSTM,30,4,32,0.1,0.001,32,15,100,95,val_loss
2,0.2223133146762848,0.15386635065078735,0.3605985939502716,0.30660873651504517,0.2223133146762848,0.15386635065078735,LSTM,30,4,32,0.1,0.001,32,15,100,95,val_loss
3,0.11409395188093185,0.08833534270524979,0.2560579478740692,0.2281750738620758,0.11409395188093185,0.08833534270524979,LSTM,30,4,32,0.1,0.001,32,15,100,95,val_loss
4,0.08977761119604111,0.07037324458360672,0.22866955399513245,0.2005646973848343,0.08977761119604111,0.07037324458360672,LSTM,30,4,32,0.1,0.001,32,15,100,95,val_loss
5,0.07603070139884949,0.06191518157720566,0.2107742726802826,0.1861981302499771,0.07603070139884949,0.06191518157720566,LSTM,30,4,32,0.1,0.001,32,15,100,95,val_loss
6,0.07134679704904556,0.0550525076687336,0.20298615097999573,0.1741943508386612,0.07134679704904556,0.0550525076687336,LSTM,30,4,32,0.1,0.001,32,15,100,95,val_loss
7,0.06533075869083405,0.05158329755067825,0.19333317875862122,0.16791732609272003,0.06533075869083405,0.05158329755067825,LSTM,30,4,32,0.1,0.001,32,15,100,95,val_loss
8,0.06233876198530197,0.0491071380674839,0.1884247362613678,0.16340939700603485,0.06233876198530197,0.0491071380674839,LSTM,30,4,32,0.1,0.001,32,15,100,95,val_loss
9,0.06023039296269417,0.046981532126665115,0.18570064008235931,0.15928520262241364,0.06023039296269417,0.046981532126665115,LSTM,30,4,32,0.1,0.001,32,15,100,95,val_loss
10,0.056970518082380295,0.04643872752785683,0.17905889451503754,0.15834468603134155,0.056970518082380295,0.04643872752785683,LSTM,30,4,32,0.1,0.001,32,15,100,95,val_loss
11,0.05636460334062576,0.04449445754289627,0.17829562723636627,0.15443085134029388,0.05636460334062576,0.04449445754289627,LSTM,30,4,32,0.1,0.001,32,15,100,95,val_loss
12,0.05448538064956665,0.043150827288627625,0.17428076267242432,0.15175148844718933,0.05448538064956665,0.043150827288627625,LSTM,30,4,32,0.1,0.001,32,15,100,95,val_loss
13,0.05546823516488075,0.042295705527067184,0.17513512074947357,0.1504911184310913,0.05546823516488075,0.042295705527067184,LSTM,30,4,32,0.1,0.001,32,15,100,95,val_loss
14,0.05299558490514755,0.04194728285074234,0.1733129918575287,0.149263396859169,0.05299558490514755,0.04194728285074234,LSTM,30,4,32,0.1,0.001,32,15,100,95,val_loss
15,0.05286745727062225,0.04223569110035896,0.1724577397108078,0.14993947744369507,0.05286745727062225,0.04223569110035896,LSTM,30,4,32,0.1,0.001,32,15,100,95,val_loss
16,0.052729252725839615,0.041279904544353485,0.17133118212223053,0.1472555249929428,0.052729252725839615,0.041279904544353485,LSTM,30,4,32,0.1,0.001,32,15,100,95,val_loss
17,0.05076068639755249,0.04040861129760742,0.1679273545742035,0.14495517313480377,0.05076068639755249,0.04040861129760742,LSTM,30,4,32,0.1,0.001,32,15,100,95,val_loss
18,0.051548369228839874,0.04001694172620773,0.16937068104743958,0.14454323053359985,0.051548369228839874,0.04001694172620773,LSTM,30,4,32,0.1,0.001,32,15,100,95,val_loss
19,0.049770236015319824,0.04066142812371254,0.16697709262371063,0.14542579650878906,0.049770236015319824,0.04066142812371254,LSTM,30,4,32,0.1,0.001,32,15,100,95,val_loss
20,0.047625571489334106,0.03889481723308563,0.16390514373779297,0.14047867059707642,0.047625571489334106,0.03889481723308563,LSTM,30,4,32,0.1,0.001,32,15,100,95,val_loss
21,0.04836799204349518,0.04020591452717781,0.16558431088924408,0.14421987533569336,0.04836799204349518,0.04020591452717781,LSTM,30,4,32,0.1,0.001,32,15,100,95,val_loss
22,0.048697639256715775,0.03891357406973839,0.16424301266670227,0.1413373053073883,0.048697639256715775,0.03891357406973839,LSTM,30,4,32,0.1,0.001,32,15,100,95,val_loss
23,0.04692238196730614,0.03874291107058525,0.16213397681713104,0.14060044288635254,0.04692238196730614,0.03874291107058525,LSTM,30,4,32,0.1,0.001,32,15,100,95,val_loss
24,0.046428292989730835,0.03849008306860924,0.16102835536003113,0.14000000059604645,0.046428292989730835,0.03849008306860924,LSTM,30,4,32,0.1,0.001,32,15,100,95,val_loss
25,0.04420355334877968,0.0377197265625,0.15700645744800568,0.13914091885089874,0.04420355334877968,0.0377197265625,LSTM,30,4,32,0.1,0.001,32,15,100,95,val_loss
26,0.044675711542367935,0.03668217733502388,0.1576630175113678,0.1352832168340683,0.044675711542367935,0.03668217733502388,LSTM,30,4,32,0.1,0.001,32,15,100,95,val_loss
27,0.046454478055238724,0.03710758686065674,0.15911640226840973,0.13751797378063202,0.046454478055238724,0.03710758686065674,LSTM,30,4,32,0.1,0.001,32,15,100,95,val_loss
28,0.043929051607847214,0.03758442401885986,0.15556064248085022,0.13631020486354828,0.043929051607847214,0.03758442401885986,LSTM,30,4,32,0.1,0.001,32,15,100,95,val_loss
29,0.044042643159627914,0.03767675161361694,0.15619158744812012,0.13828516006469727,0.044042643159627914,0.03767675161361694,LSTM,30,4,32,0.1,0.001,32,15,100,95,val_loss
30,0.042550865560770035,0.035678114742040634,0.15286456048488617,0.13329535722732544,0.042550865560770035,0.035678114742040634,LSTM,30,4,32,0.1,0.001,32,15,100,95,val_loss
31,0.041864532977342606,0.0358552411198616,0.15121284127235413,0.13230624794960022,0.041864532977342606,0.0358552411198616,LSTM,30,4,32,0.1,0.001,32,15,100,95,val_loss
32,0.042632460594177246,0.03664055094122887,0.1527654379606247,0.13391903042793274,0.042632460594177246,0.03664055094122887,LSTM,30,4,32,0.1,0.001,32,15,100,95,val_loss
33,0.04339935630559921,0.03704437240958214,0.15373264253139496,0.13477100431919098,0.04339935630559921,0.03704437240958214,LSTM,30,4,32,0.1,0.001,32,15,100,95,val_loss
34,0.04093224182724953,0.0355135053396225,0.14844104647636414,0.13150736689567566,0.04093224182724953,0.0355135053396225,LSTM,30,4,32,0.1,0.001,32,15,100,95,val_loss
35,0.039936672896146774,0.03584539517760277,0.1493215560913086,0.13146492838859558,0.039936672896146774,0.03584539517760277,LSTM,30,4,32,0.1,0.001,32,15,100,95,val_loss
36,0.041088368743658066,0.03648028150200844,0.14962509274482727,0.1333208680152893,0.041088368743658066,0.03648028150200844,LSTM,30,4,32,0.1,0.001,32,15,100,95,val_loss
37,0.04105769470334053,0.03447490930557251,0.14914168417453766,0.12889841198921204,0.04105769470334053,0.03447490930557251,LSTM,30,4,32,0.1,0.001,32,15,100,95,val_loss
38,0.03854134678840637,0.03562268987298012,0.14407770335674286,0.1303432434797287,0.03854134678840637,0.03562268987298012,LSTM,30,4,32,0.1,0.001,32,15,100,95,val_loss
39,0.03778374567627907,0.03578326478600502,0.14378179609775543,0.13157802820205688,0.03778374567627907,0.03578326478600502,LSTM,30,4,32,0.1,0.001,32,15,100,95,val_loss
40,0.038875773549079895,0.03608641400933266,0.14454342424869537,0.1327824592590332,0.038875773549079895,0.03608641400933266,LSTM,30,4,32,0.1,0.001,32,15,100,95,val_loss
41,0.039046745747327805,0.034178610891103745,0.14533187448978424,0.12809035181999207,0.039046745747327805,0.034178610891103745,LSTM,30,4,32,0.1,0.001,32,15,100,95,val_loss
42,0.039160411804914474,0.035801660269498825,0.14468339085578918,0.13134409487247467,0.039160411804914474,0.035801660269498825,LSTM,30,4,32,0.1,0.001,32,15,100,95,val_loss
43,0.03904587775468826,0.03397556021809578,0.14534594118595123,0.127751886844635,0.03904587775468826,0.03397556021809578,LSTM,30,4,32,0.1,0.001,32,15,100,95,val_loss
44,0.03791587054729462,0.03418128564953804,0.14358259737491608,0.12730923295021057,0.03791587054729462,0.03418128564953804,LSTM,30,4,32,0.1,0.001,32,15,100,95,val_loss
45,0.03783196583390236,0.03510185703635216,0.1411847323179245,0.12878727912902832,0.03783196583390236,0.03510185703635216,LSTM,30,4,32,0.1,0.001,32,15,100,95,val_loss
46,0.03727240487933159,0.03473460674285889,0.14080843329429626,0.1280115693807602,0.03727240487933159,0.03473460674285889,LSTM,30,4,32,0.1,0.001,32,15,100,95,val_loss
47,0.037090156227350235,0.0354851670563221,0.1408017873764038,0.13038340210914612,0.037090156227350235,0.0354851670563221,LSTM,30,4,32,0.1,0.001,32,15,100,95,val_loss
48,0.03661409765481949,0.03390320762991905,0.14001038670539856,0.1258203685283661,0.03661409765481949,0.03390320762991905,LSTM,30,4,32,0.1,0.001,32,15,100,95,val_loss
49,0.0348518043756485,0.03615179657936096,0.13628937304019928,0.1308566927909851,0.0348518043756485,0.03615179657936096,LSTM,30,4,32,0.1,0.001,32,15,100,95,val_loss
50,0.03648309037089348,0.03454877436161041,0.1391068696975708,0.126196026802063,0.03648309037089348,0.03454877436161041,LSTM,30,4,32,0.1,0.001,32,15,100,95,val_loss
51,0.03517645224928856,0.032416049391031265,0.13732606172561646,0.12303198128938675,0.03517645224928856,0.032416049391031265,LSTM,30,4,32,0.1,0.001,32,15,100,95,val_loss
52,0.03580806031823158,0.03330498933792114,0.13732460141181946,0.12379373610019684,0.03580806031823158,0.03330498933792114,LSTM,30,4,32,0.1,0.001,32,15,100,95,val_loss
53,0.034016210585832596,0.033896833658218384,0.1343546360731125,0.12556028366088867,0.034016210585832596,0.033896833658218384,LSTM,30,4,32,0.1,0.001,32,15,100,95,val_loss
54,0.03555794432759285,0.0351870022714138,0.1367417573928833,0.1274838149547577,0.03555794432759285,0.0351870022714138,LSTM,30,4,32,0.1,0.001,32,15,100,95,val_loss
55,0.0336502306163311,0.033957310020923615,0.13348746299743652,0.12483463436365128,0.0336502306163311,0.033957310020923615,LSTM,30,4,32,0.1,0.001,32,15,100,95,val_loss
56,0.03358766436576843,0.0336032472550869,0.1340566873550415,0.12395449727773666,0.03358766436576843,0.0336032472550869,LSTM,30,4,32,0.1,0.001,32,15,100,95,val_loss
57,0.0338171124458313,0.03389739245176315,0.1343703418970108,0.12400165945291519,0.0338171124458313,0.03389739245176315,LSTM,30,4,32,0.1,0.001,32,15,100,95,val_loss
58,0.033971935510635376,0.032030291855335236,0.1334477812051773,0.12146493792533875,0.033971935510635376,0.032030291855335236,LSTM,30,4,32,0.1,0.001,32,15,100,95,val_loss
59,0.03237341344356537,0.03310156613588333,0.13121531903743744,0.12231774628162384,0.03237341344356537,0.03310156613588333,LSTM,30,4,32,0.1,0.001,32,15,100,95,val_loss
60,0.03452049195766449,0.033692605793476105,0.13497386872768402,0.12289214134216309,0.03452049195766449,0.033692605793476105,LSTM,30,4,32,0.1,0.001,32,15,100,95,val_loss
61,0.03356543928384781,0.03224589675664902,0.132639080286026,0.12180260568857193,0.03356543928384781,0.03224589675664902,LSTM,30,4,32,0.1,0.001,32,15,100,95,val_loss
62,0.0326898992061615,0.031810179352760315,0.13126879930496216,0.11950584501028061,0.0326898992061615,0.031810179352760315,LSTM,30,4,32,0.1,0.001,32,15,100,95,val_loss
63,0.03414056822657585,0.032994888722896576,0.13367271423339844,0.12204773724079132,0.03414056822657585,0.032994888722896576,LSTM,30,4,32,0.1,0.001,32,15,100,95,val_loss
64,0.03335707262158394,0.031815625727176666,0.1312207579612732,0.12072223424911499,0.03335707262158394,0.031815625727176666,LSTM,30,4,32,0.1,0.001,32,15,100,95,val_loss
65,0.031780488789081573,0.03236185759305954,0.12905731797218323,0.120253786444664,0.031780488789081573,0.03236185759305954,LSTM,30,4,32,0.1,0.001,32,15,100,95,val_loss
66,0.03173181414604187,0.03257880359888077,0.12885896861553192,0.12212368845939636,0.03173181414604187,0.03257880359888077,LSTM,30,4,32,0.1,0.001,32,15,100,95,val_loss
67,0.03300539776682854,0.031545694917440414,0.1312282681465149,0.11775514483451843,0.03300539776682854,0.031545694917440414,LSTM,30,4,32,0.1,0.001,32,15,100,95,val_loss
68,0.03132786229252815,0.034836266189813614,0.12851960957050323,0.1248726025223732,0.03132786229252815,0.034836266189813614,LSTM,30,4,32,0.1,0.001,32,15,100,95,val_loss
69,0.03317223861813545,0.03134077042341232,0.13185012340545654,0.11784348636865616,0.03317223861813545,0.03134077042341232,LSTM,30,4,32,0.1,0.001,32,15,100,95,val_loss
70,0.03054095059633255,0.03305399790406227,0.1256648749113083,0.12024884670972824,0.03054095059633255,0.03305399790406227,LSTM,30,4,32,0.1,0.001,32,15,100,95,val_loss
71,0.030674027279019356,0.033602274954319,0.12682528793811798,0.12149686366319656,0.030674027279019356,0.033602274954319,LSTM,30,4,32,0.1,0.001,32,15,100,95,val_loss
72,0.031840331852436066,0.0318061001598835,0.12821635603904724,0.11958387494087219,0.031840331852436066,0.0318061001598835,LSTM,30,4,32,0.1,0.001,32,15,100,95,val_loss
73,0.03204149380326271,0.03239162638783455,0.1293770968914032,0.11827411502599716,0.03204149380326271,0.03239162638783455,LSTM,30,4,32,0.1,0.001,32,15,100,95,val_loss
74,0.0315689817070961,0.03209330886602402,0.12845578789710999,0.11920375376939774,0.0315689817070961,0.03209330886602402,LSTM,30,4,32,0.1,0.001,32,15,100,95,val_loss
75,0.030431056395173073,0.0314122773706913,0.12715715169906616,0.11754660308361053,0.030431056395173073,0.0314122773706913,LSTM,30,4,32,0.1,0.001,32,15,100,95,val_loss
76,0.03053433448076248,0.03340110182762146,0.12660808861255646,0.12049425393342972,0.03053433448076248,0.03340110182762146,LSTM,30,4,32,0.1,0.001,32,15,100,95,val_loss
77,0.030342023819684982,0.031419627368450165,0.12535126507282257,0.11760649085044861,0.030342023819684982,0.031419627368450165,LSTM,30,4,32,0.1,0.001,32,15,100,95,val_loss
78,0.030549941584467888,0.03186282888054848,0.12523020803928375,0.11780762672424316,0.030549941584467888,0.03186282888054848,LSTM,30,4,32,0.1,0.001,32,15,100,95,val_loss
79,0.030260836705565453,0.03111482411623001,0.12469756603240967,0.11637084186077118,0.030260836705565453,0.03111482411623001,LSTM,30,4,32,0.1,0.001,32,15,100,95,val_loss
80,0.03146997466683388,0.03043990209698677,0.1270642876625061,0.1124904677271843,0.03146997466683388,0.03043990209698677,LSTM,30,4,32,0.1,0.001,32,15,100,95,val_loss
81,0.031040312722325325,0.03251883015036583,0.12545187771320343,0.11739500612020493,0.031040312722325325,0.03251883015036583,LSTM,30,4,32,0.1,0.001,32,15,100,95,val_loss
82,0.03019658662378788,0.031259406358003616,0.12454073131084442,0.11492661386728287,0.03019658662378788,0.031259406358003616,LSTM,30,4,32,0.1,0.001,32,15,100,95,val_loss
83,0.028768926858901978,0.03103206306695938,0.12239525467157364,0.11369489878416061,0.028768926858901978,0.03103206306695938,LSTM,30,4,32,0.1,0.001,32,15,100,95,val_loss
84,0.03039264678955078,0.031318120658397675,0.12440967559814453,0.11528457701206207,0.03039264678955078,0.031318120658397675,LSTM,30,4,32,0.1,0.001,32,15,100,95,val_loss
85,0.028854956850409508,0.032848261296749115,0.12126170098781586,0.11551488935947418,0.028854956850409508,0.032848261296749115,LSTM,30,4,32,0.1,0.001,32,15,100,95,val_loss
86,0.029107019305229187,0.032323870807886124,0.12233676761388779,0.116823211312294,0.029107019305229187,0.032323870807886124,LSTM,30,4,32,0.1,0.001,32,15,100,95,val_loss
87,0.029196156188845634,0.03154276683926582,0.12184595316648483,0.11523725092411041,0.029196156188845634,0.03154276683926582,LSTM,30,4,32,0.1,0.001,32,15,100,95,val_loss
88,0.029950423166155815,0.030905211344361305,0.12349055707454681,0.11293477565050125,0.029950423166155815,0.030905211344361305,LSTM,30,4,32,0.1,0.001,32,15,100,95,val_loss
89,0.028967369347810745,0.03259700909256935,0.12240324169397354,0.11821511387825012,0.028967369347810745,0.03259700909256935,LSTM,30,4,32,0.1,0.001,32,15,100,95,val_loss
90,0.029039917513728142,0.031239887699484825,0.12181774526834488,0.1123315840959549,0.029039917513728142,0.031239887699484825,LSTM,30,4,32,0.1,0.001,32,15,100,95,val_loss
91,0.0287838876247406,0.03192172572016716,0.12127338349819183,0.11363445967435837,0.0287838876247406,0.03192172572016716,LSTM,30,4,32,0.1,0.001,32,15,100,95,val_loss
92,0.029463613405823708,0.03240302950143814,0.12170280516147614,0.11537329852581024,0.029463613405823708,0.03240302950143814,LSTM,30,4,32,0.1,0.001,32,15,100,95,val_loss
93,0.029466642066836357,0.03253718093037605,0.12262214720249176,0.11650607734918594,0.029466642066836357,0.03253718093037605,LSTM,30,4,32,0.1,0.001,32,15,100,95,val_loss
94,0.028784001246094704,0.03226521983742714,0.12031427025794983,0.11568568646907806,0.028784001246094704,0.03226521983742714,LSTM,30,4,32,0.1,0.001,32,15,100,95,val_loss
95,0.02925811894237995,0.033468861132860184,0.12259580940008163,0.11808542907238007,0.02925811894237995,0.033468861132860184,LSTM,30,4,32,0.1,0.001,32,15,100,95,val_loss
1,0.8342902660369873,0.6608439683914185,0.7389435172080994,0.6647881269454956,0.8342902660369873,0.6608439683914185,LSTM,60,0,32,0.1,0.001,32,15,100,100,val_loss
2,0.5362216234207153,0.33660292625427246,0.5872592926025391,0.4589635729789734,0.5362216234207153,0.33660292625427246,LSTM,60,0,32,0.1,0.001,32,15,100,100,val_loss
3,0.30740755796432495,0.18292371928691864,0.43829771876335144,0.3300755023956299,0.30740755796432495,0.18292371928691864,LSTM,60,0,32,0.1,0.001,32,15,100,100,val_loss
4,0.19263622164726257,0.10949430614709854,0.33785712718963623,0.25325360894203186,0.19263622164726257,0.10949430614709854,LSTM,60,0,32,0.1,0.001,32,15,100,100,val_loss
5,0.12630881369113922,0.08327273279428482,0.2674488127231598,0.21558336913585663,0.12630881369113922,0.08327273279428482,LSTM,60,0,32,0.1,0.001,32,15,100,100,val_loss
6,0.0976131334900856,0.07069184631109238,0.23563674092292786,0.1991637498140335,0.0976131334900856,0.07069184631109238,LSTM,60,0,32,0.1,0.001,32,15,100,100,val_loss
7,0.08781874179840088,0.06405957788228989,0.22398576140403748,0.19065488874912262,0.08781874179840088,0.06405957788228989,LSTM,60,0,32,0.1,0.001,32,15,100,100,val_loss
8,0.08043178170919418,0.06286643445491791,0.21112844347953796,0.18637679517269135,0.08043178170919418,0.06286643445491791,LSTM,60,0,32,0.1,0.001,32,15,100,100,val_loss
9,0.07195799052715302,0.05769536271691322,0.20240992307662964,0.18016675114631653,0.07195799052715302,0.05769536271691322,LSTM,60,0,32,0.1,0.001,32,15,100,100,val_loss
10,0.0721188634634018,0.05822620168328285,0.19966767728328705,0.17911730706691742,0.0721188634634018,0.05822620168328285,LSTM,60,0,32,0.1,0.001,32,15,100,100,val_loss
11,0.06699184328317642,0.05520031973719597,0.19382163882255554,0.17481637001037598,0.06699184328317642,0.05520031973719597,LSTM,60,0,32,0.1,0.001,32,15,100,100,val_loss
12,0.06805068254470825,0.05315646156668663,0.19331949949264526,0.17191924154758453,0.06805068254470825,0.05315646156668663,LSTM,60,0,32,0.1,0.001,32,15,100,100,val_loss
13,0.06474434584379196,0.053737178444862366,0.1892123818397522,0.17191123962402344,0.06474434584379196,0.053737178444862366,LSTM,60,0,32,0.1,0.001,32,15,100,100,val_loss
14,0.06130964681506157,0.05214187502861023,0.18476790189743042,0.17049339413642883,0.06130964681506157,0.05214187502861023,LSTM,60,0,32,0.1,0.001,32,15,100,100,val_loss
15,0.06180517002940178,0.051759496331214905,0.18580463528633118,0.16817718744277954,0.06180517002940178,0.051759496331214905,LSTM,60,0,32,0.1,0.001,32,15,100,100,val_loss
16,0.06021680310368538,0.04987630993127823,0.18293748795986176,0.16545908153057098,0.06021680310368538,0.04987630993127823,LSTM,60,0,32,0.1,0.001,32,15,100,100,val_loss
17,0.05733532831072807,0.04980315640568733,0.17951980233192444,0.16436485946178436,0.05733532831072807,0.04980315640568733,LSTM,60,0,32,0.1,0.001,32,15,100,100,val_loss
18,0.05409252271056175,0.047676026821136475,0.17415498197078705,0.16050128638744354,0.05409252271056175,0.04767603054642677,LSTM,60,0,32,0.1,0.001,32,15,100,100,val_loss
19,0.05876566842198372,0.0466960147023201,0.18188604712486267,0.16064555943012238,0.05876566842198372,0.0466960147023201,LSTM,60,0,32,0.1,0.001,32,15,100,100,val_loss
20,0.05371478572487831,0.04773872345685959,0.17332592606544495,0.1605573445558548,0.05371478572487831,0.04773872345685959,LSTM,60,0,32,0.1,0.001,32,15,100,100,val_loss
21,0.05206833779811859,0.04705941677093506,0.1709262877702713,0.15851368010044098,0.05206833779811859,0.04705941677093506,LSTM,60,0,32,0.1,0.001,32,15,100,100,val_loss
22,0.05366213619709015,0.04532475769519806,0.17249904572963715,0.1568097472190857,0.05366213619709015,0.04532475769519806,LSTM,60,0,32,0.1,0.001,32,15,100,100,val_loss
23,0.05285373330116272,0.04468369483947754,0.1713360995054245,0.15563178062438965,0.05285373330116272,0.04468369483947754,LSTM,60,0,32,0.1,0.001,32,15,100,100,val_loss
24,0.0495772659778595,0.04504217207431793,0.16696326434612274,0.1543550044298172,0.0495772659778595,0.04504217207431793,LSTM,60,0,32,0.1,0.001,32,15,100,100,val_loss
25,0.04869217798113823,0.04388675466179848,0.16448736190795898,0.15359579026699066,0.04869217798113823,0.04388675466179848,LSTM,60,0,32,0.1,0.001,32,15,100,100,val_loss
26,0.04552759602665901,0.04366764426231384,0.16036778688430786,0.1526934802532196,0.04552759602665901,0.04366764426231384,LSTM,60,0,32,0.1,0.001,32,15,100,100,val_loss
27,0.046469733119010925,0.04471893608570099,0.16093602776527405,0.15321587026119232,0.046469733119010925,0.04471893608570099,LSTM,60,0,32,0.1,0.001,32,15,100,100,val_loss
28,0.04416289180517197,0.043030910193920135,0.1579025834798813,0.15159311890602112,0.04416289180517197,0.043030910193920135,LSTM,60,0,32,0.1,0.001,32,15,100,100,val_loss
29,0.04269298166036606,0.044394321739673615,0.15600772202014923,0.15230759978294373,0.04269298166036606,0.044394321739673615,LSTM,60,0,32,0.1,0.001,32,15,100,100,val_loss
30,0.04405280575156212,0.04350389167666435,0.15717628598213196,0.151680588722229,0.04405280575156212,0.04350389167666435,LSTM,60,0,32,0.1,0.001,32,15,100,100,val_loss
31,0.04224362224340439,0.04417339712381363,0.15429694950580597,0.1520950049161911,0.04224362224340439,0.04417339712381363,LSTM,60,0,32,0.1,0.001,32,15,100,100,val_loss
32,0.04281051456928253,0.043114401400089264,0.1544158160686493,0.15028512477874756,0.04281051456928253,0.043114401400089264,LSTM,60,0,32,0.1,0.001,32,15,100,100,val_loss
33,0.042754605412483215,0.04354933649301529,0.15383827686309814,0.15072716772556305,0.042754605412483215,0.04354933649301529,LSTM,60,0,32,0.1,0.001,32,15,100,100,val_loss
34,0.03956087678670883,0.04292413219809532,0.14906279742717743,0.1492057591676712,0.03956087678670883,0.04292413219809532,LSTM,60,0,32,0.1,0.001,32,15,100,100,val_loss
35,0.04101898893713951,0.044573135673999786,0.15172499418258667,0.15119943022727966,0.04101898893713951,0.044573135673999786,LSTM,60,0,32,0.1,0.001,32,15,100,100,val_loss
36,0.04285867512226105,0.04251759871840477,0.15278027951717377,0.14875739812850952,0.04285867512226105,0.04251759871840477,LSTM,60,0,32,0.1,0.001,32,15,100,100,val_loss
37,0.04020989313721657,0.043401602655649185,0.15051358938217163,0.14972075819969177,0.04020989313721657,0.043401602655649185,LSTM,60,0,32,0.1,0.001,32,15,100,100,val_loss
38,0.04010407254099846,0.0439583882689476,0.14992621541023254,0.15000618994235992,0.04010407254099846,0.0439583882689476,LSTM,60,0,32,0.1,0.001,32,15,100,100,val_loss
39,0.03827417269349098,0.043087996542453766,0.14680169522762299,0.14918076992034912,0.03827417269349098,0.043087996542453766,LSTM,60,0,32,0.1,0.001,32,15,100,100,val_loss
40,0.037164200097322464,0.043739210814237595,0.14578650891780853,0.14958368241786957,0.037164200097322464,0.043739210814237595,LSTM,60,0,32,0.1,0.001,32,15,100,100,val_loss
41,0.03983533754944801,0.044056009501218796,0.14741143584251404,0.14910438656806946,0.03983533754944801,0.044056009501218796,LSTM,60,0,32,0.1,0.001,32,15,100,100,val_loss
42,0.036801401525735855,0.0424032062292099,0.14359480142593384,0.14812533557415009,0.036801401525735855,0.0424032062292099,LSTM,60,0,32,0.1,0.001,32,15,100,100,val_loss
43,0.03964608535170555,0.04271014407277107,0.1478399932384491,0.1476481705904007,0.03964608535170555,0.04271014407277107,LSTM,60,0,32,0.1,0.001,32,15,100,100,val_loss
44,0.03514503687620163,0.04340660944581032,0.13911724090576172,0.14768432080745697,0.03514503687620163,0.04340660944581032,LSTM,60,0,32,0.1,0.001,32,15,100,100,val_loss
45,0.037528589367866516,0.04200213775038719,0.14445887506008148,0.1466406136751175,0.037528589367866516,0.04200213775038719,LSTM,60,0,32,0.1,0.001,32,15,100,100,val_loss
46,0.037147946655750275,0.042080357670784,0.14341025054454803,0.14740462601184845,0.037147946655750275,0.042080357670784,LSTM,60,0,32,0.1,0.001,32,15,100,100,val_loss
47,0.036116067320108414,0.04117197543382645,0.14126256108283997,0.14497336745262146,0.036116067320108414,0.04117197170853615,LSTM,60,0,32,0.1,0.001,32,15,100,100,val_loss
48,0.038296740502119064,0.042989253997802734,0.14500287175178528,0.14729046821594238,0.038296740502119064,0.042989253997802734,LSTM,60,0,32,0.1,0.001,32,15,100,100,val_loss
49,0.03642800822854042,0.04034633934497833,0.14214420318603516,0.14349105954170227,0.03642801195383072,0.04034633934497833,LSTM,60,0,32,0.1,0.001,32,15,100,100,val_loss
50,0.035872653126716614,0.040929391980171204,0.13987520337104797,0.14533555507659912,0.035872653126716614,0.040929391980171204,LSTM,60,0,32,0.1,0.001,32,15,100,100,val_loss
51,0.03822552040219307,0.04120009392499924,0.1450953185558319,0.14401867985725403,0.03822552040219307,0.04120009392499924,LSTM,60,0,32,0.1,0.001,32,15,100,100,val_loss
52,0.035237934440374374,0.04111306369304657,0.13891808688640594,0.14550183713436127,0.035237934440374374,0.04111306369304657,LSTM,60,0,32,0.1,0.001,32,15,100,100,val_loss
53,0.03618098422884941,0.04286219924688339,0.1406545490026474,0.1471252143383026,0.03618098422884941,0.04286219924688339,LSTM,60,0,32,0.1,0.001,32,15,100,100,val_loss
54,0.03527509793639183,0.040054161101579666,0.1387740969657898,0.14274245500564575,0.03527509793639183,0.040054161101579666,LSTM,60,0,32,0.1,0.001,32,15,100,100,val_loss
55,0.036238208413124084,0.04068497195839882,0.14058072865009308,0.1436186134815216,0.036238208413124084,0.04068497195839882,LSTM,60,0,32,0.1,0.001,32,15,100,100,val_loss
56,0.03634967654943466,0.04091199114918709,0.1408170461654663,0.14388689398765564,0.03634967654943466,0.04091199114918709,LSTM,60,0,32,0.1,0.001,32,15,100,100,val_loss
57,0.036459021270275116,0.03895914927124977,0.1423199474811554,0.1408953219652176,0.036459021270275116,0.03895914927124977,LSTM,60,0,32,0.1,0.001,32,15,100,100,val_loss
58,0.03568277508020401,0.04064539819955826,0.14027298986911774,0.14301788806915283,0.03568277508020401,0.04064539819955826,LSTM,60,0,32,0.1,0.001,32,15,100,100,val_loss
59,0.0357743501663208,0.042641881853342056,0.13922128081321716,0.14627251029014587,0.0357743501663208,0.042641881853342056,LSTM,60,0,32,0.1,0.001,32,15,100,100,val_loss
60,0.03387429937720299,0.039612576365470886,0.1360020935535431,0.14140917360782623,0.03387429937720299,0.039612576365470886,LSTM,60,0,32,0.1,0.001,32,15,100,100,val_loss
61,0.03505437821149826,0.03949318826198578,0.1384630799293518,0.14073820412158966,0.03505437821149826,0.03949318826198578,LSTM,60,0,32,0.1,0.001,32,15,100,100,val_loss
62,0.03490578010678291,0.039467670023441315,0.13981200754642487,0.14167429506778717,0.03490578010678291,0.039467666298151016,LSTM,60,0,32,0.1,0.001,32,15,100,100,val_loss
63,0.03428647294640541,0.039354994893074036,0.1376533806324005,0.14044107496738434,0.03428647294640541,0.039354994893074036,LSTM,60,0,32,0.1,0.001,32,15,100,100,val_loss
64,0.035154812037944794,0.03840821608901024,0.13916121423244476,0.13952969014644623,0.035154812037944794,0.03840821608901024,LSTM,60,0,32,0.1,0.001,32,15,100,100,val_loss
65,0.03397435322403908,0.03908794745802879,0.1367609053850174,0.13925302028656006,0.03397435322403908,0.03908794745802879,LSTM,60,0,32,0.1,0.001,32,15,100,100,val_loss
66,0.03488699719309807,0.03773823380470276,0.13920922577381134,0.13779881596565247,0.03488699719309807,0.03773823380470276,LSTM,60,0,32,0.1,0.001,32,15,100,100,val_loss
67,0.0363188162446022,0.037980809807777405,0.14103637635707855,0.13784275949001312,0.0363188162446022,0.037980809807777405,LSTM,60,0,32,0.1,0.001,32,15,100,100,val_loss
68,0.03219417482614517,0.03810422867536545,0.13247448205947876,0.1382814645767212,0.03219417482614517,0.03810422867536545,LSTM,60,0,32,0.1,0.001,32,15,100,100,val_loss
69,0.03393332660198212,0.0386270247399807,0.13509348034858704,0.1384158432483673,0.03393332660198212,0.0386270247399807,LSTM,60,0,32,0.1,0.001,32,15,100,100,val_loss
70,0.03239169716835022,0.037344351410865784,0.13259363174438477,0.13730959594249725,0.03239169716835022,0.037344351410865784,LSTM,60,0,32,0.1,0.001,32,15,100,100,val_loss
71,0.03556446358561516,0.038335949182510376,0.1379144787788391,0.13772521913051605,0.03556446358561516,0.038335949182510376,LSTM,60,0,32,0.1,0.001,32,15,100,100,val_loss
72,0.03331151604652405,0.03753047436475754,0.13476888835430145,0.1363557130098343,0.03331151604652405,0.03753047436475754,LSTM,60,0,32,0.1,0.001,32,15,100,100,val_loss
73,0.03214581310749054,0.03602508082985878,0.13283106684684753,0.1348334699869156,0.03214581310749054,0.03602508082985878,LSTM,60,0,32,0.1,0.001,32,15,100,100,val_loss
74,0.033118873834609985,0.03741007298231125,0.13473957777023315,0.13686944544315338,0.033118873834609985,0.03741007298231125,LSTM,60,0,32,0.1,0.001,32,15,100,100,val_loss
75,0.032273873686790466,0.03676486760377884,0.13315221667289734,0.13436464965343475,0.032273873686790466,0.03676486760377884,LSTM,60,0,32,0.1,0.001,32,15,100,100,val_loss
76,0.033157505095005035,0.03738304600119591,0.13555395603179932,0.13617780804634094,0.033157505095005035,0.03738304600119591,LSTM,60,0,32,0.1,0.001,32,15,100,100,val_loss
77,0.032090924680233,0.0357455238699913,0.13255414366722107,0.13336844742298126,0.032090924680233,0.0357455238699913,LSTM,60,0,32,0.1,0.001,32,15,100,100,val_loss
78,0.032876912504434586,0.03637991473078728,0.1337626874446869,0.13343819975852966,0.032876912504434586,0.03637991473078728,LSTM,60,0,32,0.1,0.001,32,15,100,100,val_loss
79,0.03265365585684776,0.03510957211256027,0.133189857006073,0.13173997402191162,0.03265365585684776,0.03510957211256027,LSTM,60,0,32,0.1,0.001,32,15,100,100,val_loss
80,0.03170403838157654,0.036006685346364975,0.13267308473587036,0.13327620923519135,0.03170403838157654,0.036006685346364975,LSTM,60,0,32,0.1,0.001,32,15,100,100,val_loss
81,0.03051505610346794,0.035668518394231796,0.12954270839691162,0.13345028460025787,0.03051505610346794,0.035668518394231796,LSTM,60,0,32,0.1,0.001,32,15,100,100,val_loss
82,0.030245160683989525,0.03605078533291817,0.12868186831474304,0.13292807340621948,0.030245160683989525,0.03605078533291817,LSTM,60,0,32,0.1,0.001,32,15,100,100,val_loss
83,0.03440138325095177,0.0350789912045002,0.13660362362861633,0.13051681220531464,0.03440138325095177,0.0350789912045002,LSTM,60,0,32,0.1,0.001,32,15,100,100,val_loss
84,0.03238498419523239,0.03454195708036423,0.13228602707386017,0.13103647530078888,0.03238498419523239,0.03454195708036423,LSTM,60,0,32,0.1,0.001,32,15,100,100,val_loss
85,0.030077319592237473,0.03577444702386856,0.12801732122898102,0.1317119598388672,0.030077319592237473,0.03577444702386856,LSTM,60,0,32,0.1,0.001,32,15,100,100,val_loss
86,0.030835174024105072,0.034843992441892624,0.12915430963039398,0.1314876228570938,0.030835174024105072,0.034843992441892624,LSTM,60,0,32,0.1,0.001,32,15,100,100,val_loss
87,0.030081739649176598,0.034945372492074966,0.1275099366903305,0.13047289848327637,0.030081739649176598,0.034945372492074966,LSTM,60,0,32,0.1,0.001,32,15,100,100,val_loss
88,0.03082333877682686,0.03491608798503876,0.1308254599571228,0.13025417923927307,0.03082333877682686,0.03491608798503876,LSTM,60,0,32,0.1,0.001,32,15,100,100,val_loss
89,0.03085990622639656,0.03501131013035774,0.12992143630981445,0.12982821464538574,0.03085990622639656,0.03501131013035774,LSTM,60,0,32,0.1,0.001,32,15,100,100,val_loss
90,0.029804091900587082,0.03528013080358505,0.12785382568836212,0.1310386210680008,0.029804091900587082,0.03528013080358505,LSTM,60,0,32,0.1,0.001,32,15,100,100,val_loss
91,0.030745817348361015,0.03424963355064392,0.1291818618774414,0.1299603134393692,0.030745817348361015,0.03424963355064392,LSTM,60,0,32,0.1,0.001,32,15,100,100,val_loss
92,0.029529910534620285,0.03588634356856346,0.1278858631849289,0.13119706511497498,0.029529910534620285,0.03588634356856346,LSTM,60,0,32,0.1,0.001,32,15,100,100,val_loss
93,0.028819404542446136,0.035413097590208054,0.12499074637889862,0.12963563203811646,0.028819404542446136,0.035413097590208054,LSTM,60,0,32,0.1,0.001,32,15,100,100,val_loss
94,0.029977072030305862,0.03435878828167915,0.12829138338565826,0.12902812659740448,0.029977072030305862,0.03435878828167915,LSTM,60,0,32,0.1,0.001,32,15,100,100,val_loss
95,0.03169454634189606,0.03432339057326317,0.13216736912727356,0.1285647302865982,0.03169454634189606,0.03432339057326317,LSTM,60,0,32,0.1,0.001,32,15,100,100,val_loss
96,0.03159750625491142,0.03344897925853729,0.1330380141735077,0.12753845751285553,0.03159750625491142,0.03344897925853729,LSTM,60,0,32,0.1,0.001,32,15,100,100,val_loss
97,0.03045032173395157,0.03356479853391647,0.12947054207324982,0.1279585212469101,0.03045032173395157,0.03356479853391647,LSTM,60,0,32,0.1,0.001,32,15,100,100,val_loss
98,0.030359512194991112,0.03343931958079338,0.1284584254026413,0.12692047655582428,0.030359512194991112,0.03343931958079338,LSTM,60,0,32,0.1,0.001,32,15,100,100,val_loss
99,0.030085960403084755,0.033961378037929535,0.1276642084121704,0.12635314464569092,0.030085960403084755,0.033961378037929535,LSTM,60,0,32,0.1,0.001,32,15,100,100,val_loss
100,0.027769770473241806,0.03351346775889397,0.12253119796514511,0.12611080706119537,0.027769770473241806,0.03351346775889397,LSTM,60,0,32,0.1,0.001,32,15,100,100,val_loss
1,0.8286226987838745,0.6121864318847656,0.7344167828559875,0.6405237317085266,0.8286226987838745,0.6121864318847656,LSTM,60,1,32,0.1,0.001,32,15,100,100,val_loss
2,0.5034492611885071,0.32959648966789246,0.5665529370307922,0.4541577398777008,0.5034492611885071,0.32959648966789246,LSTM,60,1,32,0.1,0.001,32,15,100,100,val_loss
3,0.3118663728237152,0.1864452213048935,0.43924883008003235,0.32971417903900146,0.3118663728237152,0.1864452213048935,LSTM,60,1,32,0.1,0.001,32,15,100,100,val_loss
4,0.19627656042575836,0.11395903676748276,0.3378087878227234,0.25294893980026245,0.19627656042575836,0.11395903676748276,LSTM,60,1,32,0.1,0.001,32,15,100,100,val_loss
5,0.1299772411584854,0.08481118828058243,0.27192384004592896,0.2201400101184845,0.1299772411584854,0.08481118828058243,LSTM,60,1,32,0.1,0.001,32,15,100,100,val_loss
6,0.10341916233301163,0.06879974901676178,0.24109810590744019,0.19959953427314758,0.10341916233301163,0.06879974901676178,LSTM,60,1,32,0.1,0.001,32,15,100,100,val_loss
7,0.09101466834545135,0.06348414719104767,0.2235928624868393,0.1891670823097229,0.09101466834545135,0.06348414719104767,LSTM,60,1,32,0.1,0.001,32,15,100,100,val_loss
8,0.07949477434158325,0.05799844488501549,0.20882466435432434,0.18156102299690247,0.07949477434158325,0.05799844488501549,LSTM,60,1,32,0.1,0.001,32,15,100,100,val_loss
9,0.0753091350197792,0.05739525705575943,0.20169730484485626,0.1793898642063141,0.0753091350197792,0.05739525705575943,LSTM,60,1,32,0.1,0.001,32,15,100,100,val_loss
10,0.07000716775655746,0.05498655512928963,0.19612932205200195,0.17590998113155365,0.07000716775655746,0.05498655512928963,LSTM,60,1,32,0.1,0.001,32,15,100,100,val_loss
11,0.0651727169752121,0.054705701768398285,0.19023393094539642,0.1751488298177719,0.0651727169752121,0.054705701768398285,LSTM,60,1,32,0.1,0.001,32,15,100,100,val_loss
12,0.06663712859153748,0.05726858973503113,0.19051997363567352,0.17655734717845917,0.06663712859153748,0.05726858973503113,LSTM,60,1,32,0.1,0.001,32,15,100,100,val_loss
13,0.06548807770013809,0.0566907599568367,0.1889868974685669,0.17494451999664307,0.06548807770013809,0.0566907599568367,LSTM,60,1,32,0.1,0.001,32,15,100,100,val_loss
14,0.06209735572338104,0.05372970923781395,0.18250931799411774,0.17098328471183777,0.06209735572338104,0.05372970923781395,LSTM,60,1,32,0.1,0.001,32,15,100,100,val_loss
15,0.059769414365291595,0.051585230976343155,0.18126781284809113,0.16834233701229095,0.059769414365291595,0.051585230976343155,LSTM,60,1,32,0.1,0.001,32,15,100,100,val_loss
16,0.05707867443561554,0.05187174305319786,0.1771407425403595,0.1672588288784027,0.05707867443561554,0.05187174305319786,LSTM,60,1,32,0.1,0.001,32,15,100,100,val_loss
17,0.056698333472013474,0.04969559237360954,0.17785342037677765,0.16408215463161469,0.056698333472013474,0.04969559237360954,LSTM,60,1,32,0.1,0.001,32,15,100,100,val_loss
18,0.054893385618925095,0.04959995299577713,0.17323234677314758,0.16400548815727234,0.054893385618925095,0.04959995299577713,LSTM,60,1,32,0.1,0.001,32,15,100,100,val_loss
19,0.05350708216428757,0.05469868704676628,0.17210586369037628,0.16953663527965546,0.05350708216428757,0.05469868704676628,LSTM,60,1,32,0.1,0.001,32,15,100,100,val_loss
20,0.05233928933739662,0.05082656443119049,0.1694333702325821,0.16514210402965546,0.05233928933739662,0.05082656443119049,LSTM,60,1,32,0.1,0.001,32,15,100,100,val_loss
21,0.05217162147164345,0.049457985907793045,0.16944895684719086,0.16300153732299805,0.05217162147164345,0.049457985907793045,LSTM,60,1,32,0.1,0.001,32,15,100,100,val_loss
22,0.049167633056640625,0.05034813657402992,0.16517607867717743,0.1637219935655594,0.049167633056640625,0.05034813657402992,LSTM,60,1,32,0.1,0.001,32,15,100,100,val_loss
23,0.049043577164411545,0.050488464534282684,0.16343601047992706,0.16335368156433105,0.049043577164411545,0.050488464534282684,LSTM,60,1,32,0.1,0.001,32,15,100,100,val_loss
24,0.04920040816068649,0.05417827516794205,0.16330350935459137,0.16598546504974365,0.04920040816068649,0.054178282618522644,LSTM,60,1,32,0.1,0.001,32,15,100,100,val_loss
25,0.0435345433652401,0.050410620868206024,0.15364663302898407,0.1612633317708969,0.0435345433652401,0.050410620868206024,LSTM,60,1,32,0.1,0.001,32,15,100,100,val_loss
26,0.04518277570605278,0.04704761877655983,0.15774843096733093,0.1571086198091507,0.04518277570605278,0.04704761877655983,LSTM,60,1,32,0.1,0.001,32,15,100,100,val_loss
27,0.045150548219680786,0.04994569346308708,0.15674512088298798,0.15991158783435822,0.045150548219680786,0.04994569346308708,LSTM,60,1,32,0.1,0.001,32,15,100,100,val_loss
28,0.045133382081985474,0.050928063690662384,0.15588635206222534,0.16145674884319305,0.045133382081985474,0.050928063690662384,LSTM,60,1,32,0.1,0.001,32,15,100,100,val_loss
29,0.04416816309094429,0.04985538497567177,0.1540158987045288,0.15888775885105133,0.04416816309094429,0.04985538497567177,LSTM,60,1,32,0.1,0.001,32,15,100,100,val_loss
30,0.04215105623006821,0.04738312214612961,0.15206332504749298,0.15588292479515076,0.04215105623006821,0.04738312214612961,LSTM,60,1,32,0.1,0.001,32,15,100,100,val_loss
31,0.04110613092780113,0.0468730553984642,0.15004810690879822,0.15545494854450226,0.04110613092780113,0.0468730553984642,LSTM,60,1,32,0.1,0.001,32,15,100,100,val_loss
32,0.04143252596259117,0.04690113663673401,0.14982888102531433,0.1549873799085617,0.04143252596259117,0.04690113663673401,LSTM,60,1,32,0.1,0.001,32,15,100,100,val_loss
33,0.0420210100710392,0.04943466931581497,0.1520443558692932,0.15778948366641998,0.0420210100710392,0.04943466931581497,LSTM,60,1,32,0.1,0.001,32,15,100,100,val_loss
34,0.03931542858481407,0.04891747981309891,0.14599338173866272,0.15661747753620148,0.03931542858481407,0.04891747981309891,LSTM,60,1,32,0.1,0.001,32,15,100,100,val_loss
35,0.04005572199821472,0.04883919283747673,0.14706449210643768,0.15682029724121094,0.04005572199821472,0.04883919283747673,LSTM,60,1,32,0.1,0.001,32,15,100,100,val_loss
36,0.039038676768541336,0.047966405749320984,0.14716382324695587,0.155938982963562,0.039038676768541336,0.047966405749320984,LSTM,60,1,32,0.1,0.001,32,15,100,100,val_loss
37,0.03914674371480942,0.04685985669493675,0.14521831274032593,0.15408024191856384,0.03914674371480942,0.04685985669493675,LSTM,60,1,32,0.1,0.001,32,15,100,100,val_loss
38,0.038973867893218994,0.046141065657138824,0.14658290147781372,0.15318584442138672,0.038973867893218994,0.046141065657138824,LSTM,60,1,32,0.1,0.001,32,15,100,100,val_loss
39,0.03857630118727684,0.049628764390945435,0.14624200761318207,0.15798673033714294,0.03857630118727684,0.049628764390945435,LSTM,60,1,32,0.1,0.001,32,15,100,100,val_loss
40,0.038403697311878204,0.04906516894698143,0.1444624364376068,0.15611569583415985,0.038403697311878204,0.04906516894698143,LSTM,60,1,32,0.1,0.001,32,15,100,100,val_loss
41,0.038682181388139725,0.04791060462594032,0.14578905701637268,0.15456749498844147,0.038682181388139725,0.04791060462594032,LSTM,60,1,32,0.1,0.001,32,15,100,100,val_loss
42,0.03696854040026665,0.048369746655225754,0.14227080345153809,0.15473949909210205,0.03696854040026665,0.048369746655225754,LSTM,60,1,32,0.1,0.001,32,15,100,100,val_loss
43,0.03635258972644806,0.0462578684091568,0.142054945230484,0.15206968784332275,0.03635258972644806,0.0462578684091568,LSTM,60,1,32,0.1,0.001,32,15,100,100,val_loss
44,0.03663041442632675,0.047499485313892365,0.1422843337059021,0.15344983339309692,0.03663041442632675,0.047499485313892365,LSTM,60,1,32,0.1,0.001,32,15,100,100,val_loss
45,0.03967646136879921,0.046380072832107544,0.14741702377796173,0.1518239974975586,0.03967646136879921,0.046380072832107544,LSTM,60,1,32,0.1,0.001,32,15,100,100,val_loss
46,0.036129631102085114,0.04625849798321724,0.13994599878787994,0.15185433626174927,0.036129631102085114,0.04625849798321724,LSTM,60,1,32,0.1,0.001,32,15,100,100,val_loss
47,0.03541884943842888,0.044206179678440094,0.1397632211446762,0.14936032891273499,0.03541884943842888,0.044206179678440094,LSTM,60,1,32,0.1,0.001,32,15,100,100,val_loss
48,0.03579995036125183,0.045853860676288605,0.14138826727867126,0.15107354521751404,0.03579995036125183,0.045853860676288605,LSTM,60,1,32,0.1,0.001,32,15,100,100,val_loss
49,0.03620169684290886,0.04407133534550667,0.1390353888273239,0.14900048077106476,0.03620169684290886,0.04407133534550667,LSTM,60,1,32,0.1,0.001,32,15,100,100,val_loss
50,0.03521833196282387,0.04359687492251396,0.13754910230636597,0.14767412841320038,0.035218335688114166,0.04359687492251396,LSTM,60,1,32,0.1,0.001,32,15,100,100,val_loss
51,0.03591528534889221,0.044706083834171295,0.14015619456768036,0.14932726323604584,0.03591528534889221,0.044706083834171295,LSTM,60,1,32,0.1,0.001,32,15,100,100,val_loss
52,0.037319380789995193,0.04495091363787651,0.14296592772006989,0.14935368299484253,0.037319380789995193,0.04495091363787651,LSTM,60,1,32,0.1,0.001,32,15,100,100,val_loss
53,0.03458083048462868,0.04503428936004639,0.1373368501663208,0.15016737580299377,0.03458083048462868,0.04503428936004639,LSTM,60,1,32,0.1,0.001,32,15,100,100,val_loss
54,0.03416862711310387,0.04730081930756569,0.1360604465007782,0.15262065827846527,0.03416862711310387,0.04730081930756569,LSTM,60,1,32,0.1,0.001,32,15,100,100,val_loss
55,0.03426798805594444,0.04532554745674133,0.13812556862831116,0.14938735961914062,0.03426798805594444,0.04532554745674133,LSTM,60,1,32,0.1,0.001,32,15,100,100,val_loss
56,0.03332234546542168,0.04454020410776138,0.1354357749223709,0.1483217030763626,0.03332234546542168,0.04454020410776138,LSTM,60,1,32,0.1,0.001,32,15,100,100,val_loss
57,0.03514709323644638,0.043425895273685455,0.13939166069030762,0.14588741958141327,0.03514709323644638,0.043425895273685455,LSTM,60,1,32,0.1,0.001,32,15,100,100,val_loss
58,0.034456588327884674,0.043223150074481964,0.13726696372032166,0.1469738781452179,0.034456588327884674,0.043223150074481964,LSTM,60,1,32,0.1,0.001,32,15,100,100,val_loss
59,0.03407912701368332,0.0438658744096756,0.13714787364006042,0.14753349125385284,0.03407912701368332,0.0438658744096756,LSTM,60,1,32,0.1,0.001,32,15,100,100,val_loss
60,0.03281782194972038,0.04242401197552681,0.13410687446594238,0.14598742127418518,0.03281782194972038,0.04242401197552681,LSTM,60,1,32,0.1,0.001,32,15,100,100,val_loss
61,0.03464861214160919,0.0438031330704689,0.13703233003616333,0.14716725051403046,0.03464861214160919,0.0438031330704689,LSTM,60,1,32,0.1,0.001,32,15,100,100,val_loss
62,0.033942315727472305,0.04638054221868515,0.13502967357635498,0.1500295102596283,0.033942315727472305,0.04638054221868515,LSTM,60,1,32,0.1,0.001,32,15,100,100,val_loss
63,0.033221323043107986,0.043319638818502426,0.13506871461868286,0.14560456573963165,0.033221323043107986,0.043319638818502426,LSTM,60,1,32,0.1,0.001,32,15,100,100,val_loss
64,0.03307729959487915,0.04341144859790802,0.13509319722652435,0.14636871218681335,0.03307729959487915,0.04341144859790802,LSTM,60,1,32,0.1,0.001,32,15,100,100,val_loss
65,0.031557898968458176,0.04379759728908539,0.13236191868782043,0.14680850505828857,0.031557898968458176,0.04379759728908539,LSTM,60,1,32,0.1,0.001,32,15,100,100,val_loss
66,0.03286246955394745,0.04227423667907715,0.13410763442516327,0.14483904838562012,0.03286246955394745,0.04227423667907715,LSTM,60,1,32,0.1,0.001,32,15,100,100,val_loss
67,0.03296439349651337,0.04314039647579193,0.1344384104013443,0.14568418264389038,0.03296439349651337,0.04314039647579193,LSTM,60,1,32,0.1,0.001,32,15,100,100,val_loss
68,0.03475019335746765,0.04240870475769043,0.13772036135196686,0.14529375731945038,0.03475019335746765,0.04240870475769043,LSTM,60,1,32,0.1,0.001,32,15,100,100,val_loss
69,0.033081572502851486,0.04116653650999069,0.13444587588310242,0.14292453229427338,0.033081572502851486,0.04116653650999069,LSTM,60,1,32,0.1,0.001,32,15,100,100,val_loss
70,0.03363291919231415,0.04287686571478844,0.1356736570596695,0.14513008296489716,0.03363291919231415,0.04287686571478844,LSTM,60,1,32,0.1,0.001,32,15,100,100,val_loss
71,0.03215658292174339,0.04163895547389984,0.1337437927722931,0.14340251684188843,0.03215658292174339,0.04163895547389984,LSTM,60,1,32,0.1,0.001,32,15,100,100,val_loss
72,0.03439980745315552,0.04045243188738823,0.1379234939813614,0.14121423661708832,0.03439980745315552,0.04045243188738823,LSTM,60,1,32,0.1,0.001,32,15,100,100,val_loss
73,0.03266318142414093,0.04192076995968819,0.1335659772157669,0.14378128945827484,0.03266318142414093,0.04192076995968819,LSTM,60,1,32,0.1,0.001,32,15,100,100,val_loss
74,0.03217899054288864,0.04100731015205383,0.1330093890428543,0.14119407534599304,0.03217899054288864,0.04100731015205383,LSTM,60,1,32,0.1,0.001,32,15,100,100,val_loss
75,0.031124714761972427,0.041694626212120056,0.1309116631746292,0.14193503558635712,0.031124714761972427,0.041694626212120056,LSTM,60,1,32,0.1,0.001,32,15,100,100,val_loss
76,0.03127814456820488,0.040090855211019516,0.13152024149894714,0.14029061794281006,0.03127814456820488,0.040090855211019516,LSTM,60,1,32,0.1,0.001,32,15,100,100,val_loss
77,0.031523413956165314,0.04170193150639534,0.13170543313026428,0.1419253945350647,0.031523413956165314,0.04170193150639534,LSTM,60,1,32,0.1,0.001,32,15,100,100,val_loss
78,0.03202806040644646,0.03979288786649704,0.132350355386734,0.1403791904449463,0.03202806040644646,0.03979288786649704,LSTM,60,1,32,0.1,0.001,32,15,100,100,val_loss
79,0.03371625766158104,0.04216907173395157,0.13566109538078308,0.14369268715381622,0.03371625766158104,0.04216907173395157,LSTM,60,1,32,0.1,0.001,32,15,100,100,val_loss
80,0.03270368650555611,0.041501484811306,0.1334225833415985,0.14166660606861115,0.03270368650555611,0.041501484811306,LSTM,60,1,32,0.1,0.001,32,15,100,100,val_loss
81,0.03094467706978321,0.03947082534432411,0.12946206331253052,0.13826778531074524,0.03094467706978321,0.03947082534432411,LSTM,60,1,32,0.1,0.001,32,15,100,100,val_loss
82,0.03253183886408806,0.03938957676291466,0.13337628543376923,0.13894018530845642,0.03253183886408806,0.03938957676291466,LSTM,60,1,32,0.1,0.001,32,15,100,100,val_loss
83,0.03299352526664734,0.041051480919122696,0.1337260752916336,0.14083637297153473,0.03299352526664734,0.041051480919122696,LSTM,60,1,32,0.1,0.001,32,15,100,100,val_loss
84,0.030680609866976738,0.03970882296562195,0.12917855381965637,0.13891856372356415,0.030680609866976738,0.03970882296562195,LSTM,60,1,32,0.1,0.001,32,15,100,100,val_loss
85,0.029898006469011307,0.03918374329805374,0.12816475331783295,0.13704527914524078,0.029898006469011307,0.03918374329805374,LSTM,60,1,32,0.1,0.001,32,15,100,100,val_loss
86,0.03118506446480751,0.03779497742652893,0.13087603449821472,0.13575442135334015,0.03118506446480751,0.03779497742652893,LSTM,60,1,32,0.1,0.001,32,15,100,100,val_loss
87,0.029721438884735107,0.038639817386865616,0.12798820436000824,0.13777117431163788,0.029721438884735107,0.038639817386865616,LSTM,60,1,32,0.1,0.001,32,15,100,100,val_loss
88,0.02901601977646351,0.038566090166568756,0.12715739011764526,0.13666749000549316,0.02901601977646351,0.038566090166568756,LSTM,60,1,32,0.1,0.001,32,15,100,100,val_loss
89,0.030683834105730057,0.03909602016210556,0.12999656796455383,0.137309268116951,0.030683834105730057,0.03909602016210556,LSTM,60,1,32,0.1,0.001,32,15,100,100,val_loss
90,0.030268574133515358,0.03782004863023758,0.1279812604188919,0.1349293440580368,0.030268574133515358,0.03782004863023758,LSTM,60,1,32,0.1,0.001,32,15,100,100,val_loss
91,0.0311089176684618,0.03718572109937668,0.13175757229328156,0.1344914734363556,0.0311089176684618,0.03718572109937668,LSTM,60,1,32,0.1,0.001,32,15,100,100,val_loss
92,0.029293950647115707,0.03870991989970207,0.12651747465133667,0.13605372607707977,0.029293950647115707,0.03870991989970207,LSTM,60,1,32,0.1,0.001,32,15,100,100,val_loss
93,0.029554735869169235,0.03752177953720093,0.1265343874692917,0.13434012234210968,0.029554735869169235,0.03752177953720093,LSTM,60,1,32,0.1,0.001,32,15,100,100,val_loss
94,0.028941815719008446,0.03786664828658104,0.12573184072971344,0.13509029150009155,0.028941815719008446,0.03786664828658104,LSTM,60,1,32,0.1,0.001,32,15,100,100,val_loss
95,0.028321947902441025,0.038032520562410355,0.12458575516939163,0.13501952588558197,0.028321947902441025,0.038032520562410355,LSTM,60,1,32,0.1,0.001,32,15,100,100,val_loss
96,0.029453175142407417,0.03641502186655998,0.12683197855949402,0.13307100534439087,0.029453175142407417,0.03641502186655998,LSTM,60,1,32,0.1,0.001,32,15,100,100,val_loss
97,0.030005794018507004,0.036397792398929596,0.1280391812324524,0.13251906633377075,0.030005794018507004,0.036397792398929596,LSTM,60,1,32,0.1,0.001,32,15,100,100,val_loss
98,0.029684653505682945,0.036673404276371,0.12687264382839203,0.1329488456249237,0.029684653505682945,0.036673404276371,LSTM,60,1,32,0.1,0.001,32,15,100,100,val_loss
99,0.0292675718665123,0.03715966269373894,0.12549306452274323,0.13308221101760864,0.0292675718665123,0.03715966269373894,LSTM,60,1,32,0.1,0.001,32,15,100,100,val_loss
100,0.02988983877003193,0.03569643571972847,0.1278282105922699,0.1311255395412445,0.02988983877003193,0.03569643571972847,LSTM,60,1,32,0.1,0.001,32,15,100,100,val_loss
1,0.8318732380867004,0.6220281720161438,0.7346848845481873,0.6474341750144958,0.8318732380867004,0.6220281720161438,LSTM,60,2,32,0.1,0.001,32,15,100,100,val_loss
2,0.5027403831481934,0.3342362344264984,0.5751264095306396,0.45877382159233093,0.5027403831481934,0.3342362344264984,LSTM,60,2,32,0.1,0.001,32,15,100,100,val_loss
3,0.32479754090309143,0.2129485160112381,0.4483358860015869,0.35312554240226746,0.32479754090309143,0.2129485160112381,LSTM,60,2,32,0.1,0.001,32,15,100,100,val_loss
4,0.21716080605983734,0.13461768627166748,0.35631701350212097,0.27845895290374756,0.21716080605983734,0.13461768627166748,LSTM,60,2,32,0.1,0.001,32,15,100,100,val_loss
5,0.15365691483020782,0.09923246502876282,0.2950451672077179,0.23681120574474335,0.15365691483020782,0.09923246502876282,LSTM,60,2,32,0.1,0.001,32,15,100,100,val_loss
6,0.11359315365552902,0.07857675105333328,0.25060024857521057,0.20992855727672577,0.11359315365552902,0.07857675105333328,LSTM,60,2,32,0.1,0.001,32,15,100,100,val_loss
7,0.09824268519878387,0.06711839884519577,0.2320031076669693,0.19335243105888367,0.09824268519878387,0.06711839884519577,LSTM,60,2,32,0.1,0.001,32,15,100,100,val_loss
8,0.08417351543903351,0.05965684726834297,0.21231703460216522,0.1837761551141739,0.08417351543903351,0.05965684726834297,LSTM,60,2,32,0.1,0.001,32,15,100,100,val_loss
9,0.07657714188098907,0.056474436074495316,0.20500820875167847,0.17857621610164642,0.07657714188098907,0.056474436074495316,LSTM,60,2,32,0.1,0.001,32,15,100,100,val_loss
10,0.07544846832752228,0.054440006613731384,0.2019675225019455,0.1748628318309784,0.07544846832752228,0.054440006613731384,LSTM,60,2,32,0.1,0.001,32,15,100,100,val_loss
11,0.07038816809654236,0.05373801663517952,0.1949300467967987,0.17346078157424927,0.07038816809654236,0.05373801663517952,LSTM,60,2,32,0.1,0.001,32,15,100,100,val_loss
12,0.06600745022296906,0.05111454799771309,0.18915343284606934,0.17017386853694916,0.06600745022296906,0.05111454799771309,LSTM,60,2,32,0.1,0.001,32,15,100,100,val_loss
13,0.06207446753978729,0.05041327327489853,0.18302308022975922,0.16894356906414032,0.06207446753978729,0.05041327327489853,LSTM,60,2,32,0.1,0.001,32,15,100,100,val_loss
14,0.06348691135644913,0.05043140798807144,0.18526232242584229,0.16813509166240692,0.06348691135644913,0.05043140798807144,LSTM,60,2,32,0.1,0.001,32,15,100,100,val_loss
15,0.06187514588236809,0.04819206893444061,0.1807502657175064,0.1652534157037735,0.06187514588236809,0.04819206893444061,LSTM,60,2,32,0.1,0.001,32,15,100,100,val_loss
16,0.057284023612737656,0.046974342316389084,0.17652152478694916,0.16423237323760986,0.057284023612737656,0.046974342316389084,LSTM,60,2,32,0.1,0.001,32,15,100,100,val_loss
17,0.05627601221203804,0.047864384949207306,0.17343829572200775,0.16360795497894287,0.05627601221203804,0.047864384949207306,LSTM,60,2,32,0.1,0.001,32,15,100,100,val_loss
18,0.057100050151348114,0.04939861223101616,0.17377570271492004,0.16364240646362305,0.057100050151348114,0.04939861223101616,LSTM,60,2,32,0.1,0.001,32,15,100,100,val_loss
19,0.05609315261244774,0.04667213559150696,0.17333880066871643,0.16056795418262482,0.05609315261244774,0.04667213559150696,LSTM,60,2,32,0.1,0.001,32,15,100,100,val_loss
20,0.05608396232128143,0.04468121379613876,0.1704651266336441,0.15783117711544037,0.05608396232128143,0.04468121379613876,LSTM,60,2,32,0.1,0.001,32,15,100,100,val_loss
21,0.05359995365142822,0.04432804509997368,0.16952067613601685,0.15706072747707367,0.05359995365142822,0.04432804509997368,LSTM,60,2,32,0.1,0.001,32,15,100,100,val_loss
22,0.049297839403152466,0.044432900846004486,0.16239309310913086,0.1560683250427246,0.049297839403152466,0.044432900846004486,LSTM,60,2,32,0.1,0.001,32,15,100,100,val_loss
23,0.052130263298749924,0.04527336731553078,0.16608235239982605,0.1571587175130844,0.052130263298749924,0.045273371040821075,LSTM,60,2,32,0.1,0.001,32,15,100,100,val_loss
24,0.04981023818254471,0.04500723257660866,0.16366270184516907,0.15598426759243011,0.04981023818254471,0.04500723257660866,LSTM,60,2,32,0.1,0.001,32,15,100,100,val_loss
25,0.04733388125896454,0.043238528072834015,0.15871015191078186,0.15383683145046234,0.04733388125896454,0.043238528072834015,LSTM,60,2,32,0.1,0.001,32,15,100,100,val_loss
26,0.044127896428108215,0.043450698256492615,0.15542370080947876,0.15362362563610077,0.044127896428108215,0.043450698256492615,LSTM,60,2,32,0.1,0.001,32,15,100,100,val_loss
27,0.0476335845887661,0.04259996861219406,0.16016392409801483,0.15189997851848602,0.0476335845887661,0.04259996861219406,LSTM,60,2,32,0.1,0.001,32,15,100,100,val_loss
28,0.04505788907408714,0.04333017021417618,0.15483246743679047,0.15211603045463562,0.04505788907408714,0.04333017021417618,LSTM,60,2,32,0.1,0.001,32,15,100,100,val_loss
29,0.045485299080610275,0.043196141719818115,0.15819646418094635,0.1515405774116516,0.045485299080610275,0.043196141719818115,LSTM,60,2,32,0.1,0.001,32,15,100,100,val_loss
30,0.04207368940114975,0.04517701640725136,0.15234287083148956,0.15353482961654663,0.04207368940114975,0.04517701640725136,LSTM,60,2,32,0.1,0.001,32,15,100,100,val_loss
31,0.043306201696395874,0.04306527227163315,0.15309476852416992,0.15072046220302582,0.043306201696395874,0.04306527227163315,LSTM,60,2,32,0.1,0.001,32,15,100,100,val_loss
32,0.0444304496049881,0.042397480458021164,0.15361443161964417,0.1490441858768463,0.0444304496049881,0.042397480458021164,LSTM,60,2,32,0.1,0.001,32,15,100,100,val_loss
33,0.04444775730371475,0.042169585824012756,0.15473493933677673,0.1503254473209381,0.04444775730371475,0.042169585824012756,LSTM,60,2,32,0.1,0.001,32,15,100,100,val_loss
34,0.042179256677627563,0.04235595837235451,0.1507185697555542,0.14930866658687592,0.042179256677627563,0.04235595837235451,LSTM,60,2,32,0.1,0.001,32,15,100,100,val_loss
35,0.04238136485219002,0.04190758615732193,0.14929530024528503,0.14812040328979492,0.04238136485219002,0.04190758615732193,LSTM,60,2,32,0.1,0.001,32,15,100,100,val_loss
36,0.04452255368232727,0.04374822601675987,0.1557864248752594,0.15005941689014435,0.04452255368232727,0.04374822601675987,LSTM,60,2,32,0.1,0.001,32,15,100,100,val_loss
37,0.041891541332006454,0.043073542416095734,0.14787960052490234,0.1485321819782257,0.041891541332006454,0.043073542416095734,LSTM,60,2,32,0.1,0.001,32,15,100,100,val_loss
38,0.04186812788248062,0.04283801466226578,0.15110108256340027,0.147972971200943,0.04186812788248062,0.04283801466226578,LSTM,60,2,32,0.1,0.001,32,15,100,100,val_loss
39,0.03798665106296539,0.042246028780937195,0.143386572599411,0.14684665203094482,0.03798665106296539,0.042246028780937195,LSTM,60,2,32,0.1,0.001,32,15,100,100,val_loss
40,0.03696363791823387,0.04107207804918289,0.14331790804862976,0.1452896147966385,0.03696363791823387,0.04107207804918289,LSTM,60,2,32,0.1,0.001,32,15,100,100,val_loss
41,0.039192233234643936,0.04171418771147728,0.14557385444641113,0.14610812067985535,0.039192233234643936,0.04171418771147728,LSTM,60,2,32,0.1,0.001,32,15,100,100,val_loss
42,0.040207572281360626,0.04283259063959122,0.14612343907356262,0.14684627950191498,0.040207572281360626,0.04283259063959122,LSTM,60,2,32,0.1,0.001,32,15,100,100,val_loss
43,0.040813155472278595,0.04102272167801857,0.14601372182369232,0.14480695128440857,0.040813155472278595,0.04102272167801857,LSTM,60,2,32,0.1,0.001,32,15,100,100,val_loss
44,0.03848188742995262,0.043218016624450684,0.14477528631687164,0.14746306836605072,0.03848188742995262,0.043218016624450684,LSTM,60,2,32,0.1,0.001,32,15,100,100,val_loss
45,0.0369877815246582,0.04173982888460159,0.14120370149612427,0.14563828706741333,0.0369877815246582,0.04173982888460159,LSTM,60,2,32,0.1,0.001,32,15,100,100,val_loss
46,0.03675387054681778,0.041329141706228256,0.1412067860364914,0.14471153914928436,0.03675387054681778,0.041329141706228256,LSTM,60,2,32,0.1,0.001,32,15,100,100,val_loss
47,0.03615305572748184,0.04020848870277405,0.14005079865455627,0.14357052743434906,0.03615305572748184,0.04020848870277405,LSTM,60,2,32,0.1,0.001,32,15,100,100,val_loss
48,0.038220349699258804,0.04123574122786522,0.1413414031267166,0.14420047402381897,0.038220349699258804,0.04123574122786522,LSTM,60,2,32,0.1,0.001,32,15,100,100,val_loss
49,0.03572968393564224,0.04041137918829918,0.14078085124492645,0.14309513568878174,0.03572968393564224,0.04041137918829918,LSTM,60,2,32,0.1,0.001,32,15,100,100,val_loss
50,0.03902193531394005,0.04136650636792183,0.1451549082994461,0.14435681700706482,0.03902193531394005,0.04136650636792183,LSTM,60,2,32,0.1,0.001,32,15,100,100,val_loss
51,0.03725472465157509,0.039878468960523605,0.14121390879154205,0.1433107703924179,0.03725472465157509,0.039878468960523605,LSTM,60,2,32,0.1,0.001,32,15,100,100,val_loss
52,0.035976048558950424,0.042341213673353195,0.13984563946723938,0.1456526666879654,0.035976048558950424,0.042341213673353195,LSTM,60,2,32,0.1,0.001,32,15,100,100,val_loss
53,0.03703071177005768,0.044461846351623535,0.14161862432956696,0.1485891342163086,0.03703071177005768,0.044461846351623535,LSTM,60,2,32,0.1,0.001,32,15,100,100,val_loss
54,0.03579792007803917,0.04081521928310394,0.1394810974597931,0.14260080456733704,0.03579792007803917,0.04081521928310394,LSTM,60,2,32,0.1,0.001,32,15,100,100,val_loss
55,0.03495500609278679,0.042564794421195984,0.13745291531085968,0.14545878767967224,0.03495500609278679,0.042564794421195984,LSTM,60,2,32,0.1,0.001,32,15,100,100,val_loss
56,0.03613114356994629,0.04432818666100502,0.13911476731300354,0.14774048328399658,0.03613114356994629,0.04432818666100502,LSTM,60,2,32,0.1,0.001,32,15,100,100,val_loss
57,0.03500921279191971,0.04028414934873581,0.13679571449756622,0.14196394383907318,0.03500921279191971,0.04028414934873581,LSTM,60,2,32,0.1,0.001,32,15,100,100,val_loss
58,0.035205550491809845,0.038533005863428116,0.13761521875858307,0.1400909125804901,0.035205550491809845,0.038533005863428116,LSTM,60,2,32,0.1,0.001,32,15,100,100,val_loss
59,0.036025505512952805,0.0386662594974041,0.13933397829532623,0.13954252004623413,0.036025505512952805,0.0386662594974041,LSTM,60,2,32,0.1,0.001,32,15,100,100,val_loss
60,0.035679884254932404,0.03872043639421463,0.139310821890831,0.13962341845035553,0.035679884254932404,0.03872043639421463,LSTM,60,2,32,0.1,0.001,32,15,100,100,val_loss
61,0.033582452684640884,0.03815148398280144,0.13442197442054749,0.13851112127304077,0.033582452684640884,0.03815148398280144,LSTM,60,2,32,0.1,0.001,32,15,100,100,val_loss
62,0.03455022722482681,0.03827541321516037,0.1365586221218109,0.13907818496227264,0.03455022722482681,0.03827541321516037,LSTM,60,2,32,0.1,0.001,32,15,100,100,val_loss
63,0.032579001039266586,0.039441075176000595,0.13374121487140656,0.14062990248203278,0.032579001039266586,0.039441075176000595,LSTM,60,2,32,0.1,0.001,32,15,100,100,val_loss
64,0.033607155084609985,0.039791274815797806,0.13527825474739075,0.14007653295993805,0.033607155084609985,0.039791274815797806,LSTM,60,2,32,0.1,0.001,32,15,100,100,val_loss
65,0.03421758860349655,0.03814671188592911,0.1348269283771515,0.137849822640419,0.03421758860349655,0.03814671188592911,LSTM,60,2,32,0.1,0.001,32,15,100,100,val_loss
66,0.032169416546821594,0.038483645766973495,0.13246779143810272,0.1385180801153183,0.032169416546821594,0.038483645766973495,LSTM,60,2,32,0.1,0.001,32,15,100,100,val_loss
67,0.031836096197366714,0.03722976893186569,0.13111665844917297,0.13612788915634155,0.031836096197366714,0.03722976893186569,LSTM,60,2,32,0.1,0.001,32,15,100,100,val_loss
68,0.032390058040618896,0.038231976330280304,0.13270114362239838,0.1378404200077057,0.032390058040618896,0.038231976330280304,LSTM,60,2,32,0.1,0.001,32,15,100,100,val_loss
69,0.03391104191541672,0.03806895390152931,0.13471776247024536,0.1378640979528427,0.03391104191541672,0.03806895390152931,LSTM,60,2,32,0.1,0.001,32,15,100,100,val_loss
70,0.031743790954351425,0.0378342904150486,0.13139255344867706,0.13643327355384827,0.031743790954351425,0.0378342904150486,LSTM,60,2,32,0.1,0.001,32,15,100,100,val_loss
71,0.03091975301504135,0.03773976489901543,0.1301279515028,0.13739924132823944,0.03091975301504135,0.03773976489901543,LSTM,60,2,32,0.1,0.001,32,15,100,100,val_loss
72,0.031250517815351486,0.03882361575961113,0.13155169785022736,0.13718119263648987,0.031250517815351486,0.03882361575961113,LSTM,60,2,32,0.1,0.001,32,15,100,100,val_loss
73,0.03221955895423889,0.03707810118794441,0.13284356892108917,0.1358243077993393,0.03221955895423889,0.03707810118794441,LSTM,60,2,32,0.1,0.001,32,15,100,100,val_loss
74,0.03123735450208187,0.0380931980907917,0.13099507987499237,0.1366117149591446,0.03123735450208187,0.0380931980907917,LSTM,60,2,32,0.1,0.001,32,15,100,100,val_loss
75,0.030988847836852074,0.03699298948049545,0.13004322350025177,0.1352902054786682,0.030988847836852074,0.03699298948049545,LSTM,60,2,32,0.1,0.001,32,15,100,100,val_loss
76,0.031816910952329636,0.036789096891880035,0.13233427703380585,0.13572292029857635,0.031816910952329636,0.036789096891880035,LSTM,60,2,32,0.1,0.001,32,15,100,100,val_loss
77,0.03057788498699665,0.03821403160691261,0.12734432518482208,0.13621710240840912,0.03057788498699665,0.03821403160691261,LSTM,60,2,32,0.1,0.001,32,15,100,100,val_loss
78,0.03136923164129257,0.03788260743021965,0.13149935007095337,0.1366160362958908,0.03136923164129257,0.03788260743021965,LSTM,60,2,32,0.1,0.001,32,15,100,100,val_loss
79,0.032396432012319565,0.0363105945289135,0.130940243601799,0.133846253156662,0.032396432012319565,0.0363105945289135,LSTM,60,2,32,0.1,0.001,32,15,100,100,val_loss
80,0.030966097488999367,0.03660173341631889,0.1285763829946518,0.13371306657791138,0.030966097488999367,0.03660173341631889,LSTM,60,2,32,0.1,0.001,32,15,100,100,val_loss
81,0.03012946806848049,0.035692937672138214,0.12926283478736877,0.1334378868341446,0.03012946806848049,0.035692937672138214,LSTM,60,2,32,0.1,0.001,32,15,100,100,val_loss
82,0.03003467619419098,0.037530187517404556,0.12706732749938965,0.13643033802509308,0.03003467619419098,0.037530187517404556,LSTM,60,2,32,0.1,0.001,32,15,100,100,val_loss
83,0.032759878784418106,0.036156415939331055,0.13329991698265076,0.13374152779579163,0.032759878784418106,0.036156415939331055,LSTM,60,2,32,0.1,0.001,32,15,100,100,val_loss
84,0.03148141875863075,0.03528963029384613,0.13137122988700867,0.13261641561985016,0.03148141875863075,0.03528963029384613,LSTM,60,2,32,0.1,0.001,32,15,100,100,val_loss
85,0.031832706183195114,0.03564494475722313,0.1315891146659851,0.13258247077465057,0.031832706183195114,0.03564494475722313,LSTM,60,2,32,0.1,0.001,32,15,100,100,val_loss
86,0.029557019472122192,0.036001965403556824,0.1272968053817749,0.13222439587116241,0.029557019472122192,0.036001965403556824,LSTM,60,2,32,0.1,0.001,32,15,100,100,val_loss
87,0.030671944841742516,0.036174193024635315,0.12964516878128052,0.13312916457653046,0.030671944841742516,0.036174193024635315,LSTM,60,2,32,0.1,0.001,32,15,100,100,val_loss
88,0.03062082827091217,0.034655001014471054,0.12889866530895233,0.1310349404811859,0.03062082827091217,0.034655001014471054,LSTM,60,2,32,0.1,0.001,32,15,100,100,val_loss
89,0.028483279049396515,0.03478161618113518,0.12473355978727341,0.12990795075893402,0.028483279049396515,0.03478161618113518,LSTM,60,2,32,0.1,0.001,32,15,100,100,val_loss
90,0.02861148491501808,0.03522210195660591,0.12562119960784912,0.1318025290966034,0.02861148491501808,0.03522210195660591,LSTM,60,2,32,0.1,0.001,32,15,100,100,val_loss
91,0.030157746747136116,0.035263799130916595,0.1279478818178177,0.131348118185997,0.030157746747136116,0.035263799130916595,LSTM,60,2,32,0.1,0.001,32,15,100,100,val_loss
92,0.029358647763729095,0.035565052181482315,0.12741823494434357,0.13143989443778992,0.029358647763729095,0.035565052181482315,LSTM,60,2,32,0.1,0.001,32,15,100,100,val_loss
93,0.029205283150076866,0.03505131974816322,0.12531322240829468,0.13019537925720215,0.029205283150076866,0.03505131974816322,LSTM,60,2,32,0.1,0.001,32,15,100,100,val_loss
94,0.02933335490524769,0.03494146093726158,0.12579259276390076,0.13019959628582,0.02933335490524769,0.03494146093726158,LSTM,60,2,32,0.1,0.001,32,15,100,100,val_loss
95,0.030145801603794098,0.03588194400072098,0.12766993045806885,0.1313427835702896,0.030145801603794098,0.03588194027543068,LSTM,60,2,32,0.1,0.001,32,15,100,100,val_loss
96,0.029517630115151405,0.03639072924852371,0.12709367275238037,0.13227516412734985,0.029517630115151405,0.03639072924852371,LSTM,60,2,32,0.1,0.001,32,15,100,100,val_loss
97,0.027646055445075035,0.0339771993458271,0.12213756144046783,0.12882870435714722,0.027646055445075035,0.0339771993458271,LSTM,60,2,32,0.1,0.001,32,15,100,100,val_loss
98,0.0300290584564209,0.035352639853954315,0.1273009330034256,0.13074883818626404,0.0300290584564209,0.035352639853954315,LSTM,60,2,32,0.1,0.001,32,15,100,100,val_loss
99,0.027944201603531837,0.033936042338609695,0.12257115542888641,0.12844422459602356,0.027944201603531837,0.033936042338609695,LSTM,60,2,32,0.1,0.001,32,15,100,100,val_loss
100,0.03151148185133934,0.034878265112638474,0.1286357343196869,0.12987446784973145,0.03151148185133934,0.034878265112638474,LSTM,60,2,32,0.1,0.001,32,15,100,100,val_loss
1,0.715053915977478,0.5213691592216492,0.6723761558532715,0.5785223245620728,0.715053915977478,0.5213691592216492,LSTM,60,3,32,0.1,0.001,32,15,100,100,val_loss
2,0.4319101870059967,0.277990460395813,0.5206751823425293,0.41398927569389343,0.4319101870059967,0.277990460395813,LSTM,60,3,32,0.1,0.001,32,15,100,100,val_loss
3,0.26662060618400574,0.17269638180732727,0.4047267735004425,0.31828221678733826,0.26662060618400574,0.17269638180732727,LSTM,60,3,32,0.1,0.001,32,15,100,100,val_loss
4,0.1870063692331314,0.11188986152410507,0.33105483651161194,0.2554093897342682,0.1870063692331314,0.11188986152410507,LSTM,60,3,32,0.1,0.001,32,15,100,100,val_loss
5,0.1299211084842682,0.08117816597223282,0.2730337679386139,0.21525007486343384,0.1299211084842682,0.08117816597223282,LSTM,60,3,32,0.1,0.001,32,15,100,100,val_loss
6,0.10501107573509216,0.06707452237606049,0.2402111142873764,0.19499728083610535,0.10501107573509216,0.06707452237606049,LSTM,60,3,32,0.1,0.001,32,15,100,100,val_loss
7,0.08837186545133591,0.058133456856012344,0.21810169517993927,0.1819177120923996,0.08837186545133591,0.058133456856012344,LSTM,60,3,32,0.1,0.001,32,15,100,100,val_loss
8,0.07734164595603943,0.05406878888607025,0.20407380163669586,0.1749657243490219,0.07734164595603943,0.05406878888607025,LSTM,60,3,32,0.1,0.001,32,15,100,100,val_loss
9,0.07297349721193314,0.05235350504517555,0.19641625881195068,0.17159220576286316,0.07297349721193314,0.05235350504517555,LSTM,60,3,32,0.1,0.001,32,15,100,100,val_loss
10,0.06719035655260086,0.051583413034677505,0.18880146741867065,0.16934601962566376,0.06719035655260086,0.051583413034677505,LSTM,60,3,32,0.1,0.001,32,15,100,100,val_loss
11,0.06573573499917984,0.047581616789102554,0.18549814820289612,0.16384851932525635,0.06573573499917984,0.047581616789102554,LSTM,60,3,32,0.1,0.001,32,15,100,100,val_loss
12,0.06270638853311539,0.049471788108348846,0.18086887896060944,0.16471059620380402,0.06270638853311539,0.049471788108348846,LSTM,60,3,32,0.1,0.001,32,15,100,100,val_loss
13,0.06449924409389496,0.05032869428396225,0.1821947693824768,0.16431275010108948,0.06449924409389496,0.05032869428396225,LSTM,60,3,32,0.1,0.001,32,15,100,100,val_loss
14,0.05974966287612915,0.04785565286874771,0.17705431580543518,0.16034342348575592,0.05974966287612915,0.04785565286874771,LSTM,60,3,32,0.1,0.001,32,15,100,100,val_loss
15,0.05670449882745743,0.046014171093702316,0.17434297502040863,0.15814653038978577,0.05670449882745743,0.046014171093702316,LSTM,60,3,32,0.1,0.001,32,15,100,100,val_loss
16,0.057996585965156555,0.047778572887182236,0.1736612617969513,0.15927556157112122,0.057996585965156555,0.047778572887182236,LSTM,60,3,32,0.1,0.001,32,15,100,100,val_loss
17,0.055134985595941544,0.04690014198422432,0.16797909140586853,0.15828557312488556,0.055134985595941544,0.04690014198422432,LSTM,60,3,32,0.1,0.001,32,15,100,100,val_loss
18,0.05500045418739319,0.04905347898602486,0.1694473922252655,0.16014306247234344,0.05500045418739319,0.04905347898602486,LSTM,60,3,32,0.1,0.001,32,15,100,100,val_loss
19,0.05233655869960785,0.04682666435837746,0.16385604441165924,0.15665924549102783,0.05233655869960785,0.04682666435837746,LSTM,60,3,32,0.1,0.001,32,15,100,100,val_loss
20,0.05100670084357262,0.04734326899051666,0.16269458830356598,0.15730111300945282,0.05100670084357262,0.04734326899051666,LSTM,60,3,32,0.1,0.001,32,15,100,100,val_loss
21,0.053524695336818695,0.04667723551392555,0.16623184084892273,0.15568287670612335,0.053524695336818695,0.04667723551392555,LSTM,60,3,32,0.1,0.001,32,15,100,100,val_loss
22,0.04932871088385582,0.04900089278817177,0.16162872314453125,0.15821170806884766,0.04932871088385582,0.04900089278817177,LSTM,60,3,32,0.1,0.001,32,15,100,100,val_loss
23,0.04999707639217377,0.04790323227643967,0.15933813154697418,0.15604647994041443,0.04999707639217377,0.04790323227643967,LSTM,60,3,32,0.1,0.001,32,15,100,100,val_loss
24,0.04753350466489792,0.046849045902490616,0.15680469572544098,0.15482217073440552,0.04753350466489792,0.046849045902490616,LSTM,60,3,32,0.1,0.001,32,15,100,100,val_loss
25,0.04710202291607857,0.04696456715464592,0.15673355758190155,0.15473507344722748,0.04710202291607857,0.04696456715464592,LSTM,60,3,32,0.1,0.001,32,15,100,100,val_loss
26,0.04600290581583977,0.04454466328024864,0.1573314517736435,0.15139272809028625,0.04600290581583977,0.04454466328024864,LSTM,60,3,32,0.1,0.001,32,15,100,100,val_loss
27,0.0482335239648819,0.045345645397901535,0.1571584939956665,0.15170764923095703,0.0482335239648819,0.045345645397901535,LSTM,60,3,32,0.1,0.001,32,15,100,100,val_loss
28,0.04582034423947334,0.046949245035648346,0.1534445732831955,0.15348480641841888,0.04582034423947334,0.046949245035648346,LSTM,60,3,32,0.1,0.001,32,15,100,100,val_loss
29,0.04427877068519592,0.0461031012237072,0.15196824073791504,0.1531524509191513,0.04427877068519592,0.0461031012237072,LSTM,60,3,32,0.1,0.001,32,15,100,100,val_loss
30,0.04353444650769234,0.04352835193276405,0.1510499119758606,0.14893099665641785,0.04353444650769234,0.04352835193276405,LSTM,60,3,32,0.1,0.001,32,15,100,100,val_loss
31,0.04506555572152138,0.04834305867552757,0.15444135665893555,0.15527984499931335,0.04506555572152138,0.04834305867552757,LSTM,60,3,32,0.1,0.001,32,15,100,100,val_loss
32,0.04355314001441002,0.04645295441150665,0.1505570113658905,0.15241122245788574,0.04355314001441002,0.04645295441150665,LSTM,60,3,32,0.1,0.001,32,15,100,100,val_loss
33,0.041848741471767426,0.044530101120471954,0.1462799459695816,0.14967632293701172,0.041848741471767426,0.044530101120471954,LSTM,60,3,32,0.1,0.001,32,15,100,100,val_loss
34,0.041326701641082764,0.04632044583559036,0.14727362990379333,0.15195432305335999,0.041326701641082764,0.04632044583559036,LSTM,60,3,32,0.1,0.001,32,15,100,100,val_loss
35,0.0415385365486145,0.04484109207987785,0.14727018773555756,0.14986875653266907,0.0415385365486145,0.04484109207987785,LSTM,60,3,32,0.1,0.001,32,15,100,100,val_loss
36,0.04196279123425484,0.04613029584288597,0.14807721972465515,0.15144918859004974,0.04196279123425484,0.04613029584288597,LSTM,60,3,32,0.1,0.001,32,15,100,100,val_loss
37,0.041123948991298676,0.04405006766319275,0.14637281000614166,0.1488049030303955,0.041123948991298676,0.04405006766319275,LSTM,60,3,32,0.1,0.001,32,15,100,100,val_loss
38,0.04048500955104828,0.045017343014478683,0.14503292739391327,0.1497463434934616,0.04048500955104828,0.045017343014478683,LSTM,60,3,32,0.1,0.001,32,15,100,100,val_loss
39,0.040629927068948746,0.04346279054880142,0.14434051513671875,0.14705157279968262,0.040629927068948746,0.04346279054880142,LSTM,60,3,32,0.1,0.001,32,15,100,100,val_loss
40,0.04017822816967964,0.047501564025878906,0.1420915573835373,0.15290898084640503,0.04017822816967964,0.047501564025878906,LSTM,60,3,32,0.1,0.001,32,15,100,100,val_loss
41,0.03899038955569267,0.04301551356911659,0.14385616779327393,0.14627321064472198,0.03899038955569267,0.04301551356911659,LSTM,60,3,32,0.1,0.001,32,15,100,100,val_loss
42,0.038447026163339615,0.04454910382628441,0.1417808085680008,0.14848141372203827,0.038447026163339615,0.04454910382628441,LSTM,60,3,32,0.1,0.001,32,15,100,100,val_loss
43,0.03846466541290283,0.04348873347043991,0.14016474783420563,0.14730864763259888,0.03846466541290283,0.04348873347043991,LSTM,60,3,32,0.1,0.001,32,15,100,100,val_loss
44,0.03963429108262062,0.045408934354782104,0.14261022210121155,0.150153249502182,0.03963429108262062,0.045408934354782104,LSTM,60,3,32,0.1,0.001,32,15,100,100,val_loss
45,0.03977598994970322,0.04440787062048912,0.14198191463947296,0.14831110835075378,0.03977598994970322,0.04440787062048912,LSTM,60,3,32,0.1,0.001,32,15,100,100,val_loss
46,0.037881605327129364,0.04567849636077881,0.1403132826089859,0.14987395703792572,0.037881605327129364,0.04567849636077881,LSTM,60,3,32,0.1,0.001,32,15,100,100,val_loss
47,0.03762184455990791,0.04380394518375397,0.13951195776462555,0.14696277678012848,0.03762184455990791,0.04380394518375397,LSTM,60,3,32,0.1,0.001,32,15,100,100,val_loss
48,0.03811602294445038,0.044905442744493484,0.1414104700088501,0.1482764482498169,0.03811602294445038,0.044905442744493484,LSTM,60,3,32,0.1,0.001,32,15,100,100,val_loss
49,0.03707384690642357,0.04509364813566208,0.13751178979873657,0.14912891387939453,0.03707384690642357,0.04509364813566208,LSTM,60,3,32,0.1,0.001,32,15,100,100,val_loss
50,0.03775346279144287,0.045002054423093796,0.1382303535938263,0.14771471917629242,0.03775346279144287,0.045002054423093796,LSTM,60,3,32,0.1,0.001,32,15,100,100,val_loss
51,0.03478040173649788,0.04287390038371086,0.1337892711162567,0.14533783495426178,0.03478040173649788,0.04287390038371086,LSTM,60,3,32,0.1,0.001,32,15,100,100,val_loss
52,0.038683321326971054,0.0426197350025177,0.14116959273815155,0.14422103762626648,0.038683321326971054,0.0426197350025177,LSTM,60,3,32,0.1,0.001,32,15,100,100,val_loss
53,0.037290316075086594,0.04199656471610069,0.13716702163219452,0.14286203682422638,0.037290316075086594,0.04199656471610069,LSTM,60,3,32,0.1,0.001,32,15,100,100,val_loss
54,0.03735041618347168,0.04446091130375862,0.1377742886543274,0.14710959792137146,0.03735041618347168,0.04446091130375862,LSTM,60,3,32,0.1,0.001,32,15,100,100,val_loss
55,0.03595729172229767,0.04236217215657234,0.13733316957950592,0.14262312650680542,0.03595729172229767,0.04236217215657234,LSTM,60,3,32,0.1,0.001,32,15,100,100,val_loss
56,0.036209411919116974,0.0433456189930439,0.1353132128715515,0.1447387933731079,0.036209411919116974,0.0433456189930439,LSTM,60,3,32,0.1,0.001,32,15,100,100,val_loss
57,0.03536320850253105,0.042282816022634506,0.13596589863300323,0.1427975445985794,0.03536320850253105,0.042282816022634506,LSTM,60,3,32,0.1,0.001,32,15,100,100,val_loss
58,0.03509741276502609,0.0418211854994297,0.13368110358715057,0.14296458661556244,0.03509741276502609,0.0418211854994297,LSTM,60,3,32,0.1,0.001,32,15,100,100,val_loss
59,0.034898851066827774,0.04072117805480957,0.1360209435224533,0.14063343405723572,0.034898851066827774,0.04072117805480957,LSTM,60,3,32,0.1,0.001,32,15,100,100,val_loss
60,0.03371889889240265,0.04337402805685997,0.13278259336948395,0.14476299285888672,0.03371889889240265,0.04337402805685997,LSTM,60,3,32,0.1,0.001,32,15,100,100,val_loss
61,0.03564707934856415,0.04123213514685631,0.13506349921226501,0.14070221781730652,0.03564707934856415,0.04123213514685631,LSTM,60,3,32,0.1,0.001,32,15,100,100,val_loss
62,0.03372073546051979,0.0414920412003994,0.13267992436885834,0.14102083444595337,0.03372073546051979,0.0414920412003994,LSTM,60,3,32,0.1,0.001,32,15,100,100,val_loss
63,0.03699059039354324,0.04164290428161621,0.13705326616764069,0.14206057786941528,0.03699059039354324,0.04164290428161621,LSTM,60,3,32,0.1,0.001,32,15,100,100,val_loss
64,0.03445849195122719,0.04163120687007904,0.13489413261413574,0.14112426340579987,0.03445849195122719,0.04163120687007904,LSTM,60,3,32,0.1,0.001,32,15,100,100,val_loss
65,0.034173570573329926,0.04186791181564331,0.13091741502285004,0.14235557615756989,0.034173570573329926,0.04186791181564331,LSTM,60,3,32,0.1,0.001,32,15,100,100,val_loss
66,0.03329578414559364,0.0409349650144577,0.13226383924484253,0.1405487358570099,0.03329578414559364,0.0409349650144577,LSTM,60,3,32,0.1,0.001,32,15,100,100,val_loss
67,0.03504079207777977,0.04009925574064255,0.13341489434242249,0.1383933275938034,0.03504079207777977,0.04009925574064255,LSTM,60,3,32,0.1,0.001,32,15,100,100,val_loss
68,0.03406374529004097,0.03989626094698906,0.13130967319011688,0.13854794204235077,0.03406374529004097,0.03989626094698906,LSTM,60,3,32,0.1,0.001,32,15,100,100,val_loss
69,0.03274122625589371,0.039426036179065704,0.13161176443099976,0.1374780237674713,0.03274122625589371,0.039426036179065704,LSTM,60,3,32,0.1,0.001,32,15,100,100,val_loss
70,0.030715106055140495,0.038817208260297775,0.12485883384943008,0.13681654632091522,0.030715106055140495,0.038817208260297775,LSTM,60,3,32,0.1,0.001,32,15,100,100,val_loss
71,0.03368813171982765,0.04119531437754631,0.13211211562156677,0.14021407067775726,0.03368813171982765,0.04119531437754631,LSTM,60,3,32,0.1,0.001,32,15,100,100,val_loss
72,0.032733503729104996,0.03948305919766426,0.130495086312294,0.13700994849205017,0.032733503729104996,0.03948305919766426,LSTM,60,3,32,0.1,0.001,32,15,100,100,val_loss
73,0.03105960600078106,0.039883095771074295,0.12730425596237183,0.13804678618907928,0.03105960600078106,0.039883095771074295,LSTM,60,3,32,0.1,0.001,32,15,100,100,val_loss
74,0.03281840309500694,0.040248408913612366,0.1298772096633911,0.13875162601470947,0.03281840309500694,0.040248408913612366,LSTM,60,3,32,0.1,0.001,32,15,100,100,val_loss
75,0.030897339805960655,0.041703153401613235,0.1258072853088379,0.14049722254276276,0.030897339805960655,0.041703153401613235,LSTM,60,3,32,0.1,0.001,32,15,100,100,val_loss
76,0.030387967824935913,0.038696352392435074,0.1261415332555771,0.1360999047756195,0.030387967824935913,0.038696352392435074,LSTM,60,3,32,0.1,0.001,32,15,100,100,val_loss
77,0.031146643683314323,0.041034091264009476,0.12822894752025604,0.1395847201347351,0.031146643683314323,0.041034091264009476,LSTM,60,3,32,0.1,0.001,32,15,100,100,val_loss
78,0.03273232281208038,0.040548790246248245,0.13013270497322083,0.1397366225719452,0.03273232281208038,0.040548790246248245,LSTM,60,3,32,0.1,0.001,32,15,100,100,val_loss
79,0.03127680718898773,0.03963698819279671,0.12687374651432037,0.13711102306842804,0.03127680718898773,0.03963698819279671,LSTM,60,3,32,0.1,0.001,32,15,100,100,val_loss
80,0.03303512558341026,0.038621872663497925,0.12745319306850433,0.13485443592071533,0.03303512558341026,0.038621872663497925,LSTM,60,3,32,0.1,0.001,32,15,100,100,val_loss
81,0.032568469643592834,0.0411054901778698,0.13063009083271027,0.1382596641778946,0.032568469643592834,0.0411054901778698,LSTM,60,3,32,0.1,0.001,32,15,100,100,val_loss
82,0.03162849694490433,0.042609501630067825,0.1284221112728119,0.14168855547904968,0.03162849694490433,0.042609501630067825,LSTM,60,3,32,0.1,0.001,32,15,100,100,val_loss
83,0.03057442232966423,0.0381430983543396,0.12375508248806,0.13498038053512573,0.03057442232966423,0.0381430983543396,LSTM,60,3,32,0.1,0.001,32,15,100,100,val_loss
84,0.030773330479860306,0.03740056976675987,0.1256237030029297,0.13367408514022827,0.030773330479860306,0.03740056976675987,LSTM,60,3,32,0.1,0.001,32,15,100,100,val_loss
85,0.03145458921790123,0.03979629650712013,0.12970896065235138,0.1366787701845169,0.03145458921790123,0.03979629650712013,LSTM,60,3,32,0.1,0.001,32,15,100,100,val_loss
86,0.03070291317999363,0.0381031408905983,0.12685906887054443,0.13348662853240967,0.03070291317999363,0.0381031408905983,LSTM,60,3,32,0.1,0.001,32,15,100,100,val_loss
87,0.031012289226055145,0.04060056060552597,0.12680034339427948,0.13851362466812134,0.031012289226055145,0.04060056060552597,LSTM,60,3,32,0.1,0.001,32,15,100,100,val_loss
88,0.03202059119939804,0.03759384900331497,0.12916193902492523,0.1331595927476883,0.03202059119939804,0.03759384900331497,LSTM,60,3,32,0.1,0.001,32,15,100,100,val_loss
89,0.02996785379946232,0.0395764485001564,0.1229720339179039,0.13627974689006805,0.02996785379946232,0.0395764485001564,LSTM,60,3,32,0.1,0.001,32,15,100,100,val_loss
90,0.030725514516234398,0.037354979664087296,0.12646448612213135,0.13284622132778168,0.030725514516234398,0.037354979664087296,LSTM,60,3,32,0.1,0.001,32,15,100,100,val_loss
91,0.02912539429962635,0.03943299129605293,0.12228965759277344,0.13524428009986877,0.02912539429962635,0.03943299129605293,LSTM,60,3,32,0.1,0.001,32,15,100,100,val_loss
92,0.030642617493867874,0.03841584175825119,0.12536679208278656,0.1333889216184616,0.030642617493867874,0.03841584175825119,LSTM,60,3,32,0.1,0.001,32,15,100,100,val_loss
93,0.030491933226585388,0.037163108587265015,0.12400596588850021,0.13240252435207367,0.030491933226585388,0.037163108587265015,LSTM,60,3,32,0.1,0.001,32,15,100,100,val_loss
94,0.029351547360420227,0.03923844173550606,0.1221947893500328,0.13447675108909607,0.029351547360420227,0.03923844173550606,LSTM,60,3,32,0.1,0.001,32,15,100,100,val_loss
95,0.02929290570318699,0.03787137195467949,0.12462835013866425,0.13265587389469147,0.02929290570318699,0.03787137195467949,LSTM,60,3,32,0.1,0.001,32,15,100,100,val_loss
96,0.028875183314085007,0.0373530238866806,0.12195052951574326,0.13141585886478424,0.028875183314085007,0.0373530238866806,LSTM,60,3,32,0.1,0.001,32,15,100,100,val_loss
97,0.02932758629322052,0.03616005927324295,0.12417489290237427,0.1302664428949356,0.02932758629322052,0.03616005927324295,LSTM,60,3,32,0.1,0.001,32,15,100,100,val_loss
98,0.026886945590376854,0.036779191344976425,0.11867905408143997,0.13066473603248596,0.026886945590376854,0.036779191344976425,LSTM,60,3,32,0.1,0.001,32,15,100,100,val_loss
99,0.029503878206014633,0.03629258647561073,0.12287474423646927,0.12951074540615082,0.029503878206014633,0.03629258647561073,LSTM,60,3,32,0.1,0.001,32,15,100,100,val_loss
100,0.02919388748705387,0.037167273461818695,0.12338300794363022,0.13106316328048706,0.02919388748705387,0.037167273461818695,LSTM,60,3,32,0.1,0.001,32,15,100,100,val_loss
1,0.9349696040153503,0.7763216495513916,0.7963094711303711,0.7060809135437012,0.9349696040153503,0.7763216495513916,LSTM,60,4,32,0.1,0.001,32,15,100,100,val_loss
2,0.6410433650016785,0.5253053903579712,0.6481844782829285,0.5799002051353455,0.6410433650016785,0.5253053903579712,LSTM,60,4,32,0.1,0.001,32,15,100,100,val_loss
3,0.40245482325553894,0.3388276696205139,0.5040297508239746,0.4681440591812134,0.40245482325553894,0.3388276696205139,LSTM,60,4,32,0.1,0.001,32,15,100,100,val_loss
4,0.23788052797317505,0.20367562770843506,0.37466245889663696,0.3511432409286499,0.23788052797317505,0.20367562770843506,LSTM,60,4,32,0.1,0.001,32,15,100,100,val_loss
5,0.155439555644989,0.12888449430465698,0.29622897505760193,0.27413296699523926,0.155439555644989,0.12888449430465698,LSTM,60,4,32,0.1,0.001,32,15,100,100,val_loss
6,0.11639028042554855,0.09843652695417404,0.2559993863105774,0.2408968061208725,0.11639028042554855,0.09843652695417404,LSTM,60,4,32,0.1,0.001,32,15,100,100,val_loss
7,0.08827556669712067,0.08151832967996597,0.22622805833816528,0.21570807695388794,0.08827556669712067,0.08151832967996597,LSTM,60,4,32,0.1,0.001,32,15,100,100,val_loss
8,0.0846584141254425,0.07467521727085114,0.2196497768163681,0.20666006207466125,0.0846584141254425,0.07467521727085114,LSTM,60,4,32,0.1,0.001,32,15,100,100,val_loss
9,0.0750981867313385,0.07003138959407806,0.2083883285522461,0.19863516092300415,0.0750981867313385,0.07003138959407806,LSTM,60,4,32,0.1,0.001,32,15,100,100,val_loss
10,0.06966325640678406,0.0678219199180603,0.2014920860528946,0.19454728066921234,0.06966325640678406,0.0678219199180603,LSTM,60,4,32,0.1,0.001,32,15,100,100,val_loss
11,0.06759773194789886,0.06692036986351013,0.19781939685344696,0.1933622509241104,0.06759773194789886,0.06692036986351013,LSTM,60,4,32,0.1,0.001,32,15,100,100,val_loss
12,0.06541575491428375,0.06475825607776642,0.1950993835926056,0.18845970928668976,0.06541575491428375,0.06475825607776642,LSTM,60,4,32,0.1,0.001,32,15,100,100,val_loss
13,0.068785160779953,0.0635908991098404,0.19733497500419617,0.18532663583755493,0.068785160779953,0.0635908991098404,LSTM,60,4,32,0.1,0.001,32,15,100,100,val_loss
14,0.06399820744991302,0.06374384462833405,0.19264069199562073,0.1861017495393753,0.06399820744991302,0.06374384462833405,LSTM,60,4,32,0.1,0.001,32,15,100,100,val_loss
15,0.06241116672754288,0.062416933476924896,0.18955090641975403,0.18308602273464203,0.06241116672754288,0.062416933476924896,LSTM,60,4,32,0.1,0.001,32,15,100,100,val_loss
16,0.06259160488843918,0.06314083933830261,0.18782536685466766,0.18613620102405548,0.06259160488843918,0.06314083933830261,LSTM,60,4,32,0.1,0.001,32,15,100,100,val_loss
17,0.061087723821401596,0.061868906021118164,0.18540966510772705,0.1817253679037094,0.061087723821401596,0.061868906021118164,LSTM,60,4,32,0.1,0.001,32,15,100,100,val_loss
18,0.05906834080815315,0.06152260676026344,0.18257993459701538,0.18161094188690186,0.05906834080815315,0.06152260676026344,LSTM,60,4,32,0.1,0.001,32,15,100,100,val_loss
19,0.05827869102358818,0.06030270829796791,0.18151582777500153,0.179624542593956,0.05827869102358818,0.06030270829796791,LSTM,60,4,32,0.1,0.001,32,15,100,100,val_loss
20,0.05920824408531189,0.059840623289346695,0.1807578057050705,0.18092919886112213,0.05920824408531189,0.059840623289346695,LSTM,60,4,32,0.1,0.001,32,15,100,100,val_loss
21,0.05763659253716469,0.05888986214995384,0.18002837896347046,0.17822130024433136,0.05763659253716469,0.05888986214995384,LSTM,60,4,32,0.1,0.001,32,15,100,100,val_loss
22,0.05636182054877281,0.05857764557003975,0.17716816067695618,0.17710267007350922,0.05636182054877281,0.05857764557003975,LSTM,60,4,32,0.1,0.001,32,15,100,100,val_loss
23,0.055937524884939194,0.05745372548699379,0.17702101171016693,0.175023153424263,0.055937524884939194,0.05745372548699379,LSTM,60,4,32,0.1,0.001,32,15,100,100,val_loss
24,0.059190377593040466,0.056970104575157166,0.18075530230998993,0.17504721879959106,0.059190377593040466,0.056970104575157166,LSTM,60,4,32,0.1,0.001,32,15,100,100,val_loss
25,0.05465606600046158,0.05532015115022659,0.17424531280994415,0.1708616465330124,0.05465606600046158,0.05532015115022659,LSTM,60,4,32,0.1,0.001,32,15,100,100,val_loss
26,0.051809318363666534,0.05525704845786095,0.16944558918476105,0.17140023410320282,0.051809318363666534,0.05525704845786095,LSTM,60,4,32,0.1,0.001,32,15,100,100,val_loss
27,0.05261121317744255,0.05410360172390938,0.17038102447986603,0.16841842234134674,0.05261121317744255,0.05410360172390938,LSTM,60,4,32,0.1,0.001,32,15,100,100,val_loss
28,0.054513558745384216,0.05382238328456879,0.17271557450294495,0.1679256111383438,0.054513558745384216,0.05382238328456879,LSTM,60,4,32,0.1,0.001,32,15,100,100,val_loss
29,0.05271529033780098,0.052433498203754425,0.17164036631584167,0.1637389361858368,0.05271529033780098,0.052433498203754425,LSTM,60,4,32,0.1,0.001,32,15,100,100,val_loss
30,0.05370777100324631,0.050630416721105576,0.17268742620944977,0.162566140294075,0.05370777100324631,0.050630416721105576,LSTM,60,4,32,0.1,0.001,32,15,100,100,val_loss
31,0.05065777525305748,0.05287115275859833,0.16663238406181335,0.1673170030117035,0.05065777525305748,0.05287115275859833,LSTM,60,4,32,0.1,0.001,32,15,100,100,val_loss
32,0.04891102761030197,0.050965581089258194,0.1638779491186142,0.16504107415676117,0.04891102761030197,0.050965581089258194,LSTM,60,4,32,0.1,0.001,32,15,100,100,val_loss
33,0.04862980544567108,0.04925019294023514,0.16415230929851532,0.15866337716579437,0.04862980544567108,0.04925019294023514,LSTM,60,4,32,0.1,0.001,32,15,100,100,val_loss
34,0.052437447011470795,0.048197101801633835,0.1687559187412262,0.15714260935783386,0.052437447011470795,0.048197101801633835,LSTM,60,4,32,0.1,0.001,32,15,100,100,val_loss
35,0.05031677335500717,0.04901181533932686,0.16613665223121643,0.1588556319475174,0.05031677335500717,0.04901181533932686,LSTM,60,4,32,0.1,0.001,32,15,100,100,val_loss
36,0.04896987974643707,0.04831751063466072,0.16268512606620789,0.1575951874256134,0.04896987974643707,0.04831751063466072,LSTM,60,4,32,0.1,0.001,32,15,100,100,val_loss
37,0.04874827712774277,0.047409482300281525,0.1644476056098938,0.15533529222011566,0.04874827712774277,0.047409482300281525,LSTM,60,4,32,0.1,0.001,32,15,100,100,val_loss
38,0.04747341200709343,0.04814732447266579,0.16186608374118805,0.15660454332828522,0.04747341200709343,0.04814732447266579,LSTM,60,4,32,0.1,0.001,32,15,100,100,val_loss
39,0.04603726789355278,0.04698929190635681,0.15795084834098816,0.15548823773860931,0.04603726789355278,0.04698929190635681,LSTM,60,4,32,0.1,0.001,32,15,100,100,val_loss
40,0.04921653866767883,0.04569539427757263,0.16260679066181183,0.15121068060398102,0.04921653866767883,0.04569539427757263,LSTM,60,4,32,0.1,0.001,32,15,100,100,val_loss
41,0.0488877072930336,0.04617727920413017,0.1635582000017166,0.15297119319438934,0.0488877072930336,0.04617727920413017,LSTM,60,4,32,0.1,0.001,32,15,100,100,val_loss
42,0.04636674374341965,0.047127947211265564,0.15854021906852722,0.15532629191875458,0.04636674374341965,0.047127947211265564,LSTM,60,4,32,0.1,0.001,32,15,100,100,val_loss
43,0.04667980968952179,0.044907212257385254,0.1572553813457489,0.1516554057598114,0.04667980968952179,0.044907212257385254,LSTM,60,4,32,0.1,0.001,32,15,100,100,val_loss
44,0.047356389462947845,0.04510001093149185,0.15964682400226593,0.15054486691951752,0.047356389462947845,0.04510001093149185,LSTM,60,4,32,0.1,0.001,32,15,100,100,val_loss
45,0.04575882479548454,0.043786682188510895,0.15540657937526703,0.14811666309833527,0.04575882479548454,0.043786682188510895,LSTM,60,4,32,0.1,0.001,32,15,100,100,val_loss
46,0.04685113951563835,0.04447126388549805,0.16003243625164032,0.1492031216621399,0.04685113951563835,0.04447126388549805,LSTM,60,4,32,0.1,0.001,32,15,100,100,val_loss
47,0.04565862938761711,0.04313747212290764,0.15507502853870392,0.14776471257209778,0.04565862938761711,0.04313747212290764,LSTM,60,4,32,0.1,0.001,32,15,100,100,val_loss
48,0.04453989490866661,0.04318546876311302,0.15383298695087433,0.14718227088451385,0.04453989490866661,0.04318546876311302,LSTM,60,4,32,0.1,0.001,32,15,100,100,val_loss
49,0.04268203675746918,0.04315025359392166,0.15286049246788025,0.14793451130390167,0.04268203675746918,0.04315025359392166,LSTM,60,4,32,0.1,0.001,32,15,100,100,val_loss
50,0.04492722079157829,0.04292870685458183,0.15494105219841003,0.14558938145637512,0.04492722079157829,0.04292870685458183,LSTM,60,4,32,0.1,0.001,32,15,100,100,val_loss
51,0.044689279049634933,0.042260587215423584,0.15456506609916687,0.14479860663414001,0.044689279049634933,0.042260587215423584,LSTM,60,4,32,0.1,0.001,32,15,100,100,val_loss
52,0.04751142859458923,0.04291517660021782,0.1560061126947403,0.1468360424041748,0.04751142859458923,0.04291517660021782,LSTM,60,4,32,0.1,0.001,32,15,100,100,val_loss
53,0.043487463146448135,0.04127834737300873,0.15365760028362274,0.14296934008598328,0.043487463146448135,0.04127834737300873,LSTM,60,4,32,0.1,0.001,32,15,100,100,val_loss
54,0.043450720608234406,0.041500937193632126,0.15290939807891846,0.14281781017780304,0.043450720608234406,0.041500937193632126,LSTM,60,4,32,0.1,0.001,32,15,100,100,val_loss
55,0.042836710810661316,0.041595350950956345,0.15175671875476837,0.1428835242986679,0.042836710810661316,0.041595350950956345,LSTM,60,4,32,0.1,0.001,32,15,100,100,val_loss
56,0.04371248558163643,0.04114614799618721,0.1525515615940094,0.14181895554065704,0.04371248558163643,0.04114614799618721,LSTM,60,4,32,0.1,0.001,32,15,100,100,val_loss
57,0.040951043367385864,0.040747322142124176,0.14854696393013,0.14122888445854187,0.040951043367385864,0.040747322142124176,LSTM,60,4,32,0.1,0.001,32,15,100,100,val_loss
58,0.043987005949020386,0.040881555527448654,0.15224531292915344,0.14263324439525604,0.043987005949020386,0.040881555527448654,LSTM,60,4,32,0.1,0.001,32,15,100,100,val_loss
59,0.04340283200144768,0.039811018854379654,0.15116724371910095,0.140903040766716,0.04340283200144768,0.039811018854379654,LSTM,60,4,32,0.1,0.001,32,15,100,100,val_loss
60,0.04123996943235397,0.04212568700313568,0.14791473746299744,0.1424074023962021,0.04123996943235397,0.04212568700313568,LSTM,60,4,32,0.1,0.001,32,15,100,100,val_loss
61,0.04484240710735321,0.039506059139966965,0.1534978151321411,0.13947707414627075,0.04484240710735321,0.039506059139966965,LSTM,60,4,32,0.1,0.001,32,15,100,100,val_loss
62,0.04236968234181404,0.03976650536060333,0.14805737137794495,0.13890860974788666,0.04236968234181404,0.03976650536060333,LSTM,60,4,32,0.1,0.001,32,15,100,100,val_loss
63,0.04279157891869545,0.03941526263952255,0.15235787630081177,0.1382599025964737,0.04279157891869545,0.03941526263952255,LSTM,60,4,32,0.1,0.001,32,15,100,100,val_loss
64,0.041945744305849075,0.0393875353038311,0.14771562814712524,0.13978783786296844,0.041945744305849075,0.0393875353038311,LSTM,60,4,32,0.1,0.001,32,15,100,100,val_loss
65,0.039502862840890884,0.038808226585388184,0.145981103181839,0.13717769086360931,0.039502862840890884,0.038808226585388184,LSTM,60,4,32,0.1,0.001,32,15,100,100,val_loss
66,0.04126653075218201,0.03913939371705055,0.1488354355096817,0.13801942765712738,0.04126653075218201,0.03913939371705055,LSTM,60,4,32,0.1,0.001,32,15,100,100,val_loss
67,0.03973930701613426,0.0395176075398922,0.14537839591503143,0.139765664935112,0.03973930701613426,0.0395176075398922,LSTM,60,4,32,0.1,0.001,32,15,100,100,val_loss
68,0.04309321939945221,0.03951459750533104,0.150007963180542,0.13971379399299622,0.04309321939945221,0.03951459750533104,LSTM,60,4,32,0.1,0.001,32,15,100,100,val_loss
69,0.04093632102012634,0.03864004835486412,0.14720375835895538,0.13703244924545288,0.04093632102012634,0.03864004835486412,LSTM,60,4,32,0.1,0.001,32,15,100,100,val_loss
70,0.04218064993619919,0.03796090558171272,0.1482037603855133,0.13669073581695557,0.04218064993619919,0.03796090558171272,LSTM,60,4,32,0.1,0.001,32,15,100,100,val_loss
71,0.04197493568062782,0.03781510144472122,0.14901165664196014,0.13585130870342255,0.04197493568062782,0.03781510144472122,LSTM,60,4,32,0.1,0.001,32,15,100,100,val_loss
72,0.04248855262994766,0.03748568147420883,0.15046457946300507,0.1361328363418579,0.04248855262994766,0.03748568147420883,LSTM,60,4,32,0.1,0.001,32,15,100,100,val_loss
73,0.04032817482948303,0.039042629301548004,0.1455632746219635,0.13798566162586212,0.04032817482948303,0.039042629301548004,LSTM,60,4,32,0.1,0.001,32,15,100,100,val_loss
74,0.039775341749191284,0.03726274520158768,0.1472872644662857,0.13472174108028412,0.039775341749191284,0.03726274520158768,LSTM,60,4,32,0.1,0.001,32,15,100,100,val_loss
75,0.041287798434495926,0.037649549543857574,0.14882072806358337,0.13577182590961456,0.041287798434495926,0.037649549543857574,LSTM,60,4,32,0.1,0.001,32,15,100,100,val_loss
76,0.0413120836019516,0.037121351808309555,0.14595890045166016,0.1360827088356018,0.0413120836019516,0.037121351808309555,LSTM,60,4,32,0.1,0.001,32,15,100,100,val_loss
77,0.04131513088941574,0.03712458536028862,0.14812321960926056,0.13444386422634125,0.04131513088941574,0.03712458536028862,LSTM,60,4,32,0.1,0.001,32,15,100,100,val_loss
78,0.039911121129989624,0.03680022805929184,0.1431911736726761,0.1342051774263382,0.039911121129989624,0.03680022805929184,LSTM,60,4,32,0.1,0.001,32,15,100,100,val_loss
79,0.04017462208867073,0.03757532313466072,0.14435842633247375,0.13547159731388092,0.04017462208867073,0.03757532313466072,LSTM,60,4,32,0.1,0.001,32,15,100,100,val_loss
80,0.03988321125507355,0.0365043506026268,0.1437162160873413,0.13451862335205078,0.03988321125507355,0.0365043506026268,LSTM,60,4,32,0.1,0.001,32,15,100,100,val_loss
81,0.0386991873383522,0.03616788983345032,0.143252432346344,0.13231763243675232,0.0386991873383522,0.03616788983345032,LSTM,60,4,32,0.1,0.001,32,15,100,100,val_loss
82,0.040050406008958817,0.03559929132461548,0.14503000676631927,0.13179895281791687,0.040050406008958817,0.03559929132461548,LSTM,60,4,32,0.1,0.001,32,15,100,100,val_loss
83,0.03932681679725647,0.03554530069231987,0.14258871972560883,0.13166338205337524,0.03932681679725647,0.03554530069231987,LSTM,60,4,32,0.1,0.001,32,15,100,100,val_loss
84,0.038342561572790146,0.03568260371685028,0.14064763486385345,0.13194049894809723,0.038342561572790146,0.03568260371685028,LSTM,60,4,32,0.1,0.001,32,15,100,100,val_loss
85,0.03801789879798889,0.036212049424648285,0.14228790998458862,0.1334126740694046,0.03801789879798889,0.036212049424648285,LSTM,60,4,32,0.1,0.001,32,15,100,100,val_loss
86,0.03796616569161415,0.03683416172862053,0.14062197506427765,0.13404496014118195,0.03796616569161415,0.03683416172862053,LSTM,60,4,32,0.1,0.001,32,15,100,100,val_loss
87,0.04161667823791504,0.03636982664465904,0.14568042755126953,0.1332293301820755,0.04161667823791504,0.03636982664465904,LSTM,60,4,32,0.1,0.001,32,15,100,100,val_loss
88,0.03702981770038605,0.03646166995167732,0.1393769532442093,0.13362637162208557,0.03702981770038605,0.03646166995167732,LSTM,60,4,32,0.1,0.001,32,15,100,100,val_loss
89,0.04012976586818695,0.0362495519220829,0.1461838334798813,0.13336563110351562,0.04012976586818695,0.0362495519220829,LSTM,60,4,32,0.1,0.001,32,15,100,100,val_loss
90,0.03909757733345032,0.035583771765232086,0.14204095304012299,0.1319979578256607,0.03909757733345032,0.035583771765232086,LSTM,60,4,32,0.1,0.001,32,15,100,100,val_loss
91,0.038620442152023315,0.035888686776161194,0.14320898056030273,0.13408462703227997,0.038620442152023315,0.035888686776161194,LSTM,60,4,32,0.1,0.001,32,15,100,100,val_loss
92,0.03720836341381073,0.03454531356692314,0.14013591408729553,0.13076868653297424,0.03720836341381073,0.03454531356692314,LSTM,60,4,32,0.1,0.001,32,15,100,100,val_loss
93,0.0373123437166214,0.03671608120203018,0.1392950862646103,0.1342373639345169,0.0373123437166214,0.03671608120203018,LSTM,60,4,32,0.1,0.001,32,15,100,100,val_loss
94,0.036684658378362656,0.0356939435005188,0.1383158266544342,0.13265620172023773,0.036684658378362656,0.0356939435005188,LSTM,60,4,32,0.1,0.001,32,15,100,100,val_loss
95,0.038440994918346405,0.035221464931964874,0.14083489775657654,0.13182950019836426,0.038440994918346405,0.035221464931964874,LSTM,60,4,32,0.1,0.001,32,15,100,100,val_loss
96,0.0387088842689991,0.034800898283720016,0.1427798867225647,0.13029834628105164,0.0387088842689991,0.034800898283720016,LSTM,60,4,32,0.1,0.001,32,15,100,100,val_loss
97,0.03781890869140625,0.03449806571006775,0.1400030255317688,0.130959153175354,0.03781890869140625,0.03449806571006775,LSTM,60,4,32,0.1,0.001,32,15,100,100,val_loss
98,0.03753513842821121,0.03505494445562363,0.13983154296875,0.13311579823493958,0.03753513842821121,0.03505494445562363,LSTM,60,4,32,0.1,0.001,32,15,100,100,val_loss
99,0.036484505981206894,0.033816978335380554,0.13843394815921783,0.12821398675441742,0.036484505981206894,0.033816978335380554,LSTM,60,4,32,0.1,0.001,32,15,100,100,val_loss
100,0.037109434604644775,0.0345289520919323,0.1385899931192398,0.13014371693134308,0.037109434604644775,0.0345289520919323,LSTM,60,4,32,0.1,0.001,32,15,100,100,val_loss
