Fecha,Estacion,Serie,Nivel_mensual,Tendencia_lineal,Coef_pendiente_lineal,Coef_intercepto_lineal
1975-06-01,Calamar,Calamar,563.0,517.8045146585356,0.09613107302371589,517.8045146585356
1975-07-01,Calamar,Calamar,612.0769230769231,517.9006457315593,0.09613107302371589,517.8045146585356
1975-08-01,Calamar,Calamar,644.3225806451613,517.9967768045831,0.09613107302371589,517.8045146585356
1975-09-01,Calamar,Calamar,714.0333333333333,518.0929078776068,0.09613107302371589,517.8045146585356
1975-10-01,Calamar,Calamar,791.3225806451613,518.1890389506304,0.09613107302371589,517.8045146585356
1975-11-01,Calamar,Calamar,857.9,518.2851700236541,0.09613107302371589,517.8045146585356
1975-12-01,Calamar,Calamar,857.1290322580645,518.3813010966779,0.09613107302371589,517.8045146585356
1976-01-01,Calamar,Calamar,708.2258064516129,518.4774321697016,0.09613107302371589,517.8045146585356
1976-02-01,Calamar,Calamar,452.0689655172414,518.5735632427253,0.09613107302371589,517.8045146585356
1976-03-01,Calamar,Calamar,407.8709677419355,518.669694315749,0.09613107302371589,517.8045146585356
1976-04-01,Calamar,Calamar,447.46666666666664,518.7658253887728,0.09613107302371589,517.8045146585356
1976-05-01,Calamar,Calamar,574.4193548387096,518.8619564617965,0.09613107302371589,517.8045146585356
1976-06-01,Calamar,Calamar,599.7,518.9580875348202,0.09613107302371589,517.8045146585356
1976-07-01,Calamar,Calamar,544.0322580645161,519.054218607844,0.09613107302371589,517.8045146585356
1976-08-01,Calamar,Calamar,420.7096774193548,519.1503496808676,0.09613107302371589,517.8045146585356
1976-09-01,Calamar,Calamar,348.1666666666667,519.2464807538913,0.09613107302371589,517.8045146585356
1976-10-01,Calamar,Calamar,528.8709677419355,519.342611826915,0.09613107302371589,517.8045146585356
1976-11-01,Calamar,Calamar,645.8,519.4387428999388,0.09613107302371589,517.8045146585356
1976-12-01,Calamar,Calamar,511.19354838709677,519.5348739729625,0.09613107302371589,517.8045146585356
1977-01-01,Calamar,Calamar,241.38709677419354,519.6310050459862,0.09613107302371589,517.8045146585356
1977-02-01,Calamar,Calamar,162.0,519.7271361190099,0.09613107302371589,517.8045146585356
1977-03-01,Calamar,Calamar,148.38709677419354,519.8232671920337,0.09613107302371589,517.8045146585356
1977-04-01,Calamar,Calamar,232.43333333333334,519.9193982650573,0.09613107302371589,517.8045146585356
1977-06-01,Calamar,Calamar,501.6333333333333,520.015529338081,0.09613107302371589,517.8045146585356
1977-07-01,Calamar,Calamar,468.4516129032258,520.1116604111048,0.09613107302371589,517.8045146585356
1977-08-01,Calamar,Calamar,474.8709677419355,520.2077914841285,0.09613107302371589,517.8045146585356
1977-09-01,Calamar,Calamar,430.03333333333336,520.3039225571522,0.09613107302371589,517.8045146585356
1977-10-01,Calamar,Calamar,597.516129032258,520.4000536301759,0.09613107302371589,517.8045146585356
1977-11-01,Calamar,Calamar,712.6333333333333,520.4961847031997,0.09613107302371589,517.8045146585356
1977-12-01,Calamar,Calamar,685.2,520.5923157762234,0.09613107302371589,517.8045146585356
1978-01-01,Calamar,Calamar,388.06451612903226,520.688446849247,0.09613107302371589,517.8045146585356
1978-02-01,Calamar,Calamar,215.10714285714286,520.7845779222708,0.09613107302371589,517.8045146585356
1978-03-01,Calamar,Calamar,208.7741935483871,520.8807089952945,0.09613107302371589,517.8045146585356
1978-04-01,Calamar,Calamar,441.8,520.9768400683182,0.09613107302371589,517.8045146585356
1978-05-01,Calamar,Calamar,603.7096774193549,521.0729711413419,0.09613107302371589,517.8045146585356
1978-06-01,Calamar,Calamar,645.6666666666666,521.1691022143657,0.09613107302371589,517.8045146585356
1978-07-01,Calamar,Calamar,624.1612903225806,521.2652332873894,0.09613107302371589,517.8045146585356
1978-08-01,Calamar,Calamar,516.7741935483871,521.3613643604131,0.09613107302371589,517.8045146585356
1978-09-01,Calamar,Calamar,486.76666666666665,521.4574954334367,0.09613107302371589,517.8045146585356
1978-10-01,Calamar,Calamar,577.483870967742,521.5536265064605,0.09613107302371589,517.8045146585356
1978-11-01,Calamar,Calamar,672.4666666666667,521.6497575794842,0.09613107302371589,517.8045146585356
1978-12-01,Calamar,Calamar,651.9032258064516,521.7458886525079,0.09613107302371589,517.8045146585356
1979-01-01,Calamar,Calamar,409.80645161290323,521.8420197255317,0.09613107302371589,517.8045146585356
1979-02-01,Calamar,Calamar,219.53571428571428,521.9381507985554,0.09613107302371589,517.8045146585356
1979-03-01,Calamar,Calamar,258.61290322580646,522.0342818715791,0.09613107302371589,517.8045146585356
1979-04-01,Calamar,Calamar,324.9,522.1304129446028,0.09613107302371589,517.8045146585356
1979-05-01,Calamar,Calamar,514.0967741935484,522.2265440176266,0.09613107302371589,517.8045146585356
1979-06-01,Calamar,Calamar,631.7333333333333,522.3226750906503,0.09613107302371589,517.8045146585356
1979-07-01,Calamar,Calamar,629.1290322580645,522.4188061636739,0.09613107302371589,517.8045146585356
1979-08-01,Calamar,Calamar,511.51612903225805,522.5149372366976,0.09613107302371589,517.8045146585356
1979-09-01,Calamar,Calamar,592.3666666666667,522.6110683097214,0.09613107302371589,517.8045146585356
1979-10-01,Calamar,Calamar,651.1290322580645,522.7071993827451,0.09613107302371589,517.8045146585356
1979-11-01,Calamar,Calamar,737.1,522.8033304557688,0.09613107302371589,517.8045146585356
1979-12-01,Calamar,Calamar,785.8709677419355,522.8994615287926,0.09613107302371589,517.8045146585356
1980-01-01,Calamar,Calamar,546.7741935483871,522.9955926018163,0.09613107302371589,517.8045146585356
1980-02-01,Calamar,Calamar,354.9655172413793,523.09172367484,0.09613107302371589,517.8045146585356
1980-03-01,Calamar,Calamar,245.41935483870967,523.1878547478636,0.09613107302371589,517.8045146585356
1980-04-01,Calamar,Calamar,260.46666666666664,523.2839858208874,0.09613107302371589,517.8045146585356
1980-05-01,Calamar,Calamar,388.35483870967744,523.3801168939111,0.09613107302371589,517.8045146585356
1980-06-01,Calamar,Calamar,492.4,523.4762479669348,0.09613107302371589,517.8045146585356
1980-07-01,Calamar,Calamar,441.22222222222223,523.5723790399586,0.09613107302371589,517.8045146585356
1980-08-01,Calamar,Calamar,466.93548387096774,523.6685101129823,0.09613107302371589,517.8045146585356
1980-09-01,Calamar,Calamar,458.73333333333335,523.764641186006,0.09613107302371589,517.8045146585356
1980-10-01,Calamar,Calamar,580.9677419354839,523.8607722590297,0.09613107302371589,517.8045146585356
1980-11-01,Calamar,Calamar,645.7666666666667,523.9569033320535,0.09613107302371589,517.8045146585356
1980-12-01,Calamar,Calamar,625.0645161290323,524.0530344050771,0.09613107302371589,517.8045146585356
1981-01-01,Calamar,Calamar,463.6774193548387,524.1491654781008,0.09613107302371589,517.8045146585356
1981-02-01,Calamar,Calamar,281.07142857142856,524.2452965511245,0.09613107302371589,517.8045146585356
1981-03-01,Calamar,Calamar,360.16129032258067,524.3414276241483,0.09613107302371589,517.8045146585356
1981-04-01,Calamar,Calamar,359.1666666666667,524.437558697172,0.09613107302371589,517.8045146585356
1981-05-01,Calamar,Calamar,627.1935483870968,524.5336897701957,0.09613107302371589,517.8045146585356
1981-06-01,Calamar,Calamar,800.7333333333333,524.6298208432195,0.09613107302371589,517.8045146585356
1981-07-01,Calamar,Calamar,802.9032258064516,524.7259519162432,0.09613107302371589,517.8045146585356
1981-08-01,Calamar,Calamar,685.0322580645161,524.8220829892668,0.09613107302371589,517.8045146585356
1981-09-01,Calamar,Calamar,662.1666666666666,524.9182140622905,0.09613107302371589,517.8045146585356
1981-10-01,Calamar,Calamar,641.2903225806451,525.0143451353143,0.09613107302371589,517.8045146585356
1981-11-01,Calamar,Calamar,699.9,525.110476208338,0.09613107302371589,517.8045146585356
1981-12-01,Calamar,Calamar,719.2258064516129,525.2066072813617,0.09613107302371589,517.8045146585356
1982-01-01,Calamar,Calamar,624.8709677419355,525.3027383543854,0.09613107302371589,517.8045146585356
1982-02-01,Calamar,Calamar,469.9642857142857,525.3988694274092,0.09613107302371589,517.8045146585356
1982-03-01,Calamar,Calamar,423.741935483871,525.4950005004329,0.09613107302371589,517.8045146585356
1982-04-01,Calamar,Calamar,504.6333333333333,525.5911315734566,0.09613107302371589,517.8045146585356
1982-05-01,Calamar,Calamar,664.6451612903226,525.6872626464803,0.09613107302371589,517.8045146585356
1982-06-01,Calamar,Calamar,774.7333333333333,525.783393719504,0.09613107302371589,517.8045146585356
1982-07-01,Calamar,Calamar,693.6451612903226,525.8795247925277,0.09613107302371589,517.8045146585356
1982-08-01,Calamar,Calamar,538.3225806451613,525.9756558655514,0.09613107302371589,517.8045146585356
1982-09-01,Calamar,Calamar,482.6666666666667,526.0717869385752,0.09613107302371589,517.8045146585356
1982-10-01,Calamar,Calamar,589.0,526.1679180115989,0.09613107302371589,517.8045146585356
1982-11-01,Calamar,Calamar,685.7666666666667,526.2640490846226,0.09613107302371589,517.8045146585356
1982-12-01,Calamar,Calamar,580.1290322580645,526.3601801576463,0.09613107302371589,517.8045146585356
1983-01-01,Calamar,Calamar,370.80645161290323,526.45631123067,0.09613107302371589,517.8045146585356
1983-02-01,Calamar,Calamar,210.89285714285714,526.5524423036937,0.09613107302371589,517.8045146585356
1983-03-01,Calamar,Calamar,235.25806451612902,526.6485733767174,0.09613107302371589,517.8045146585356
1983-04-01,Calamar,Calamar,372.26666666666665,526.7447044497412,0.09613107302371589,517.8045146585356
1983-05-01,Calamar,Calamar,565.8709677419355,526.8408355227649,0.09613107302371589,517.8045146585356
1983-06-01,Calamar,Calamar,618.6,526.9369665957886,0.09613107302371589,517.8045146585356
1983-07-01,Calamar,Calamar,504.741935483871,527.0330976688123,0.09613107302371589,517.8045146585356
1983-08-01,Calamar,Calamar,470.38709677419354,527.1292287418361,0.09613107302371589,517.8045146585356
1983-09-01,Calamar,Calamar,512.3333333333334,527.2253598148598,0.09613107302371589,517.8045146585356
1983-10-01,Calamar,Calamar,560.4516129032259,527.3214908878834,0.09613107302371589,517.8045146585356
1983-11-01,Calamar,Calamar,606.9,527.4176219609071,0.09613107302371589,517.8045146585356
1983-12-01,Calamar,Calamar,576.4193548387096,527.5137530339309,0.09613107302371589,517.8045146585356
1984-01-01,Calamar,Calamar,511.9032258064516,527.6098841069546,0.09613107302371589,517.8045146585356
1984-02-01,Calamar,Calamar,428.7241379310345,527.7060151799783,0.09613107302371589,517.8045146585356
1984-03-01,Calamar,Calamar,372.38709677419354,527.8021462530021,0.09613107302371589,517.8045146585356
1984-04-01,Calamar,Calamar,343.3,527.8982773260258,0.09613107302371589,517.8045146585356
1984-05-01,Calamar,Calamar,494.48387096774195,527.9944083990495,0.09613107302371589,517.8045146585356
1984-06-01,Calamar,Calamar,638.0666666666667,528.0905394720731,0.09613107302371589,517.8045146585356
1984-07-01,Calamar,Calamar,704.6774193548387,528.186670545097,0.09613107302371589,517.8045146585356
1984-08-01,Calamar,Calamar,705.2903225806451,528.2828016181206,0.09613107302371589,517.8045146585356
1984-09-01,Calamar,Calamar,690.2666666666667,528.3789326911443,0.09613107302371589,517.8045146585356
1984-10-01,Calamar,Calamar,749.5806451612904,528.4750637641681,0.09613107302371589,517.8045146585356
1984-11-01,Calamar,Calamar,821.6,528.5711948371918,0.09613107302371589,517.8045146585356
1984-12-01,Calamar,Calamar,808.5806451612904,528.6673259102155,0.09613107302371589,517.8045146585356
1985-01-01,Calamar,Calamar,571.3870967741935,528.7634569832392,0.09613107302371589,517.8045146585356
1985-02-01,Calamar,Calamar,312.67857142857144,528.859588056263,0.09613107302371589,517.8045146585356
1985-03-01,Calamar,Calamar,239.70967741935485,528.9557191292866,0.09613107302371589,517.8045146585356
1985-04-01,Calamar,Calamar,317.56666666666666,529.0518502023103,0.09613107302371589,517.8045146585356
1985-05-01,Calamar,Calamar,433.1290322580645,529.147981275334,0.09613107302371589,517.8045146585356
1985-06-01,Calamar,Calamar,478.2,529.2441123483578,0.09613107302371589,517.8045146585356
1985-07-01,Calamar,Calamar,374.741935483871,529.3402434213815,0.09613107302371589,517.8045146585356
1985-08-01,Calamar,Calamar,467.51612903225805,529.4363744944052,0.09613107302371589,517.8045146585356
1985-09-01,Calamar,Calamar,567.5333333333333,529.532505567429,0.09613107302371589,517.8045146585356
1985-10-01,Calamar,Calamar,632.1612903225806,529.6286366404527,0.09613107302371589,517.8045146585356
1985-11-01,Calamar,Calamar,674.6,529.7247677134764,0.09613107302371589,517.8045146585356
1985-12-01,Calamar,Calamar,666.741935483871,529.8208987865,0.09613107302371589,517.8045146585356
1986-01-01,Calamar,Calamar,432.741935483871,529.9170298595238,0.09613107302371589,517.8045146585356
1986-02-01,Calamar,Calamar,336.35714285714283,530.0131609325475,0.09613107302371589,517.8045146585356
1986-03-01,Calamar,Calamar,376.7096774193548,530.1092920055712,0.09613107302371589,517.8045146585356
1986-04-01,Calamar,Calamar,434.6666666666667,530.2054230785949,0.09613107302371589,517.8045146585356
1986-05-01,Calamar,Calamar,549.9677419354839,530.3015541516187,0.09613107302371589,517.8045146585356
1986-06-01,Calamar,Calamar,604.3666666666667,530.3976852246424,0.09613107302371589,517.8045146585356
1986-07-01,Calamar,Calamar,572.7096774193549,530.4938162976661,0.09613107302371589,517.8045146585356
1986-08-01,Calamar,Calamar,412.4516129032258,530.5899473706899,0.09613107302371589,517.8045146585356
1986-09-01,Calamar,Calamar,411.53333333333336,530.6860784437135,0.09613107302371589,517.8045146585356
1986-10-01,Calamar,Calamar,551.8387096774194,530.7822095167372,0.09613107302371589,517.8045146585356
1986-11-01,Calamar,Calamar,690.3666666666667,530.8783405897609,0.09613107302371589,517.8045146585356
1986-12-01,Calamar,Calamar,626.5806451612904,530.9744716627847,0.09613107302371589,517.8045146585356
1987-01-01,Calamar,Calamar,356.35483870967744,531.0706027358084,0.09613107302371589,517.8045146585356
1987-02-01,Calamar,Calamar,241.85714285714286,531.1667338088321,0.09613107302371589,517.8045146585356
1987-03-01,Calamar,Calamar,203.61290322580646,531.2628648818559,0.09613107302371589,517.8045146585356
1987-04-01,Calamar,Calamar,282.3333333333333,531.3589959548796,0.09613107302371589,517.8045146585356
1987-05-01,Calamar,Calamar,455.61290322580646,531.4551270279032,0.09613107302371589,517.8045146585356
1987-06-01,Calamar,Calamar,516.4333333333333,531.5512581009269,0.09613107302371589,517.8045146585356
1987-07-01,Calamar,Calamar,441.38709677419354,531.6473891739507,0.09613107302371589,517.8045146585356
1987-08-01,Calamar,Calamar,555.0645161290323,531.7435202469744,0.09613107302371589,517.8045146585356
1987-09-01,Calamar,Calamar,561.0333333333333,531.8396513199981,0.09613107302371589,517.8045146585356
1987-10-01,Calamar,Calamar,631.8387096774194,531.9357823930218,0.09613107302371589,517.8045146585356
1987-11-01,Calamar,Calamar,737.2333333333333,532.0319134660456,0.09613107302371589,517.8045146585356
1987-12-01,Calamar,Calamar,738.7096774193549,532.1280445390693,0.09613107302371589,517.8045146585356
1988-01-01,Calamar,Calamar,477.0967741935484,532.224175612093,0.09613107302371589,517.8045146585356
1988-02-01,Calamar,Calamar,274.62068965517244,532.3203066851167,0.09613107302371589,517.8045146585356
1988-03-01,Calamar,Calamar,212.06451612903226,532.4164377581404,0.09613107302371589,517.8045146585356
1988-04-01,Calamar,Calamar,303.8666666666667,532.5125688311641,0.09613107302371589,517.8045146585356
1988-05-01,Calamar,Calamar,428.61290322580646,532.6086999041878,0.09613107302371589,517.8045146585356
1988-06-01,Calamar,Calamar,478.6666666666667,532.7048309772116,0.09613107302371589,517.8045146585356
1988-07-01,Calamar,Calamar,618.6129032258065,532.8009620502353,0.09613107302371589,517.8045146585356
1988-08-01,Calamar,Calamar,671.6774193548387,532.897093123259,0.09613107302371589,517.8045146585356
1988-09-01,Calamar,Calamar,758.8333333333334,532.9932241962827,0.09613107302371589,517.8045146585356
1988-10-01,Calamar,Calamar,816.9677419354839,533.0893552693065,0.09613107302371589,517.8045146585356
1988-11-01,Calamar,Calamar,827.9,533.1854863423301,0.09613107302371589,517.8045146585356
1988-12-01,Calamar,Calamar,843.9032258064516,533.2816174153538,0.09613107302371589,517.8045146585356
1989-01-01,Calamar,Calamar,727.8709677419355,533.3777484883776,0.09613107302371589,517.8045146585356
1989-02-01,Calamar,Calamar,522.6428571428571,533.4738795614013,0.09613107302371589,517.8045146585356
1989-03-01,Calamar,Calamar,453.5806451612903,533.570010634425,0.09613107302371589,517.8045146585356
1989-04-01,Calamar,Calamar,432.46666666666664,533.6661417074487,0.09613107302371589,517.8045146585356
1989-05-01,Calamar,Calamar,475.35483870967744,533.7622727804725,0.09613107302371589,517.8045146585356
1989-06-01,Calamar,Calamar,545.5,533.8584038534962,0.09613107302371589,517.8045146585356
1989-07-01,Calamar,Calamar,525.1935483870968,533.9545349265198,0.09613107302371589,517.8045146585356
1989-08-01,Calamar,Calamar,504.741935483871,534.0506659995435,0.09613107302371589,517.8045146585356
1989-09-01,Calamar,Calamar,584.4666666666667,534.1467970725673,0.09613107302371589,517.8045146585356
1989-10-01,Calamar,Calamar,689.6774193548387,534.242928145591,0.09613107302371589,517.8045146585356
1989-11-01,Calamar,Calamar,748.2333333333333,534.3390592186147,0.09613107302371589,517.8045146585356
1989-12-01,Calamar,Calamar,694.9354838709677,534.4351902916385,0.09613107302371589,517.8045146585356
1990-01-01,Calamar,Calamar,463.7096774193548,534.5313213646622,0.09613107302371589,517.8045146585356
1990-02-01,Calamar,Calamar,320.2142857142857,534.6274524376859,0.09613107302371589,517.8045146585356
1990-04-01,Calamar,Calamar,344.23333333333335,534.7235835107095,0.09613107302371589,517.8045146585356
1990-05-01,Calamar,Calamar,521.8064516129032,534.8197145837333,0.09613107302371589,517.8045146585356
1990-06-01,Calamar,Calamar,544.4333333333333,534.915845656757,0.09613107302371589,517.8045146585356
1990-07-01,Calamar,Calamar,502.06451612903226,535.0119767297807,0.09613107302371589,517.8045146585356
1990-08-01,Calamar,Calamar,437.741935483871,535.1081078028044,0.09613107302371589,517.8045146585356
1990-09-01,Calamar,Calamar,460.43333333333334,535.2042388758282,0.09613107302371589,517.8045146585356
1990-10-01,Calamar,Calamar,564.7096774193549,535.3003699488519,0.09613107302371589,517.8045146585356
1990-11-01,Calamar,Calamar,681.5,535.3965010218756,0.09613107302371589,517.8045146585356
1990-12-01,Calamar,Calamar,694.6129032258065,535.4926320948994,0.09613107302371589,517.8045146585356
1991-01-01,Calamar,Calamar,479.61290322580646,535.588763167923,0.09613107302371589,517.8045146585356
1991-02-01,Calamar,Calamar,243.46428571428572,535.6848942409467,0.09613107302371589,517.8045146585356
1991-03-01,Calamar,Calamar,282.2903225806452,535.7810253139704,0.09613107302371589,517.8045146585356
1991-04-01,Calamar,Calamar,334.4,535.8771563869942,0.09613107302371589,517.8045146585356
1991-05-01,Calamar,Calamar,441.48387096774195,535.9732874600179,0.09613107302371589,517.8045146585356
1991-06-01,Calamar,Calamar,487.3666666666667,536.0694185330416,0.09613107302371589,517.8045146585356
1991-07-01,Calamar,Calamar,463.5483870967742,536.1655496060654,0.09613107302371589,517.8045146585356
1991-08-01,Calamar,Calamar,438.61290322580646,536.2616806790891,0.09613107302371589,517.8045146585356
1991-09-01,Calamar,Calamar,375.2,536.3578117521128,0.09613107302371589,517.8045146585356
1991-10-01,Calamar,Calamar,526.7666666666667,536.4539428251364,0.09613107302371589,517.8045146585356
1991-11-01,Calamar,Calamar,554.0666666666667,536.5500738981602,0.09613107302371589,517.8045146585356
1991-12-01,Calamar,Calamar,566.6129032258065,536.6462049711839,0.09613107302371589,517.8045146585356
1992-01-01,Calamar,Calamar,351.3225806451613,536.7423360442076,0.09613107302371589,517.8045146585356
1992-02-01,Calamar,Calamar,223.44827586206895,536.8384671172313,0.09613107302371589,517.8045146585356
1992-03-01,Calamar,Calamar,202.25806451612902,536.9345981902551,0.09613107302371589,517.8045146585356
1992-04-01,Calamar,Calamar,195.1,537.0307292632788,0.09613107302371589,517.8045146585356
1992-05-01,Calamar,Calamar,359.96774193548384,537.1268603363025,0.09613107302371589,517.8045146585356
1992-06-01,Calamar,Calamar,429.3666666666667,537.2229914093263,0.09613107302371589,517.8045146585356
1992-07-01,Calamar,Calamar,383.80645161290323,537.3191224823499,0.09613107302371589,517.8045146585356
1992-08-01,Calamar,Calamar,444.61290322580646,537.4152535553736,0.09613107302371589,517.8045146585356
1992-09-01,Calamar,Calamar,469.1666666666667,537.5113846283973,0.09613107302371589,517.8045146585356
1992-10-01,Calamar,Calamar,523.741935483871,537.6075157014211,0.09613107302371589,517.8045146585356
1992-11-01,Calamar,Calamar,524.1,537.7036467744448,0.09613107302371589,517.8045146585356
1992-12-01,Calamar,Calamar,534.9677419354839,537.7997778474685,0.09613107302371589,517.8045146585356
1993-01-01,Calamar,Calamar,399.96774193548384,537.8959089204922,0.09613107302371589,517.8045146585356
1993-02-01,Calamar,Calamar,294.7857142857143,537.992039993516,0.09613107302371589,517.8045146585356
1993-03-01,Calamar,Calamar,270.38709677419354,538.0881710665396,0.09613107302371589,517.8045146585356
1993-04-01,Calamar,Calamar,411.3666666666667,538.1843021395633,0.09613107302371589,517.8045146585356
1993-05-01,Calamar,Calamar,554.4516129032259,538.2804332125871,0.09613107302371589,517.8045146585356
1993-06-01,Calamar,Calamar,623.0666666666667,538.3765642856108,0.09613107302371589,517.8045146585356
1993-07-01,Calamar,Calamar,576.1935483870968,538.4726953586345,0.09613107302371589,517.8045146585356
1993-08-01,Calamar,Calamar,482.64516129032256,538.5688264316582,0.09613107302371589,517.8045146585356
1993-09-01,Calamar,Calamar,543.4333333333333,538.664957504682,0.09613107302371589,517.8045146585356
1993-10-01,Calamar,Calamar,605.8709677419355,538.7610885777057,0.09613107302371589,517.8045146585356
1993-11-01,Calamar,Calamar,647.0,538.8572196507293,0.09613107302371589,517.8045146585356
1993-12-01,Calamar,Calamar,706.8064516129032,538.9533507237531,0.09613107302371589,517.8045146585356
1994-01-01,Calamar,Calamar,603.1290322580645,539.0494817967768,0.09613107302371589,517.8045146585356
1994-02-01,Calamar,Calamar,408.82142857142856,539.1456128698005,0.09613107302371589,517.8045146585356
1994-03-01,Calamar,Calamar,408.7741935483871,539.2417439428242,0.09613107302371589,517.8045146585356
1994-04-01,Calamar,Calamar,502.56666666666666,539.337875015848,0.09613107302371589,517.8045146585356
1994-05-01,Calamar,Calamar,605.4516129032259,539.4340060888717,0.09613107302371589,517.8045146585356
1994-06-01,Calamar,Calamar,666.4,539.5301371618954,0.09613107302371589,517.8045146585356
1994-07-01,Calamar,Calamar,623.7096774193549,539.626268234919,0.09613107302371589,517.8045146585356
1994-08-01,Calamar,Calamar,530.6451612903226,539.7223993079429,0.09613107302371589,517.8045146585356
1994-09-01,Calamar,Calamar,511.6,539.8185303809665,0.09613107302371589,517.8045146585356
1994-10-01,Calamar,Calamar,595.9677419354839,539.9146614539902,0.09613107302371589,517.8045146585356
1994-11-01,Calamar,Calamar,694.3333333333334,540.010792527014,0.09613107302371589,517.8045146585356
1994-12-01,Calamar,Calamar,719.3225806451613,540.1069236000377,0.09613107302371589,517.8045146585356
1995-01-01,Calamar,Calamar,470.06451612903226,540.2030546730614,0.09613107302371589,517.8045146585356
1995-02-01,Calamar,Calamar,240.10714285714286,540.2991857460851,0.09613107302371589,517.8045146585356
1995-03-01,Calamar,Calamar,249.83870967741936,540.3953168191089,0.09613107302371589,517.8045146585356
1995-04-01,Calamar,Calamar,350.1333333333333,540.4914478921326,0.09613107302371589,517.8045146585356
1995-05-01,Calamar,Calamar,517.2258064516129,540.5875789651562,0.09613107302371589,517.8045146585356
1995-06-01,Calamar,Calamar,610.7,540.6837100381799,0.09613107302371589,517.8045146585356
1995-07-01,Calamar,Calamar,642.7096774193549,540.7798411112037,0.09613107302371589,517.8045146585356
1995-08-01,Calamar,Calamar,712.0,540.8759721842274,0.09613107302371589,517.8045146585356
1995-09-01,Calamar,Calamar,751.9333333333333,540.9721032572511,0.09613107302371589,517.8045146585356
1995-10-01,Calamar,Calamar,731.3870967741935,541.0682343302749,0.09613107302371589,517.8045146585356
1995-11-01,Calamar,Calamar,785.0,541.1643654032986,0.09613107302371589,517.8045146585356
1995-12-01,Calamar,Calamar,743.0645161290323,541.2604964763223,0.09613107302371589,517.8045146585356
1996-01-01,Calamar,Calamar,577.2903225806451,541.356627549346,0.09613107302371589,517.8045146585356
1996-02-01,Calamar,Calamar,466.17241379310343,541.4527586223697,0.09613107302371589,517.8045146585356
1996-03-01,Calamar,Calamar,523.258064516129,541.5488896953934,0.09613107302371589,517.8045146585356
1996-04-01,Calamar,Calamar,569.7333333333333,541.6450207684171,0.09613107302371589,517.8045146585356
1996-05-01,Calamar,Calamar,600.9354838709677,541.7411518414408,0.09613107302371589,517.8045146585356
1996-06-01,Calamar,Calamar,699.7666666666667,541.8372829144646,0.09613107302371589,517.8045146585356
1996-07-01,Calamar,Calamar,776.258064516129,541.9334139874883,0.09613107302371589,517.8045146585356
1996-08-01,Calamar,Calamar,780.1612903225806,542.029545060512,0.09613107302371589,517.8045146585356
1996-09-01,Calamar,Calamar,743.7,542.1256761335358,0.09613107302371589,517.8045146585356
1996-10-01,Calamar,Calamar,729.3870967741935,542.2218072065594,0.09613107302371589,517.8045146585356
1996-11-01,Calamar,Calamar,755.3666666666667,542.3179382795831,0.09613107302371589,517.8045146585356
1996-12-01,Calamar,Calamar,707.0967741935484,542.4140693526068,0.09613107302371589,517.8045146585356
1997-01-01,Calamar,Calamar,512.1935483870968,542.5102004256306,0.09613107302371589,517.8045146585356
1997-02-01,Calamar,Calamar,462.67857142857144,542.6063314986543,0.09613107302371589,517.8045146585356
1997-03-01,Calamar,Calamar,358.4516129032258,542.702462571678,0.09613107302371589,517.8045146585356
1997-04-01,Calamar,Calamar,358.3,542.7985936447017,0.09613107302371589,517.8045146585356
1997-05-01,Calamar,Calamar,436.6774193548387,542.8947247177255,0.09613107302371589,517.8045146585356
1997-06-01,Calamar,Calamar,496.5,542.9908557907492,0.09613107302371589,517.8045146585356
1997-07-01,Calamar,Calamar,470.38709677419354,543.0869868637728,0.09613107302371589,517.8045146585356
1997-08-01,Calamar,Calamar,363.7096774193548,543.1831179367966,0.09613107302371589,517.8045146585356
1997-09-01,Calamar,Calamar,354.8333333333333,543.2792490098203,0.09613107302371589,517.8045146585356
1997-10-01,Calamar,Calamar,470.03225806451616,543.375380082844,0.09613107302371589,517.8045146585356
1997-11-01,Calamar,Calamar,509.3,543.4715111558677,0.09613107302371589,517.8045146585356
1997-12-01,Calamar,Calamar,443.7096774193548,543.5676422288915,0.09613107302371589,517.8045146585356
1998-01-01,Calamar,Calamar,226.32258064516128,543.6637733019152,0.09613107302371589,517.8045146585356
1998-02-01,Calamar,Calamar,241.32142857142858,543.7599043749389,0.09613107302371589,517.8045146585356
1998-03-01,Calamar,Calamar,210.03225806451613,543.8560354479627,0.09613107302371589,517.8045146585356
1998-04-01,Calamar,Calamar,394.3666666666667,543.9521665209863,0.09613107302371589,517.8045146585356
1998-05-01,Calamar,Calamar,562.0322580645161,544.04829759401,0.09613107302371589,517.8045146585356
1998-06-01,Calamar,Calamar,642.5,544.1444286670337,0.09613107302371589,517.8045146585356
1998-07-01,Calamar,Calamar,672.7741935483871,544.2405597400575,0.09613107302371589,517.8045146585356
1998-08-01,Calamar,Calamar,657.2258064516129,544.3366908130812,0.09613107302371589,517.8045146585356
1998-09-01,Calamar,Calamar,665.4666666666667,544.4328218861049,0.09613107302371589,517.8045146585356
1998-10-01,Calamar,Calamar,703.5483870967741,544.5289529591286,0.09613107302371589,517.8045146585356
1998-11-01,Calamar,Calamar,733.0333333333333,544.6250840321524,0.09613107302371589,517.8045146585356
1998-12-01,Calamar,Calamar,776.0645161290323,544.721215105176,0.09613107302371589,517.8045146585356
1999-01-01,Calamar,Calamar,726.2258064516129,544.8173461781997,0.09613107302371589,517.8045146585356
1999-02-01,Calamar,Calamar,607.1785714285714,544.9134772512235,0.09613107302371589,517.8045146585356
1999-03-01,Calamar,Calamar,646.0645161290323,545.0096083242472,0.09613107302371589,517.8045146585356
1999-04-01,Calamar,Calamar,663.1,545.1057393972709,0.09613107302371589,517.8045146585356
1999-05-01,Calamar,Calamar,704.741935483871,545.2018704702946,0.09613107302371589,517.8045146585356
1999-06-01,Calamar,Calamar,747.7333333333333,545.2980015433184,0.09613107302371589,517.8045146585356
1999-07-01,Calamar,Calamar,774.8387096774194,545.3941326163421,0.09613107302371589,517.8045146585356
1999-08-01,Calamar,Calamar,722.1935483870968,545.4902636893657,0.09613107302371589,517.8045146585356
1999-09-01,Calamar,Calamar,716.3333333333334,545.5863947623894,0.09613107302371589,517.8045146585356
1999-10-01,Calamar,Calamar,792.2903225806451,545.6825258354132,0.09613107302371589,517.8045146585356
1999-11-01,Calamar,Calamar,865.1,545.7786569084369,0.09613107302371589,517.8045146585356
1999-12-01,Calamar,Calamar,852.3548387096774,545.8747879814606,0.09613107302371589,517.8045146585356
2000-01-01,Calamar,Calamar,765.4193548387096,545.9709190544844,0.09613107302371589,517.8045146585356
2000-02-01,Calamar,Calamar,535.6551724137931,546.0670501275081,0.09613107302371589,517.8045146585356
2000-03-01,Calamar,Calamar,531.516129032258,546.1631812005318,0.09613107302371589,517.8045146585356
2000-04-01,Calamar,Calamar,509.6666666666667,546.2593122735555,0.09613107302371589,517.8045146585356
2000-05-01,Calamar,Calamar,585.5483870967741,546.3554433465792,0.09613107302371589,517.8045146585356
2000-06-01,Calamar,Calamar,688.1333333333333,546.4515744196029,0.09613107302371589,517.8045146585356
2000-07-01,Calamar,Calamar,715.3225806451613,546.5477054926266,0.09613107302371589,517.8045146585356
2000-08-01,Calamar,Calamar,668.9677419354839,546.6438365656504,0.09613107302371589,517.8045146585356
2000-09-01,Calamar,Calamar,669.5,546.7399676386741,0.09613107302371589,517.8045146585356
2000-10-01,Calamar,Calamar,743.7741935483871,546.8360987116978,0.09613107302371589,517.8045146585356
2000-11-01,Calamar,Calamar,757.8,546.9322297847215,0.09613107302371589,517.8045146585356
2000-12-01,Calamar,Calamar,695.0322580645161,547.0283608577453,0.09613107302371589,517.8045146585356
2001-01-01,Calamar,Calamar,478.80645161290323,547.124491930769,0.09613107302371589,517.8045146585356
2001-02-01,Calamar,Calamar,272.92857142857144,547.2206230037926,0.09613107302371589,517.8045146585356
2001-03-01,Calamar,Calamar,313.48387096774195,547.3167540768163,0.09613107302371589,517.8045146585356
2001-04-01,Calamar,Calamar,366.56666666666666,547.4128851498401,0.09613107302371589,517.8045146585356
2001-05-01,Calamar,Calamar,430.3225806451613,547.5090162228638,0.09613107302371589,517.8045146585356
2001-06-01,Calamar,Calamar,525.1,547.6051472958875,0.09613107302371589,517.8045146585356
2001-07-01,Calamar,Calamar,459.5483870967742,547.7012783689113,0.09613107302371589,517.8045146585356
2001-08-01,Calamar,Calamar,410.7096774193548,547.797409441935,0.09613107302371589,517.8045146585356
2001-09-01,Calamar,Calamar,434.23333333333335,547.8935405149587,0.09613107302371589,517.8045146585356
2001-10-01,Calamar,Calamar,546.1935483870968,547.9896715879823,0.09613107302371589,517.8045146585356
2001-11-01,Calamar,Calamar,633.8,548.0858026610061,0.09613107302371589,517.8045146585356
2001-12-01,Calamar,Calamar,668.258064516129,548.1819337340298,0.09613107302371589,517.8045146585356
2002-01-01,Calamar,Calamar,568.516129032258,548.2780648070535,0.09613107302371589,517.8045146585356
2002-02-01,Calamar,Calamar,318.67857142857144,548.3741958800772,0.09613107302371589,517.8045146585356
2002-03-01,Calamar,Calamar,262.3225806451613,548.470326953101,0.09613107302371589,517.8045146585356
2002-04-01,Calamar,Calamar,428.73333333333335,548.5664580261247,0.09613107302371589,517.8045146585356
2002-05-01,Calamar,Calamar,530.0322580645161,548.6625890991484,0.09613107302371589,517.8045146585356
2002-06-01,Calamar,Calamar,620.3333333333334,548.7587201721722,0.09613107302371589,517.8045146585356
2002-07-01,Calamar,Calamar,574.6774193548387,548.8548512451958,0.09613107302371589,517.8045146585356
2002-08-01,Calamar,Calamar,424.19354838709677,548.9509823182195,0.09613107302371589,517.8045146585356
2002-09-01,Calamar,Calamar,436.6333333333333,549.0471133912432,0.09613107302371589,517.8045146585356
2002-10-01,Calamar,Calamar,473.64516129032256,549.143244464267,0.09613107302371589,517.8045146585356
2002-11-01,Calamar,Calamar,620.9666666666667,549.2393755372907,0.09613107302371589,517.8045146585356
2002-12-01,Calamar,Calamar,545.2258064516129,549.3355066103144,0.09613107302371589,517.8045146585356
2003-01-01,Calamar,Calamar,331.8709677419355,549.4316376833381,0.09613107302371589,517.8045146585356
2003-02-01,Calamar,Calamar,216.68,549.5277687563619,0.09613107302371589,517.8045146585356
2003-03-01,Calamar,Calamar,233.83870967741936,549.6238998293856,0.09613107302371589,517.8045146585356
2003-04-01,Calamar,Calamar,359.1333333333333,549.7200309024092,0.09613107302371589,517.8045146585356
2003-05-01,Calamar,Calamar,530.3870967741935,549.816161975433,0.09613107302371589,517.8045146585356
2003-06-01,Calamar,Calamar,597.9666666666667,549.9122930484567,0.09613107302371589,517.8045146585356
2003-07-01,Calamar,Calamar,627.6129032258065,550.0084241214804,0.09613107302371589,517.8045146585356
2003-08-01,Calamar,Calamar,585.4193548387096,550.1045551945041,0.09613107302371589,517.8045146585356
2003-09-01,Calamar,Calamar,541.3333333333334,550.2006862675279,0.09613107302371589,517.8045146585356
2003-10-01,Calamar,Calamar,636.0967741935484,550.2968173405516,0.09613107302371589,517.8045146585356
2003-11-01,Calamar,Calamar,734.4666666666667,550.3929484135753,0.09613107302371589,517.8045146585356
2003-12-01,Calamar,Calamar,781.2258064516129,550.4890794865989,0.09613107302371589,517.8045146585356
2004-01-01,Calamar,Calamar,654.5483870967741,550.5852105596227,0.09613107302371589,517.8045146585356
2004-02-01,Calamar,Calamar,356.2758620689655,550.6813416326464,0.09613107302371589,517.8045146585356
2004-03-01,Calamar,Calamar,269.0,550.7774727056701,0.09613107302371589,517.8045146585356
2004-04-01,Calamar,Calamar,343.73333333333335,550.8736037786939,0.09613107302371589,517.8045146585356
2004-05-01,Calamar,Calamar,532.483870967742,550.9697348517176,0.09613107302371589,517.8045146585356
2004-06-01,Calamar,Calamar,619.8333333333334,551.0658659247413,0.09613107302371589,517.8045146585356
2004-07-01,Calamar,Calamar,544.8387096774194,551.161996997765,0.09613107302371589,517.8045146585356
2004-08-01,Calamar,Calamar,528.258064516129,551.2581280707888,0.09613107302371589,517.8045146585356
2004-09-01,Calamar,Calamar,547.6666666666666,551.3542591438124,0.09613107302371589,517.8045146585356
2004-10-01,Calamar,Calamar,644.0967741935484,551.4503902168361,0.09613107302371589,517.8045146585356
2004-11-01,Calamar,Calamar,740.3333333333334,551.5465212898599,0.09613107302371589,517.8045146585356
2004-12-01,Calamar,Calamar,779.4193548387096,551.6426523628836,0.09613107302371589,517.8045146585356
2005-01-01,Calamar,Calamar,590.3870967741935,551.7387834359073,0.09613107302371589,517.8045146585356
2005-02-01,Calamar,Calamar,435.14285714285717,551.834914508931,0.09613107302371589,517.8045146585356
2005-03-01,Calamar,Calamar,373.80645161290323,551.9310455819548,0.09613107302371589,517.8045146585356
2005-04-01,Calamar,Calamar,423.23333333333335,552.0271766549785,0.09613107302371589,517.8045146585356
2005-05-01,Calamar,Calamar,568.0645161290323,552.1233077280021,0.09613107302371589,517.8045146585356
2005-06-01,Calamar,Calamar,663.2333333333333,552.2194388010258,0.09613107302371589,517.8045146585356
2005-07-01,Calamar,Calamar,655.516129032258,552.3155698740496,0.09613107302371589,517.8045146585356
2005-08-01,Calamar,Calamar,571.7741935483871,552.4117009470733,0.09613107302371589,517.8045146585356
2005-09-01,Calamar,Calamar,551.9666666666667,552.507832020097,0.09613107302371589,517.8045146585356
2005-10-01,Calamar,Calamar,616.8064516129032,552.6039630931208,0.09613107302371589,517.8045146585356
2005-11-01,Calamar,Calamar,735.4666666666667,552.7000941661445,0.09613107302371589,517.8045146585356
2005-12-01,Calamar,Calamar,840.258064516129,552.7962252391682,0.09613107302371589,517.8045146585356
2006-01-01,Calamar,Calamar,696.1612903225806,552.8923563121919,0.09613107302371589,517.8045146585356
2006-02-01,Calamar,Calamar,499.82142857142856,552.9884873852156,0.09613107302371589,517.8045146585356
2006-03-01,Calamar,Calamar,413.8709677419355,553.0846184582393,0.09613107302371589,517.8045146585356
2006-04-01,Calamar,Calamar,549.5333333333333,553.180749531263,0.09613107302371589,517.8045146585356
2006-05-01,Calamar,Calamar,677.5806451612904,553.2768806042868,0.09613107302371589,517.8045146585356
2006-06-01,Calamar,Calamar,777.0666666666667,553.3730116773105,0.09613107302371589,517.8045146585356
2006-07-01,Calamar,Calamar,739.0,553.4691427503342,0.09613107302371589,517.8045146585356
2006-08-01,Calamar,Calamar,588.8387096774194,553.5652738233579,0.09613107302371589,517.8045146585356
2006-09-01,Calamar,Calamar,593.5666666666667,553.6614048963817,0.09613107302371589,517.8045146585356
2006-10-01,Calamar,Calamar,602.0967741935484,553.7575359694054,0.09613107302371589,517.8045146585356
2006-11-01,Calamar,Calamar,694.4666666666667,553.853667042429,0.09613107302371589,517.8045146585356
2006-12-01,Calamar,Calamar,758.0967741935484,553.9497981154527,0.09613107302371589,517.8045146585356
2007-01-01,Calamar,Calamar,631.6774193548387,554.0459291884765,0.09613107302371589,517.8045146585356
2007-02-01,Calamar,Calamar,358.0,554.1420602615002,0.09613107302371589,517.8045146585356
2007-03-01,Calamar,Calamar,266.38709677419354,554.2381913345239,0.09613107302371589,517.8045146585356
2007-04-01,Calamar,Calamar,509.03333333333336,554.3343224075477,0.09613107302371589,517.8045146585356
2007-05-01,Calamar,Calamar,662.483870967742,554.4304534805714,0.09613107302371589,517.8045146585356
2007-06-01,Calamar,Calamar,785.2666666666667,554.5265845535951,0.09613107302371589,517.8045146585356
2007-07-01,Calamar,Calamar,778.3225806451613,554.6227156266187,0.09613107302371589,517.8045146585356
2007-08-01,Calamar,Calamar,703.5483870967741,554.7188466996425,0.09613107302371589,517.8045146585356
2007-09-01,Calamar,Calamar,751.5666666666667,554.8149777726662,0.09613107302371589,517.8045146585356
2007-10-01,Calamar,Calamar,752.516129032258,554.9111088456899,0.09613107302371589,517.8045146585356
2007-11-01,Calamar,Calamar,855.4,555.0072399187136,0.09613107302371589,517.8045146585356
2007-12-01,Calamar,Calamar,832.5483870967741,555.1033709917374,0.09613107302371589,517.8045146585356
2008-01-01,Calamar,Calamar,684.516129032258,555.1995020647611,0.09613107302371589,517.8045146585356
2008-02-01,Calamar,Calamar,496.37931034482756,555.2956331377848,0.09613107302371589,517.8045146585356
2008-03-01,Calamar,Calamar,496.19354838709677,555.3917642108086,0.09613107302371589,517.8045146585356
2008-04-01,Calamar,Calamar,512.2333333333333,555.4878952838322,0.09613107302371589,517.8045146585356
2008-05-01,Calamar,Calamar,627.0645161290323,555.5840263568559,0.09613107302371589,517.8045146585356
2008-06-01,Calamar,Calamar,732.3,555.6801574298796,0.09613107302371589,517.8045146585356
2008-07-01,Calamar,Calamar,796.0645161290323,555.7762885029034,0.09613107302371589,517.8045146585356
2008-08-01,Calamar,Calamar,811.9032258064516,555.8724195759271,0.09613107302371589,517.8045146585356
2008-09-01,Calamar,Calamar,819.1,555.9685506489508,0.09613107302371589,517.8045146585356
2008-10-01,Calamar,Calamar,815.8387096774194,556.0646817219745,0.09613107302371589,517.8045146585356
2008-11-01,Calamar,Calamar,863.1,556.1608127949983,0.09613107302371589,517.8045146585356
2008-12-01,Calamar,Calamar,902.0645161290323,556.256943868022,0.09613107302371589,517.8045146585356
2009-01-01,Calamar,Calamar,742.0322580645161,556.3530749410456,0.09613107302371589,517.8045146585356
2009-02-01,Calamar,Calamar,577.1785714285714,556.4492060140694,0.09613107302371589,517.8045146585356
2009-03-01,Calamar,Calamar,510.4516129032258,556.5453370870931,0.09613107302371589,517.8045146585356
2009-04-01,Calamar,Calamar,587.5333333333333,556.6414681601168,0.09613107302371589,517.8045146585356
2009-05-01,Calamar,Calamar,634.6451612903226,556.7375992331405,0.09613107302371589,517.8045146585356
2009-06-01,Calamar,Calamar,631.5666666666667,556.8337303061643,0.09613107302371589,517.8045146585356
2009-07-01,Calamar,Calamar,610.8387096774194,556.929861379188,0.09613107302371589,517.8045146585356
2009-08-01,Calamar,Calamar,534.7096774193549,557.0259924522117,0.09613107302371589,517.8045146585356
2009-09-01,Calamar,Calamar,537.8666666666667,557.1221235252353,0.09613107302371589,517.8045146585356
2009-10-01,Calamar,Calamar,486.61290322580646,557.2182545982591,0.09613107302371589,517.8045146585356
2009-11-01,Calamar,Calamar,596.0333333333333,557.3143856712828,0.09613107302371589,517.8045146585356
2009-12-01,Calamar,Calamar,489.4193548387097,557.4105167443065,0.09613107302371589,517.8045146585356
2010-01-01,Calamar,Calamar,276.0,557.5066478173303,0.09613107302371589,517.8045146585356
2010-02-01,Calamar,Calamar,173.17857142857142,557.602778890354,0.09613107302371589,517.8045146585356
2010-03-01,Calamar,Calamar,265.4516129032258,557.6989099633777,0.09613107302371589,517.8045146585356
2010-04-01,Calamar,Calamar,378.6333333333333,557.7950410364014,0.09613107302371589,517.8045146585356
2010-05-01,Calamar,Calamar,551.7096774193549,557.8911721094252,0.09613107302371589,517.8045146585356
2010-06-01,Calamar,Calamar,670.6666666666666,557.9873031824488,0.09613107302371589,517.8045146585356
2010-07-01,Calamar,Calamar,766.0,558.0834342554725,0.09613107302371589,517.8045146585356
2010-08-01,Calamar,Calamar,860.258064516129,558.1795653284962,0.09613107302371589,517.8045146585356
2010-09-01,Calamar,Calamar,865.3666666666667,558.27569640152,0.09613107302371589,517.8045146585356
2010-10-01,Calamar,Calamar,909.7096774193549,558.3718274745437,0.09613107302371589,517.8045146585356
2010-11-01,Calamar,Calamar,911.4333333333333,558.4679585475674,0.09613107302371589,517.8045146585356
2010-12-01,Calamar,Calamar,923.2258064516129,558.5640896205912,0.09613107302371589,517.8045146585356
2011-01-01,Calamar,Calamar,789.7741935483871,558.6602206936149,0.09613107302371589,517.8045146585356
2011-02-01,Calamar,Calamar,524.3928571428571,558.7563517666385,0.09613107302371589,517.8045146585356
2011-03-01,Calamar,Calamar,517.2903225806451,558.8524828396622,0.09613107302371589,517.8045146585356
2011-04-01,Calamar,Calamar,614.4333333333333,558.948613912686,0.09613107302371589,517.8045146585356
2011-05-01,Calamar,Calamar,820.4193548387096,559.0447449857097,0.09613107302371589,517.8045146585356
2011-06-01,Calamar,Calamar,864.8666666666667,559.1408760587334,0.09613107302371589,517.8045146585356
2011-07-01,Calamar,Calamar,779.9032258064516,559.2370071317572,0.09613107302371589,517.8045146585356
2011-08-01,Calamar,Calamar,718.516129032258,559.3331382047809,0.09613107302371589,517.8045146585356
2011-09-01,Calamar,Calamar,662.2,559.4292692778046,0.09613107302371589,517.8045146585356
2011-10-01,Calamar,Calamar,686.8064516129032,559.5254003508282,0.09613107302371589,517.8045146585356
2011-11-01,Calamar,Calamar,789.5,559.621531423852,0.09613107302371589,517.8045146585356
2011-12-01,Calamar,Calamar,894.5483870967741,559.7176624968757,0.09613107302371589,517.8045146585356
2012-01-01,Calamar,Calamar,783.9677419354839,559.8137935698994,0.09613107302371589,517.8045146585356
2012-02-01,Calamar,Calamar,538.7586206896551,559.9099246429231,0.09613107302371589,517.8045146585356
2012-03-01,Calamar,Calamar,385.03225806451616,560.0060557159469,0.09613107302371589,517.8045146585356
2012-04-01,Calamar,Calamar,515.8333333333334,560.1021867889706,0.09613107302371589,517.8045146585356
2012-05-01,Calamar,Calamar,692.6451612903226,560.1983178619943,0.09613107302371589,517.8045146585356
2012-06-01,Calamar,Calamar,655.5,560.2944489350181,0.09613107302371589,517.8045146585356
2012-07-01,Calamar,Calamar,506.5483870967742,560.3905800080418,0.09613107302371589,517.8045146585356
2012-08-01,Calamar,Calamar,492.80645161290323,560.4867110810654,0.09613107302371589,517.8045146585356
2012-09-01,Calamar,Calamar,511.5,560.5828421540891,0.09613107302371589,517.8045146585356
2012-10-01,Calamar,Calamar,506.0967741935484,560.6789732271129,0.09613107302371589,517.8045146585356
2012-11-01,Calamar,Calamar,591.8666666666667,560.7751043001366,0.09613107302371589,517.8045146585356
2012-12-01,Calamar,Calamar,532.258064516129,560.8712353731603,0.09613107302371589,517.8045146585356
2013-01-01,Calamar,Calamar,303.4516129032258,560.9673664461841,0.09613107302371589,517.8045146585356
2013-02-01,Calamar,Calamar,262.17857142857144,561.0634975192078,0.09613107302371589,517.8045146585356
2013-03-01,Calamar,Calamar,323.741935483871,561.1596285922315,0.09613107302371589,517.8045146585356
2013-04-01,Calamar,Calamar,361.6,561.2557596652551,0.09613107302371589,517.8045146585356
2013-05-01,Calamar,Calamar,496.3225806451613,561.3518907382789,0.09613107302371589,517.8045146585356
2013-06-01,Calamar,Calamar,612.6,561.4480218113026,0.09613107302371589,517.8045146585356
2013-07-01,Calamar,Calamar,519.8387096774194,561.5441528843263,0.09613107302371589,517.8045146585356
2013-08-01,Calamar,Calamar,453.5806451612903,561.64028395735,0.09613107302371589,517.8045146585356
2013-09-01,Calamar,Calamar,563.1,561.7364150303738,0.09613107302371589,517.8045146585356
2013-10-01,Calamar,Calamar,591.2903225806451,561.8325461033975,0.09613107302371589,517.8045146585356
2013-11-01,Calamar,Calamar,629.2333333333333,561.9286771764212,0.09613107302371589,517.8045146585356
2013-12-01,Calamar,Calamar,622.1290322580645,562.024808249445,0.09613107302371589,517.8045146585356
2014-01-01,Calamar,Calamar,466.5483870967742,562.1209393224686,0.09613107302371589,517.8045146585356
2014-02-01,Calamar,Calamar,322.57142857142856,562.2170703954923,0.09613107302371589,517.8045146585356
2014-03-01,Calamar,Calamar,386.4193548387097,562.313201468516,0.09613107302371589,517.8045146585356
2014-04-01,Calamar,Calamar,347.93333333333334,562.4093325415398,0.09613107302371589,517.8045146585356
2014-05-01,Calamar,Calamar,509.51612903225805,562.5054636145635,0.09613107302371589,517.8045146585356
2014-06-01,Calamar,Calamar,520.4666666666667,562.6015946875872,0.09613107302371589,517.8045146585356
2014-07-01,Calamar,Calamar,397.83870967741933,562.6977257606109,0.09613107302371589,517.8045146585356
2014-08-01,Calamar,Calamar,356.64516129032256,562.7938568336347,0.09613107302371589,517.8045146585356
2014-09-01,Calamar,Calamar,449.03333333333336,562.8899879066583,0.09613107302371589,517.8045146585356
2014-10-01,Calamar,Calamar,543.6451612903226,562.986118979682,0.09613107302371589,517.8045146585356
2014-11-01,Calamar,Calamar,617.3333333333334,563.0822500527058,0.09613107302371589,517.8045146585356
2014-12-01,Calamar,Calamar,625.9354838709677,563.1783811257295,0.09613107302371589,517.8045146585356
2015-01-01,Calamar,Calamar,381.4516129032258,563.2745121987532,0.09613107302371589,517.8045146585356
2015-02-01,Calamar,Calamar,341.32142857142856,563.3706432717769,0.09613107302371589,517.8045146585356
2015-03-01,Calamar,Calamar,283.4516129032258,563.4667743448007,0.09613107302371589,517.8045146585356
2015-04-01,Calamar,Calamar,407.8666666666667,563.5629054178244,0.09613107302371589,517.8045146585356
2015-05-01,Calamar,Calamar,423.80645161290323,563.659036490848,0.09613107302371589,517.8045146585356
2015-06-01,Calamar,Calamar,475.3,563.7551675638717,0.09613107302371589,517.8045146585356
2015-07-01,Calamar,Calamar,369.38709677419354,563.8512986368955,0.09613107302371589,517.8045146585356
2015-08-01,Calamar,Calamar,353.0967741935484,563.9474297099192,0.09613107302371589,517.8045146585356
2015-09-01,Calamar,Calamar,374.53333333333336,564.0435607829429,0.09613107302371589,517.8045146585356
2015-10-01,Calamar,Calamar,367.5483870967742,564.1396918559667,0.09613107302371589,517.8045146585356
2015-11-01,Calamar,Calamar,469.0,564.2358229289904,0.09613107302371589,517.8045146585356
2015-12-01,Calamar,Calamar,370.38709677419354,564.3319540020141,0.09613107302371589,517.8045146585356
2016-01-01,Calamar,Calamar,189.78360215053885,564.4280850750378,0.09613107302371589,517.8045146585356
2016-02-01,Calamar,Calamar,147.31896551724085,564.5242161480616,0.09613107302371589,517.8045146585356
2016-03-01,Calamar,Calamar,192.20161290322503,564.6203472210852,0.09613107302371589,517.8045146585356
2016-04-01,Calamar,Calamar,277.69999999999624,564.7164782941089,0.09613107302371589,517.8045146585356
2016-05-01,Calamar,Calamar,441.1512096774171,564.8126093671326,0.09613107302371589,517.8045146585356
2016-06-01,Calamar,Calamar,476.85833333333323,564.9087404401564,0.09613107302371589,517.8045146585356
2016-07-01,Calamar,Calamar,438.5645161290323,565.0048715131801,0.09613107302371589,517.8045146585356
2016-08-01,Calamar,Calamar,446.77083333333456,565.1010025862038,0.09613107302371589,517.8045146585356
2016-09-01,Calamar,Calamar,488.8680555555533,565.1971336592276,0.09613107302371589,517.8045146585356
2016-10-01,Calamar,Calamar,556.1552419354813,565.2932647322513,0.09613107302371589,517.8045146585356
2016-11-01,Calamar,Calamar,660.6604166666644,565.389395805275,0.09613107302371589,517.8045146585356
2016-12-01,Calamar,Calamar,720.7379032258061,565.4855268782986,0.09613107302371589,517.8045146585356
2017-01-01,Calamar,Calamar,637.5564516129076,565.5816579513224,0.09613107302371589,517.8045146585356
2017-02-01,Calamar,Calamar,417.8303571428632,565.6777890243461,0.09613107302371589,517.8045146585356
2017-03-01,Calamar,Calamar,395.0907258064472,565.7739200973698,0.09613107302371589,517.8045146585356
2017-04-01,Calamar,Calamar,529.3583333333319,565.8700511703935,0.09613107302371589,517.8045146585356
2017-05-01,Calamar,Calamar,621.8266129032226,565.9661822434173,0.09613107302371589,517.8045146585356
2017-06-01,Calamar,Calamar,735.1458333333316,566.062313316441,0.09613107302371589,517.8045146585356
2017-07-01,Calamar,Calamar,753.2862903225819,566.1584443894646,0.09613107302371589,517.8045146585356
2017-08-01,Calamar,Calamar,662.0548611111132,566.2545754624884,0.09613107302371589,517.8045146585356
2017-09-01,Calamar,Calamar,640.5916666666665,566.3507065355121,0.09613107302371589,517.8045146585356
2017-10-01,Calamar,Calamar,658.1431451612902,566.4468376085358,0.09613107302371589,517.8045146585356
2017-11-01,Calamar,Calamar,666.3187499999989,566.5429686815595,0.09613107302371589,517.8045146585356
2017-12-01,Calamar,Calamar,692.3850806451627,566.6390997545833,0.09613107302371589,517.8045146585356
2018-01-01,Calamar,Calamar,612.1861559139802,566.735230827607,0.09613107302371589,517.8045146585356
2018-02-01,Calamar,Calamar,386.0121527777831,566.8313619006307,0.09613107302371589,517.8045146585356
2018-03-01,Calamar,Calamar,313.4432870370376,566.9274929736545,0.09613107302371589,517.8045146585356
2018-04-01,Calamar,Calamar,489.4486607142813,567.0236240466782,0.09613107302371589,517.8045146585356
2018-05-01,Calamar,Calamar,592.9798387096743,567.1197551197018,0.09613107302371589,517.8045146585356
2018-06-01,Calamar,Calamar,699.779166666666,567.2158861927255,0.09613107302371589,517.8045146585356
2018-07-01,Calamar,Calamar,634.5987903225838,567.3120172657493,0.09613107302371589,517.8045146585356
2018-08-01,Calamar,Calamar,531.334677419357,567.408148338773,0.09613107302371589,517.8045146585356
2018-09-01,Calamar,Calamar,521.122916666664,567.5042794117967,0.09613107302371589,517.8045146585356
2018-10-01,Calamar,Calamar,630.2923387096749,567.6004104848204,0.09613107302371589,517.8045146585356
2018-11-01,Calamar,Calamar,719.3145833333318,567.6965415578442,0.09613107302371589,517.8045146585356
2018-12-01,Calamar,Calamar,707.9831730769264,567.7926726308679,0.09613107302371589,517.8045146585356
2019-01-01,Calamar,Calamar,325.1333333333352,567.8888037038915,0.09613107302371589,517.8045146585356
2019-02-01,Calamar,Calamar,274.10788690476113,567.9849347769153,0.09613107302371589,517.8045146585356
2019-03-01,Calamar,Calamar,336.97177419354534,568.081065849939,0.09613107302371589,517.8045146585356
2019-04-01,Calamar,Calamar,471.0687499999969,568.1771969229627,0.09613107302371589,517.8045146585356
2019-05-01,Calamar,Calamar,537.0645161290306,568.2733279959864,0.09613107302371589,517.8045146585356
2019-06-01,Calamar,Calamar,655.9416666666652,568.3694590690102,0.09613107302371589,517.8045146585356
2019-07-01,Calamar,Calamar,589.6368055555587,568.4655901420339,0.09613107302371589,517.8045146585356
2019-08-01,Calamar,Calamar,478.00403225806684,568.5617212150576,0.09613107302371589,517.8045146585356
2019-09-01,Calamar,Calamar,431.804166666665,568.6578522880814,0.09613107302371589,517.8045146585356
2019-10-01,Calamar,Calamar,568.5302419354803,568.753983361105,0.09613107302371589,517.8045146585356
2019-11-01,Calamar,Calamar,670.0749999999992,568.8501144341287,0.09613107302371589,517.8045146585356
2019-12-01,Calamar,Calamar,629.1411290322609,568.9462455071524,0.09613107302371589,517.8045146585356
2020-01-01,Calamar,Calamar,428.97458922466257,569.0423765801762,0.09613107302371589,517.8045146585356
2020-02-01,Calamar,Calamar,265.9849137931056,569.1385076531999,0.09613107302371589,517.8045146585356
2020-03-01,Calamar,Calamar,275.7762096774191,569.2346387262236,0.09613107302371589,517.8045146585356
2020-04-01,Calamar,Calamar,309.06666666666456,569.3307697992473,0.09613107302371589,517.8045146585356
2020-05-01,Calamar,Calamar,354.5887096774185,569.4269008722711,0.09613107302371589,517.8045146585356
2020-06-01,Calamar,Calamar,456.39374999999734,569.5230319452947,0.09613107302371589,517.8045146585356
2020-07-01,Calamar,Calamar,540.3407258064493,569.6191630183184,0.09613107302371589,517.8045146585356
2020-08-01,Calamar,Calamar,557.5020161290316,569.7152940913422,0.09613107302371589,517.8045146585356
2020-09-01,Calamar,Calamar,636.958333333332,569.8114251643659,0.09613107302371589,517.8045146585356
2020-10-01,Calamar,Calamar,674.4072580645155,569.9075562373896,0.09613107302371589,517.8045146585356
2020-11-01,Calamar,Calamar,700.1833333333321,570.0036873104133,0.09613107302371589,517.8045146585356
2020-12-01,Calamar,Calamar,731.1088709677426,570.0998183834371,0.09613107302371589,517.8045146585356
2021-01-01,Calamar,Calamar,604.2137096774252,570.1959494564608,0.09613107302371589,517.8045146585356
2021-02-01,Calamar,Calamar,380.2700892857164,570.2920805294845,0.09613107302371589,517.8045146585356
2021-03-01,Calamar,Calamar,447.04435483870583,570.3882116025081,0.09613107302371589,517.8045146585356
2021-04-01,Calamar,Calamar,539.0895833333333,570.4843426755319,0.09613107302371589,517.8045146585356
2021-05-01,Calamar,Calamar,604.3850806451584,570.5804737485556,0.09613107302371589,517.8045146585356
2021-06-01,Calamar,Calamar,686.8645833333317,570.6766048215793,0.09613107302371589,517.8045146585356
2021-07-01,Calamar,Calamar,722.1250000000005,570.7727358946031,0.09613107302371589,517.8045146585356
2021-08-01,Calamar,Calamar,707.1975806451604,570.8688669676268,0.09613107302371589,517.8045146585356
2021-09-01,Calamar,Calamar,779.3166666666647,570.9649980406505,0.09613107302371589,517.8045146585356
2021-10-01,Calamar,Calamar,809.8528225806454,571.0611291136742,0.09613107302371589,517.8045146585356
2021-11-01,Calamar,Calamar,820.5499999999996,571.157260186698,0.09613107302371589,517.8045146585356
2021-12-01,Calamar,Calamar,791.2157258064544,571.2533912597216,0.09613107302371589,517.8045146585356
2022-01-01,Calamar,Calamar,592.5201612903279,571.3495223327453,0.09613107302371589,517.8045146585356
2022-02-01,Calamar,Calamar,447.9866071428583,571.445653405769,0.09613107302371589,517.8045146585356
2022-03-01,Calamar,Calamar,511.2520161290296,571.5417844787928,0.09613107302371589,517.8045146585356
2022-04-01,Calamar,Calamar,617.0291666666633,571.6379155518165,0.09613107302371589,517.8045146585356
2022-05-01,Calamar,Calamar,741.9979838709655,571.7340466248402,0.09613107302371589,517.8045146585356
2022-06-01,Calamar,Calamar,799.2520833333318,571.830177697864,0.09613107302371589,517.8045146585356
2022-07-01,Calamar,Calamar,861.8649193548381,571.9263087708877,0.09613107302371589,517.8045146585356
2022-08-01,Calamar,Calamar,860.7258064516132,572.0224398439113,0.09613107302371589,517.8045146585356
2022-09-01,Calamar,Calamar,822.1812500000013,572.118570916935,0.09613107302371589,517.8045146585356
2022-10-01,Calamar,Calamar,798.4576612903224,572.2147019899588,0.09613107302371589,517.8045146585356
2022-11-01,Calamar,Calamar,836.2333333333318,572.3108330629825,0.09613107302371589,517.8045146585356
2022-12-01,Calamar,Calamar,835.9568965517271,572.4069641360062,0.09613107302371589,517.8045146585356
2023-01-01,Calamar,Calamar,617.5290178571462,572.5030952090299,0.09613107302371589,517.8045146585356
2023-02-01,Calamar,Calamar,457.5267857142905,572.5992262820537,0.09613107302371589,517.8045146585356
2023-03-01,Calamar,Calamar,437.69959677419087,572.6953573550774,0.09613107302371589,517.8045146585356
2023-04-01,Calamar,Calamar,503.49791666666613,572.791488428101,0.09613107302371589,517.8045146585356
2023-05-01,Calamar,Calamar,504.52419354838685,572.8876195011248,0.09613107302371589,517.8045146585356
2023-06-01,Calamar,Calamar,565.5083333333324,572.9837505741485,0.09613107302371589,517.8045146585356
2023-07-01,Calamar,Calamar,531.4939516129058,573.0798816471722,0.09613107302371589,517.8045146585356
2023-08-01,Calamar,Calamar,429.1350806451606,573.1760127201959,0.09613107302371589,517.8045146585356
2023-09-01,Calamar,Calamar,428.13958333333574,573.2721437932197,0.09613107302371589,517.8045146585356
2023-10-01,Calamar,Calamar,451.1774193548359,573.3682748662434,0.09613107302371589,517.8045146585356
2023-11-01,Calamar,Calamar,587.7270833333308,573.4644059392671,0.09613107302371589,517.8045146585356
2023-12-01,Calamar,Calamar,475.29032258065007,573.5605370122908,0.09613107302371589,517.8045146585356
2024-01-01,Calamar,Calamar,325.30277777778224,573.6566680853145,0.09613107302371589,517.8045146585356
2024-02-01,Calamar,Calamar,242.1012931034478,573.7527991583382,0.09613107302371589,517.8045146585356
2024-03-01,Calamar,Calamar,209.26209677419476,573.8489302313619,0.09613107302371589,517.8045146585356
2024-04-01,Calamar,Calamar,244.76458333332894,573.9450613043857,0.09613107302371589,517.8045146585356
2024-05-01,Calamar,Calamar,507.35282258064007,574.0411923774094,0.09613107302371589,517.8045146585356
2024-06-01,Calamar,Calamar,634.6999999999972,574.1373234504331,0.09613107302371589,517.8045146585356
2024-07-01,Calamar,Calamar,710.3225806451616,574.2334545234568,0.09613107302371589,517.8045146585356
2024-08-01,Calamar,Calamar,629.7116935483893,574.3295855964806,0.09613107302371589,517.8045146585356
2024-09-01,Calamar,Calamar,494.9937500000032,574.4257166695043,0.09613107302371589,517.8045146585356
2024-10-01,Calamar,Calamar,510.62096774193384,574.5218477425279,0.09613107302371589,517.8045146585356
2024-11-01,Calamar,Calamar,568.4437499999971,574.6179788155517,0.09613107302371589,517.8045146585356
2024-12-01,Calamar,Calamar,603.1169354838736,574.7141098885754,0.09613107302371589,517.8045146585356
2025-01-01,Calamar,Calamar,516.3487903225845,574.8102409615991,0.09613107302371589,517.8045146585356
2025-02-01,Calamar,Calamar,364.28124999999807,574.9063720346228,0.09613107302371589,517.8045146585356
2025-03-01,Calamar,Calamar,491.27620967741797,575.0025031076466,0.09613107302371589,517.8045146585356
2025-04-01,Calamar,Calamar,561.0562499999975,575.0986341806703,0.09613107302371589,517.8045146585356
2025-05-01,Calamar,Calamar,680.4334677419325,575.194765253694,0.09613107302371589,517.8045146585356
2025-06-01,Calamar,Calamar,741.147916666666,575.2908963267176,0.09613107302371589,517.8045146585356
2025-07-01,Calamar,Calamar,731.9596774193571,575.3870273997414,0.09613107302371589,517.8045146585356
2025-08-01,Calamar,Calamar,628.723790322582,575.4831584727651,0.09613107302371589,517.8045146585356
2025-09-01,Calamar,Calamar,596.5062500000008,575.5792895457888,0.09613107302371589,517.8045146585356
2025-10-01,Calamar,Calamar,615.8951612903203,575.6754206188126,0.09613107302371589,517.8045146585356
2025-11-01,Calamar,Calamar,686.687499999998,575.7715516918363,0.09613107302371589,517.8045146585356
1975-06-01,Achi,Achi,547.5,382.70692073961436,0.2994004680459195,382.70692073961436
1975-07-01,Achi,Achi,638.6129032258065,383.0063212076603,0.2994004680459195,382.70692073961436
1975-08-01,Achi,Achi,601.4516129032259,383.3057216757062,0.2994004680459195,382.70692073961436
1975-09-01,Achi,Achi,665.6666666666666,383.6051221437521,0.2994004680459195,382.70692073961436
1975-10-01,Achi,Achi,663.0967741935484,383.90452261179803,0.2994004680459195,382.70692073961436
1975-11-01,Achi,Achi,669.25,384.20392307984395,0.2994004680459195,382.70692073961436
1977-06-01,Achi,Achi,396.8333333333333,384.50332354788986,0.2994004680459195,382.70692073961436
1977-07-01,Achi,Achi,350.03225806451616,384.8027240159358,0.2994004680459195,382.70692073961436
1977-08-01,Achi,Achi,406.1290322580645,385.1021244839817,0.2994004680459195,382.70692073961436
1977-09-01,Achi,Achi,312.8666666666667,385.4015249520276,0.2994004680459195,382.70692073961436
1977-10-01,Achi,Achi,507.80645161290323,385.70092542007353,0.2994004680459195,382.70692073961436
1977-11-01,Achi,Achi,527.3333333333334,386.00032588811945,0.2994004680459195,382.70692073961436
1977-12-01,Achi,Achi,324.7741935483871,386.2997263561654,0.2994004680459195,382.70692073961436
1978-01-01,Achi,Achi,226.3225806451613,386.59912682421134,0.2994004680459195,382.70692073961436
1978-04-01,Achi,Achi,398.6666666666667,386.89852729225726,0.2994004680459195,382.70692073961436
1978-05-01,Achi,Achi,461.93548387096774,387.1979277603032,0.2994004680459195,382.70692073961436
1978-06-01,Achi,Achi,477.06666666666666,387.4973282283491,0.2994004680459195,382.70692073961436
1978-07-01,Achi,Achi,410.741935483871,387.796728696395,0.2994004680459195,382.70692073961436
1978-08-01,Achi,Achi,336.6774193548387,388.0961291644409,0.2994004680459195,382.70692073961436
1978-09-01,Achi,Achi,397.46666666666664,388.39552963248684,0.2994004680459195,382.70692073961436
1978-10-01,Achi,Achi,434.9032258064516,388.69493010053276,0.2994004680459195,382.70692073961436
1978-11-01,Achi,Achi,483.8,388.9943305685787,0.2994004680459195,382.70692073961436
1978-12-01,Achi,Achi,394.53333333333336,389.2937310366246,0.2994004680459195,382.70692073961436
1979-10-01,Achi,Achi,478.80645161290323,389.5931315046705,0.2994004680459195,382.70692073961436
1979-11-01,Achi,Achi,544.6,389.8925319727164,0.2994004680459195,382.70692073961436
1979-12-01,Achi,Achi,448.5806451612903,390.19193244076234,0.2994004680459195,382.70692073961436
1980-01-01,Achi,Achi,273.0,390.49133290880826,0.2994004680459195,382.70692073961436
1980-03-01,Achi,Achi,153.38709677419354,390.7907333768542,0.2994004680459195,382.70692073961436
1980-04-01,Achi,Achi,157.16666666666666,391.0901338449001,0.2994004680459195,382.70692073961436
1980-05-01,Achi,Achi,325.9032258064516,391.389534312946,0.2994004680459195,382.70692073961436
1980-06-01,Achi,Achi,411.0,391.68893478099193,0.2994004680459195,382.70692073961436
1980-07-01,Achi,Achi,290.7741935483871,391.98833524903785,0.2994004680459195,382.70692073961436
1980-08-01,Achi,Achi,352.3,392.28773571708376,0.2994004680459195,382.70692073961436
1980-09-01,Achi,Achi,346.3666666666667,392.5871361851297,0.2994004680459195,382.70692073961436
1980-10-01,Achi,Achi,482.2903225806452,392.88653665317565,0.2994004680459195,382.70692073961436
1980-11-01,Achi,Achi,453.26666666666665,393.18593712122157,0.2994004680459195,382.70692073961436
1980-12-01,Achi,Achi,381.258064516129,393.4853375892675,0.2994004680459195,382.70692073961436
1981-01-01,Achi,Achi,256.7096774193548,393.7847380573134,0.2994004680459195,382.70692073961436
1981-02-01,Achi,Achi,187.46428571428572,394.0841385253593,0.2994004680459195,382.70692073961436
1981-03-01,Achi,Achi,177.4516129032258,394.38353899340524,0.2994004680459195,382.70692073961436
1981-04-01,Achi,Achi,329.8333333333333,394.68293946145116,0.2994004680459195,382.70692073961436
1981-05-01,Achi,Achi,542.6129032258065,394.9823399294971,0.2994004680459195,382.70692073961436
1981-06-01,Achi,Achi,546.5,395.281740397543,0.2994004680459195,382.70692073961436
1982-08-01,Achi,Achi,377.4,395.5811408655889,0.2994004680459195,382.70692073961436
1982-09-01,Achi,Achi,412.8333333333333,395.8805413336348,0.2994004680459195,382.70692073961436
1982-10-01,Achi,Achi,495.06451612903226,396.17994180168074,0.2994004680459195,382.70692073961436
1982-11-01,Achi,Achi,477.8666666666667,396.47934226972666,0.2994004680459195,382.70692073961436
1982-12-01,Achi,Achi,335.258064516129,396.7787427377726,0.2994004680459195,382.70692073961436
1983-01-01,Achi,Achi,251.52941176470588,397.0781432058185,0.2994004680459195,382.70692073961436
1983-11-01,Achi,Achi,438.9230769230769,397.3775436738644,0.2994004680459195,382.70692073961436
1983-12-01,Achi,Achi,429.6875,397.6769441419103,0.2994004680459195,382.70692073961436
1984-03-01,Achi,Achi,316.4516129032258,397.97634460995624,0.2994004680459195,382.70692073961436
1984-12-01,Achi,Achi,466.4516129032258,398.27574507800216,0.2994004680459195,382.70692073961436
1985-01-01,Achi,Achi,378.26666666666665,398.5751455460481,0.2994004680459195,382.70692073961436
1985-04-01,Achi,Achi,240.36666666666667,398.874546014094,0.2994004680459195,382.70692073961436
1985-05-01,Achi,Achi,338.5806451612903,399.1739464821399,0.2994004680459195,382.70692073961436
1985-06-01,Achi,Achi,436.56666666666666,399.4733469501858,0.2994004680459195,382.70692073961436
1985-07-01,Achi,Achi,495.3225806451613,399.7727474182318,0.2994004680459195,382.70692073961436
1985-08-01,Achi,Achi,511.17857142857144,400.0721478862777,0.2994004680459195,382.70692073961436
1985-11-01,Achi,Achi,513.9333333333333,400.37154835432364,0.2994004680459195,382.70692073961436
1985-12-01,Achi,Achi,467.51612903225805,400.67094882236955,0.2994004680459195,382.70692073961436
1986-01-01,Achi,Achi,413.3333333333333,400.97034929041547,0.2994004680459195,382.70692073961436
1986-04-01,Achi,Achi,396.76666666666665,401.2697497584614,0.2994004680459195,382.70692073961436
1986-05-01,Achi,Achi,524.2903225806451,401.5691502265073,0.2994004680459195,382.70692073961436
1986-06-01,Achi,Achi,488.36,401.8685506945532,0.2994004680459195,382.70692073961436
1986-07-01,Achi,Achi,467.6666666666667,402.16795116259914,0.2994004680459195,382.70692073961436
1986-12-01,Achi,Achi,296.64516129032256,402.46735163064506,0.2994004680459195,382.70692073961436
1987-01-01,Achi,Achi,261.19354838709677,402.766752098691,0.2994004680459195,382.70692073961436
1987-02-01,Achi,Achi,221.28571428571428,403.0661525667369,0.2994004680459195,382.70692073961436
1987-04-01,Achi,Achi,233.83333333333334,403.3655530347828,0.2994004680459195,382.70692073961436
1987-05-01,Achi,Achi,376.9032258064516,403.6649535028287,0.2994004680459195,382.70692073961436
1987-06-01,Achi,Achi,323.85,403.96435397087464,0.2994004680459195,382.70692073961436
1987-07-01,Achi,Achi,328.6774193548387,404.26375443892056,0.2994004680459195,382.70692073961436
1987-08-01,Achi,Achi,419.64516129032256,404.5631549069665,0.2994004680459195,382.70692073961436
1987-09-01,Achi,Achi,412.3103448275862,404.8625553750124,0.2994004680459195,382.70692073961436
1987-10-01,Achi,Achi,537.4193548387096,405.1619558430583,0.2994004680459195,382.70692073961436
1987-11-01,Achi,Achi,528.4333333333333,405.4613563111042,0.2994004680459195,382.70692073961436
1987-12-01,Achi,Achi,506.04347826086956,405.76075677915014,0.2994004680459195,382.70692073961436
1988-03-01,Achi,Achi,119.14285714285714,406.06015724719606,0.2994004680459195,382.70692073961436
1988-04-01,Achi,Achi,225.66666666666666,406.359557715242,0.2994004680459195,382.70692073961436
1988-05-01,Achi,Achi,326.4516129032258,406.65895818328795,0.2994004680459195,382.70692073961436
1988-06-01,Achi,Achi,347.3636363636364,406.95835865133387,0.2994004680459195,382.70692073961436
1988-07-01,Achi,Achi,537.0833333333334,407.2577591193798,0.2994004680459195,382.70692073961436
1988-08-01,Achi,Achi,534.4761904761905,407.5571595874257,0.2994004680459195,382.70692073961436
1988-09-01,Achi,Achi,565.3666666666667,407.8565600554716,0.2994004680459195,382.70692073961436
1988-10-01,Achi,Achi,559.5483870967741,408.15596052351754,0.2994004680459195,382.70692073961436
1988-11-01,Achi,Achi,558.5666666666667,408.45536099156345,0.2994004680459195,382.70692073961436
1988-12-01,Achi,Achi,504.92,408.75476145960937,0.2994004680459195,382.70692073961436
1989-01-01,Achi,Achi,426.48387096774195,409.0541619276553,0.2994004680459195,382.70692073961436
1989-02-01,Achi,Achi,326.09090909090907,409.3535623957012,0.2994004680459195,382.70692073961436
1989-03-01,Achi,Achi,331.82758620689657,409.6529628637471,0.2994004680459195,382.70692073961436
1989-05-01,Achi,Achi,425.96153846153845,409.95236333179304,0.2994004680459195,382.70692073961436
1989-06-01,Achi,Achi,471.7826086956522,410.25176379983895,0.2994004680459195,382.70692073961436
1989-07-01,Achi,Achi,469.95454545454544,410.5511642678849,0.2994004680459195,382.70692073961436
1989-08-01,Achi,Achi,479.8,410.8505647359308,0.2994004680459195,382.70692073961436
1989-09-01,Achi,Achi,521.9,411.1499652039767,0.2994004680459195,382.70692073961436
1989-10-01,Achi,Achi,554.9354838709677,411.4493656720226,0.2994004680459195,382.70692073961436
1989-11-01,Achi,Achi,520.1363636363636,411.74876614006854,0.2994004680459195,382.70692073961436
1989-12-01,Achi,Achi,426.88461538461536,412.04816660811446,0.2994004680459195,382.70692073961436
1990-03-01,Achi,Achi,225.53846153846155,412.3475670761604,0.2994004680459195,382.70692073961436
1990-04-01,Achi,Achi,245.43333333333334,412.6469675442063,0.2994004680459195,382.70692073961436
1990-05-01,Achi,Achi,441.5483870967742,412.9463680122522,0.2994004680459195,382.70692073961436
1990-06-01,Achi,Achi,415.53333333333336,413.2457684802981,0.2994004680459195,382.70692073961436
1990-07-01,Achi,Achi,385.64516129032256,413.5451689483441,0.2994004680459195,382.70692073961436
1990-08-01,Achi,Achi,327.741935483871,413.84456941639,0.2994004680459195,382.70692073961436
1990-09-01,Achi,Achi,378.3,414.14396988443593,0.2994004680459195,382.70692073961436
1990-10-01,Achi,Achi,488.0,414.44337035248185,0.2994004680459195,382.70692073961436
1990-11-01,Achi,Achi,513.7,414.74277082052777,0.2994004680459195,382.70692073961436
1990-12-01,Achi,Achi,439.4516129032258,415.0421712885737,0.2994004680459195,382.70692073961436
1991-01-01,Achi,Achi,244.6451612903226,415.3415717566196,0.2994004680459195,382.70692073961436
1991-03-01,Achi,Achi,235.1290322580645,415.6409722246655,0.2994004680459195,382.70692073961436
1991-04-01,Achi,Achi,252.6,415.94037269271143,0.2994004680459195,382.70692073961436
1991-05-01,Achi,Achi,396.38709677419354,416.23977316075735,0.2994004680459195,382.70692073961436
1991-06-01,Achi,Achi,356.26666666666665,416.53917362880327,0.2994004680459195,382.70692073961436
1991-07-01,Achi,Achi,361.2903225806452,416.8385740968492,0.2994004680459195,382.70692073961436
1991-08-01,Achi,Achi,340.6774193548387,417.1379745648951,0.2994004680459195,382.70692073961436
1991-09-01,Achi,Achi,309.8666666666667,417.437375032941,0.2994004680459195,382.70692073961436
1991-10-01,Achi,Achi,375.96774193548384,417.73677550098694,0.2994004680459195,382.70692073961436
1991-11-01,Achi,Achi,451.8333333333333,418.03617596903285,0.2994004680459195,382.70692073961436
1991-12-01,Achi,Achi,372.96774193548384,418.33557643707877,0.2994004680459195,382.70692073961436
1992-01-01,Achi,Achi,202.67741935483872,418.6349769051247,0.2994004680459195,382.70692073961436
1992-02-01,Achi,Achi,179.9655172413793,418.9343773731706,0.2994004680459195,382.70692073961436
1992-03-01,Achi,Achi,165.7741935483871,419.2337778412165,0.2994004680459195,382.70692073961436
1992-04-01,Achi,Achi,171.63333333333333,419.53317830926244,0.2994004680459195,382.70692073961436
1992-05-01,Achi,Achi,291.741935483871,419.8325787773084,0.2994004680459195,382.70692073961436
1992-06-01,Achi,Achi,305.3,420.1319792453543,0.2994004680459195,382.70692073961436
1992-07-01,Achi,Achi,319.8709677419355,420.43137971340025,0.2994004680459195,382.70692073961436
1992-08-01,Achi,Achi,288.06451612903226,420.73078018144616,0.2994004680459195,382.70692073961436
1992-09-01,Achi,Achi,352.3,421.0301806494921,0.2994004680459195,382.70692073961436
1992-10-01,Achi,Achi,366.8709677419355,421.329581117538,0.2994004680459195,382.70692073961436
1992-11-01,Achi,Achi,323.3,421.6289815855839,0.2994004680459195,382.70692073961436
1992-12-01,Achi,Achi,344.03225806451616,421.92838205362983,0.2994004680459195,382.70692073961436
1993-01-01,Achi,Achi,248.4516129032258,422.22778252167575,0.2994004680459195,382.70692073961436
1993-02-01,Achi,Achi,203.03571428571428,422.52718298972167,0.2994004680459195,382.70692073961436
1993-03-01,Achi,Achi,213.2258064516129,422.8265834577676,0.2994004680459195,382.70692073961436
1993-04-01,Achi,Achi,344.1666666666667,423.1259839258135,0.2994004680459195,382.70692073961436
1993-05-01,Achi,Achi,459.258064516129,423.4253843938594,0.2994004680459195,382.70692073961436
1993-06-01,Achi,Achi,372.73333333333335,423.72478486190533,0.2994004680459195,382.70692073961436
1993-07-01,Achi,Achi,397.61290322580646,424.02418532995125,0.2994004680459195,382.70692073961436
1993-08-01,Achi,Achi,339.64516129032256,424.32358579799717,0.2994004680459195,382.70692073961436
1993-09-01,Achi,Achi,401.0,424.6229862660431,0.2994004680459195,382.70692073961436
1993-11-01,Achi,Achi,528.5,424.922386734089,0.2994004680459195,382.70692073961436
1993-12-01,Achi,Achi,519.5483870967741,425.2217872021349,0.2994004680459195,382.70692073961436
1994-05-01,Achi,Achi,455.8709677419355,425.52118767018084,0.2994004680459195,382.70692073961436
1994-06-01,Achi,Achi,460.06666666666666,425.82058813822675,0.2994004680459195,382.70692073961436
1994-07-01,Achi,Achi,371.1290322580645,426.11998860627267,0.2994004680459195,382.70692073961436
1994-08-01,Achi,Achi,406.3225806451613,426.4193890743186,0.2994004680459195,382.70692073961436
1994-09-01,Achi,Achi,387.8333333333333,426.71878954236456,0.2994004680459195,382.70692073961436
1994-10-01,Achi,Achi,496.16129032258067,427.0181900104104,0.2994004680459195,382.70692073961436
1994-11-01,Achi,Achi,555.5333333333333,427.3175904784564,0.2994004680459195,382.70692073961436
1994-12-01,Achi,Achi,404.9032258064516,427.6169909465023,0.2994004680459195,382.70692073961436
1995-01-01,Achi,Achi,193.51612903225808,427.91639141454823,0.2994004680459195,382.70692073961436
1995-02-01,Achi,Achi,92.78571428571429,428.21579188259415,0.2994004680459195,382.70692073961436
1995-03-01,Achi,Achi,100.6774193548387,428.51519235064006,0.2994004680459195,382.70692073961436
1995-04-01,Achi,Achi,275.8666666666667,428.814592818686,0.2994004680459195,382.70692073961436
1995-05-01,Achi,Achi,391.7741935483871,429.1139932867319,0.2994004680459195,382.70692073961436
1995-06-01,Achi,Achi,439.4,429.4133937547778,0.2994004680459195,382.70692073961436
1995-07-01,Achi,Achi,511.4193548387097,429.71279422282373,0.2994004680459195,382.70692073961436
1995-08-01,Achi,Achi,559.6451612903226,430.01219469086965,0.2994004680459195,382.70692073961436
1995-09-01,Achi,Achi,452.56666666666666,430.31159515891557,0.2994004680459195,382.70692073961436
1995-10-01,Achi,Achi,511.96774193548384,430.6109956269615,0.2994004680459195,382.70692073961436
1995-11-01,Achi,Achi,519.5666666666667,430.9103960950074,0.2994004680459195,382.70692073961436
1995-12-01,Achi,Achi,422.3225806451613,431.2097965630533,0.2994004680459195,382.70692073961436
1996-01-01,Achi,Achi,311.4193548387097,431.50919703109923,0.2994004680459195,382.70692073961436
1996-02-01,Achi,Achi,349.7931034482759,431.80859749914515,0.2994004680459195,382.70692073961436
1996-03-01,Achi,Achi,476.64516129032256,432.10799796719107,0.2994004680459195,382.70692073961436
1996-04-01,Achi,Achi,420.5,432.407398435237,0.2994004680459195,382.70692073961436
1996-05-01,Achi,Achi,524.3225806451613,432.7067989032829,0.2994004680459195,382.70692073961436
1996-06-01,Achi,Achi,566.1904761904761,433.0061993713288,0.2994004680459195,382.70692073961436
1996-07-01,Achi,Achi,549.45,433.30559983937474,0.2994004680459195,382.70692073961436
1996-08-01,Achi,Achi,538.3225806451613,433.6050003074207,0.2994004680459195,382.70692073961436
1996-09-01,Achi,Achi,492.06666666666666,433.90440077546657,0.2994004680459195,382.70692073961436
1996-10-01,Achi,Achi,531.5806451612904,434.20380124351254,0.2994004680459195,382.70692073961436
1996-11-01,Achi,Achi,491.46666666666664,434.50320171155846,0.2994004680459195,382.70692073961436
1996-12-01,Achi,Achi,406.03225806451616,434.8026021796044,0.2994004680459195,382.70692073961436
1997-01-01,Achi,Achi,317.16129032258067,435.1020026476503,0.2994004680459195,382.70692073961436
1997-02-01,Achi,Achi,373.89285714285717,435.4014031156962,0.2994004680459195,382.70692073961436
1997-03-01,Achi,Achi,234.1290322580645,435.70080358374213,0.2994004680459195,382.70692073961436
1997-04-01,Achi,Achi,277.5,436.00020405178805,0.2994004680459195,382.70692073961436
1997-05-01,Achi,Achi,295.9032258064516,436.29960451983396,0.2994004680459195,382.70692073961436
1997-06-01,Achi,Achi,420.0,436.5990049878799,0.2994004680459195,382.70692073961436
1997-07-01,Achi,Achi,348.9166666666667,436.8984054559258,0.2994004680459195,382.70692073961436
1997-09-01,Achi,Achi,322.94117647058823,437.1978059239717,0.2994004680459195,382.70692073961436
1997-10-01,Achi,Achi,439.2258064516129,437.49720639201763,0.2994004680459195,382.70692073961436
1997-11-01,Achi,Achi,503.6333333333333,437.79660686006355,0.2994004680459195,382.70692073961436
1997-12-01,Achi,Achi,321.8709677419355,438.09600732810947,0.2994004680459195,382.70692073961436
1998-01-01,Achi,Achi,170.75,438.3954077961554,0.2994004680459195,382.70692073961436
1998-03-01,Achi,Achi,121.5,438.6948082642013,0.2994004680459195,382.70692073961436
1998-04-01,Achi,Achi,262.76666666666665,438.9942087322472,0.2994004680459195,382.70692073961436
1998-05-01,Achi,Achi,469.1290322580645,439.29360920029313,0.2994004680459195,382.70692073961436
1998-06-01,Achi,Achi,503.53333333333336,439.59300966833905,0.2994004680459195,382.70692073961436
1998-07-01,Achi,Achi,516.516129032258,439.89241013638497,0.2994004680459195,382.70692073961436
1998-08-01,Achi,Achi,452.3225806451613,440.1918106044309,0.2994004680459195,382.70692073961436
1998-09-01,Achi,Achi,498.43333333333334,440.49121107247686,0.2994004680459195,382.70692073961436
1998-10-01,Achi,Achi,500.0967741935484,440.7906115405227,0.2994004680459195,382.70692073961436
1998-11-01,Achi,Achi,543.4333333333333,441.0900120085687,0.2994004680459195,382.70692073961436
1998-12-01,Achi,Achi,559.0833333333334,441.3894124766146,0.2994004680459195,382.70692073961436
1999-01-01,Achi,Achi,464.64516129032256,441.6888129446605,0.2994004680459195,382.70692073961436
1999-02-01,Achi,Achi,479.75,441.98821341270644,0.2994004680459195,382.70692073961436
1999-03-01,Achi,Achi,526.7096774193549,442.28761388075236,0.2994004680459195,382.70692073961436
1999-04-01,Achi,Achi,509.26666666666665,442.5870143487983,0.2994004680459195,382.70692073961436
1999-05-01,Achi,Achi,601.0645161290323,442.8864148168442,0.2994004680459195,382.70692073961436
1999-06-01,Achi,Achi,573.9,443.1858152848901,0.2994004680459195,382.70692073961436
1999-07-01,Achi,Achi,581.8709677419355,443.485215752936,0.2994004680459195,382.70692073961436
1999-08-01,Achi,Achi,563.7741935483871,443.78461622098195,0.2994004680459195,382.70692073961436
1999-09-01,Achi,Achi,542.3,444.08401668902786,0.2994004680459195,382.70692073961436
1999-10-01,Achi,Achi,564.2258064516129,444.3834171570738,0.2994004680459195,382.70692073961436
1999-11-01,Achi,Achi,541.6333333333333,444.6828176251197,0.2994004680459195,382.70692073961436
1999-12-01,Achi,Achi,521.2903225806451,444.9822180931656,0.2994004680459195,382.70692073961436
2000-01-01,Achi,Achi,432.03225806451616,445.28161856121153,0.2994004680459195,382.70692073961436
2000-02-01,Achi,Achi,345.62068965517244,445.58101902925745,0.2994004680459195,382.70692073961436
2000-03-01,Achi,Achi,440.4516129032258,445.88041949730336,0.2994004680459195,382.70692073961436
2000-04-01,Achi,Achi,416.46666666666664,446.1798199653493,0.2994004680459195,382.70692073961436
2000-05-01,Achi,Achi,492.03225806451616,446.4792204333952,0.2994004680459195,382.70692073961436
2000-06-01,Achi,Achi,565.7,446.7786209014412,0.2994004680459195,382.70692073961436
2000-07-01,Achi,Achi,480.61290322580646,447.07802136948703,0.2994004680459195,382.70692073961436
2000-08-01,Achi,Achi,451.2258064516129,447.377421837533,0.2994004680459195,382.70692073961436
2000-09-01,Achi,Achi,479.96666666666664,447.67682230557887,0.2994004680459195,382.70692073961436
2000-10-01,Achi,Achi,467.741935483871,447.97622277362484,0.2994004680459195,382.70692073961436
2000-11-01,Achi,Achi,448.4,448.2756232416707,0.2994004680459195,382.70692073961436
2000-12-01,Achi,Achi,398.06451612903226,448.5750237097167,0.2994004680459195,382.70692073961436
2001-01-01,Achi,Achi,283.64516129032256,448.8744241777626,0.2994004680459195,382.70692073961436
2001-02-01,Achi,Achi,173.28571428571428,449.1738246458085,0.2994004680459195,382.70692073961436
2001-03-01,Achi,Achi,264.0,449.4732251138544,0.2994004680459195,382.70692073961436
2001-04-01,Achi,Achi,290.96666666666664,449.77262558190034,0.2994004680459195,382.70692073961436
2001-05-01,Achi,Achi,419.4516129032258,450.07202604994626,0.2994004680459195,382.70692073961436
2001-06-01,Achi,Achi,451.0,450.3714265179922,0.2994004680459195,382.70692073961436
2001-07-01,Achi,Achi,393.35483870967744,450.6708269860381,0.2994004680459195,382.70692073961436
2001-08-01,Achi,Achi,377.8709677419355,450.970227454084,0.2994004680459195,382.70692073961436
2001-09-01,Achi,Achi,439.1,451.2696279221299,0.2994004680459195,382.70692073961436
2001-10-01,Achi,Achi,490.8709677419355,451.56902839017584,0.2994004680459195,382.70692073961436
2001-11-01,Achi,Achi,577.9,451.86842885822176,0.2994004680459195,382.70692073961436
2001-12-01,Achi,Achi,517.5806451612904,452.1678293262677,0.2994004680459195,382.70692073961436
2002-01-01,Achi,Achi,389.96774193548384,452.4672297943136,0.2994004680459195,382.70692073961436
2002-02-01,Achi,Achi,288.0,452.7666302623595,0.2994004680459195,382.70692073961436
2002-03-01,Achi,Achi,250.25806451612902,453.06603073040543,0.2994004680459195,382.70692073961436
2002-04-01,Achi,Achi,394.03333333333336,453.36543119845135,0.2994004680459195,382.70692073961436
2002-05-01,Achi,Achi,461.35483870967744,453.6648316664973,0.2994004680459195,382.70692073961436
2002-06-01,Achi,Achi,519.8666666666667,453.9642321345432,0.2994004680459195,382.70692073961436
2002-07-01,Achi,Achi,368.19354838709677,454.26363260258915,0.2994004680459195,382.70692073961436
2002-08-01,Achi,Achi,367.6774193548387,454.563033070635,0.2994004680459195,382.70692073961436
2002-09-01,Achi,Achi,400.8,454.862433538681,0.2994004680459195,382.70692073961436
2002-10-01,Achi,Achi,439.64516129032256,455.1618340067269,0.2994004680459195,382.70692073961436
2002-11-01,Achi,Achi,500.7931034482759,455.4612344747728,0.2994004680459195,382.70692073961436
2002-12-01,Achi,Achi,338.7741935483871,455.76063494281874,0.2994004680459195,382.70692073961436
2003-01-01,Achi,Achi,273.48387096774195,456.06003541086466,0.2994004680459195,382.70692073961436
2003-02-01,Achi,Achi,216.03571428571428,456.3594358789106,0.2994004680459195,382.70692073961436
2003-03-01,Achi,Achi,228.16129032258064,456.6588363469565,0.2994004680459195,382.70692073961436
2003-04-01,Achi,Achi,353.43333333333334,456.9582368150024,0.2994004680459195,382.70692073961436
2003-05-01,Achi,Achi,471.2258064516129,457.2576372830483,0.2994004680459195,382.70692073961436
2003-06-01,Achi,Achi,560.7666666666667,457.55703775109424,0.2994004680459195,382.70692073961436
2003-07-01,Achi,Achi,467.5806451612903,457.85643821914016,0.2994004680459195,382.70692073961436
2003-08-01,Achi,Achi,542.2258064516129,458.1558386871861,0.2994004680459195,382.70692073961436
2003-09-01,Achi,Achi,466.8,458.455239155232,0.2994004680459195,382.70692073961436
2003-10-01,Achi,Achi,534.9677419354839,458.7546396232779,0.2994004680459195,382.70692073961436
2003-11-01,Achi,Achi,577.0666666666667,459.0540400913238,0.2994004680459195,382.70692073961436
2003-12-01,Achi,Achi,480.51612903225805,459.35344055936974,0.2994004680459195,382.70692073961436
2004-01-01,Achi,Achi,362.1290322580645,459.65284102741566,0.2994004680459195,382.70692073961436
2004-02-01,Achi,Achi,261.1034482758621,459.9522414954616,0.2994004680459195,382.70692073961436
2004-03-01,Achi,Achi,345.258064516129,460.2516419635075,0.2994004680459195,382.70692073961436
2004-04-01,Achi,Achi,372.53333333333336,460.55104243155347,0.2994004680459195,382.70692073961436
2004-05-01,Achi,Achi,476.0967741935484,460.85044289959933,0.2994004680459195,382.70692073961436
2004-06-01,Achi,Achi,489.26666666666665,461.1498433676453,0.2994004680459195,382.70692073961436
2004-07-01,Achi,Achi,484.03225806451616,461.44924383569116,0.2994004680459195,382.70692073961436
2004-08-01,Achi,Achi,431.2258064516129,461.74864430373714,0.2994004680459195,382.70692073961436
2004-09-01,Achi,Achi,518.8,462.04804477178305,0.2994004680459195,382.70692073961436
2004-10-01,Achi,Achi,559.483870967742,462.34744523982897,0.2994004680459195,382.70692073961436
2004-11-01,Achi,Achi,586.4,462.6468457078749,0.2994004680459195,382.70692073961436
2004-12-01,Achi,Achi,510.741935483871,462.9462461759208,0.2994004680459195,382.70692073961436
2005-01-01,Achi,Achi,286.9032258064516,463.2456466439667,0.2994004680459195,382.70692073961436
2005-02-01,Achi,Achi,243.21428571428572,463.54504711201264,0.2994004680459195,382.70692073961436
2005-03-01,Achi,Achi,297.9032258064516,463.84444758005856,0.2994004680459195,382.70692073961436
2005-04-01,Achi,Achi,370.0,464.1438480481045,0.2994004680459195,382.70692073961436
2005-05-01,Achi,Achi,556.1935483870968,464.4432485161504,0.2994004680459195,382.70692073961436
2005-06-01,Achi,Achi,561.1666666666666,464.7426489841963,0.2994004680459195,382.70692073961436
2005-07-01,Achi,Achi,449.64516129032256,465.0420494522422,0.2994004680459195,382.70692073961436
2005-08-01,Achi,Achi,405.2903225806452,465.34144992028814,0.2994004680459195,382.70692073961436
2005-09-01,Achi,Achi,394.4,465.64085038833406,0.2994004680459195,382.70692073961436
2005-10-01,Achi,Achi,487.83870967741933,465.94025085638,0.2994004680459195,382.70692073961436
2005-11-01,Achi,Achi,508.3333333333333,466.2396513244259,0.2994004680459195,382.70692073961436
2005-12-01,Achi,Achi,389.5806451612903,466.5390517924718,0.2994004680459195,382.70692073961436
2006-01-01,Achi,Achi,350.48387096774195,466.8384522605177,0.2994004680459195,382.70692073961436
2006-02-01,Achi,Achi,321.2857142857143,467.13785272856364,0.2994004680459195,382.70692073961436
2006-03-01,Achi,Achi,359.65384615384613,467.4372531966096,0.2994004680459195,382.70692073961436
2006-04-01,Achi,Achi,493.93333333333334,467.7366536646555,0.2994004680459195,382.70692073961436
2006-05-01,Achi,Achi,688.0,468.03605413270145,0.2994004680459195,382.70692073961436
2006-06-01,Achi,Achi,590.1,468.3354546007473,0.2994004680459195,382.70692073961436
2006-07-01,Achi,Achi,430.80645161290323,468.6348550687933,0.2994004680459195,382.70692073961436
2006-08-01,Achi,Achi,510.2258064516129,468.9342555368392,0.2994004680459195,382.70692073961436
2006-09-01,Achi,Achi,557.6333333333333,469.2336560048851,0.2994004680459195,382.70692073961436
2006-10-01,Achi,Achi,532.5806451612904,469.53305647293104,0.2994004680459195,382.70692073961436
2006-11-01,Achi,Achi,632.3333333333334,469.83245694097695,0.2994004680459195,382.70692073961436
2006-12-01,Achi,Achi,511.83870967741933,470.13185740902287,0.2994004680459195,382.70692073961436
2007-01-01,Achi,Achi,393.51612903225805,470.4312578770688,0.2994004680459195,382.70692073961436
2007-02-01,Achi,Achi,334.55555555555554,470.7306583451147,0.2994004680459195,382.70692073961436
2007-03-01,Achi,Achi,394.62068965517244,471.0300588131606,0.2994004680459195,382.70692073961436
2007-04-01,Achi,Achi,691.2,471.32945928120654,0.2994004680459195,382.70692073961436
2007-05-01,Achi,Achi,801.6129032258065,471.62885974925246,0.2994004680459195,382.70692073961436
2007-06-01,Achi,Achi,785.3333333333334,471.9282602172984,0.2994004680459195,382.70692073961436
2007-07-01,Achi,Achi,663.3225806451613,472.2276606853443,0.2994004680459195,382.70692073961436
2007-08-01,Achi,Achi,746.8387096774194,472.5270611533902,0.2994004680459195,382.70692073961436
2007-09-01,Achi,Achi,701.7142857142857,472.8264616214361,0.2994004680459195,382.70692073961436
2007-10-01,Achi,Achi,738.7096774193549,473.12586208948204,0.2994004680459195,382.70692073961436
2007-11-01,Achi,Achi,746.6666666666666,473.42526255752796,0.2994004680459195,382.70692073961436
2007-12-01,Achi,Achi,675.0645161290323,473.7246630255739,0.2994004680459195,382.70692073961436
2008-01-01,Achi,Achi,545.0,474.0240634936198,0.2994004680459195,382.70692073961436
2008-02-01,Achi,Achi,544.2413793103449,474.32346396166577,0.2994004680459195,382.70692073961436
2008-03-01,Achi,Achi,594.483870967742,474.6228644297116,0.2994004680459195,382.70692073961436
2008-04-01,Achi,Achi,638.7333333333333,474.9222648977576,0.2994004680459195,382.70692073961436
2008-05-01,Achi,Achi,772.8709677419355,475.22166536580346,0.2994004680459195,382.70692073961436
2008-06-01,Achi,Achi,794.7666666666667,475.52106583384943,0.2994004680459195,382.70692073961436
2008-07-01,Achi,Achi,802.5483870967741,475.82046630189535,0.2994004680459195,382.70692073961436
2008-08-01,Achi,Achi,755.7241379310345,476.11986676994127,0.2994004680459195,382.70692073961436
2008-09-01,Achi,Achi,755.1,476.4192672379872,0.2994004680459195,382.70692073961436
2008-10-01,Achi,Achi,768.1935483870968,476.7186677060331,0.2994004680459195,382.70692073961436
2008-11-01,Achi,Achi,711.0,477.018068174079,0.2994004680459195,382.70692073961436
2008-12-01,Achi,Achi,631.5806451612904,477.31746864212494,0.2994004680459195,382.70692073961436
2009-01-01,Achi,Achi,474.64516129032256,477.61686911017085,0.2994004680459195,382.70692073961436
2009-02-01,Achi,Achi,437.7857142857143,477.91626957821677,0.2994004680459195,382.70692073961436
2009-03-01,Achi,Achi,420.18518518518516,478.2156700462627,0.2994004680459195,382.70692073961436
2009-04-01,Achi,Achi,523.7,478.5150705143086,0.2994004680459195,382.70692073961436
2009-05-01,Achi,Achi,601.0322580645161,478.8144709823545,0.2994004680459195,382.70692073961436
2009-06-01,Achi,Achi,637.8,479.11387145040044,0.2994004680459195,382.70692073961436
2009-07-01,Achi,Achi,637.8709677419355,479.41327191844636,0.2994004680459195,382.70692073961436
2009-08-01,Achi,Achi,549.9677419354839,479.7126723864923,0.2994004680459195,382.70692073961436
2009-09-01,Achi,Achi,515.6666666666666,480.0120728545382,0.2994004680459195,382.70692073961436
2009-10-01,Achi,Achi,522.6774193548387,480.3114733225841,0.2994004680459195,382.70692073961436
2009-11-01,Achi,Achi,587.6666666666666,480.61087379063,0.2994004680459195,382.70692073961436
2009-12-01,Achi,Achi,452.2903225806452,480.91027425867594,0.2994004680459195,382.70692073961436
2010-01-01,Achi,Achi,297.80645161290323,481.2096747267219,0.2994004680459195,382.70692073961436
2010-02-01,Achi,Achi,212.0,481.5090751947678,0.2994004680459195,382.70692073961436
2010-03-01,Achi,Achi,314.0,481.80847566281375,0.2994004680459195,382.70692073961436
2010-04-01,Achi,Achi,476.9,482.1078761308596,0.2994004680459195,382.70692073961436
2010-05-01,Achi,Achi,599.3870967741935,482.4072765989056,0.2994004680459195,382.70692073961436
2010-06-01,Achi,Achi,668.5666666666667,482.7066770669515,0.2994004680459195,382.70692073961436
2010-07-01,Achi,Achi,730.4333333333333,483.0060775349974,0.2994004680459195,382.70692073961436
2010-08-01,Achi,Achi,606.7666666666667,483.30547800304333,0.2994004680459195,382.70692073961436
2010-09-01,Achi,Achi,540.0,483.60487847108925,0.2994004680459195,382.70692073961436
2010-10-01,Achi,Achi,647.7741935483871,483.90427893913517,0.2994004680459195,382.70692073961436
2010-11-01,Achi,Achi,658.2333333333333,484.2036794071811,0.2994004680459195,382.70692073961436
2010-12-01,Achi,Achi,657.516129032258,484.503079875227,0.2994004680459195,382.70692073961436
2012-01-01,Achi,Achi,383.0,484.8024803432729,0.2994004680459195,382.70692073961436
2012-02-01,Achi,Achi,369.86206896551727,485.10188081131884,0.2994004680459195,382.70692073961436
2012-03-01,Achi,Achi,312.4516129032258,485.40128127936475,0.2994004680459195,382.70692073961436
2012-04-01,Achi,Achi,458.93333333333334,485.70068174741067,0.2994004680459195,382.70692073961436
2012-05-01,Achi,Achi,536.4193548387096,486.0000822154566,0.2994004680459195,382.70692073961436
2012-06-01,Achi,Achi,426.56666666666666,486.2994826835025,0.2994004680459195,382.70692073961436
2012-07-01,Achi,Achi,435.51612903225805,486.5988831515484,0.2994004680459195,382.70692073961436
2012-08-01,Achi,Achi,589.8064516129032,486.89828361959434,0.2994004680459195,382.70692073961436
2012-09-01,Achi,Achi,586.65,487.19768408764025,0.2994004680459195,382.70692073961436
2012-10-01,Achi,Achi,516.5185185185185,487.49708455568623,0.2994004680459195,382.70692073961436
2012-11-01,Achi,Achi,458.4,487.7964850237321,0.2994004680459195,382.70692073961436
2012-12-01,Achi,Achi,424.93548387096774,488.09588549177806,0.2994004680459195,382.70692073961436
2013-01-01,Achi,Achi,368.2903225806452,488.3952859598239,0.2994004680459195,382.70692073961436
2013-02-01,Achi,Achi,388.5357142857143,488.6946864278699,0.2994004680459195,382.70692073961436
2013-03-01,Achi,Achi,383.48387096774195,488.99408689591576,0.2994004680459195,382.70692073961436
2013-04-01,Achi,Achi,348.3666666666667,489.29348736396173,0.2994004680459195,382.70692073961436
2013-05-01,Achi,Achi,461.2903225806452,489.59288783200765,0.2994004680459195,382.70692073961436
2013-06-01,Achi,Achi,437.6666666666667,489.89228830005356,0.2994004680459195,382.70692073961436
2013-07-01,Achi,Achi,377.61290322580646,490.1916887680995,0.2994004680459195,382.70692073961436
2013-08-01,Achi,Achi,435.61290322580646,490.4910892361454,0.2994004680459195,382.70692073961436
2013-09-01,Achi,Achi,470.8,490.7904897041913,0.2994004680459195,382.70692073961436
2013-10-01,Achi,Achi,421.4516129032258,491.08989017223723,0.2994004680459195,382.70692073961436
2013-11-01,Achi,Achi,492.3333333333333,491.38929064028315,0.2994004680459195,382.70692073961436
2013-12-01,Achi,Achi,484.93548387096774,491.68869110832907,0.2994004680459195,382.70692073961436
2014-01-01,Achi,Achi,414.03225806451616,491.988091576375,0.2994004680459195,382.70692073961436
2014-02-01,Achi,Achi,426.7142857142857,492.2874920444209,0.2994004680459195,382.70692073961436
2014-03-01,Achi,Achi,494.258064516129,492.5868925124668,0.2994004680459195,382.70692073961436
2014-04-01,Achi,Achi,509.8666666666667,492.88629298051274,0.2994004680459195,382.70692073961436
2014-05-01,Achi,Achi,727.8387096774194,493.18569344855865,0.2994004680459195,382.70692073961436
2014-06-01,Achi,Achi,718.3333333333334,493.48509391660457,0.2994004680459195,382.70692073961436
2014-07-01,Achi,Achi,597.3548387096774,493.7844943846505,0.2994004680459195,382.70692073961436
2014-08-01,Achi,Achi,634.258064516129,494.0838948526964,0.2994004680459195,382.70692073961436
2014-09-01,Achi,Achi,620.4,494.3832953207424,0.2994004680459195,382.70692073961436
2014-10-01,Achi,Achi,632.6774193548387,494.68269578878824,0.2994004680459195,382.70692073961436
2014-11-01,Achi,Achi,695.7333333333333,494.9820962568342,0.2994004680459195,382.70692073961436
2014-12-01,Achi,Achi,613.6451612903226,495.28149672488007,0.2994004680459195,382.70692073961436
2015-01-01,Achi,Achi,388.4193548387097,495.58089719292605,0.2994004680459195,382.70692073961436
2015-02-01,Achi,Achi,363.9642857142857,495.8802976609719,0.2994004680459195,382.70692073961436
2015-03-01,Achi,Achi,313.03225806451616,496.1796981290179,0.2994004680459195,382.70692073961436
2015-04-01,Achi,Achi,473.7,496.4790985970638,0.2994004680459195,382.70692073961436
2015-05-01,Achi,Achi,456.61290322580646,496.7784990651097,0.2994004680459195,382.70692073961436
2015-06-01,Achi,Achi,551.5666666666667,497.07789953315563,0.2994004680459195,382.70692073961436
2015-07-01,Achi,Achi,505.2258064516129,497.37730000120155,0.2994004680459195,382.70692073961436
2015-08-01,Achi,Achi,484.6774193548387,497.67670046924746,0.2994004680459195,382.70692073961436
2015-09-01,Achi,Achi,488.43333333333334,497.9761009372934,0.2994004680459195,382.70692073961436
2015-10-01,Achi,Achi,594.0967741935484,498.2755014053393,0.2994004680459195,382.70692073961436
2015-11-01,Achi,Achi,646.4333333333333,498.5749018733852,0.2994004680459195,382.70692073961436
2015-12-01,Achi,Achi,471.64516129032256,498.87430234143113,0.2994004680459195,382.70692073961436
2016-01-01,Achi,Achi,236.2770833333354,499.17370280947705,0.2994004680459195,382.70692073961436
2016-02-01,Achi,Achi,204.17887931034457,499.47310327752297,0.2994004680459195,382.70692073961436
2016-03-01,Achi,Achi,209.83467741935488,499.7725037455689,0.2994004680459195,382.70692073961436
2016-04-01,Achi,Achi,320.9416666666611,500.0719042136148,0.2994004680459195,382.70692073961436
2016-05-01,Achi,Achi,499.4334677419333,500.3713046816607,0.2994004680459195,382.70692073961436
2016-06-01,Achi,Achi,554.1625000000004,500.67070514970663,0.2994004680459195,382.70692073961436
2016-07-01,Achi,Achi,548.3346774193529,500.97010561775255,0.2994004680459195,382.70692073961436
2016-08-01,Achi,Achi,497.4697580645177,501.2695060857985,0.2994004680459195,382.70692073961436
2016-09-01,Achi,Achi,555.1124999999995,501.5689065538444,0.2994004680459195,382.70692073961436
2016-10-01,Achi,Achi,617.5221774193503,501.86830702189036,0.2994004680459195,382.70692073961436
2016-11-01,Achi,Achi,715.9374999999995,502.1677074899362,0.2994004680459195,382.70692073961436
2016-12-01,Achi,Achi,715.5584677419396,502.4671079579822,0.2994004680459195,382.70692073961436
2017-01-01,Achi,Achi,514.7076612903251,502.76650842602805,0.2994004680459195,382.70692073961436
2017-02-01,Achi,Achi,369.35937500000404,503.065908894074,0.2994004680459195,382.70692073961436
2017-03-01,Achi,Achi,464.83266129031546,503.36530936211994,0.2994004680459195,382.70692073961436
2017-04-01,Achi,Achi,563.4604166666668,503.66470983016586,0.2994004680459195,382.70692073961436
2017-05-01,Achi,Achi,699.9213709677402,503.9641102982118,0.2994004680459195,382.70692073961436
2017-06-01,Achi,Achi,669.0020833333333,504.2635107662577,0.2994004680459195,382.70692073961436
2017-07-01,Achi,Achi,607.610887096777,504.5629112343036,0.2994004680459195,382.70692073961436
2017-08-01,Achi,Achi,583.1754032258043,504.86231170234953,0.2994004680459195,382.70692073961436
2017-09-01,Achi,Achi,635.9520833333318,505.16171217039545,0.2994004680459195,382.70692073961436
2017-10-01,Achi,Achi,641.1612903225817,505.46111263844136,0.2994004680459195,382.70692073961436
2017-11-01,Achi,Achi,707.7104166666642,505.7605131064873,0.2994004680459195,382.70692073961436
2017-12-01,Achi,Achi,625.8810483870998,506.0599135745332,0.2994004680459195,382.70692073961436
2018-01-01,Achi,Achi,595.620967741938,506.3593140425791,0.2994004680459195,382.70692073961436
2018-02-01,Achi,Achi,416.82812500000193,506.65871451062503,0.2994004680459195,382.70692073961436
2018-03-01,Achi,Achi,465.32459677419075,506.95811497867095,0.2994004680459195,382.70692073961436
2018-04-01,Achi,Achi,633.2833333333322,507.25751544671687,0.2994004680459195,382.70692073961436
2018-05-01,Achi,Achi,668.070564516125,507.5569159147628,0.2994004680459195,382.70692073961436
2018-06-01,Achi,Achi,677.1895833333369,507.8563163828087,0.2994004680459195,382.70692073961436
2018-07-01,Achi,Achi,610.6774193548383,508.1557168508547,0.2994004680459195,382.70692073961436
2018-08-01,Achi,Achi,579.0463709677432,508.45511731890053,0.2994004680459195,382.70692073961436
2018-09-01,Achi,Achi,577.756249999998,508.7545177869465,0.2994004680459195,382.70692073961436
2018-10-01,Achi,Achi,662.7056451612892,509.05391825499237,0.2994004680459195,382.70692073961436
2018-11-01,Achi,Achi,701.65,509.35331872303834,0.2994004680459195,382.70692073961436
2018-12-01,Achi,Achi,610.0000000000049,509.65271919108426,0.2994004680459195,382.70692073961436
2019-01-01,Achi,Achi,360.0262096774243,509.9521196591302,0.2994004680459195,382.70692073961436
2019-02-01,Achi,Achi,277.22321428571325,510.2515201271761,0.2994004680459195,382.70692073961436
2019-03-01,Achi,Achi,392.70564516128763,510.550920595222,0.2994004680459195,382.70692073961436
2019-04-01,Achi,Achi,520.0562499999962,510.8503210632679,0.2994004680459195,382.70692073961436
2019-05-01,Achi,Achi,591.8971774193509,511.14972153131384,0.2994004680459195,382.70692073961436
2019-06-01,Achi,Achi,736.6479166666703,511.44912199935976,0.2994004680459195,382.70692073961436
2019-07-01,Achi,Achi,547.6713709677431,511.7485224674057,0.2994004680459195,382.70692073961436
2019-08-01,Achi,Achi,521.9236111111129,512.0479229354517,0.2994004680459195,382.70692073961436
2019-09-01,Achi,Achi,498.952083333332,512.3473234034975,0.2994004680459195,382.70692073961436
2019-10-01,Achi,Achi,630.3064516128986,512.6467238715434,0.2994004680459195,382.70692073961436
2019-11-01,Achi,Achi,696.106250000001,512.9461243395893,0.2994004680459195,382.70692073961436
2019-12-01,Achi,Achi,574.6552419354886,513.2455248076353,0.2994004680459195,382.70692073961436
2020-01-01,Achi,Achi,409.38104838709955,513.5449252756812,0.2994004680459195,382.70692073961436
2020-02-01,Achi,Achi,293.4978448275893,513.844325743727,0.2994004680459195,382.70692073961436
2020-03-01,Achi,Achi,260.983870967742,514.143726211773,0.2994004680459195,382.70692073961436
2020-04-01,Achi,Achi,332.65833333333086,514.443126679819,0.2994004680459195,382.70692073961436
2020-05-01,Achi,Achi,390.9455645161269,514.7425271478648,0.2994004680459195,382.70692073961436
2020-06-01,Achi,Achi,516.6229166666635,515.0419276159108,0.2994004680459195,382.70692073961436
2020-07-01,Achi,Achi,609.1310483870957,515.3413280839567,0.2994004680459195,382.70692073961436
2020-08-01,Achi,Achi,593.2379032258058,515.6407285520027,0.2994004680459195,382.70692073961436
2020-09-01,Achi,Achi,634.5000000000013,515.9401290200485,0.2994004680459195,382.70692073961436
2020-10-01,Achi,Achi,650.7580645161277,516.2395294880945,0.2994004680459195,382.70692073961436
2020-11-01,Achi,Achi,716.0234374999964,516.5389299561404,0.2994004680459195,382.70692073961436
2020-12-01,Achi,Achi,621.8958333333366,516.8383304241863,0.2994004680459195,382.70692073961436
2021-01-01,Achi,Achi,502.92540322581124,517.1377308922322,0.2994004680459195,382.70692073961436
2021-02-01,Achi,Achi,382.72767857142713,517.4371313602782,0.2994004680459195,382.70692073961436
2021-03-01,Achi,Achi,558.8709677419313,517.7365318283241,0.2994004680459195,382.70692073961436
2021-04-01,Achi,Achi,606.0249999999991,518.03593229637,0.2994004680459195,382.70692073961436
2021-05-01,Achi,Achi,706.6048387096752,518.3353327644159,0.2994004680459195,382.70692073961436
2021-06-01,Achi,Achi,758.9854166666663,518.6347332324618,0.2994004680459195,382.70692073961436
2021-07-01,Achi,Achi,686.524193548388,518.9341337005078,0.2994004680459195,382.70692073961436
2021-08-01,Achi,Achi,729.3017241379304,519.2335341685537,0.2994004680459195,382.70692073961436
2021-09-01,Achi,Achi,616.3500000000024,519.5329346365995,0.2994004680459195,382.70692073961436
2021-10-01,Achi,Achi,583.8306451612893,519.8323351046455,0.2994004680459195,382.70692073961436
2021-11-01,Achi,Achi,572.8645833333334,520.1317355726915,0.2994004680459195,382.70692073961436
2021-12-01,Achi,Achi,481.79032258064876,520.4311360407373,0.2994004680459195,382.70692073961436
2022-01-01,Achi,Achi,411.08870967742126,520.7305365087833,0.2994004680459195,382.70692073961436
2022-02-01,Achi,Achi,408.767857142854,521.0299369768292,0.2994004680459195,382.70692073961436
2022-03-01,Achi,Achi,480.17741935483855,521.3293374448751,0.2994004680459195,382.70692073961436
2022-04-01,Achi,Achi,539.6749999999969,521.628737912921,0.2994004680459195,382.70692073961436
2022-05-01,Achi,Achi,517.582661290326,521.928138380967,0.2994004680459195,382.70692073961436
2022-06-01,Achi,Achi,608.2333333333282,522.2275388490128,0.2994004680459195,382.70692073961436
2022-07-01,Achi,Achi,595.7096774193561,522.5269393170588,0.2994004680459195,382.70692073961436
2022-08-01,Achi,Achi,567.4072580645181,522.8263397851047,0.2994004680459195,382.70692073961436
2022-09-01,Achi,Achi,474.9791666666688,523.1257402531506,0.2994004680459195,382.70692073961436
2022-10-01,Achi,Achi,461.9032258064486,523.4251407211965,0.2994004680459195,382.70692073961436
2022-11-01,Achi,Achi,545.1291666666668,523.7245411892425,0.2994004680459195,382.70692073961436
2022-12-01,Achi,Achi,429.06854838710166,524.0239416572883,0.2994004680459195,382.70692073961436
2023-01-01,Achi,Achi,371.3588709677425,524.3233421253343,0.2994004680459195,382.70692073961436
2023-02-01,Achi,Achi,290.79464285714397,524.6227425933803,0.2994004680459195,382.70692073961436
2023-03-01,Achi,Achi,353.4052419354814,524.9221430614261,0.2994004680459195,382.70692073961436
2023-04-01,Achi,Achi,383.5395833333334,525.221543529472,0.2994004680459195,382.70692073961436
2023-05-01,Achi,Achi,390.49395161290136,525.520943997518,0.2994004680459195,382.70692073961436
2023-06-01,Achi,Achi,441.23958333333474,525.820344465564,0.2994004680459195,382.70692073961436
2023-07-01,Achi,Achi,386.90120967742195,526.1197449336098,0.2994004680459195,382.70692073961436
2023-08-01,Achi,Achi,347.24999999999943,526.4191454016557,0.2994004680459195,382.70692073961436
2023-09-01,Achi,Achi,331.95208333333284,526.7185458697016,0.2994004680459195,382.70692073961436
2023-10-01,Achi,Achi,392.3991935483843,527.0179463377476,0.2994004680459195,382.70692073961436
2023-11-01,Achi,Achi,464.83125000000143,527.3173468057935,0.2994004680459195,382.70692073961436
2023-12-01,Achi,Achi,317.4697580645169,527.6167472738395,0.2994004680459195,382.70692073961436
2024-01-01,Achi,Achi,279.3931451612937,527.9161477418853,0.2994004680459195,382.70692073961436
2024-02-01,Achi,Achi,267.61206896551687,528.2155482099313,0.2994004680459195,382.70692073961436
2024-03-01,Achi,Achi,254.95564516129147,528.5149486779771,0.2994004680459195,382.70692073961436
2024-04-01,Achi,Achi,328.88541666666066,528.8143491460231,0.2994004680459195,382.70692073961436
2024-05-01,Achi,Achi,505.76008064515884,529.113749614069,0.2994004680459195,382.70692073961436
2024-06-01,Achi,Achi,548.7708333333318,529.413150082115,0.2994004680459195,382.70692073961436
2024-07-01,Achi,Achi,507.9112903225851,529.7125505501608,0.2994004680459195,382.70692073961436
2024-08-01,Achi,Achi,414.66733870967835,530.0119510182068,0.2994004680459195,382.70692073961436
2024-09-01,Achi,Achi,358.0916666666662,530.3113514862526,0.2994004680459195,382.70692073961436
2024-10-01,Achi,Achi,428.90927419354773,530.6107519542986,0.2994004680459195,382.70692073961436
2024-11-01,Achi,Achi,475.18749999999767,530.9101524223445,0.2994004680459195,382.70692073961436
2024-12-01,Achi,Achi,394.98588709677637,531.2095528903905,0.2994004680459195,382.70692073961436
2025-01-01,Achi,Achi,386.61290322580925,531.5089533584364,0.2994004680459195,382.70692073961436
2025-02-01,Achi,Achi,346.6629464285679,531.8083538264823,0.2994004680459195,382.70692073961436
2025-03-01,Achi,Achi,415.2479838709681,532.1077542945281,0.2994004680459195,382.70692073961436
2025-04-01,Achi,Achi,476.3020833333305,532.4071547625741,0.2994004680459195,382.70692073961436
2025-05-01,Achi,Achi,575.5120967741935,532.7065552306201,0.2994004680459195,382.70692073961436
2025-06-01,Achi,Achi,554.4770833333324,533.005955698666,0.2994004680459195,382.70692073961436
2025-07-01,Achi,Achi,464.3225806451632,533.3053561667118,0.2994004680459195,382.70692073961436
2025-08-01,Achi,Achi,474.28830645161423,533.6047566347578,0.2994004680459195,382.70692073961436
2025-09-01,Achi,Achi,425.9575892857155,533.9041571028038,0.2994004680459195,382.70692073961436
2025-10-01,Achi,Achi,463.9374999999964,534.2035575708496,0.2994004680459195,382.70692073961436
2025-11-01,Achi,Achi,510.93125000000447,534.5029580388956,0.2994004680459195,382.70692073961436
1975-06-01,ElBanco,El Banco,660.0,596.0121098193003,0.13404945727544387,596.0121098193003
1975-08-01,ElBanco,El Banco,686.4516129032259,596.1461592765758,0.13404945727544387,596.0121098193003
1975-09-01,ElBanco,El Banco,761.3666666666667,596.2802087338513,0.13404945727544387,596.0121098193003
1975-10-01,ElBanco,El Banco,836.1935483870968,596.4142581911267,0.13404945727544387,596.0121098193003
1975-11-01,ElBanco,El Banco,908.8,596.5483076484021,0.13404945727544387,596.0121098193003
1976-03-01,ElBanco,El Banco,558.5483870967741,596.6823571056776,0.13404945727544387,596.0121098193003
1976-04-01,ElBanco,El Banco,620.6,596.816406562953,0.13404945727544387,596.0121098193003
1976-06-01,ElBanco,El Banco,724.1666666666666,596.9504560202284,0.13404945727544387,596.0121098193003
1976-07-01,ElBanco,El Banco,605.8846153846154,597.0845054775039,0.13404945727544387,596.0121098193003
1976-08-01,ElBanco,El Banco,479.16129032258067,597.2185549347794,0.13404945727544387,596.0121098193003
1976-09-01,ElBanco,El Banco,410.06666666666666,597.3526043920548,0.13404945727544387,596.0121098193003
1976-10-01,ElBanco,El Banco,688.5806451612904,597.4866538493302,0.13404945727544387,596.0121098193003
1976-11-01,ElBanco,El Banco,772.2666666666667,597.6207033066057,0.13404945727544387,596.0121098193003
1976-12-01,ElBanco,El Banco,553.0,597.7547527638811,0.13404945727544387,596.0121098193003
1977-01-01,ElBanco,El Banco,340.1333333333333,597.8888022211565,0.13404945727544387,596.0121098193003
1977-02-01,ElBanco,El Banco,318.82142857142856,598.0228516784321,0.13404945727544387,596.0121098193003
1977-03-01,ElBanco,El Banco,319.83870967741933,598.1569011357075,0.13404945727544387,596.0121098193003
1977-04-01,ElBanco,El Banco,458.2,598.2909505929829,0.13404945727544387,596.0121098193003
1977-05-01,ElBanco,El Banco,584.9677419354839,598.4250000502583,0.13404945727544387,596.0121098193003
1977-06-01,ElBanco,El Banco,651.3666666666667,598.5590495075338,0.13404945727544387,596.0121098193003
1977-07-01,ElBanco,El Banco,549.7741935483871,598.6930989648092,0.13404945727544387,596.0121098193003
1977-08-01,ElBanco,El Banco,552.0645161290323,598.8271484220846,0.13404945727544387,596.0121098193003
1977-09-01,ElBanco,El Banco,507.76666666666665,598.9611978793602,0.13404945727544387,596.0121098193003
1977-10-01,ElBanco,El Banco,744.3225806451613,599.0952473366356,0.13404945727544387,596.0121098193003
1977-11-01,ElBanco,El Banco,838.2666666666667,599.229296793911,0.13404945727544387,596.0121098193003
1977-12-01,ElBanco,El Banco,679.2222222222222,599.3633462511865,0.13404945727544387,596.0121098193003
1978-01-01,ElBanco,El Banco,416.6774193548387,599.4973957084619,0.13404945727544387,596.0121098193003
1978-02-01,ElBanco,El Banco,323.0357142857143,599.6314451657373,0.13404945727544387,596.0121098193003
1978-03-01,ElBanco,El Banco,375.258064516129,599.7654946230127,0.13404945727544387,596.0121098193003
1978-04-01,ElBanco,El Banco,676.8333333333334,599.8995440802883,0.13404945727544387,596.0121098193003
1978-05-01,ElBanco,El Banco,773.6129032258065,600.0335935375637,0.13404945727544387,596.0121098193003
1978-06-01,ElBanco,El Banco,759.1666666666666,600.1676429948391,0.13404945727544387,596.0121098193003
1978-07-01,ElBanco,El Banco,663.5806451612904,600.3016924521146,0.13404945727544387,596.0121098193003
1978-08-01,ElBanco,El Banco,522.2903225806451,600.43574190939,0.13404945727544387,596.0121098193003
1978-09-01,ElBanco,El Banco,549.1,600.5697913666654,0.13404945727544387,596.0121098193003
1978-10-01,ElBanco,El Banco,690.0645161290323,600.7038408239409,0.13404945727544387,596.0121098193003
1978-11-01,ElBanco,El Banco,789.4,600.8378902812163,0.13404945727544387,596.0121098193003
1978-12-01,ElBanco,El Banco,693.516129032258,600.9719397384918,0.13404945727544387,596.0121098193003
1979-01-01,ElBanco,El Banco,441.35483870967744,601.1059891957672,0.13404945727544387,596.0121098193003
1979-02-01,ElBanco,El Banco,346.75,601.2400386530427,0.13404945727544387,596.0121098193003
1979-03-01,ElBanco,El Banco,446.93548387096774,601.3740881103181,0.13404945727544387,596.0121098193003
1979-04-01,ElBanco,El Banco,532.9666666666667,601.5081375675935,0.13404945727544387,596.0121098193003
1979-05-01,ElBanco,El Banco,719.1935483870968,601.642187024869,0.13404945727544387,596.0121098193003
1979-06-01,ElBanco,El Banco,808.4666666666667,601.7762364821444,0.13404945727544387,596.0121098193003
1979-07-01,ElBanco,El Banco,669.7096774193549,601.9102859394199,0.13404945727544387,596.0121098193003
1979-08-01,ElBanco,El Banco,557.483870967742,602.0443353966954,0.13404945727544387,596.0121098193003
1979-09-01,ElBanco,El Banco,733.3,602.1783848539708,0.13404945727544387,596.0121098193003
1979-10-01,ElBanco,El Banco,730.9354838709677,602.3124343112462,0.13404945727544387,596.0121098193003
1979-11-01,ElBanco,El Banco,874.4,602.4464837685216,0.13404945727544387,596.0121098193003
1979-12-01,ElBanco,El Banco,738.741935483871,602.5805332257971,0.13404945727544387,596.0121098193003
1980-01-01,ElBanco,El Banco,498.741935483871,602.7145826830725,0.13404945727544387,596.0121098193003
1980-02-01,ElBanco,El Banco,435.13793103448273,602.848632140348,0.13404945727544387,596.0121098193003
1980-03-01,ElBanco,El Banco,345.48387096774195,602.9826815976235,0.13404945727544387,596.0121098193003
1980-04-01,ElBanco,El Banco,398.3181818181818,603.1167310548989,0.13404945727544387,596.0121098193003
1980-05-01,ElBanco,El Banco,527.6129032258065,603.2507805121743,0.13404945727544387,596.0121098193003
1980-06-01,ElBanco,El Banco,618.6333333333333,603.3848299694498,0.13404945727544387,596.0121098193003
1980-07-01,ElBanco,El Banco,513.516129032258,603.5188794267252,0.13404945727544387,596.0121098193003
1980-08-01,ElBanco,El Banco,501.61290322580646,603.6529288840006,0.13404945727544387,596.0121098193003
1980-09-01,ElBanco,El Banco,508.1333333333333,603.786978341276,0.13404945727544387,596.0121098193003
1980-10-01,ElBanco,El Banco,674.3548387096774,603.9210277985516,0.13404945727544387,596.0121098193003
1980-11-01,ElBanco,El Banco,725.1,604.055077255827,0.13404945727544387,596.0121098193003
1980-12-01,ElBanco,El Banco,633.6774193548387,604.1891267131024,0.13404945727544387,596.0121098193003
1981-01-01,ElBanco,El Banco,495.80645161290323,604.3231761703779,0.13404945727544387,596.0121098193003
1981-02-01,ElBanco,El Banco,435.5357142857143,604.4572256276533,0.13404945727544387,596.0121098193003
1981-03-01,ElBanco,El Banco,486.48387096774195,604.5912750849287,0.13404945727544387,596.0121098193003
1981-04-01,ElBanco,El Banco,524.4333333333333,604.7253245422042,0.13404945727544387,596.0121098193003
1981-05-01,ElBanco,El Banco,792.7741935483871,604.8593739994797,0.13404945727544387,596.0121098193003
1981-06-01,ElBanco,El Banco,893.0333333333333,604.9934234567551,0.13404945727544387,596.0121098193003
1981-07-01,ElBanco,El Banco,759.2903225806451,605.1274729140305,0.13404945727544387,596.0121098193003
1981-08-01,ElBanco,El Banco,581.483870967742,605.261522371306,0.13404945727544387,596.0121098193003
1981-09-01,ElBanco,El Banco,660.0666666666667,605.3955718285814,0.13404945727544387,596.0121098193003
1981-10-01,ElBanco,El Banco,662.0645161290323,605.5296212858568,0.13404945727544387,596.0121098193003
1981-11-01,ElBanco,El Banco,801.5666666666667,605.6636707431323,0.13404945727544387,596.0121098193003
1981-12-01,ElBanco,El Banco,736.6451612903226,605.7977202004078,0.13404945727544387,596.0121098193003
1982-01-01,ElBanco,El Banco,606.483870967742,605.9317696576832,0.13404945727544387,596.0121098193003
1982-02-01,ElBanco,El Banco,542.2142857142857,606.0658191149587,0.13404945727544387,596.0121098193003
1982-03-01,ElBanco,El Banco,549.0645161290323,606.1998685722341,0.13404945727544387,596.0121098193003
1982-04-01,ElBanco,El Banco,687.9666666666667,606.3339180295095,0.13404945727544387,596.0121098193003
1982-05-01,ElBanco,El Banco,823.0645161290323,606.467967486785,0.13404945727544387,596.0121098193003
1982-06-01,ElBanco,El Banco,841.0,606.6020169440604,0.13404945727544387,596.0121098193003
1982-07-01,ElBanco,El Banco,620.0322580645161,606.7360664013358,0.13404945727544387,596.0121098193003
1982-08-01,ElBanco,El Banco,509.741935483871,606.8701158586113,0.13404945727544387,596.0121098193003
1982-09-01,ElBanco,El Banco,512.0,607.0041653158868,0.13404945727544387,596.0121098193003
1982-10-01,ElBanco,El Banco,669.4193548387096,607.1382147731622,0.13404945727544387,596.0121098193003
1982-11-01,ElBanco,El Banco,716.9666666666667,607.2722642304376,0.13404945727544387,596.0121098193003
1982-12-01,ElBanco,El Banco,591.2903225806451,607.4063136877131,0.13404945727544387,596.0121098193003
1983-01-01,ElBanco,El Banco,455.0967741935484,607.5403631449885,0.13404945727544387,596.0121098193003
1983-02-01,ElBanco,El Banco,330.89285714285717,607.6744126022639,0.13404945727544387,596.0121098193003
1983-03-01,ElBanco,El Banco,394.61290322580646,607.8084620595395,0.13404945727544387,596.0121098193003
1983-04-01,ElBanco,El Banco,562.6666666666666,607.9425115168149,0.13404945727544387,596.0121098193003
1983-05-01,ElBanco,El Banco,721.9032258064516,608.0765609740903,0.13404945727544387,596.0121098193003
1983-06-01,ElBanco,El Banco,689.9333333333333,608.2106104313657,0.13404945727544387,596.0121098193003
1983-07-01,ElBanco,El Banco,545.516129032258,608.3446598886412,0.13404945727544387,596.0121098193003
1983-08-01,ElBanco,El Banco,515.3225806451613,608.4787093459166,0.13404945727544387,596.0121098193003
1983-09-01,ElBanco,El Banco,545.551724137931,608.612758803192,0.13404945727544387,596.0121098193003
1983-10-01,ElBanco,El Banco,615.6774193548387,608.7468082604676,0.13404945727544387,596.0121098193003
1983-11-01,ElBanco,El Banco,667.0666666666667,608.880857717743,0.13404945727544387,596.0121098193003
1983-12-01,ElBanco,El Banco,646.9677419354839,609.0149071750184,0.13404945727544387,596.0121098193003
1984-01-01,ElBanco,El Banco,577.1612903225806,609.1489566322939,0.13404945727544387,596.0121098193003
1984-02-01,ElBanco,El Banco,558.3793103448276,609.2830060895693,0.13404945727544387,596.0121098193003
1984-03-01,ElBanco,El Banco,524.4516129032259,609.4170555468447,0.13404945727544387,596.0121098193003
1984-04-01,ElBanco,El Banco,536.7,609.5511050041201,0.13404945727544387,596.0121098193003
1984-05-01,ElBanco,El Banco,688.1935483870968,609.6851544613957,0.13404945727544387,596.0121098193003
1984-06-01,ElBanco,El Banco,783.2666666666667,609.8192039186711,0.13404945727544387,596.0121098193003
1984-07-01,ElBanco,El Banco,759.3870967741935,609.9532533759465,0.13404945727544387,596.0121098193003
1984-08-01,ElBanco,El Banco,669.741935483871,610.087302833222,0.13404945727544387,596.0121098193003
1984-09-01,ElBanco,El Banco,703.2666666666667,610.2213522904974,0.13404945727544387,596.0121098193003
1984-10-01,ElBanco,El Banco,827.6774193548387,610.3554017477728,0.13404945727544387,596.0121098193003
1984-11-01,ElBanco,El Banco,895.8666666666667,610.4894512050483,0.13404945727544387,596.0121098193003
1984-12-01,ElBanco,El Banco,778.1290322580645,610.6235006623237,0.13404945727544387,596.0121098193003
1985-01-01,ElBanco,El Banco,516.3548387096774,610.7575501195992,0.13404945727544387,596.0121098193003
1985-02-01,ElBanco,El Banco,364.82142857142856,610.8915995768746,0.13404945727544387,596.0121098193003
1985-03-01,ElBanco,El Banco,378.8709677419355,611.0256490341501,0.13404945727544387,596.0121098193003
1985-04-01,ElBanco,El Banco,514.4666666666667,611.1596984914255,0.13404945727544387,596.0121098193003
1985-05-01,ElBanco,El Banco,625.7741935483871,611.2937479487009,0.13404945727544387,596.0121098193003
1985-06-01,ElBanco,El Banco,605.5666666666667,611.4277974059764,0.13404945727544387,596.0121098193003
1985-07-01,ElBanco,El Banco,482.5806451612903,611.5618468632518,0.13404945727544387,596.0121098193003
1985-08-01,ElBanco,El Banco,557.9677419354839,611.6958963205273,0.13404945727544387,596.0121098193003
1985-09-01,ElBanco,El Banco,639.7666666666667,611.8299457778028,0.13404945727544387,596.0121098193003
1985-10-01,ElBanco,El Banco,714.3548387096774,611.9639952350782,0.13404945727544387,596.0121098193003
1985-11-01,ElBanco,El Banco,765.2,612.0980446923536,0.13404945727544387,596.0121098193003
1985-12-01,ElBanco,El Banco,673.3225806451613,612.232094149629,0.13404945727544387,596.0121098193003
1986-01-01,ElBanco,El Banco,477.7096774193548,612.3661436069045,0.13404945727544387,596.0121098193003
1986-02-01,ElBanco,El Banco,462.0357142857143,612.5001930641799,0.13404945727544387,596.0121098193003
1986-03-01,ElBanco,El Banco,538.0322580645161,612.6342425214553,0.13404945727544387,596.0121098193003
1986-04-01,ElBanco,El Banco,618.0666666666667,612.7682919787309,0.13404945727544387,596.0121098193003
1986-05-01,ElBanco,El Banco,709.7096774193549,612.9023414360063,0.13404945727544387,596.0121098193003
1986-06-01,ElBanco,El Banco,736.2,613.0363908932817,0.13404945727544387,596.0121098193003
1986-07-01,ElBanco,El Banco,633.9354838709677,613.1704403505572,0.13404945727544387,596.0121098193003
1986-08-01,ElBanco,El Banco,486.96774193548384,613.3044898078326,0.13404945727544387,596.0121098193003
1986-09-01,ElBanco,El Banco,510.1333333333333,613.438539265108,0.13404945727544387,596.0121098193003
1986-10-01,ElBanco,El Banco,715.4516129032259,613.5725887223834,0.13404945727544387,596.0121098193003
1986-11-01,ElBanco,El Banco,824.9,613.706638179659,0.13404945727544387,596.0121098193003
1986-12-01,ElBanco,El Banco,620.483870967742,613.8406876369344,0.13404945727544387,596.0121098193003
1987-01-01,ElBanco,El Banco,451.83870967741933,613.9747370942098,0.13404945727544387,596.0121098193003
1987-02-01,ElBanco,El Banco,405.39285714285717,614.1087865514853,0.13404945727544387,596.0121098193003
1987-03-01,ElBanco,El Banco,386.5806451612903,614.2428360087607,0.13404945727544387,596.0121098193003
1987-04-01,ElBanco,El Banco,468.2,614.3768854660361,0.13404945727544387,596.0121098193003
1987-05-01,ElBanco,El Banco,641.2903225806451,614.5109349233117,0.13404945727544387,596.0121098193003
1987-06-01,ElBanco,El Banco,630.1,614.6449843805871,0.13404945727544387,596.0121098193003
1987-07-01,ElBanco,El Banco,540.1290322580645,614.7790338378625,0.13404945727544387,596.0121098193003
1987-08-01,ElBanco,El Banco,639.741935483871,614.9130832951379,0.13404945727544387,596.0121098193003
1987-09-01,ElBanco,El Banco,601.5666666666667,615.0471327524134,0.13404945727544387,596.0121098193003
1987-10-01,ElBanco,El Banco,724.2903225806451,615.1811822096888,0.13404945727544387,596.0121098193003
1987-11-01,ElBanco,El Banco,809.7,615.3152316669642,0.13404945727544387,596.0121098193003
1987-12-01,ElBanco,El Banco,705.6451612903226,615.4492811242397,0.13404945727544387,596.0121098193003
1988-01-01,ElBanco,El Banco,480.5483870967742,615.5833305815152,0.13404945727544387,596.0121098193003
1988-02-01,ElBanco,El Banco,418.0689655172414,615.7173800387906,0.13404945727544387,596.0121098193003
1988-03-01,ElBanco,El Banco,367.0,615.8514294960661,0.13404945727544387,596.0121098193003
1988-04-01,ElBanco,El Banco,506.43333333333334,615.9854789533415,0.13404945727544387,596.0121098193003
1988-05-01,ElBanco,El Banco,601.1612903225806,616.1195284106169,0.13404945727544387,596.0121098193003
1988-06-01,ElBanco,El Banco,639.9,616.2535778678923,0.13404945727544387,596.0121098193003
1988-07-01,ElBanco,El Banco,727.741935483871,616.3876273251678,0.13404945727544387,596.0121098193003
1988-08-01,ElBanco,El Banco,712.7096774193549,616.5216767824433,0.13404945727544387,596.0121098193003
1988-09-01,ElBanco,El Banco,819.3666666666667,616.6557262397187,0.13404945727544387,596.0121098193003
1988-10-01,ElBanco,El Banco,814.9354838709677,616.7897756969942,0.13404945727544387,596.0121098193003
1988-11-01,ElBanco,El Banco,847.5666666666667,616.9238251542696,0.13404945727544387,596.0121098193003
1988-12-01,ElBanco,El Banco,840.3548387096774,617.057874611545,0.13404945727544387,596.0121098193003
1989-01-01,ElBanco,El Banco,676.6129032258065,617.1919240688205,0.13404945727544387,596.0121098193003
1989-02-01,ElBanco,El Banco,553.7857142857143,617.3259735260959,0.13404945727544387,596.0121098193003
1989-03-01,ElBanco,El Banco,591.741935483871,617.4600229833713,0.13404945727544387,596.0121098193003
1989-04-01,ElBanco,El Banco,572.2333333333333,617.5940724406469,0.13404945727544387,596.0121098193003
1989-05-01,ElBanco,El Banco,624.9677419354839,617.7281218979223,0.13404945727544387,596.0121098193003
1989-06-01,ElBanco,El Banco,640.3,617.8621713551977,0.13404945727544387,596.0121098193003
1989-07-01,ElBanco,El Banco,573.0322580645161,617.9962208124731,0.13404945727544387,596.0121098193003
1989-08-01,ElBanco,El Banco,541.0322580645161,618.1302702697486,0.13404945727544387,596.0121098193003
1989-09-01,ElBanco,El Banco,674.7666666666667,618.264319727024,0.13404945727544387,596.0121098193003
1989-10-01,ElBanco,El Banco,766.2903225806451,618.3983691842994,0.13404945727544387,596.0121098193003
1989-11-01,ElBanco,El Banco,787.0,618.532418641575,0.13404945727544387,596.0121098193003
1989-12-01,ElBanco,El Banco,666.5483870967741,618.6664680988504,0.13404945727544387,596.0121098193003
1990-04-01,ElBanco,El Banco,522.0666666666667,618.8005175561258,0.13404945727544387,596.0121098193003
1990-05-01,ElBanco,El Banco,688.9677419354839,618.9345670134013,0.13404945727544387,596.0121098193003
1990-06-01,ElBanco,El Banco,622.9666666666667,619.0686164706767,0.13404945727544387,596.0121098193003
1990-07-01,ElBanco,El Banco,556.0322580645161,619.2026659279521,0.13404945727544387,596.0121098193003
1990-10-01,ElBanco,El Banco,649.1935483870968,619.3367153852275,0.13404945727544387,596.0121098193003
1990-11-01,ElBanco,El Banco,778.6,619.4707648425031,0.13404945727544387,596.0121098193003
1991-01-01,ElBanco,El Banco,505.1290322580645,619.6048142997785,0.13404945727544387,596.0121098193003
1991-02-01,ElBanco,El Banco,370.57142857142856,619.7388637570539,0.13404945727544387,596.0121098193003
1991-03-01,ElBanco,El Banco,440.64516129032256,619.8729132143294,0.13404945727544387,596.0121098193003
1991-04-01,ElBanco,El Banco,507.8666666666667,620.0069626716048,0.13404945727544387,596.0121098193003
1991-05-01,ElBanco,El Banco,603.6129032258065,620.1410121288802,0.13404945727544387,596.0121098193003
1991-06-01,ElBanco,El Banco,590.2666666666667,620.2750615861557,0.13404945727544387,596.0121098193003
1991-07-01,ElBanco,El Banco,548.1935483870968,620.4091110434312,0.13404945727544387,596.0121098193003
1991-08-01,ElBanco,El Banco,513.6774193548387,620.5431605007066,0.13404945727544387,596.0121098193003
1991-09-01,ElBanco,El Banco,464.6,620.677209957982,0.13404945727544387,596.0121098193003
1991-10-01,ElBanco,El Banco,611.516129032258,620.8112594152575,0.13404945727544387,596.0121098193003
1991-11-01,ElBanco,El Banco,647.4666666666667,620.9453088725329,0.13404945727544387,596.0121098193003
1991-12-01,ElBanco,El Banco,613.6451612903226,621.0793583298083,0.13404945727544387,596.0121098193003
1992-01-01,ElBanco,El Banco,434.80645161290323,621.2134077870838,0.13404945727544387,596.0121098193003
1992-02-01,ElBanco,El Banco,378.0689655172414,621.3474572443592,0.13404945727544387,596.0121098193003
1992-03-01,ElBanco,El Banco,356.06451612903226,621.4815067016347,0.13404945727544387,596.0121098193003
1992-04-01,ElBanco,El Banco,349.3,621.6155561589102,0.13404945727544387,596.0121098193003
1992-05-01,ElBanco,El Banco,519.3225806451613,621.7496056161856,0.13404945727544387,596.0121098193003
1992-06-01,ElBanco,El Banco,527.8666666666667,621.883655073461,0.13404945727544387,596.0121098193003
1992-07-01,ElBanco,El Banco,457.2903225806452,622.0177045307364,0.13404945727544387,596.0121098193003
1992-08-01,ElBanco,El Banco,486.61290322580646,622.1517539880119,0.13404945727544387,596.0121098193003
1992-09-01,ElBanco,El Banco,514.5666666666667,622.2858034452873,0.13404945727544387,596.0121098193003
1992-10-01,ElBanco,El Banco,576.4516129032259,622.4198529025628,0.13404945727544387,596.0121098193003
1992-11-01,ElBanco,El Banco,568.8333333333334,622.5539023598383,0.13404945727544387,596.0121098193003
1992-12-01,ElBanco,El Banco,631.1290322580645,622.6879518171137,0.13404945727544387,596.0121098193003
1993-01-01,ElBanco,El Banco,489.4193548387097,622.8220012743891,0.13404945727544387,596.0121098193003
1993-02-01,ElBanco,El Banco,426.10714285714283,622.9560507316646,0.13404945727544387,596.0121098193003
1993-03-01,ElBanco,El Banco,434.4193548387097,623.09010018894,0.13404945727544387,596.0121098193003
1993-04-01,ElBanco,El Banco,576.8,623.2241496462154,0.13404945727544387,596.0121098193003
1993-05-01,ElBanco,El Banco,734.2258064516129,623.3581991034908,0.13404945727544387,596.0121098193003
1993-06-01,ElBanco,El Banco,723.8333333333334,623.4922485607664,0.13404945727544387,596.0121098193003
1993-07-01,ElBanco,El Banco,594.1935483870968,623.6262980180418,0.13404945727544387,596.0121098193003
1993-08-01,ElBanco,El Banco,510.2903225806452,623.7603474753172,0.13404945727544387,596.0121098193003
1993-09-01,ElBanco,El Banco,609.4,623.8943969325927,0.13404945727544387,596.0121098193003
1993-10-01,ElBanco,El Banco,634.1290322580645,624.0284463898681,0.13404945727544387,596.0121098193003
1993-11-01,ElBanco,El Banco,704.8333333333334,624.1624958471435,0.13404945727544387,596.0121098193003
1993-12-01,ElBanco,El Banco,758.3225806451613,624.296545304419,0.13404945727544387,596.0121098193003
1994-01-01,ElBanco,El Banco,555.0,624.4305947616945,0.13404945727544387,596.0121098193003
1994-02-01,ElBanco,El Banco,497.92857142857144,624.5646442189699,0.13404945727544387,596.0121098193003
1994-03-01,ElBanco,El Banco,574.6451612903226,624.6986936762453,0.13404945727544387,596.0121098193003
1994-04-01,ElBanco,El Banco,688.7333333333333,624.8327431335208,0.13404945727544387,596.0121098193003
1994-05-01,ElBanco,El Banco,769.9032258064516,624.9667925907962,0.13404945727544387,596.0121098193003
1994-06-01,ElBanco,El Banco,760.5,625.1008420480716,0.13404945727544387,596.0121098193003
1994-07-01,ElBanco,El Banco,630.9677419354839,625.2348915053472,0.13404945727544387,596.0121098193003
1994-08-01,ElBanco,El Banco,537.0967741935484,625.3689409626226,0.13404945727544387,596.0121098193003
1994-09-01,ElBanco,El Banco,526.1666666666666,625.502990419898,0.13404945727544387,596.0121098193003
1994-10-01,ElBanco,El Banco,666.9354838709677,625.6370398771735,0.13404945727544387,596.0121098193003
1994-11-01,ElBanco,El Banco,780.7,625.7710893344489,0.13404945727544387,596.0121098193003
1994-12-01,ElBanco,El Banco,722.2903225806451,625.9051387917243,0.13404945727544387,596.0121098193003
1995-01-01,ElBanco,El Banco,457.2903225806452,626.0391882489998,0.13404945727544387,596.0121098193003
1995-02-01,ElBanco,El Banco,344.17857142857144,626.1732377062752,0.13404945727544387,596.0121098193003
1995-03-01,ElBanco,El Banco,418.80645161290323,626.3072871635507,0.13404945727544387,596.0121098193003
1995-04-01,ElBanco,El Banco,527.3,626.4413366208261,0.13404945727544387,596.0121098193003
1995-05-01,ElBanco,El Banco,693.4516129032259,626.5753860781016,0.13404945727544387,596.0121098193003
1995-06-01,ElBanco,El Banco,755.3333333333334,626.709435535377,0.13404945727544387,596.0121098193003
1995-07-01,ElBanco,El Banco,672.258064516129,626.8434849926524,0.13404945727544387,596.0121098193003
1995-08-01,ElBanco,El Banco,763.5483870967741,626.9775344499279,0.13404945727544387,596.0121098193003
1995-09-01,ElBanco,El Banco,744.8,627.1115839072033,0.13404945727544387,596.0121098193003
1995-10-01,ElBanco,El Banco,778.0967741935484,627.2456333644787,0.13404945727544387,596.0121098193003
1995-11-01,ElBanco,El Banco,821.8666666666667,627.3796828217542,0.13404945727544387,596.0121098193003
1995-12-01,ElBanco,El Banco,718.0322580645161,627.5137322790297,0.13404945727544387,596.0121098193003
1996-01-01,ElBanco,El Banco,571.7096774193549,627.6477817363051,0.13404945727544387,596.0121098193003
1996-02-01,ElBanco,El Banco,539.5862068965517,627.7818311935805,0.13404945727544387,596.0121098193003
1996-03-01,ElBanco,El Banco,655.3870967741935,627.915880650856,0.13404945727544387,596.0121098193003
1996-04-01,ElBanco,El Banco,662.4666666666667,628.0499301081314,0.13404945727544387,596.0121098193003
1996-05-01,ElBanco,El Banco,726.7741935483871,628.1839795654068,0.13404945727544387,596.0121098193003
1996-06-01,ElBanco,El Banco,812.1,628.3180290226824,0.13404945727544387,596.0121098193003
1996-07-01,ElBanco,El Banco,813.6129032258065,628.4520784799578,0.13404945727544387,596.0121098193003
1996-08-01,ElBanco,El Banco,682.7096774193549,628.5861279372332,0.13404945727544387,596.0121098193003
1996-09-01,ElBanco,El Banco,673.5333333333333,628.7201773945087,0.13404945727544387,596.0121098193003
1996-10-01,ElBanco,El Banco,766.6129032258065,628.8542268517841,0.13404945727544387,596.0121098193003
1996-11-01,ElBanco,El Banco,793.3333333333334,628.9882763090595,0.13404945727544387,596.0121098193003
1996-12-01,ElBanco,El Banco,704.7741935483871,629.1223257663349,0.13404945727544387,596.0121098193003
1997-01-01,ElBanco,El Banco,546.1290322580645,629.2563752236105,0.13404945727544387,596.0121098193003
1997-02-01,ElBanco,El Banco,552.3214285714286,629.3904246808859,0.13404945727544387,596.0121098193003
1997-03-01,ElBanco,El Banco,473.19354838709677,629.5244741381613,0.13404945727544387,596.0121098193003
1997-04-01,ElBanco,El Banco,521.6333333333333,629.6585235954368,0.13404945727544387,596.0121098193003
1997-05-01,ElBanco,El Banco,584.2903225806451,629.7925730527122,0.13404945727544387,596.0121098193003
1997-06-01,ElBanco,El Banco,622.4666666666667,629.9266225099876,0.13404945727544387,596.0121098193003
1997-07-01,ElBanco,El Banco,555.516129032258,630.060671967263,0.13404945727544387,596.0121098193003
1997-08-01,ElBanco,El Banco,439.80645161290323,630.1947214245386,0.13404945727544387,596.0121098193003
1997-09-01,ElBanco,El Banco,453.2,630.328770881814,0.13404945727544387,596.0121098193003
1997-10-01,ElBanco,El Banco,554.9677419354839,630.4628203390894,0.13404945727544387,596.0121098193003
1997-11-01,ElBanco,El Banco,617.1333333333333,630.5968697963649,0.13404945727544387,596.0121098193003
1997-12-01,ElBanco,El Banco,501.5483870967742,630.7309192536403,0.13404945727544387,596.0121098193003
1998-01-01,ElBanco,El Banco,358.0967741935484,630.8649687109157,0.13404945727544387,596.0121098193003
1998-02-01,ElBanco,El Banco,411.10714285714283,630.9990181681912,0.13404945727544387,596.0121098193003
1998-03-01,ElBanco,El Banco,381.9032258064516,631.1330676254667,0.13404945727544387,596.0121098193003
1998-04-01,ElBanco,El Banco,616.0666666666667,631.2671170827421,0.13404945727544387,596.0121098193003
1998-05-01,ElBanco,El Banco,729.6129032258065,631.4011665400176,0.13404945727544387,596.0121098193003
1998-06-01,ElBanco,El Banco,743.2,631.535215997293,0.13404945727544387,596.0121098193003
1998-07-01,ElBanco,El Banco,675.6129032258065,631.6692654545684,0.13404945727544387,596.0121098193003
1998-08-01,ElBanco,El Banco,632.2903225806451,631.8033149118438,0.13404945727544387,596.0121098193003
1998-09-01,ElBanco,El Banco,669.9,631.9373643691193,0.13404945727544387,596.0121098193003
1998-10-01,ElBanco,El Banco,743.4516129032259,632.0714138263947,0.13404945727544387,596.0121098193003
1998-11-01,ElBanco,El Banco,832.0333333333333,632.2054632836702,0.13404945727544387,596.0121098193003
1998-12-01,ElBanco,El Banco,820.1935483870968,632.3395127409457,0.13404945727544387,596.0121098193003
1999-01-01,ElBanco,El Banco,693.8064516129032,632.4735621982211,0.13404945727544387,596.0121098193003
1999-02-01,ElBanco,El Banco,667.8928571428571,632.6076116554965,0.13404945727544387,596.0121098193003
1999-03-01,ElBanco,El Banco,764.8709677419355,632.741661112772,0.13404945727544387,596.0121098193003
1999-04-01,ElBanco,El Banco,758.7666666666667,632.8757105700474,0.13404945727544387,596.0121098193003
1999-05-01,ElBanco,El Banco,820.741935483871,633.0097600273228,0.13404945727544387,596.0121098193003
1999-06-01,ElBanco,El Banco,786.8666666666667,633.1438094845983,0.13404945727544387,596.0121098193003
1999-07-01,ElBanco,El Banco,745.3548387096774,633.2778589418738,0.13404945727544387,596.0121098193003
1999-08-01,ElBanco,El Banco,659.2903225806451,633.4119083991492,0.13404945727544387,596.0121098193003
1999-09-01,ElBanco,El Banco,727.4666666666667,633.5459578564246,0.13404945727544387,596.0121098193003
1999-10-01,ElBanco,El Banco,858.2258064516129,633.6800073137001,0.13404945727544387,596.0121098193003
1999-11-01,ElBanco,El Banco,900.8666666666667,633.8140567709755,0.13404945727544387,596.0121098193003
1999-12-01,ElBanco,El Banco,858.3870967741935,633.9481062282509,0.13404945727544387,596.0121098193003
2000-01-01,ElBanco,El Banco,680.5806451612904,634.0821556855265,0.13404945727544387,596.0121098193003
2000-02-01,ElBanco,El Banco,556.2413793103449,634.2162051428019,0.13404945727544387,596.0121098193003
2000-03-01,ElBanco,El Banco,637.0967741935484,634.3502546000773,0.13404945727544387,596.0121098193003
2000-04-01,ElBanco,El Banco,666.7666666666667,634.4843040573527,0.13404945727544387,596.0121098193003
2000-05-01,ElBanco,El Banco,736.5806451612904,634.6183535146282,0.13404945727544387,596.0121098193003
2000-06-01,ElBanco,El Banco,816.5333333333333,634.7524029719036,0.13404945727544387,596.0121098193003
2000-07-01,ElBanco,El Banco,716.4193548387096,634.886452429179,0.13404945727544387,596.0121098193003
2000-08-01,ElBanco,El Banco,636.9354838709677,635.0205018864546,0.13404945727544387,596.0121098193003
2000-09-01,ElBanco,El Banco,708.7,635.15455134373,0.13404945727544387,596.0121098193003
2000-10-01,ElBanco,El Banco,784.6451612903226,635.2886008010054,0.13404945727544387,596.0121098193003
2000-11-01,ElBanco,El Banco,810.5333333333333,635.4226502582809,0.13404945727544387,596.0121098193003
2000-12-01,ElBanco,El Banco,661.0,635.5566997155563,0.13404945727544387,596.0121098193003
2001-01-01,ElBanco,El Banco,523.3870967741935,635.6907491728317,0.13404945727544387,596.0121098193003
2001-02-01,ElBanco,El Banco,402.89285714285717,635.8247986301071,0.13404945727544387,596.0121098193003
2001-03-01,ElBanco,El Banco,483.8709677419355,635.9588480873826,0.13404945727544387,596.0121098193003
2001-04-01,ElBanco,El Banco,510.8,636.0928975446581,0.13404945727544387,596.0121098193003
2001-05-01,ElBanco,El Banco,582.3548387096774,636.2269470019335,0.13404945727544387,596.0121098193003
2001-06-01,ElBanco,El Banco,621.6333333333333,636.360996459209,0.13404945727544387,596.0121098193003
2001-07-01,ElBanco,El Banco,537.1612903225806,636.4950459164844,0.13404945727544387,596.0121098193003
2001-08-01,ElBanco,El Banco,480.61290322580646,636.6290953737598,0.13404945727544387,596.0121098193003
2001-09-01,ElBanco,El Banco,505.8,636.7631448310353,0.13404945727544387,596.0121098193003
2001-10-01,ElBanco,El Banco,608.2903225806451,636.8971942883107,0.13404945727544387,596.0121098193003
2001-11-01,ElBanco,El Banco,716.2666666666667,637.0312437455862,0.13404945727544387,596.0121098193003
2001-12-01,ElBanco,El Banco,734.8064516129032,637.1652932028617,0.13404945727544387,596.0121098193003
2002-01-01,ElBanco,El Banco,568.5806451612904,637.2993426601371,0.13404945727544387,596.0121098193003
2002-02-01,ElBanco,El Banco,431.60714285714283,637.4333921174125,0.13404945727544387,596.0121098193003
2002-03-01,ElBanco,El Banco,442.4193548387097,637.5674415746879,0.13404945727544387,596.0121098193003
2002-04-01,ElBanco,El Banco,611.0666666666667,637.7014910319634,0.13404945727544387,596.0121098193003
2002-05-01,ElBanco,El Banco,658.3225806451613,637.8355404892388,0.13404945727544387,596.0121098193003
2002-06-01,ElBanco,El Banco,768.9,637.9695899465142,0.13404945727544387,596.0121098193003
2002-07-01,ElBanco,El Banco,619.5806451612904,638.1036394037898,0.13404945727544387,596.0121098193003
2002-08-01,ElBanco,El Banco,499.5806451612903,638.2376888610652,0.13404945727544387,596.0121098193003
2002-09-01,ElBanco,El Banco,511.3,638.3717383183406,0.13404945727544387,596.0121098193003
2002-10-01,ElBanco,El Banco,564.258064516129,638.505787775616,0.13404945727544387,596.0121098193003
2002-11-01,ElBanco,El Banco,725.3,638.6398372328915,0.13404945727544387,596.0121098193003
2002-12-01,ElBanco,El Banco,600.8387096774194,638.7738866901669,0.13404945727544387,596.0121098193003
2003-01-01,ElBanco,El Banco,445.38709677419354,638.9079361474423,0.13404945727544387,596.0121098193003
2003-02-01,ElBanco,El Banco,385.9642857142857,639.0419856047179,0.13404945727544387,596.0121098193003
2003-03-01,ElBanco,El Banco,423.3225806451613,639.1760350619933,0.13404945727544387,596.0121098193003
2003-04-01,ElBanco,El Banco,554.4,639.3100845192687,0.13404945727544387,596.0121098193003
2003-05-01,ElBanco,El Banco,668.0645161290323,639.4441339765442,0.13404945727544387,596.0121098193003
2003-06-01,ElBanco,El Banco,721.6666666666666,639.5781834338196,0.13404945727544387,596.0121098193003
2003-07-01,ElBanco,El Banco,663.1935483870968,639.712232891095,0.13404945727544387,596.0121098193003
2003-08-01,ElBanco,El Banco,590.3548387096774,639.8462823483706,0.13404945727544387,596.0121098193003
2003-09-01,ElBanco,El Banco,568.7666666666667,639.980331805646,0.13404945727544387,596.0121098193003
2003-10-01,ElBanco,El Banco,698.483870967742,640.1143812629214,0.13404945727544387,596.0121098193003
2003-11-01,ElBanco,El Banco,818.1,640.2484307201968,0.13404945727544387,596.0121098193003
2003-12-01,ElBanco,El Banco,808.1290322580645,640.3824801774723,0.13404945727544387,596.0121098193003
2004-01-01,ElBanco,El Banco,600.741935483871,640.5165296347477,0.13404945727544387,596.0121098193003
2004-02-01,ElBanco,El Banco,436.82758620689657,640.6505790920231,0.13404945727544387,596.0121098193003
2004-03-01,ElBanco,El Banco,436.7741935483871,640.7846285492986,0.13404945727544387,596.0121098193003
2004-04-01,ElBanco,El Banco,534.3333333333334,640.918678006574,0.13404945727544387,596.0121098193003
2004-05-01,ElBanco,El Banco,702.2258064516129,641.0527274638495,0.13404945727544387,596.0121098193003
2004-06-01,ElBanco,El Banco,723.2,641.1867769211249,0.13404945727544387,596.0121098193003
2004-07-01,ElBanco,El Banco,609.6774193548387,641.3208263784004,0.13404945727544387,596.0121098193003
2004-08-01,ElBanco,El Banco,561.8387096774194,641.4548758356758,0.13404945727544387,596.0121098193003
2004-09-01,ElBanco,El Banco,636.8333333333334,641.5889252929512,0.13404945727544387,596.0121098193003
2004-10-01,ElBanco,El Banco,743.1290322580645,641.7229747502267,0.13404945727544387,596.0121098193003
2004-11-01,ElBanco,El Banco,866.2333333333333,641.8570242075021,0.13404945727544387,596.0121098193003
2004-12-01,ElBanco,El Banco,790.1935483870968,641.9910736647776,0.13404945727544387,596.0121098193003
2005-01-01,ElBanco,El Banco,590.7741935483871,642.1251231220531,0.13404945727544387,596.0121098193003
2005-02-01,ElBanco,El Banco,570.25,642.2591725793285,0.13404945727544387,596.0121098193003
2005-03-01,ElBanco,El Banco,534.0,642.3932220366039,0.13404945727544387,596.0121098193003
2005-04-01,ElBanco,El Banco,591.3,642.5272714938794,0.13404945727544387,596.0121098193003
2005-05-01,ElBanco,El Banco,732.258064516129,642.6613209511548,0.13404945727544387,596.0121098193003
2005-06-01,ElBanco,El Banco,766.8333333333334,642.7953704084302,0.13404945727544387,596.0121098193003
2005-07-01,ElBanco,El Banco,660.2258064516129,642.9294198657057,0.13404945727544387,596.0121098193003
2005-08-01,ElBanco,El Banco,575.8387096774194,643.0634693229812,0.13404945727544387,596.0121098193003
2005-09-01,ElBanco,El Banco,552.2333333333333,643.1975187802566,0.13404945727544387,596.0121098193003
2005-10-01,ElBanco,El Banco,694.0322580645161,643.331568237532,0.13404945727544387,596.0121098193003
2005-11-01,ElBanco,El Banco,872.8,643.4656176948075,0.13404945727544387,596.0121098193003
2005-12-01,ElBanco,El Banco,830.1612903225806,643.5996671520829,0.13404945727544387,596.0121098193003
2006-01-01,ElBanco,El Banco,667.741935483871,643.7337166093583,0.13404945727544387,596.0121098193003
2006-02-01,ElBanco,El Banco,564.2857142857143,643.8677660666339,0.13404945727544387,596.0121098193003
2006-03-01,ElBanco,El Banco,574.6666666666666,644.0018155239093,0.13404945727544387,596.0121098193003
2006-04-01,ElBanco,El Banco,728.9666666666667,644.1358649811847,0.13404945727544387,596.0121098193003
2006-05-01,ElBanco,El Banco,841.3225806451613,644.2699144384601,0.13404945727544387,596.0121098193003
2006-06-01,ElBanco,El Banco,833.0333333333333,644.4039638957356,0.13404945727544387,596.0121098193003
2006-07-01,ElBanco,El Banco,656.3870967741935,644.538013353011,0.13404945727544387,596.0121098193003
2006-08-01,ElBanco,El Banco,564.9677419354839,644.6720628102864,0.13404945727544387,596.0121098193003
2006-09-01,ElBanco,El Banco,629.0,644.806112267562,0.13404945727544387,596.0121098193003
2006-10-01,ElBanco,El Banco,653.2903225806451,644.9401617248374,0.13404945727544387,596.0121098193003
2006-11-01,ElBanco,El Banco,814.6,645.0742111821128,0.13404945727544387,596.0121098193003
2006-12-01,ElBanco,El Banco,814.3225806451613,645.2082606393883,0.13404945727544387,596.0121098193003
2007-01-01,ElBanco,El Banco,600.1935483870968,645.3423100966637,0.13404945727544387,596.0121098193003
2007-02-01,ElBanco,El Banco,445.07142857142856,645.4763595539391,0.13404945727544387,596.0121098193003
2007-03-01,ElBanco,El Banco,444.2258064516129,645.6104090112146,0.13404945727544387,596.0121098193003
2007-04-01,ElBanco,El Banco,667.2333333333333,645.74445846849,0.13404945727544387,596.0121098193003
2007-05-01,ElBanco,El Banco,823.9677419354839,645.8785079257655,0.13404945727544387,596.0121098193003
2007-06-01,ElBanco,El Banco,843.9,646.0125573830409,0.13404945727544387,596.0121098193003
2007-07-01,ElBanco,El Banco,655.9032258064516,646.1466068403164,0.13404945727544387,596.0121098193003
2007-08-01,ElBanco,El Banco,648.483870967742,646.2806562975918,0.13404945727544387,596.0121098193003
2007-09-01,ElBanco,El Banco,710.2666666666667,646.4147057548672,0.13404945727544387,596.0121098193003
2007-10-01,ElBanco,El Banco,765.516129032258,646.5487552121427,0.13404945727544387,596.0121098193003
2007-11-01,ElBanco,El Banco,883.6666666666666,646.6828046694181,0.13404945727544387,596.0121098193003
2007-12-01,ElBanco,El Banco,728.8709677419355,646.8168541266936,0.13404945727544387,596.0121098193003
2008-01-01,ElBanco,El Banco,637.483870967742,646.950903583969,0.13404945727544387,596.0121098193003
2008-02-01,ElBanco,El Banco,537.551724137931,647.0849530412445,0.13404945727544387,596.0121098193003
2008-03-01,ElBanco,El Banco,598.1612903225806,647.2190024985199,0.13404945727544387,596.0121098193003
2008-04-01,ElBanco,El Banco,657.5666666666667,647.3530519557953,0.13404945727544387,596.0121098193003
2008-05-01,ElBanco,El Banco,744.741935483871,647.4871014130708,0.13404945727544387,596.0121098193003
2008-06-01,ElBanco,El Banco,830.4666666666667,647.6211508703462,0.13404945727544387,596.0121098193003
2008-07-01,ElBanco,El Banco,782.1290322580645,647.7552003276217,0.13404945727544387,596.0121098193003
2008-08-01,ElBanco,El Banco,758.4193548387096,647.8892497848972,0.13404945727544387,596.0121098193003
2008-09-01,ElBanco,El Banco,799.1666666666666,648.0232992421726,0.13404945727544387,596.0121098193003
2008-10-01,ElBanco,El Banco,804.9677419354839,648.157348699448,0.13404945727544387,596.0121098193003
2008-11-01,ElBanco,El Banco,883.2,648.2913981567235,0.13404945727544387,596.0121098193003
2008-12-01,ElBanco,El Banco,879.2258064516129,648.4254476139989,0.13404945727544387,596.0121098193003
2009-01-01,ElBanco,El Banco,664.0,648.5594970712743,0.13404945727544387,596.0121098193003
2009-02-01,ElBanco,El Banco,630.2857142857143,648.6935465285497,0.13404945727544387,596.0121098193003
2009-03-01,ElBanco,El Banco,647.6451612903226,648.8275959858253,0.13404945727544387,596.0121098193003
2009-04-01,ElBanco,El Banco,750.3666666666667,648.9616454431007,0.13404945727544387,596.0121098193003
2009-05-01,ElBanco,El Banco,746.6774193548387,649.0956949003761,0.13404945727544387,596.0121098193003
2009-06-01,ElBanco,El Banco,701.6666666666666,649.2297443576516,0.13404945727544387,596.0121098193003
2009-07-01,ElBanco,El Banco,655.8064516129032,649.363793814927,0.13404945727544387,596.0121098193003
2009-08-01,ElBanco,El Banco,593.741935483871,649.4978432722024,0.13404945727544387,596.0121098193003
2009-09-01,ElBanco,El Banco,583.3333333333334,649.6318927294778,0.13404945727544387,596.0121098193003
2009-10-01,ElBanco,El Banco,565.258064516129,649.7659421867534,0.13404945727544387,596.0121098193003
2009-11-01,ElBanco,El Banco,696.4333333333333,649.8999916440288,0.13404945727544387,596.0121098193003
2009-12-01,ElBanco,El Banco,567.0967741935484,650.0340411013042,0.13404945727544387,596.0121098193003
2010-01-01,ElBanco,El Banco,429.0967741935484,650.1680905585797,0.13404945727544387,596.0121098193003
2010-02-01,ElBanco,El Banco,381.07142857142856,650.3021400158551,0.13404945727544387,596.0121098193003
2010-03-01,ElBanco,El Banco,471.48387096774195,650.4361894731305,0.13404945727544387,596.0121098193003
2010-04-01,ElBanco,El Banco,580.2333333333333,650.570238930406,0.13404945727544387,596.0121098193003
2010-05-01,ElBanco,El Banco,713.741935483871,650.7042883876815,0.13404945727544387,596.0121098193003
2010-06-01,ElBanco,El Banco,808.4666666666667,650.8383378449569,0.13404945727544387,596.0121098193003
2010-07-01,ElBanco,El Banco,846.4516129032259,650.9723873022324,0.13404945727544387,596.0121098193003
2010-08-01,ElBanco,El Banco,843.6129032258065,651.1064367595078,0.13404945727544387,596.0121098193003
2010-09-01,ElBanco,El Banco,869.6666666666666,651.2404862167832,0.13404945727544387,596.0121098193003
2010-10-01,ElBanco,El Banco,908.0322580645161,651.3745356740586,0.13404945727544387,596.0121098193003
2010-11-01,ElBanco,El Banco,924.6,651.5085851313341,0.13404945727544387,596.0121098193003
2010-12-01,ElBanco,El Banco,919.5806451612904,651.6426345886096,0.13404945727544387,596.0121098193003
2011-01-01,ElBanco,El Banco,723.8064516129032,651.776684045885,0.13404945727544387,596.0121098193003
2011-02-01,ElBanco,El Banco,583.1785714285714,651.9107335031605,0.13404945727544387,596.0121098193003
2011-03-01,ElBanco,El Banco,673.4516129032259,652.0447829604359,0.13404945727544387,596.0121098193003
2011-04-01,ElBanco,El Banco,787.0333333333333,652.1788324177113,0.13404945727544387,596.0121098193003
2011-05-01,ElBanco,El Banco,910.5483870967741,652.3128818749868,0.13404945727544387,596.0121098193003
2011-06-01,ElBanco,El Banco,830.6666666666666,652.4469313322622,0.13404945727544387,596.0121098193003
2011-07-01,ElBanco,El Banco,733.741935483871,652.5809807895376,0.13404945727544387,596.0121098193003
2011-08-01,ElBanco,El Banco,697.6451612903226,652.7150302468131,0.13404945727544387,596.0121098193003
2011-09-01,ElBanco,El Banco,660.6,652.8490797040886,0.13404945727544387,596.0121098193003
2011-10-01,ElBanco,El Banco,748.0645161290323,652.983129161364,0.13404945727544387,596.0121098193003
2011-11-01,ElBanco,El Banco,841.5666666666667,653.1171786186394,0.13404945727544387,596.0121098193003
2011-12-01,ElBanco,El Banco,919.1612903225806,653.2512280759149,0.13404945727544387,596.0121098193003
2012-01-01,ElBanco,El Banco,724.516129032258,653.3852775331903,0.13404945727544387,596.0121098193003
2012-02-01,ElBanco,El Banco,599.5172413793103,653.5193269904657,0.13404945727544387,596.0121098193003
2012-03-01,ElBanco,El Banco,542.8387096774194,653.6533764477413,0.13404945727544387,596.0121098193003
2012-04-01,ElBanco,El Banco,694.5333333333333,653.7874259050167,0.13404945727544387,596.0121098193003
2012-05-01,ElBanco,El Banco,813.9354838709677,653.9214753622921,0.13404945727544387,596.0121098193003
2012-06-01,ElBanco,El Banco,665.2333333333333,654.0555248195675,0.13404945727544387,596.0121098193003
2012-07-01,ElBanco,El Banco,580.1935483870968,654.189574276843,0.13404945727544387,596.0121098193003
2012-08-01,ElBanco,El Banco,579.3548387096774,654.3236237341184,0.13404945727544387,596.0121098193003
2012-09-01,ElBanco,El Banco,543.8333333333334,654.4576731913938,0.13404945727544387,596.0121098193003
2012-10-01,ElBanco,El Banco,623.0,654.5917226486694,0.13404945727544387,596.0121098193003
2012-11-01,ElBanco,El Banco,696.2,654.7257721059448,0.13404945727544387,596.0121098193003
2012-12-01,ElBanco,El Banco,610.7741935483871,654.8598215632202,0.13404945727544387,596.0121098193003
2013-01-01,ElBanco,El Banco,450.2258064516129,654.9938710204957,0.13404945727544387,596.0121098193003
2013-02-01,ElBanco,El Banco,493.25,655.1279204777711,0.13404945727544387,596.0121098193003
2013-03-01,ElBanco,El Banco,543.483870967742,655.2619699350465,0.13404945727544387,596.0121098193003
2013-04-01,ElBanco,El Banco,563.6,655.3960193923219,0.13404945727544387,596.0121098193003
2013-05-01,ElBanco,El Banco,705.3870967741935,655.5300688495975,0.13404945727544387,596.0121098193003
2013-06-01,ElBanco,El Banco,721.1333333333333,655.6641183068729,0.13404945727544387,596.0121098193003
2013-07-01,ElBanco,El Banco,606.3,655.7981677641483,0.13404945727544387,596.0121098193003
2013-08-01,ElBanco,El Banco,586.9677419354839,655.9322172214238,0.13404945727544387,596.0121098193003
2013-09-01,ElBanco,El Banco,650.0,656.0662666786992,0.13404945727544387,596.0121098193003
2013-10-01,ElBanco,El Banco,699.0322580645161,656.2003161359746,0.13404945727544387,596.0121098193003
2013-11-01,ElBanco,El Banco,730.1333333333333,656.3343655932501,0.13404945727544387,596.0121098193003
2013-12-01,ElBanco,El Banco,736.6451612903226,656.4684150505256,0.13404945727544387,596.0121098193003
2014-01-01,ElBanco,El Banco,581.7741935483871,656.602464507801,0.13404945727544387,596.0121098193003
2014-02-01,ElBanco,El Banco,501.0357142857143,656.7365139650765,0.13404945727544387,596.0121098193003
2014-03-01,ElBanco,El Banco,605.5483870967741,656.8705634223519,0.13404945727544387,596.0121098193003
2014-04-01,ElBanco,El Banco,543.8666666666667,657.0046128796273,0.13404945727544387,596.0121098193003
2014-05-01,ElBanco,El Banco,714.6129032258065,657.1386623369027,0.13404945727544387,596.0121098193003
2014-06-01,ElBanco,El Banco,660.1333333333333,657.2727117941782,0.13404945727544387,596.0121098193003
2014-07-01,ElBanco,El Banco,543.5483870967741,657.4067612514536,0.13404945727544387,596.0121098193003
2014-08-01,ElBanco,El Banco,476.96774193548384,657.540810708729,0.13404945727544387,596.0121098193003
2014-09-01,ElBanco,El Banco,523.7,657.6748601660046,0.13404945727544387,596.0121098193003
2014-10-01,ElBanco,El Banco,667.2903225806451,657.80890962328,0.13404945727544387,596.0121098193003
2014-11-01,ElBanco,El Banco,769.1666666666666,657.9429590805554,0.13404945727544387,596.0121098193003
2014-12-01,ElBanco,El Banco,705.9354838709677,658.0770085378308,0.13404945727544387,596.0121098193003
2015-01-01,ElBanco,El Banco,506.5483870967742,658.2110579951063,0.13404945727544387,596.0121098193003
2015-02-01,ElBanco,El Banco,539.7857142857143,658.3451074523817,0.13404945727544387,596.0121098193003
2015-03-01,ElBanco,El Banco,501.741935483871,658.4791569096571,0.13404945727544387,596.0121098193003
2015-04-01,ElBanco,El Banco,627.1666666666666,658.6132063669327,0.13404945727544387,596.0121098193003
2015-05-01,ElBanco,El Banco,622.741935483871,658.7472558242081,0.13404945727544387,596.0121098193003
2015-06-01,ElBanco,El Banco,624.3666666666667,658.8813052814835,0.13404945727544387,596.0121098193003
2015-07-01,ElBanco,El Banco,523.6774193548387,659.015354738759,0.13404945727544387,596.0121098193003
2015-08-01,ElBanco,El Banco,475.5483870967742,659.1494041960344,0.13404945727544387,596.0121098193003
2015-09-01,ElBanco,El Banco,486.8666666666667,659.2834536533098,0.13404945727544387,596.0121098193003
2015-10-01,ElBanco,El Banco,496.5806451612903,659.4175031105854,0.13404945727544387,596.0121098193003
2015-11-01,ElBanco,El Banco,590.2333333333333,659.5515525678608,0.13404945727544387,596.0121098193003
2015-12-01,ElBanco,El Banco,493.82142857142856,659.6856020251362,0.13404945727544387,596.0121098193003
2016-01-01,ElBanco,El Banco,356.80654761904935,659.8196514824116,0.13404945727544387,596.0121098193003
2016-02-01,ElBanco,El Banco,340.89439655172123,659.9537009396871,0.13404945727544387,596.0121098193003
2016-03-01,ElBanco,El Banco,407.03494623655786,660.0877503969625,0.13404945727544387,596.0121098193003
2016-04-01,ElBanco,El Banco,510.37361111111113,660.2217998542379,0.13404945727544387,596.0121098193003
2016-05-01,ElBanco,El Banco,650.8104838709677,660.3558493115135,0.13404945727544387,596.0121098193003
2016-06-01,ElBanco,El Banco,610.3125,660.4898987687889,0.13404945727544387,596.0121098193003
2016-07-01,ElBanco,El Banco,553.4052419354839,660.6239482260643,0.13404945727544387,596.0121098193003
2016-08-01,ElBanco,El Banco,540.2883064516129,660.7579976833397,0.13404945727544387,596.0121098193003
2016-09-01,ElBanco,El Banco,600.4618055555555,660.8920471406152,0.13404945727544387,596.0121098193003
2016-10-01,ElBanco,El Banco,697.0409946236532,661.0260965978906,0.13404945727544387,596.0121098193003
2016-11-01,ElBanco,El Banco,819.2437499999976,661.160146055166,0.13404945727544387,596.0121098193003
2016-12-01,ElBanco,El Banco,839.6661290322605,661.2941955124415,0.13404945727544387,596.0121098193003
2017-01-01,ElBanco,El Banco,697.9118279569892,661.428244969717,0.13404945727544387,596.0121098193003
2017-02-01,ElBanco,El Banco,560.9154974489802,661.5622944269924,0.13404945727544387,596.0121098193003
2017-03-01,ElBanco,El Banco,597.983198924729,661.6963438842679,0.13404945727544387,596.0121098193003
2017-04-01,ElBanco,El Banco,735.4479166666666,661.8303933415433,0.13404945727544387,596.0121098193003
2017-05-01,ElBanco,El Banco,860.4569892473119,661.9644427988187,0.13404945727544387,596.0121098193003
2017-06-01,ElBanco,El Banco,865.5315656565657,662.0984922560942,0.13404945727544387,596.0121098193003
2017-07-01,ElBanco,El Banco,749.6677052785924,662.2325417133696,0.13404945727544387,596.0121098193003
2017-08-01,ElBanco,El Banco,653.760752688172,662.366591170645,0.13404945727544387,596.0121098193003
2017-09-01,ElBanco,El Banco,696.798611111111,662.5006406279205,0.13404945727544387,596.0121098193003
2017-10-01,ElBanco,El Banco,736.2838901689701,662.634690085196,0.13404945727544387,596.0121098193003
2017-11-01,ElBanco,El Banco,780.1666666666666,662.7687395424714,0.13404945727544387,596.0121098193003
2017-12-01,ElBanco,El Banco,775.3251728110596,662.9027889997468,0.13404945727544387,596.0121098193003
2018-01-01,ElBanco,El Banco,679.5659562211998,663.0368384570223,0.13404945727544387,596.0121098193003
2018-02-01,ElBanco,El Banco,528.1517857142884,663.1708879142977,0.13404945727544387,596.0121098193003
2018-03-01,ElBanco,El Banco,502.73588709677233,663.3049373715731,0.13404945727544387,596.0121098193003
2018-04-01,ElBanco,El Banco,693.1333333333297,663.4389868288486,0.13404945727544387,596.0121098193003
2018-05-01,ElBanco,El Banco,827.6733870967699,663.5730362861241,0.13404945727544387,596.0121098193003
2018-06-01,ElBanco,El Banco,835.4437500000043,663.7070857433995,0.13404945727544387,596.0121098193003
2018-07-01,ElBanco,El Banco,647.3266129032286,663.8411352006749,0.13404945727544387,596.0121098193003
2018-08-01,ElBanco,El Banco,563.3850806451635,663.9751846579504,0.13404945727544387,596.0121098193003
2018-09-01,ElBanco,El Banco,610.0749999999957,664.1092341152258,0.13404945727544387,596.0121098193003
2018-10-01,ElBanco,El Banco,759.0201612903182,664.2432835725012,0.13404945727544387,596.0121098193003
2018-11-01,ElBanco,El Banco,865.410416666667,664.3773330297768,0.13404945727544387,596.0121098193003
2018-12-01,ElBanco,El Banco,695.6693548387174,664.5113824870522,0.13404945727544387,596.0121098193003
2019-01-01,ElBanco,El Banco,467.8447580645182,664.6454319443276,0.13404945727544387,596.0121098193003
2019-02-01,ElBanco,El Banco,483.21428571428305,664.7794814016031,0.13404945727544387,596.0121098193003
2019-03-01,ElBanco,El Banco,544.058467741933,664.9135308588785,0.13404945727544387,596.0121098193003
2019-04-01,ElBanco,El Banco,673.8979166666638,665.0475803161539,0.13404945727544387,596.0121098193003
2019-05-01,ElBanco,El Banco,721.5967741935473,665.1816297734294,0.13404945727544387,596.0121098193003
2019-06-01,ElBanco,El Banco,794.6187500000017,665.3156792307049,0.13404945727544387,596.0121098193003
2019-07-01,ElBanco,El Banco,611.9415322580682,665.4497286879803,0.13404945727544387,596.0121098193003
2019-08-01,ElBanco,El Banco,509.79435483871123,665.5837781452557,0.13404945727544387,596.0121098193003
2019-09-01,ElBanco,El Banco,503.38958333333034,665.7178276025312,0.13404945727544387,596.0121098193003
2019-10-01,ElBanco,El Banco,654.3487903225771,665.8518770598066,0.13404945727544387,596.0121098193003
2019-11-01,ElBanco,El Banco,765.4125000000005,665.985926517082,0.13404945727544387,596.0121098193003
2019-12-01,ElBanco,El Banco,663.5322580645188,666.1199759743575,0.13404945727544387,596.0121098193003
2020-01-01,ElBanco,El Banco,511.7520161290356,666.254025431633,0.13404945727544387,596.0121098193003
2020-02-01,ElBanco,El Banco,404.2586206896562,666.3880748889084,0.13404945727544387,596.0121098193003
2020-03-01,ElBanco,El Banco,454.9475806451616,666.5221243461838,0.13404945727544387,596.0121098193003
2020-04-01,ElBanco,El Banco,492.55208333333127,666.6561738034593,0.13404945727544387,596.0121098193003
2020-05-01,ElBanco,El Banco,536.8225806451594,666.7902232607347,0.13404945727544387,596.0121098193003
2020-06-01,ElBanco,El Banco,624.4645833333315,666.9242727180101,0.13404945727544387,596.0121098193003
2020-07-01,ElBanco,El Banco,672.6633064516111,667.0583221752856,0.13404945727544387,596.0121098193003
2020-08-01,ElBanco,El Banco,646.0745967741932,667.192371632561,0.13404945727544387,596.0121098193003
2020-09-01,ElBanco,El Banco,737.8687499999995,667.3264210898365,0.13404945727544387,596.0121098193003
2020-10-01,ElBanco,El Banco,751.407258064516,667.460470547112,0.13404945727544387,596.0121098193003
2020-11-01,ElBanco,El Banco,808.1520833333299,667.5945200043874,0.13404945727544387,596.0121098193003
2020-12-01,ElBanco,El Banco,826.8326612903262,667.7285694616628,0.13404945727544387,596.0121098193003
2021-01-01,ElBanco,El Banco,628.5846774193598,667.8626189189383,0.13404945727544387,596.0121098193003
2021-02-01,ElBanco,El Banco,499.5647321428574,667.9966683762137,0.13404945727544387,596.0121098193003
2021-03-01,ElBanco,El Banco,600.8245967741898,668.1307178334891,0.13404945727544387,596.0121098193003
2021-04-01,ElBanco,El Banco,657.4250000000001,668.2647672907646,0.13404945727544387,596.0121098193003
2021-05-01,ElBanco,El Banco,776.5504032258028,668.3988167480401,0.13404945727544387,596.0121098193003
2021-06-01,ElBanco,El Banco,849.2098214285699,668.5328662053155,0.13404945727544387,596.0121098193003
2021-07-01,ElBanco,El Banco,779.703629032261,668.6669156625909,0.13404945727544387,596.0121098193003
2021-08-01,ElBanco,El Banco,736.2499999999983,668.8009651198664,0.13404945727544387,596.0121098193003
2021-09-01,ElBanco,El Banco,853.3333333333334,668.9350145771418,0.13404945727544387,596.0121098193003
2021-10-01,ElBanco,El Banco,827.6915322580633,669.0690640344172,0.13404945727544387,596.0121098193003
2021-11-01,ElBanco,El Banco,887.9791666666664,669.2031134916926,0.13404945727544387,596.0121098193003
2021-12-01,ElBanco,El Banco,795.4798387096822,669.3371629489682,0.13404945727544387,596.0121098193003
2022-01-01,ElBanco,El Banco,602.0564516129056,669.4712124062436,0.13404945727544387,596.0121098193003
2022-02-01,ElBanco,El Banco,539.7611607142861,669.605261863519,0.13404945727544387,596.0121098193003
2022-03-01,ElBanco,El Banco,663.5120967741893,669.7393113207945,0.13404945727544387,596.0121098193003
2022-04-01,ElBanco,El Banco,791.6166666666631,669.8733607780699,0.13404945727544387,596.0121098193003
2022-05-01,ElBanco,El Banco,883.0020161290321,670.0074102353453,0.13404945727544387,596.0121098193003
2022-06-01,ElBanco,El Banco,886.3229166666657,670.1414596926209,0.13404945727544387,596.0121098193003
2022-07-01,ElBanco,El Banco,869.3387096774206,670.2755091498963,0.13404945727544387,596.0121098193003
2022-08-01,ElBanco,El Banco,853.4978448275867,670.4095586071717,0.13404945727544387,596.0121098193003
2022-09-01,ElBanco,El Banco,830.1374999999991,670.5436080644472,0.13404945727544387,596.0121098193003
2022-10-01,ElBanco,El Banco,874.584677419353,670.6776575217226,0.13404945727544387,596.0121098193003
2022-11-01,ElBanco,El Banco,930.722916666667,670.811706978998,0.13404945727544387,596.0121098193003
2022-12-01,ElBanco,El Banco,804.6209677419421,670.9457564362734,0.13404945727544387,596.0121098193003
2023-01-01,ElBanco,El Banco,666.8436379928315,671.079805893549,0.13404945727544387,596.0121098193003
2023-02-01,ElBanco,El Banco,556.4280753968254,671.2138553508244,0.13404945727544387,596.0121098193003
2023-03-01,ElBanco,El Banco,633.3105958781363,671.3479048080998,0.13404945727544387,596.0121098193003
2023-04-01,ElBanco,El Banco,680.845138888889,671.4819542653753,0.13404945727544387,596.0121098193003
2023-05-01,ElBanco,El Banco,658.2631048387095,671.6160037226507,0.13404945727544387,596.0121098193003
2023-06-01,ElBanco,El Banco,671.4179398148149,671.7500531799261,0.13404945727544387,596.0121098193003
2023-07-01,ElBanco,El Banco,587.7032930107526,671.8841026372015,0.13404945727544387,596.0121098193003
2023-08-01,ElBanco,El Banco,517.9819668458781,672.018152094477,0.13404945727544387,596.0121098193003
2023-09-01,ElBanco,El Banco,495.37118055555584,672.1522015517525,0.13404945727544387,596.0121098193003
2023-10-01,ElBanco,El Banco,552.0403225806451,672.2862510090279,0.13404945727544387,596.0121098193003
2023-11-01,ElBanco,El Banco,703.4006944444444,672.4203004663034,0.13404945727544387,596.0121098193003
2023-12-01,ElBanco,El Banco,511.11010304659584,672.5543499235788,0.13404945727544387,596.0121098193003
2024-01-01,ElBanco,El Banco,458.0863715277764,672.6883993808542,0.13404945727544387,596.0121098193003
2024-02-01,ElBanco,El Banco,404.5812198067623,672.8224488381297,0.13404945727544387,596.0121098193003
2024-03-01,ElBanco,El Banco,351.6078559027752,672.9564982954051,0.13404945727544387,596.0121098193003
2024-04-01,ElBanco,El Banco,398.74861111111085,673.0905477526805,0.13404945727544387,596.0121098193003
2024-05-01,ElBanco,El Banco,684.5701164874554,673.2245972099561,0.13404945727544387,596.0121098193003
2024-06-01,ElBanco,El Banco,726.8630787037036,673.3586466672315,0.13404945727544387,596.0121098193003
2024-07-01,ElBanco,El Banco,746.6558019713261,673.4926961245069,0.13404945727544387,596.0121098193003
2024-08-01,ElBanco,El Banco,590.78416218638,673.6267455817823,0.13404945727544387,596.0121098193003
2024-09-01,ElBanco,El Banco,499.5471527777778,673.7607950390578,0.13404945727544387,596.0121098193003
2024-10-01,ElBanco,El Banco,593.9437724014331,673.8948444963332,0.13404945727544387,596.0121098193003
2024-11-01,ElBanco,El Banco,687.3756481481482,674.0288939536086,0.13404945727544387,596.0121098193003
2024-12-01,ElBanco,El Banco,679.9494399641587,674.1629434108842,0.13404945727544387,596.0121098193003
2025-01-01,ElBanco,El Banco,620.3895385304658,674.2969928681596,0.13404945727544387,596.0121098193003
2025-02-01,ElBanco,El Banco,525.1792162698421,674.431042325435,0.13404945727544387,596.0121098193003
2025-03-01,ElBanco,El Banco,648.2324596774193,674.5650917827104,0.13404945727544387,596.0121098193003
2025-04-01,ElBanco,El Banco,711.4208333333333,674.6991412399859,0.13404945727544387,596.0121098193003
2025-05-01,ElBanco,El Banco,832.3272849462365,674.8331906972613,0.13404945727544387,596.0121098193003
2025-06-01,ElBanco,El Banco,820.6951388888889,674.9672401545367,0.13404945727544387,596.0121098193003
2025-07-01,ElBanco,El Banco,713.0423387096776,675.1012896118123,0.13404945727544387,596.0121098193003
2025-08-01,ElBanco,El Banco,607.6061827956989,675.2353390690877,0.13404945727544387,596.0121098193003
2025-09-01,ElBanco,El Banco,595.6659722222223,675.3693885263631,0.13404945727544387,596.0121098193003
2025-10-01,ElBanco,El Banco,695.6854838709677,675.5034379836386,0.13404945727544387,596.0121098193003
2025-11-01,ElBanco,El Banco,802.9666666666667,675.637487440914,0.13404945727544387,596.0121098193003
1975-06-01,SaladoBlanco,Salado Blanco,233.0,143.5114921035855,-0.0160796188068743,143.5114921035855
1975-07-01,SaladoBlanco,Salado Blanco,162.0,143.49541248477863,-0.0160796188068743,143.5114921035855
1975-08-01,SaladoBlanco,Salado Blanco,194.1290322580645,143.47933286597177,-0.0160796188068743,143.5114921035855
1975-09-01,SaladoBlanco,Salado Blanco,167.3,143.4632532471649,-0.0160796188068743,143.5114921035855
1975-10-01,SaladoBlanco,Salado Blanco,155.7741935483871,143.447173628358,-0.0160796188068743,143.5114921035855
1975-11-01,SaladoBlanco,Salado Blanco,174.1,143.43109400955115,-0.0160796188068743,143.5114921035855
1975-12-01,SaladoBlanco,Salado Blanco,169.7741935483871,143.41501439074426,-0.0160796188068743,143.5114921035855
1976-01-01,SaladoBlanco,Salado Blanco,122.41935483870968,143.39893477193738,-0.0160796188068743,143.5114921035855
1976-02-01,SaladoBlanco,Salado Blanco,127.0,143.38285515313052,-0.0160796188068743,143.5114921035855
1976-03-01,SaladoBlanco,Salado Blanco,175.51612903225808,143.36677553432364,-0.0160796188068743,143.5114921035855
1976-04-01,SaladoBlanco,Salado Blanco,194.83333333333334,143.35069591551678,-0.0160796188068743,143.5114921035855
1976-05-01,SaladoBlanco,Salado Blanco,231.1304347826087,143.3346162967099,-0.0160796188068743,143.5114921035855
1976-06-01,SaladoBlanco,Salado Blanco,230.3,143.318536677903,-0.0160796188068743,143.5114921035855
1976-07-01,SaladoBlanco,Salado Blanco,274.2258064516129,143.30245705909616,-0.0160796188068743,143.5114921035855
1976-08-01,SaladoBlanco,Salado Blanco,262.3333333333333,143.28637744028927,-0.0160796188068743,143.5114921035855
1976-09-01,SaladoBlanco,Salado Blanco,214.9,143.2702978214824,-0.0160796188068743,143.5114921035855
1976-10-01,SaladoBlanco,Salado Blanco,134.23333333333332,143.25421820267553,-0.0160796188068743,143.5114921035855
1976-11-01,SaladoBlanco,Salado Blanco,132.2,143.23813858386865,-0.0160796188068743,143.5114921035855
1976-12-01,SaladoBlanco,Salado Blanco,122.70967741935483,143.22205896506176,-0.0160796188068743,143.5114921035855
1977-01-01,SaladoBlanco,Salado Blanco,71.45161290322581,143.2059793462549,-0.0160796188068743,143.5114921035855
1977-02-01,SaladoBlanco,Salado Blanco,93.0,143.18989972744802,-0.0160796188068743,143.5114921035855
1977-03-01,SaladoBlanco,Salado Blanco,108.74193548387096,143.17382010864114,-0.0160796188068743,143.5114921035855
1977-04-01,SaladoBlanco,Salado Blanco,127.0,143.15774048983428,-0.0160796188068743,143.5114921035855
1977-05-01,SaladoBlanco,Salado Blanco,155.8709677419355,143.1416608710274,-0.0160796188068743,143.5114921035855
1977-06-01,SaladoBlanco,Salado Blanco,171.76666666666668,143.1255812522205,-0.0160796188068743,143.5114921035855
1977-07-01,SaladoBlanco,Salado Blanco,184.25806451612902,143.10950163341366,-0.0160796188068743,143.5114921035855
1977-08-01,SaladoBlanco,Salado Blanco,163.74193548387098,143.09342201460677,-0.0160796188068743,143.5114921035855
1977-09-01,SaladoBlanco,Salado Blanco,186.8,143.07734239579992,-0.0160796188068743,143.5114921035855
1977-10-01,SaladoBlanco,Salado Blanco,154.6451612903226,143.06126277699303,-0.0160796188068743,143.5114921035855
1977-11-01,SaladoBlanco,Salado Blanco,149.26666666666668,143.04518315818615,-0.0160796188068743,143.5114921035855
1977-12-01,SaladoBlanco,Salado Blanco,106.96774193548387,143.0291035393793,-0.0160796188068743,143.5114921035855
1978-01-01,SaladoBlanco,Salado Blanco,91.72413793103448,143.0130239205724,-0.0160796188068743,143.5114921035855
1978-02-01,SaladoBlanco,Salado Blanco,86.67857142857143,142.99694430176552,-0.0160796188068743,143.5114921035855
1978-03-01,SaladoBlanco,Salado Blanco,108.87096774193549,142.98086468295867,-0.0160796188068743,143.5114921035855
1978-04-01,SaladoBlanco,Salado Blanco,164.56666666666666,142.96478506415178,-0.0160796188068743,143.5114921035855
1978-05-01,SaladoBlanco,Salado Blanco,130.8709677419355,142.9487054453449,-0.0160796188068743,143.5114921035855
1978-06-01,SaladoBlanco,Salado Blanco,173.96666666666667,142.93262582653804,-0.0160796188068743,143.5114921035855
1978-07-01,SaladoBlanco,Salado Blanco,156.3548387096774,142.91654620773116,-0.0160796188068743,143.5114921035855
1978-08-01,SaladoBlanco,Salado Blanco,150.70967741935485,142.90046658892427,-0.0160796188068743,143.5114921035855
1978-09-01,SaladoBlanco,Salado Blanco,130.6,142.88438697011742,-0.0160796188068743,143.5114921035855
1978-10-01,SaladoBlanco,Salado Blanco,126.87096774193549,142.86830735131053,-0.0160796188068743,143.5114921035855
1978-11-01,SaladoBlanco,Salado Blanco,95.43333333333334,142.85222773250368,-0.0160796188068743,143.5114921035855
1978-12-01,SaladoBlanco,Salado Blanco,110.48387096774194,142.8361481136968,-0.0160796188068743,143.5114921035855
1979-01-01,SaladoBlanco,Salado Blanco,74.58064516129032,142.8200684948899,-0.0160796188068743,143.5114921035855
1979-02-01,SaladoBlanco,Salado Blanco,66.64285714285714,142.80398887608305,-0.0160796188068743,143.5114921035855
1979-03-01,SaladoBlanco,Salado Blanco,114.25806451612904,142.78790925727617,-0.0160796188068743,143.5114921035855
1979-04-01,SaladoBlanco,Salado Blanco,148.86666666666667,142.77182963846928,-0.0160796188068743,143.5114921035855
1979-05-01,SaladoBlanco,Salado Blanco,153.38709677419354,142.75575001966243,-0.0160796188068743,143.5114921035855
1979-06-01,SaladoBlanco,Salado Blanco,177.3,142.73967040085554,-0.0160796188068743,143.5114921035855
1979-07-01,SaladoBlanco,Salado Blanco,170.16129032258064,142.72359078204866,-0.0160796188068743,143.5114921035855
1979-08-01,SaladoBlanco,Salado Blanco,143.29032258064515,142.7075111632418,-0.0160796188068743,143.5114921035855
1979-09-01,SaladoBlanco,Salado Blanco,140.43333333333334,142.69143154443492,-0.0160796188068743,143.5114921035855
1979-10-01,SaladoBlanco,Salado Blanco,118.19354838709677,142.67535192562804,-0.0160796188068743,143.5114921035855
1979-11-01,SaladoBlanco,Salado Blanco,135.5,142.65927230682118,-0.0160796188068743,143.5114921035855
1979-12-01,SaladoBlanco,Salado Blanco,122.0,142.6431926880143,-0.0160796188068743,143.5114921035855
1980-01-01,SaladoBlanco,Salado Blanco,100.35483870967742,142.6271130692074,-0.0160796188068743,143.5114921035855
1980-02-01,SaladoBlanco,Salado Blanco,98.55172413793103,142.61103345040056,-0.0160796188068743,143.5114921035855
1980-03-01,SaladoBlanco,Salado Blanco,121.64516129032258,142.59495383159367,-0.0160796188068743,143.5114921035855
1980-04-01,SaladoBlanco,Salado Blanco,154.7,142.57887421278681,-0.0160796188068743,143.5114921035855
1980-05-01,SaladoBlanco,Salado Blanco,155.09677419354838,142.56279459397993,-0.0160796188068743,143.5114921035855
1980-06-01,SaladoBlanco,Salado Blanco,188.96666666666667,142.54671497517305,-0.0160796188068743,143.5114921035855
1980-07-01,SaladoBlanco,Salado Blanco,175.51612903225808,142.5306353563662,-0.0160796188068743,143.5114921035855
1980-08-01,SaladoBlanco,Salado Blanco,139.83870967741936,142.5145557375593,-0.0160796188068743,143.5114921035855
1980-09-01,SaladoBlanco,Salado Blanco,118.9,142.49847611875242,-0.0160796188068743,143.5114921035855
1980-10-01,SaladoBlanco,Salado Blanco,143.70967741935485,142.48239649994557,-0.0160796188068743,143.5114921035855
1980-11-01,SaladoBlanco,Salado Blanco,111.1,142.46631688113868,-0.0160796188068743,143.5114921035855
1980-12-01,SaladoBlanco,Salado Blanco,97.3225806451613,142.4502372623318,-0.0160796188068743,143.5114921035855
1981-01-01,SaladoBlanco,Salado Blanco,76.29032258064517,142.43415764352494,-0.0160796188068743,143.5114921035855
1981-02-01,SaladoBlanco,Salado Blanco,108.35714285714286,142.41807802471806,-0.0160796188068743,143.5114921035855
1981-03-01,SaladoBlanco,Salado Blanco,110.19354838709677,142.40199840591117,-0.0160796188068743,143.5114921035855
1981-04-01,SaladoBlanco,Salado Blanco,143.2,142.38591878710432,-0.0160796188068743,143.5114921035855
1981-05-01,SaladoBlanco,Salado Blanco,167.6451612903226,142.36983916829743,-0.0160796188068743,143.5114921035855
1981-06-01,SaladoBlanco,Salado Blanco,153.5,142.35375954949055,-0.0160796188068743,143.5114921035855
1981-07-01,SaladoBlanco,Salado Blanco,223.5,142.3376799306837,-0.0160796188068743,143.5114921035855
1981-08-01,SaladoBlanco,Salado Blanco,135.58620689655172,142.3216003118768,-0.0160796188068743,143.5114921035855
1981-09-01,SaladoBlanco,Salado Blanco,136.4,142.30552069306995,-0.0160796188068743,143.5114921035855
1981-10-01,SaladoBlanco,Salado Blanco,125.93548387096774,142.28944107426307,-0.0160796188068743,143.5114921035855
1981-11-01,SaladoBlanco,Salado Blanco,144.56666666666666,142.27336145545618,-0.0160796188068743,143.5114921035855
1981-12-01,SaladoBlanco,Salado Blanco,122.16129032258064,142.25728183664933,-0.0160796188068743,143.5114921035855
1982-01-01,SaladoBlanco,Salado Blanco,139.0,142.24120221784244,-0.0160796188068743,143.5114921035855
1982-02-01,SaladoBlanco,Salado Blanco,122.96428571428571,142.22512259903556,-0.0160796188068743,143.5114921035855
1982-03-01,SaladoBlanco,Salado Blanco,140.1290322580645,142.2090429802287,-0.0160796188068743,143.5114921035855
1982-04-01,SaladoBlanco,Salado Blanco,157.63333333333333,142.19296336142182,-0.0160796188068743,143.5114921035855
1982-05-01,SaladoBlanco,Salado Blanco,156.3548387096774,142.17688374261493,-0.0160796188068743,143.5114921035855
1982-06-01,SaladoBlanco,Salado Blanco,164.8,142.16080412380808,-0.0160796188068743,143.5114921035855
1982-07-01,SaladoBlanco,Salado Blanco,198.51612903225808,142.1447245050012,-0.0160796188068743,143.5114921035855
1982-08-01,SaladoBlanco,Salado Blanco,189.5483870967742,142.1286448861943,-0.0160796188068743,143.5114921035855
1982-09-01,SaladoBlanco,Salado Blanco,164.5,142.11256526738745,-0.0160796188068743,143.5114921035855
1982-10-01,SaladoBlanco,Salado Blanco,145.8709677419355,142.09648564858057,-0.0160796188068743,143.5114921035855
1982-11-01,SaladoBlanco,Salado Blanco,128.6,142.08040602977368,-0.0160796188068743,143.5114921035855
1982-12-01,SaladoBlanco,Salado Blanco,143.06451612903226,142.06432641096683,-0.0160796188068743,143.5114921035855
1983-01-01,SaladoBlanco,Salado Blanco,128.06451612903226,142.04824679215994,-0.0160796188068743,143.5114921035855
1983-02-01,SaladoBlanco,Salado Blanco,133.07142857142858,142.0321671733531,-0.0160796188068743,143.5114921035855
1983-03-01,SaladoBlanco,Salado Blanco,145.32258064516128,142.0160875545462,-0.0160796188068743,143.5114921035855
1983-04-01,SaladoBlanco,Salado Blanco,166.63333333333333,142.00000793573932,-0.0160796188068743,143.5114921035855
1983-05-01,SaladoBlanco,Salado Blanco,179.1290322580645,141.98392831693246,-0.0160796188068743,143.5114921035855
1983-06-01,SaladoBlanco,Salado Blanco,155.7,141.96784869812558,-0.0160796188068743,143.5114921035855
1983-07-01,SaladoBlanco,Salado Blanco,167.90322580645162,141.9517690793187,-0.0160796188068743,143.5114921035855
1983-08-01,SaladoBlanco,Salado Blanco,183.70967741935485,141.93568946051184,-0.0160796188068743,143.5114921035855
1983-09-01,SaladoBlanco,Salado Blanco,135.16666666666666,141.91960984170495,-0.0160796188068743,143.5114921035855
1983-10-01,SaladoBlanco,Salado Blanco,148.09677419354838,141.90353022289807,-0.0160796188068743,143.5114921035855
1983-11-01,SaladoBlanco,Salado Blanco,131.93333333333334,141.8874506040912,-0.0160796188068743,143.5114921035855
1983-12-01,SaladoBlanco,Salado Blanco,139.6451612903226,141.87137098528433,-0.0160796188068743,143.5114921035855
1984-01-01,SaladoBlanco,Salado Blanco,147.3548387096774,141.85529136647745,-0.0160796188068743,143.5114921035855
1984-02-01,SaladoBlanco,Salado Blanco,152.51724137931035,141.8392117476706,-0.0160796188068743,143.5114921035855
1984-03-01,SaladoBlanco,Salado Blanco,108.35483870967742,141.8231321288637,-0.0160796188068743,143.5114921035855
1984-04-01,SaladoBlanco,Salado Blanco,137.83333333333334,141.80705251005685,-0.0160796188068743,143.5114921035855
1984-05-01,SaladoBlanco,Salado Blanco,144.32258064516128,141.79097289124996,-0.0160796188068743,143.5114921035855
1984-06-01,SaladoBlanco,Salado Blanco,180.46666666666667,141.77489327244308,-0.0160796188068743,143.5114921035855
1984-07-01,SaladoBlanco,Salado Blanco,183.09677419354838,141.75881365363622,-0.0160796188068743,143.5114921035855
1984-08-01,SaladoBlanco,Salado Blanco,159.67741935483872,141.74273403482934,-0.0160796188068743,143.5114921035855
1984-09-01,SaladoBlanco,Salado Blanco,131.7,141.72665441602246,-0.0160796188068743,143.5114921035855
1984-10-01,SaladoBlanco,Salado Blanco,162.4516129032258,141.7105747972156,-0.0160796188068743,143.5114921035855
1984-11-01,SaladoBlanco,Salado Blanco,147.83333333333334,141.69449517840872,-0.0160796188068743,143.5114921035855
1984-12-01,SaladoBlanco,Salado Blanco,119.12903225806451,141.67841555960183,-0.0160796188068743,143.5114921035855
1985-01-01,SaladoBlanco,Salado Blanco,108.7741935483871,141.66233594079497,-0.0160796188068743,143.5114921035855
1985-02-01,SaladoBlanco,Salado Blanco,88.67857142857143,141.6462563219881,-0.0160796188068743,143.5114921035855
1985-03-01,SaladoBlanco,Salado Blanco,91.7741935483871,141.6301767031812,-0.0160796188068743,143.5114921035855
1985-04-01,SaladoBlanco,Salado Blanco,113.23333333333333,141.61409708437435,-0.0160796188068743,143.5114921035855
1985-05-01,SaladoBlanco,Salado Blanco,152.8709677419355,141.59801746556747,-0.0160796188068743,143.5114921035855
1985-06-01,SaladoBlanco,Salado Blanco,210.46666666666667,141.58193784676058,-0.0160796188068743,143.5114921035855
1985-07-01,SaladoBlanco,Salado Blanco,195.32258064516128,141.56585822795373,-0.0160796188068743,143.5114921035855
1985-08-01,SaladoBlanco,Salado Blanco,188.4516129032258,141.54977860914684,-0.0160796188068743,143.5114921035855
1985-09-01,SaladoBlanco,Salado Blanco,144.53333333333333,141.53369899033999,-0.0160796188068743,143.5114921035855
1985-10-01,SaladoBlanco,Salado Blanco,136.74193548387098,141.5176193715331,-0.0160796188068743,143.5114921035855
1985-11-01,SaladoBlanco,Salado Blanco,132.73333333333332,141.50153975272622,-0.0160796188068743,143.5114921035855
1985-12-01,SaladoBlanco,Salado Blanco,102.58064516129032,141.48546013391936,-0.0160796188068743,143.5114921035855
1986-01-01,SaladoBlanco,Salado Blanco,101.41935483870968,141.46938051511248,-0.0160796188068743,143.5114921035855
1986-02-01,SaladoBlanco,Salado Blanco,110.25,141.4533008963056,-0.0160796188068743,143.5114921035855
1986-03-01,SaladoBlanco,Salado Blanco,135.0,141.43722127749874,-0.0160796188068743,143.5114921035855
1986-04-01,SaladoBlanco,Salado Blanco,137.23333333333332,141.42114165869185,-0.0160796188068743,143.5114921035855
1986-05-01,SaladoBlanco,Salado Blanco,136.51612903225808,141.40506203988497,-0.0160796188068743,143.5114921035855
1986-06-01,SaladoBlanco,Salado Blanco,206.56666666666666,141.3889824210781,-0.0160796188068743,143.5114921035855
1986-07-01,SaladoBlanco,Salado Blanco,230.8709677419355,141.37290280227123,-0.0160796188068743,143.5114921035855
1986-08-01,SaladoBlanco,Salado Blanco,152.51612903225808,141.35682318346434,-0.0160796188068743,143.5114921035855
1986-09-01,SaladoBlanco,Salado Blanco,152.13333333333333,141.3407435646575,-0.0160796188068743,143.5114921035855
1986-10-01,SaladoBlanco,Salado Blanco,171.25806451612902,141.3246639458506,-0.0160796188068743,143.5114921035855
1986-11-01,SaladoBlanco,Salado Blanco,140.83333333333334,141.30858432704372,-0.0160796188068743,143.5114921035855
1986-12-01,SaladoBlanco,Salado Blanco,124.7741935483871,141.29250470823686,-0.0160796188068743,143.5114921035855
1987-01-01,SaladoBlanco,Salado Blanco,96.29032258064517,141.27642508942998,-0.0160796188068743,143.5114921035855
1987-02-01,SaladoBlanco,Salado Blanco,111.92857142857143,141.26034547062312,-0.0160796188068743,143.5114921035855
1987-03-01,SaladoBlanco,Salado Blanco,99.83870967741936,141.24426585181624,-0.0160796188068743,143.5114921035855
1987-04-01,SaladoBlanco,Salado Blanco,152.56666666666666,141.22818623300935,-0.0160796188068743,143.5114921035855
1987-05-01,SaladoBlanco,Salado Blanco,171.80645161290323,141.2121066142025,-0.0160796188068743,143.5114921035855
1987-06-01,SaladoBlanco,Salado Blanco,169.1,141.1960269953956,-0.0160796188068743,143.5114921035855
1987-07-01,SaladoBlanco,Salado Blanco,187.3548387096774,141.17994737658873,-0.0160796188068743,143.5114921035855
1987-08-01,SaladoBlanco,Salado Blanco,194.06451612903226,141.16386775778187,-0.0160796188068743,143.5114921035855
1987-09-01,SaladoBlanco,Salado Blanco,119.63333333333334,141.147788138975,-0.0160796188068743,143.5114921035855
1987-10-01,SaladoBlanco,Salado Blanco,144.29032258064515,141.1317085201681,-0.0160796188068743,143.5114921035855
1987-11-01,SaladoBlanco,Salado Blanco,102.16666666666667,141.11562890136125,-0.0160796188068743,143.5114921035855
1987-12-01,SaladoBlanco,Salado Blanco,103.09677419354838,141.09954928255436,-0.0160796188068743,143.5114921035855
1988-01-01,SaladoBlanco,Salado Blanco,69.90322580645162,141.08346966374748,-0.0160796188068743,143.5114921035855
1988-02-01,SaladoBlanco,Salado Blanco,89.17241379310344,141.06739004494062,-0.0160796188068743,143.5114921035855
1988-03-01,SaladoBlanco,Salado Blanco,76.83870967741936,141.05131042613374,-0.0160796188068743,143.5114921035855
1988-04-01,SaladoBlanco,Salado Blanco,110.13333333333334,141.03523080732685,-0.0160796188068743,143.5114921035855
1988-05-01,SaladoBlanco,Salado Blanco,130.93548387096774,141.01915118852,-0.0160796188068743,143.5114921035855
1988-06-01,SaladoBlanco,Salado Blanco,170.5,141.00307156971311,-0.0160796188068743,143.5114921035855
1988-07-01,SaladoBlanco,Salado Blanco,184.16129032258064,140.98699195090626,-0.0160796188068743,143.5114921035855
1988-08-01,SaladoBlanco,Salado Blanco,127.58064516129032,140.97091233209937,-0.0160796188068743,143.5114921035855
1988-09-01,SaladoBlanco,Salado Blanco,115.8,140.9548327132925,-0.0160796188068743,143.5114921035855
1988-10-01,SaladoBlanco,Salado Blanco,119.03225806451613,140.93875309448563,-0.0160796188068743,143.5114921035855
1988-11-01,SaladoBlanco,Salado Blanco,170.6,140.92267347567875,-0.0160796188068743,143.5114921035855
1988-12-01,SaladoBlanco,Salado Blanco,128.61290322580646,140.90659385687187,-0.0160796188068743,143.5114921035855
1989-01-01,SaladoBlanco,Salado Blanco,116.87096774193549,140.890514238065,-0.0160796188068743,143.5114921035855
1989-02-01,SaladoBlanco,Salado Blanco,121.17857142857143,140.87443461925812,-0.0160796188068743,143.5114921035855
1989-03-01,SaladoBlanco,Salado Blanco,152.74193548387098,140.85835500045124,-0.0160796188068743,143.5114921035855
1989-04-01,SaladoBlanco,Salado Blanco,122.53333333333333,140.84227538164438,-0.0160796188068743,143.5114921035855
1989-05-01,SaladoBlanco,Salado Blanco,172.38709677419354,140.8261957628375,-0.0160796188068743,143.5114921035855
1989-06-01,SaladoBlanco,Salado Blanco,195.93333333333334,140.81011614403062,-0.0160796188068743,143.5114921035855
1989-07-01,SaladoBlanco,Salado Blanco,184.48387096774192,140.79403652522376,-0.0160796188068743,143.5114921035855
1989-08-01,SaladoBlanco,Salado Blanco,143.70967741935485,140.77795690641688,-0.0160796188068743,143.5114921035855
1989-09-01,SaladoBlanco,Salado Blanco,124.53333333333333,140.76187728761,-0.0160796188068743,143.5114921035855
1989-10-01,SaladoBlanco,Salado Blanco,144.67741935483872,140.74579766880314,-0.0160796188068743,143.5114921035855
1989-11-01,SaladoBlanco,Salado Blanco,141.03333333333333,140.72971804999625,-0.0160796188068743,143.5114921035855
1989-12-01,SaladoBlanco,Salado Blanco,91.74193548387096,140.7136384311894,-0.0160796188068743,143.5114921035855
1990-01-01,SaladoBlanco,Salado Blanco,100.38709677419355,140.6975588123825,-0.0160796188068743,143.5114921035855
1990-02-01,SaladoBlanco,Salado Blanco,118.32142857142857,140.68147919357563,-0.0160796188068743,143.5114921035855
1990-03-01,SaladoBlanco,Salado Blanco,135.5483870967742,140.66539957476877,-0.0160796188068743,143.5114921035855
1990-04-01,SaladoBlanco,Salado Blanco,133.96666666666667,140.6493199559619,-0.0160796188068743,143.5114921035855
1990-05-01,SaladoBlanco,Salado Blanco,179.1290322580645,140.633240337155,-0.0160796188068743,143.5114921035855
1990-06-01,SaladoBlanco,Salado Blanco,206.1,140.61716071834815,-0.0160796188068743,143.5114921035855
1990-07-01,SaladoBlanco,Salado Blanco,180.80645161290323,140.60108109954126,-0.0160796188068743,143.5114921035855
1990-08-01,SaladoBlanco,Salado Blanco,163.03225806451613,140.58500148073438,-0.0160796188068743,143.5114921035855
1990-09-01,SaladoBlanco,Salado Blanco,126.93333333333334,140.56892186192752,-0.0160796188068743,143.5114921035855
1990-10-01,SaladoBlanco,Salado Blanco,119.90322580645162,140.55284224312064,-0.0160796188068743,143.5114921035855
1990-11-01,SaladoBlanco,Salado Blanco,120.56666666666666,140.53676262431375,-0.0160796188068743,143.5114921035855
1990-12-01,SaladoBlanco,Salado Blanco,114.87096774193549,140.5206830055069,-0.0160796188068743,143.5114921035855
1991-01-01,SaladoBlanco,Salado Blanco,80.29032258064517,140.5046033867,-0.0160796188068743,143.5114921035855
1991-02-01,SaladoBlanco,Salado Blanco,87.5,140.48852376789313,-0.0160796188068743,143.5114921035855
1991-03-01,SaladoBlanco,Salado Blanco,104.54838709677419,140.47244414908627,-0.0160796188068743,143.5114921035855
1991-04-01,SaladoBlanco,Salado Blanco,121.73333333333333,140.4563645302794,-0.0160796188068743,143.5114921035855
1991-05-01,SaladoBlanco,Salado Blanco,127.70967741935483,140.44028491147253,-0.0160796188068743,143.5114921035855
1991-06-01,SaladoBlanco,Salado Blanco,149.0,140.42420529266565,-0.0160796188068743,143.5114921035855
1991-07-01,SaladoBlanco,Salado Blanco,212.93548387096774,140.40812567385876,-0.0160796188068743,143.5114921035855
1991-08-01,SaladoBlanco,Salado Blanco,191.96774193548387,140.3920460550519,-0.0160796188068743,143.5114921035855
1991-09-01,SaladoBlanco,Salado Blanco,157.73333333333332,140.37596643624502,-0.0160796188068743,143.5114921035855
1991-10-01,SaladoBlanco,Salado Blanco,117.38709677419355,140.35988681743814,-0.0160796188068743,143.5114921035855
1991-11-01,SaladoBlanco,Salado Blanco,147.56666666666666,140.34380719863128,-0.0160796188068743,143.5114921035855
1991-12-01,SaladoBlanco,Salado Blanco,112.48387096774194,140.3277275798244,-0.0160796188068743,143.5114921035855
1992-01-01,SaladoBlanco,Salado Blanco,95.35483870967742,140.3116479610175,-0.0160796188068743,143.5114921035855
1992-02-01,SaladoBlanco,Salado Blanco,95.03448275862068,140.29556834221066,-0.0160796188068743,143.5114921035855
1992-03-01,SaladoBlanco,Salado Blanco,91.0,140.27948872340377,-0.0160796188068743,143.5114921035855
1992-04-01,SaladoBlanco,Salado Blanco,126.33333333333333,140.2634091045969,-0.0160796188068743,143.5114921035855
1992-05-01,SaladoBlanco,Salado Blanco,102.96774193548387,140.24732948579003,-0.0160796188068743,143.5114921035855
1992-06-01,SaladoBlanco,Salado Blanco,137.3,140.23124986698315,-0.0160796188068743,143.5114921035855
1992-07-01,SaladoBlanco,Salado Blanco,179.29032258064515,140.2151702481763,-0.0160796188068743,143.5114921035855
1992-08-01,SaladoBlanco,Salado Blanco,173.8709677419355,140.1990906293694,-0.0160796188068743,143.5114921035855
1992-09-01,SaladoBlanco,Salado Blanco,120.13333333333334,140.18301101056252,-0.0160796188068743,143.5114921035855
1992-10-01,SaladoBlanco,Salado Blanco,105.80645161290323,140.16693139175567,-0.0160796188068743,143.5114921035855
1992-11-01,SaladoBlanco,Salado Blanco,99.0,140.15085177294878,-0.0160796188068743,143.5114921035855
1992-12-01,SaladoBlanco,Salado Blanco,101.16129032258064,140.1347721541419,-0.0160796188068743,143.5114921035855
1993-01-01,SaladoBlanco,Salado Blanco,85.58064516129032,140.11869253533504,-0.0160796188068743,143.5114921035855
1993-02-01,SaladoBlanco,Salado Blanco,87.42857142857143,140.10261291652816,-0.0160796188068743,143.5114921035855
1993-03-01,SaladoBlanco,Salado Blanco,142.0,140.08653329772127,-0.0160796188068743,143.5114921035855
1993-04-01,SaladoBlanco,Salado Blanco,146.83333333333334,140.07045367891442,-0.0160796188068743,143.5114921035855
1993-05-01,SaladoBlanco,Salado Blanco,145.0,140.05437406010753,-0.0160796188068743,143.5114921035855
1993-06-01,SaladoBlanco,Salado Blanco,198.5,140.03829444130065,-0.0160796188068743,143.5114921035855
1993-07-01,SaladoBlanco,Salado Blanco,190.0,140.0222148224938,-0.0160796188068743,143.5114921035855
1993-08-01,SaladoBlanco,Salado Blanco,161.06451612903226,140.0061352036869,-0.0160796188068743,143.5114921035855
1993-09-01,SaladoBlanco,Salado Blanco,132.6,139.99005558488003,-0.0160796188068743,143.5114921035855
1993-10-01,SaladoBlanco,Salado Blanco,117.3225806451613,139.97397596607317,-0.0160796188068743,143.5114921035855
1993-11-01,SaladoBlanco,Salado Blanco,143.26666666666668,139.95789634726628,-0.0160796188068743,143.5114921035855
1993-12-01,SaladoBlanco,Salado Blanco,133.58064516129033,139.94181672845943,-0.0160796188068743,143.5114921035855
1994-01-01,SaladoBlanco,Salado Blanco,111.03225806451613,139.92573710965254,-0.0160796188068743,143.5114921035855
1994-02-01,SaladoBlanco,Salado Blanco,121.14285714285714,139.90965749084566,-0.0160796188068743,143.5114921035855
1994-03-01,SaladoBlanco,Salado Blanco,133.6451612903226,139.8935778720388,-0.0160796188068743,143.5114921035855
1994-04-01,SaladoBlanco,Salado Blanco,176.73333333333332,139.87749825323192,-0.0160796188068743,143.5114921035855
1994-05-01,SaladoBlanco,Salado Blanco,196.93548387096774,139.86141863442504,-0.0160796188068743,143.5114921035855
1994-06-01,SaladoBlanco,Salado Blanco,208.06666666666666,139.84533901561818,-0.0160796188068743,143.5114921035855
1994-07-01,SaladoBlanco,Salado Blanco,193.1290322580645,139.8292593968113,-0.0160796188068743,143.5114921035855
1994-08-01,SaladoBlanco,Salado Blanco,190.41935483870967,139.8131797780044,-0.0160796188068743,143.5114921035855
1994-09-01,SaladoBlanco,Salado Blanco,159.06666666666666,139.79710015919756,-0.0160796188068743,143.5114921035855
1994-10-01,SaladoBlanco,Salado Blanco,138.19354838709677,139.78102054039067,-0.0160796188068743,143.5114921035855
1994-11-01,SaladoBlanco,Salado Blanco,142.53333333333333,139.7649409215838,-0.0160796188068743,143.5114921035855
1994-12-01,SaladoBlanco,Salado Blanco,136.51612903225808,139.74886130277693,-0.0160796188068743,143.5114921035855
1995-01-01,SaladoBlanco,Salado Blanco,95.83870967741936,139.73278168397005,-0.0160796188068743,143.5114921035855
1995-02-01,SaladoBlanco,Salado Blanco,85.96428571428571,139.71670206516316,-0.0160796188068743,143.5114921035855
1995-03-01,SaladoBlanco,Salado Blanco,112.29032258064517,139.7006224463563,-0.0160796188068743,143.5114921035855
1995-04-01,SaladoBlanco,Salado Blanco,143.53333333333333,139.68454282754942,-0.0160796188068743,143.5114921035855
1995-05-01,SaladoBlanco,Salado Blanco,148.03225806451613,139.66846320874257,-0.0160796188068743,143.5114921035855
1995-06-01,SaladoBlanco,Salado Blanco,154.8,139.65238358993568,-0.0160796188068743,143.5114921035855
1995-07-01,SaladoBlanco,Salado Blanco,148.93548387096774,139.6363039711288,-0.0160796188068743,143.5114921035855
1995-08-01,SaladoBlanco,Salado Blanco,103.48387096774194,139.62022435232194,-0.0160796188068743,143.5114921035855
1995-09-01,SaladoBlanco,Salado Blanco,106.73333333333333,139.60414473351506,-0.0160796188068743,143.5114921035855
1995-10-01,SaladoBlanco,Salado Blanco,117.03225806451613,139.58806511470817,-0.0160796188068743,143.5114921035855
1995-11-01,SaladoBlanco,Salado Blanco,125.5,139.57198549590132,-0.0160796188068743,143.5114921035855
1995-12-01,SaladoBlanco,Salado Blanco,97.74193548387096,139.55590587709443,-0.0160796188068743,143.5114921035855
1996-01-01,SaladoBlanco,Salado Blanco,102.58064516129032,139.53982625828755,-0.0160796188068743,143.5114921035855
1996-02-01,SaladoBlanco,Salado Blanco,148.79310344827587,139.5237466394807,-0.0160796188068743,143.5114921035855
1996-03-01,SaladoBlanco,Salado Blanco,131.70967741935485,139.5076670206738,-0.0160796188068743,143.5114921035855
1996-04-01,SaladoBlanco,Salado Blanco,131.7,139.49158740186692,-0.0160796188068743,143.5114921035855
1996-05-01,SaladoBlanco,Salado Blanco,150.83870967741936,139.47550778306007,-0.0160796188068743,143.5114921035855
1996-06-01,SaladoBlanco,Salado Blanco,161.96666666666667,139.45942816425318,-0.0160796188068743,143.5114921035855
1996-07-01,SaladoBlanco,Salado Blanco,196.03225806451613,139.44334854544633,-0.0160796188068743,143.5114921035855
1996-08-01,SaladoBlanco,Salado Blanco,139.1290322580645,139.42726892663944,-0.0160796188068743,143.5114921035855
1996-09-01,SaladoBlanco,Salado Blanco,127.83333333333333,139.41118930783256,-0.0160796188068743,143.5114921035855
1996-10-01,SaladoBlanco,Salado Blanco,147.41935483870967,139.3951096890257,-0.0160796188068743,143.5114921035855
1996-11-01,SaladoBlanco,Salado Blanco,108.96666666666667,139.37903007021882,-0.0160796188068743,143.5114921035855
1996-12-01,SaladoBlanco,Salado Blanco,119.64516129032258,139.36295045141193,-0.0160796188068743,143.5114921035855
1997-01-01,SaladoBlanco,Salado Blanco,143.09677419354838,139.34687083260508,-0.0160796188068743,143.5114921035855
1997-02-01,SaladoBlanco,Salado Blanco,146.46428571428572,139.3307912137982,-0.0160796188068743,143.5114921035855
1997-03-01,SaladoBlanco,Salado Blanco,124.48387096774194,139.3147115949913,-0.0160796188068743,143.5114921035855
1997-04-01,SaladoBlanco,Salado Blanco,131.13333333333333,139.29863197618445,-0.0160796188068743,143.5114921035855
1997-05-01,SaladoBlanco,Salado Blanco,204.19354838709677,139.28255235737757,-0.0160796188068743,143.5114921035855
1997-06-01,SaladoBlanco,Salado Blanco,142.43333333333334,139.26647273857068,-0.0160796188068743,143.5114921035855
1997-07-01,SaladoBlanco,Salado Blanco,222.7741935483871,139.25039311976383,-0.0160796188068743,143.5114921035855
1997-08-01,SaladoBlanco,Salado Blanco,161.5483870967742,139.23431350095694,-0.0160796188068743,143.5114921035855
1997-09-01,SaladoBlanco,Salado Blanco,102.16666666666667,139.21823388215006,-0.0160796188068743,143.5114921035855
1997-10-01,SaladoBlanco,Salado Blanco,94.61290322580645,139.2021542633432,-0.0160796188068743,143.5114921035855
1997-11-01,SaladoBlanco,Salado Blanco,101.2,139.18607464453632,-0.0160796188068743,143.5114921035855
1997-12-01,SaladoBlanco,Salado Blanco,78.87096774193549,139.16999502572946,-0.0160796188068743,143.5114921035855
1998-01-01,SaladoBlanco,Salado Blanco,54.064516129032256,139.15391540692258,-0.0160796188068743,143.5114921035855
1998-02-01,SaladoBlanco,Salado Blanco,80.78571428571429,139.1378357881157,-0.0160796188068743,143.5114921035855
1998-03-01,SaladoBlanco,Salado Blanco,116.7741935483871,139.12175616930884,-0.0160796188068743,143.5114921035855
1998-04-01,SaladoBlanco,Salado Blanco,127.3,139.10567655050195,-0.0160796188068743,143.5114921035855
1998-05-01,SaladoBlanco,Salado Blanco,126.51612903225806,139.08959693169507,-0.0160796188068743,143.5114921035855
1998-06-01,SaladoBlanco,Salado Blanco,198.63333333333333,139.0735173128882,-0.0160796188068743,143.5114921035855
1998-07-01,SaladoBlanco,Salado Blanco,185.83870967741936,139.05743769408133,-0.0160796188068743,143.5114921035855
1998-08-01,SaladoBlanco,Salado Blanco,149.41935483870967,139.04135807527445,-0.0160796188068743,143.5114921035855
1998-09-01,SaladoBlanco,Salado Blanco,108.96666666666667,139.0252784564676,-0.0160796188068743,143.5114921035855
1998-10-01,SaladoBlanco,Salado Blanco,119.87096774193549,139.0091988376607,-0.0160796188068743,143.5114921035855
1998-11-01,SaladoBlanco,Salado Blanco,129.63333333333333,138.99311921885382,-0.0160796188068743,143.5114921035855
1998-12-01,SaladoBlanco,Salado Blanco,111.09677419354838,138.97703960004696,-0.0160796188068743,143.5114921035855
1999-01-01,SaladoBlanco,Salado Blanco,148.0,138.96095998124008,-0.0160796188068743,143.5114921035855
1999-02-01,SaladoBlanco,Salado Blanco,160.32142857142858,138.9448803624332,-0.0160796188068743,143.5114921035855
1999-03-01,SaladoBlanco,Salado Blanco,113.87096774193549,138.92880074362634,-0.0160796188068743,143.5114921035855
1999-04-01,SaladoBlanco,Salado Blanco,187.73333333333332,138.91272112481946,-0.0160796188068743,143.5114921035855
1999-05-01,SaladoBlanco,Salado Blanco,158.1290322580645,138.8966415060126,-0.0160796188068743,143.5114921035855
1999-06-01,SaladoBlanco,Salado Blanco,165.1,138.88056188720572,-0.0160796188068743,143.5114921035855
1999-07-01,SaladoBlanco,Salado Blanco,143.3548387096774,138.86448226839883,-0.0160796188068743,143.5114921035855
1999-08-01,SaladoBlanco,Salado Blanco,129.51612903225808,138.84840264959197,-0.0160796188068743,143.5114921035855
1999-09-01,SaladoBlanco,Salado Blanco,130.36666666666667,138.8323230307851,-0.0160796188068743,143.5114921035855
1999-10-01,SaladoBlanco,Salado Blanco,123.29032258064517,138.8162434119782,-0.0160796188068743,143.5114921035855
1999-11-01,SaladoBlanco,Salado Blanco,135.86666666666667,138.80016379317135,-0.0160796188068743,143.5114921035855
1999-12-01,SaladoBlanco,Salado Blanco,148.19354838709677,138.78408417436447,-0.0160796188068743,143.5114921035855
2000-01-01,SaladoBlanco,Salado Blanco,119.70967741935483,138.76800455555758,-0.0160796188068743,143.5114921035855
2000-02-01,SaladoBlanco,Salado Blanco,118.44827586206897,138.75192493675073,-0.0160796188068743,143.5114921035855
2000-03-01,SaladoBlanco,Salado Blanco,133.48387096774192,138.73584531794384,-0.0160796188068743,143.5114921035855
2000-04-01,SaladoBlanco,Salado Blanco,143.13333333333333,138.71976569913696,-0.0160796188068743,143.5114921035855
2000-05-01,SaladoBlanco,Salado Blanco,203.5483870967742,138.7036860803301,-0.0160796188068743,143.5114921035855
2000-06-01,SaladoBlanco,Salado Blanco,168.56666666666666,138.68760646152322,-0.0160796188068743,143.5114921035855
2000-07-01,SaladoBlanco,Salado Blanco,153.6451612903226,138.67152684271633,-0.0160796188068743,143.5114921035855
2000-08-01,SaladoBlanco,Salado Blanco,185.83870967741936,138.65544722390948,-0.0160796188068743,143.5114921035855
2000-09-01,SaladoBlanco,Salado Blanco,142.03333333333333,138.6393676051026,-0.0160796188068743,143.5114921035855
2000-10-01,SaladoBlanco,Salado Blanco,140.29032258064515,138.62328798629574,-0.0160796188068743,143.5114921035855
2000-11-01,SaladoBlanco,Salado Blanco,135.53333333333333,138.60720836748885,-0.0160796188068743,143.5114921035855
2000-12-01,SaladoBlanco,Salado Blanco,120.6774193548387,138.59112874868197,-0.0160796188068743,143.5114921035855
2001-01-01,SaladoBlanco,Salado Blanco,93.83870967741936,138.5750491298751,-0.0160796188068743,143.5114921035855
2001-02-01,SaladoBlanco,Salado Blanco,97.39285714285714,138.55896951106823,-0.0160796188068743,143.5114921035855
2001-03-01,SaladoBlanco,Salado Blanco,121.0,138.54288989226134,-0.0160796188068743,143.5114921035855
2001-04-01,SaladoBlanco,Salado Blanco,135.1,138.5268102734545,-0.0160796188068743,143.5114921035855
2001-05-01,SaladoBlanco,Salado Blanco,144.06451612903226,138.5107306546476,-0.0160796188068743,143.5114921035855
2001-06-01,SaladoBlanco,Salado Blanco,196.66666666666666,138.49465103584072,-0.0160796188068743,143.5114921035855
2001-07-01,SaladoBlanco,Salado Blanco,174.4516129032258,138.47857141703386,-0.0160796188068743,143.5114921035855
2001-08-01,SaladoBlanco,Salado Blanco,200.83870967741936,138.46249179822698,-0.0160796188068743,143.5114921035855
2001-09-01,SaladoBlanco,Salado Blanco,138.96666666666667,138.4464121794201,-0.0160796188068743,143.5114921035855
2001-10-01,SaladoBlanco,Salado Blanco,103.3225806451613,138.43033256061324,-0.0160796188068743,143.5114921035855
2001-11-01,SaladoBlanco,Salado Blanco,117.9,138.41425294180635,-0.0160796188068743,143.5114921035855
2001-12-01,SaladoBlanco,Salado Blanco,134.25806451612902,138.39817332299947,-0.0160796188068743,143.5114921035855
2002-01-01,SaladoBlanco,Salado Blanco,89.16129032258064,138.3820937041926,-0.0160796188068743,143.5114921035855
2002-02-01,SaladoBlanco,Salado Blanco,80.92857142857143,138.36601408538573,-0.0160796188068743,143.5114921035855
2002-03-01,SaladoBlanco,Salado Blanco,109.90322580645162,138.34993446657887,-0.0160796188068743,143.5114921035855
2002-04-01,SaladoBlanco,Salado Blanco,137.03333333333333,138.333854847772,-0.0160796188068743,143.5114921035855
2002-05-01,SaladoBlanco,Salado Blanco,169.93548387096774,138.3177752289651,-0.0160796188068743,143.5114921035855
2002-06-01,SaladoBlanco,Salado Blanco,172.66666666666666,138.30169561015825,-0.0160796188068743,143.5114921035855
2002-07-01,SaladoBlanco,Salado Blanco,179.93548387096774,138.28561599135136,-0.0160796188068743,143.5114921035855
2002-08-01,SaladoBlanco,Salado Blanco,184.32258064516128,138.26953637254448,-0.0160796188068743,143.5114921035855
2002-09-01,SaladoBlanco,Salado Blanco,126.4,138.25345675373762,-0.0160796188068743,143.5114921035855
2002-10-01,SaladoBlanco,Salado Blanco,130.1290322580645,138.23737713493074,-0.0160796188068743,143.5114921035855
2002-11-01,SaladoBlanco,Salado Blanco,132.33333333333334,138.22129751612385,-0.0160796188068743,143.5114921035855
2002-12-01,SaladoBlanco,Salado Blanco,105.25806451612904,138.205217897317,-0.0160796188068743,143.5114921035855
2003-01-01,SaladoBlanco,Salado Blanco,71.03225806451613,138.18913827851011,-0.0160796188068743,143.5114921035855
2003-02-01,SaladoBlanco,Salado Blanco,86.14285714285714,138.17305865970323,-0.0160796188068743,143.5114921035855
2003-03-01,SaladoBlanco,Salado Blanco,98.48387096774194,138.15697904089637,-0.0160796188068743,143.5114921035855
2003-04-01,SaladoBlanco,Salado Blanco,122.06666666666666,138.1408994220895,-0.0160796188068743,143.5114921035855
2003-05-01,SaladoBlanco,Salado Blanco,179.1290322580645,138.1248198032826,-0.0160796188068743,143.5114921035855
2003-06-01,SaladoBlanco,Salado Blanco,144.8,138.10874018447575,-0.0160796188068743,143.5114921035855
2003-07-01,SaladoBlanco,Salado Blanco,174.19354838709677,138.09266056566887,-0.0160796188068743,143.5114921035855
2003-08-01,SaladoBlanco,Salado Blanco,124.35483870967742,138.076580946862,-0.0160796188068743,143.5114921035855
2003-09-01,SaladoBlanco,Salado Blanco,118.66666666666667,138.06050132805512,-0.0160796188068743,143.5114921035855
2003-10-01,SaladoBlanco,Salado Blanco,139.74193548387098,138.04442170924824,-0.0160796188068743,143.5114921035855
2003-11-01,SaladoBlanco,Salado Blanco,114.26666666666667,138.02834209044138,-0.0160796188068743,143.5114921035855
2003-12-01,SaladoBlanco,Salado Blanco,115.29032258064517,138.0122624716345,-0.0160796188068743,143.5114921035855
2004-01-01,SaladoBlanco,Salado Blanco,91.45161290322581,137.99618285282762,-0.0160796188068743,143.5114921035855
2004-02-01,SaladoBlanco,Salado Blanco,67.93103448275862,137.98010323402076,-0.0160796188068743,143.5114921035855
2004-03-01,SaladoBlanco,Salado Blanco,102.2258064516129,137.96402361521388,-0.0160796188068743,143.5114921035855
2004-04-01,SaladoBlanco,Salado Blanco,134.33333333333334,137.947943996407,-0.0160796188068743,143.5114921035855
2004-05-01,SaladoBlanco,Salado Blanco,143.09677419354838,137.93186437760014,-0.0160796188068743,143.5114921035855
2004-06-01,SaladoBlanco,Salado Blanco,201.76666666666668,137.91578475879325,-0.0160796188068743,143.5114921035855
2004-07-01,SaladoBlanco,Salado Blanco,170.61290322580646,137.89970513998637,-0.0160796188068743,143.5114921035855
2004-08-01,SaladoBlanco,Salado Blanco,191.84615384615384,137.8836255211795,-0.0160796188068743,143.5114921035855
2004-10-01,SaladoBlanco,Salado Blanco,126.5,137.86754590237263,-0.0160796188068743,143.5114921035855
2004-11-01,SaladoBlanco,Salado Blanco,128.13333333333333,137.85146628356577,-0.0160796188068743,143.5114921035855
2004-12-01,SaladoBlanco,Salado Blanco,120.09677419354838,137.8353866647589,-0.0160796188068743,143.5114921035855
2005-01-01,SaladoBlanco,Salado Blanco,98.51612903225806,137.819307045952,-0.0160796188068743,143.5114921035855
2005-02-01,SaladoBlanco,Salado Blanco,124.78571428571429,137.80322742714515,-0.0160796188068743,143.5114921035855
2005-03-01,SaladoBlanco,Salado Blanco,100.54838709677419,137.78714780833826,-0.0160796188068743,143.5114921035855
2005-04-01,SaladoBlanco,Salado Blanco,162.13333333333333,137.77106818953138,-0.0160796188068743,143.5114921035855
2005-05-01,SaladoBlanco,Salado Blanco,146.83870967741936,137.75498857072452,-0.0160796188068743,143.5114921035855
2005-06-01,SaladoBlanco,Salado Blanco,169.43333333333334,137.73890895191764,-0.0160796188068743,143.5114921035855
2005-07-01,SaladoBlanco,Salado Blanco,156.74193548387098,137.72282933311075,-0.0160796188068743,143.5114921035855
2005-08-01,SaladoBlanco,Salado Blanco,152.38709677419354,137.7067497143039,-0.0160796188068743,143.5114921035855
2005-09-01,SaladoBlanco,Salado Blanco,135.5,137.690670095497,-0.0160796188068743,143.5114921035855
2005-10-01,SaladoBlanco,Salado Blanco,133.1290322580645,137.67459047669013,-0.0160796188068743,143.5114921035855
2005-11-01,SaladoBlanco,Salado Blanco,139.33333333333334,137.65851085788327,-0.0160796188068743,143.5114921035855
2005-12-01,SaladoBlanco,Salado Blanco,133.41935483870967,137.6424312390764,-0.0160796188068743,143.5114921035855
2006-01-01,SaladoBlanco,Salado Blanco,112.09677419354838,137.6263516202695,-0.0160796188068743,143.5114921035855
2006-02-01,SaladoBlanco,Salado Blanco,110.60714285714286,137.61027200146265,-0.0160796188068743,143.5114921035855
2006-03-01,SaladoBlanco,Salado Blanco,105.64516129032258,137.59419238265576,-0.0160796188068743,143.5114921035855
2006-04-01,SaladoBlanco,Salado Blanco,139.76666666666668,137.5781127638489,-0.0160796188068743,143.5114921035855
2006-05-01,SaladoBlanco,Salado Blanco,132.74193548387098,137.56203314504202,-0.0160796188068743,143.5114921035855
2006-06-01,SaladoBlanco,Salado Blanco,185.73333333333332,137.54595352623514,-0.0160796188068743,143.5114921035855
2006-07-01,SaladoBlanco,Salado Blanco,162.80645161290323,137.52987390742828,-0.0160796188068743,143.5114921035855
2006-08-01,SaladoBlanco,Salado Blanco,136.3548387096774,137.5137942886214,-0.0160796188068743,143.5114921035855
2006-09-01,SaladoBlanco,Salado Blanco,107.8,137.4977146698145,-0.0160796188068743,143.5114921035855
2006-10-01,SaladoBlanco,Salado Blanco,115.38709677419355,137.48163505100766,-0.0160796188068743,143.5114921035855
2006-11-01,SaladoBlanco,Salado Blanco,144.8,137.46555543220077,-0.0160796188068743,143.5114921035855
2006-12-01,SaladoBlanco,Salado Blanco,137.09677419354838,137.4494758133939,-0.0160796188068743,143.5114921035855
2007-01-01,SaladoBlanco,Salado Blanco,89.83870967741936,137.43339619458703,-0.0160796188068743,143.5114921035855
2007-02-01,SaladoBlanco,Salado Blanco,75.78571428571429,137.41731657578015,-0.0160796188068743,143.5114921035855
2007-03-01,SaladoBlanco,Salado Blanco,113.83870967741936,137.40123695697326,-0.0160796188068743,143.5114921035855
2007-04-01,SaladoBlanco,Salado Blanco,137.23333333333332,137.3851573381664,-0.0160796188068743,143.5114921035855
2007-05-01,SaladoBlanco,Salado Blanco,134.0,137.36907771935952,-0.0160796188068743,143.5114921035855
2007-06-01,SaladoBlanco,Salado Blanco,210.2,137.35299810055267,-0.0160796188068743,143.5114921035855
2007-07-01,SaladoBlanco,Salado Blanco,141.38709677419354,137.33691848174578,-0.0160796188068743,143.5114921035855
2007-08-01,SaladoBlanco,Salado Blanco,147.19354838709677,137.3208388629389,-0.0160796188068743,143.5114921035855
2007-09-01,SaladoBlanco,Salado Blanco,125.0,137.30475924413204,-0.0160796188068743,143.5114921035855
2007-10-01,SaladoBlanco,Salado Blanco,150.32258064516128,137.28867962532516,-0.0160796188068743,143.5114921035855
2007-11-01,SaladoBlanco,Salado Blanco,152.36666666666667,137.27260000651827,-0.0160796188068743,143.5114921035855
2007-12-01,SaladoBlanco,Salado Blanco,142.51612903225808,137.25652038771142,-0.0160796188068743,143.5114921035855
2008-01-01,SaladoBlanco,Salado Blanco,123.35483870967742,137.24044076890453,-0.0160796188068743,143.5114921035855
2008-02-01,SaladoBlanco,Salado Blanco,138.17241379310346,137.22436115009765,-0.0160796188068743,143.5114921035855
2008-03-01,SaladoBlanco,Salado Blanco,132.29032258064515,137.2082815312908,-0.0160796188068743,143.5114921035855
2008-04-01,SaladoBlanco,Salado Blanco,142.63333333333333,137.1922019124839,-0.0160796188068743,143.5114921035855
2008-05-01,SaladoBlanco,Salado Blanco,153.90322580645162,137.17612229367703,-0.0160796188068743,143.5114921035855
2008-06-01,SaladoBlanco,Salado Blanco,188.7,137.16004267487017,-0.0160796188068743,143.5114921035855
2008-07-01,SaladoBlanco,Salado Blanco,189.90322580645162,137.14396305606328,-0.0160796188068743,143.5114921035855
2008-08-01,SaladoBlanco,Salado Blanco,140.16129032258064,137.1278834372564,-0.0160796188068743,143.5114921035855
2008-09-01,SaladoBlanco,Salado Blanco,127.96666666666667,137.11180381844954,-0.0160796188068743,143.5114921035855
2008-10-01,SaladoBlanco,Salado Blanco,116.54838709677419,137.09572419964266,-0.0160796188068743,143.5114921035855
2008-11-01,SaladoBlanco,Salado Blanco,135.2,137.0796445808358,-0.0160796188068743,143.5114921035855
2008-12-01,SaladoBlanco,Salado Blanco,133.03225806451613,137.06356496202892,-0.0160796188068743,143.5114921035855
2009-01-01,SaladoBlanco,Salado Blanco,116.06451612903226,137.04748534322204,-0.0160796188068743,143.5114921035855
2009-02-01,SaladoBlanco,Salado Blanco,142.92857142857142,137.03140572441518,-0.0160796188068743,143.5114921035855
2009-03-01,SaladoBlanco,Salado Blanco,112.16129032258064,137.0153261056083,-0.0160796188068743,143.5114921035855
2009-04-01,SaladoBlanco,Salado Blanco,128.9,136.9992464868014,-0.0160796188068743,143.5114921035855
2009-05-01,SaladoBlanco,Salado Blanco,130.6451612903226,136.98316686799456,-0.0160796188068743,143.5114921035855
2009-06-01,SaladoBlanco,Salado Blanco,168.53333333333333,136.96708724918767,-0.0160796188068743,143.5114921035855
2009-07-01,SaladoBlanco,Salado Blanco,194.0,136.9510076303808,-0.0160796188068743,143.5114921035855
2009-08-01,SaladoBlanco,Salado Blanco,180.74193548387098,136.93492801157393,-0.0160796188068743,143.5114921035855
2009-09-01,SaladoBlanco,Salado Blanco,127.83333333333333,136.91884839276705,-0.0160796188068743,143.5114921035855
2009-10-01,SaladoBlanco,Salado Blanco,114.7741935483871,136.90276877396016,-0.0160796188068743,143.5114921035855
2009-11-01,SaladoBlanco,Salado Blanco,91.73333333333333,136.8866891551533,-0.0160796188068743,143.5114921035855
2009-12-01,SaladoBlanco,Salado Blanco,80.2258064516129,136.87060953634642,-0.0160796188068743,143.5114921035855
2010-01-01,SaladoBlanco,Salado Blanco,51.29032258064516,136.85452991753954,-0.0160796188068743,143.5114921035855
2010-02-01,SaladoBlanco,Salado Blanco,73.53571428571429,136.83845029873268,-0.0160796188068743,143.5114921035855
2010-03-01,SaladoBlanco,Salado Blanco,85.38709677419355,136.8223706799258,-0.0160796188068743,143.5114921035855
2010-04-01,SaladoBlanco,Salado Blanco,129.43333333333334,136.80629106111894,-0.0160796188068743,143.5114921035855
2010-05-01,SaladoBlanco,Salado Blanco,125.06451612903226,136.79021144231206,-0.0160796188068743,143.5114921035855
2010-06-01,SaladoBlanco,Salado Blanco,135.86666666666667,136.77413182350517,-0.0160796188068743,143.5114921035855
2010-07-01,SaladoBlanco,Salado Blanco,139.80645161290323,136.75805220469832,-0.0160796188068743,143.5114921035855
2010-08-01,SaladoBlanco,Salado Blanco,117.83870967741936,136.74197258589143,-0.0160796188068743,143.5114921035855
2010-09-01,SaladoBlanco,Salado Blanco,83.26666666666667,136.72589296708455,-0.0160796188068743,143.5114921035855
2010-10-01,SaladoBlanco,Salado Blanco,94.12903225806451,136.7098133482777,-0.0160796188068743,143.5114921035855
2010-11-01,SaladoBlanco,Salado Blanco,143.06666666666666,136.6937337294708,-0.0160796188068743,143.5114921035855
2010-12-01,SaladoBlanco,Salado Blanco,116.16129032258064,136.67765411066392,-0.0160796188068743,143.5114921035855
2011-01-01,SaladoBlanco,Salado Blanco,86.06451612903226,136.66157449185707,-0.0160796188068743,143.5114921035855
2011-02-01,SaladoBlanco,Salado Blanco,100.67857142857143,136.64549487305018,-0.0160796188068743,143.5114921035855
2011-03-01,SaladoBlanco,Salado Blanco,108.09677419354838,136.6294152542433,-0.0160796188068743,143.5114921035855
2011-04-01,SaladoBlanco,Salado Blanco,145.5,136.61333563543644,-0.0160796188068743,143.5114921035855
2011-05-01,SaladoBlanco,Salado Blanco,176.70967741935485,136.59725601662956,-0.0160796188068743,143.5114921035855
2011-06-01,SaladoBlanco,Salado Blanco,160.5,136.58117639782267,-0.0160796188068743,143.5114921035855
2011-07-01,SaladoBlanco,Salado Blanco,168.25806451612902,136.56509677901582,-0.0160796188068743,143.5114921035855
2011-08-01,SaladoBlanco,Salado Blanco,115.96774193548387,136.54901716020893,-0.0160796188068743,143.5114921035855
2011-09-01,SaladoBlanco,Salado Blanco,135.96666666666667,136.53293754140208,-0.0160796188068743,143.5114921035855
2011-10-01,SaladoBlanco,Salado Blanco,114.87096774193549,136.5168579225952,-0.0160796188068743,143.5114921035855
2011-11-01,SaladoBlanco,Salado Blanco,122.36666666666666,136.5007783037883,-0.0160796188068743,143.5114921035855
2011-12-01,SaladoBlanco,Salado Blanco,162.16129032258064,136.48469868498145,-0.0160796188068743,143.5114921035855
2012-01-01,SaladoBlanco,Salado Blanco,126.03225806451613,136.46861906617457,-0.0160796188068743,143.5114921035855
2012-02-01,SaladoBlanco,Salado Blanco,128.3793103448276,136.45253944736768,-0.0160796188068743,143.5114921035855
2012-03-01,SaladoBlanco,Salado Blanco,169.0,136.43645982856083,-0.0160796188068743,143.5114921035855
2012-04-01,SaladoBlanco,Salado Blanco,158.0,136.42038020975394,-0.0160796188068743,143.5114921035855
2012-05-01,SaladoBlanco,Salado Blanco,146.90322580645162,136.40430059094706,-0.0160796188068743,143.5114921035855
2012-06-01,SaladoBlanco,Salado Blanco,143.8,136.3882209721402,-0.0160796188068743,143.5114921035855
2012-07-01,SaladoBlanco,Salado Blanco,155.58064516129033,136.37214135333332,-0.0160796188068743,143.5114921035855
2012-08-01,SaladoBlanco,Salado Blanco,142.80645161290323,136.35606173452643,-0.0160796188068743,143.5114921035855
2012-09-01,SaladoBlanco,Salado Blanco,116.03333333333333,136.33998211571958,-0.0160796188068743,143.5114921035855
2012-10-01,SaladoBlanco,Salado Blanco,117.09677419354838,136.3239024969127,-0.0160796188068743,143.5114921035855
2012-11-01,SaladoBlanco,Salado Blanco,90.86666666666666,136.3078228781058,-0.0160796188068743,143.5114921035855
2012-12-01,SaladoBlanco,Salado Blanco,104.09677419354838,136.29174325929895,-0.0160796188068743,143.5114921035855
2013-01-01,SaladoBlanco,Salado Blanco,111.16129032258064,136.27566364049207,-0.0160796188068743,143.5114921035855
2013-02-01,SaladoBlanco,Salado Blanco,153.54166666666666,136.2595840216852,-0.0160796188068743,143.5114921035855
2013-03-01,SaladoBlanco,Salado Blanco,151.95833333333334,136.24350440287833,-0.0160796188068743,143.5114921035855
2013-04-01,SaladoBlanco,Salado Blanco,110.73333333333333,136.22742478407145,-0.0160796188068743,143.5114921035855
2013-05-01,SaladoBlanco,Salado Blanco,147.8709677419355,136.2113451652646,-0.0160796188068743,143.5114921035855
2013-06-01,SaladoBlanco,Salado Blanco,149.07142857142858,136.1952655464577,-0.0160796188068743,143.5114921035855
2013-07-01,SaladoBlanco,Salado Blanco,177.0,136.17918592765082,-0.0160796188068743,143.5114921035855
2013-08-01,SaladoBlanco,Salado Blanco,155.16129032258064,136.16310630884396,-0.0160796188068743,143.5114921035855
2013-09-01,SaladoBlanco,Salado Blanco,130.5,136.14702669003708,-0.0160796188068743,143.5114921035855
2013-10-01,SaladoBlanco,Salado Blanco,108.45161290322581,136.1309470712302,-0.0160796188068743,143.5114921035855
2013-11-01,SaladoBlanco,Salado Blanco,114.33333333333333,136.11486745242334,-0.0160796188068743,143.5114921035855
2013-12-01,SaladoBlanco,Salado Blanco,132.16129032258064,136.09878783361646,-0.0160796188068743,143.5114921035855
2014-01-01,SaladoBlanco,Salado Blanco,80.2,136.08270821480957,-0.0160796188068743,143.5114921035855
2014-02-01,SaladoBlanco,Salado Blanco,91.39285714285714,136.06662859600272,-0.0160796188068743,143.5114921035855
2014-03-01,SaladoBlanco,Salado Blanco,137.2258064516129,136.05054897719583,-0.0160796188068743,143.5114921035855
2014-04-01,SaladoBlanco,Salado Blanco,161.46153846153845,136.03446935838895,-0.0160796188068743,143.5114921035855
2014-05-01,SaladoBlanco,Salado Blanco,164.43333333333334,136.0183897395821,-0.0160796188068743,143.5114921035855
2014-06-01,SaladoBlanco,Salado Blanco,193.0344827586207,136.0023101207752,-0.0160796188068743,143.5114921035855
2014-07-01,SaladoBlanco,Salado Blanco,221.73333333333332,135.98623050196835,-0.0160796188068743,143.5114921035855
2014-08-01,SaladoBlanco,Salado Blanco,152.83870967741936,135.97015088316147,-0.0160796188068743,143.5114921035855
2014-09-01,SaladoBlanco,Salado Blanco,118.93333333333334,135.95407126435458,-0.0160796188068743,143.5114921035855
2014-10-01,SaladoBlanco,Salado Blanco,115.83870967741936,135.93799164554773,-0.0160796188068743,143.5114921035855
2014-11-01,SaladoBlanco,Salado Blanco,130.26666666666668,135.92191202674084,-0.0160796188068743,143.5114921035855
2014-12-01,SaladoBlanco,Salado Blanco,118.20689655172414,135.90583240793396,-0.0160796188068743,143.5114921035855
2015-01-01,SaladoBlanco,Salado Blanco,92.48387096774194,135.8897527891271,-0.0160796188068743,143.5114921035855
2015-02-01,SaladoBlanco,Salado Blanco,130.39285714285714,135.87367317032022,-0.0160796188068743,143.5114921035855
2015-03-01,SaladoBlanco,Salado Blanco,116.25806451612904,135.85759355151333,-0.0160796188068743,143.5114921035855
2015-04-01,SaladoBlanco,Salado Blanco,139.56666666666666,135.84151393270648,-0.0160796188068743,143.5114921035855
2015-05-01,SaladoBlanco,Salado Blanco,144.16129032258064,135.8254343138996,-0.0160796188068743,143.5114921035855
2015-06-01,SaladoBlanco,Salado Blanco,226.9,135.8093546950927,-0.0160796188068743,143.5114921035855
2015-07-01,SaladoBlanco,Salado Blanco,206.4516129032258,135.79327507628585,-0.0160796188068743,143.5114921035855
2015-08-01,SaladoBlanco,Salado Blanco,169.48387096774192,135.77719545747897,-0.0160796188068743,143.5114921035855
2015-09-01,SaladoBlanco,Salado Blanco,112.46666666666667,135.76111583867208,-0.0160796188068743,143.5114921035855
2015-10-01,SaladoBlanco,Salado Blanco,103.06451612903226,135.74503621986523,-0.0160796188068743,143.5114921035855
2015-11-01,SaladoBlanco,Salado Blanco,107.76666666666667,135.72895660105834,-0.0160796188068743,143.5114921035855
2015-12-01,SaladoBlanco,Salado Blanco,76.0,135.7128769822515,-0.0160796188068743,143.5114921035855
2016-01-01,SaladoBlanco,Salado Blanco,59.438706622903226,135.6967973634446,-0.0160796188068743,143.5114921035855
2016-02-01,SaladoBlanco,Salado Blanco,92.33764367482759,135.68071774463772,-0.0160796188068743,143.5114921035855
2016-03-01,SaladoBlanco,Salado Blanco,121.83988575354839,135.66463812583086,-0.0160796188068743,143.5114921035855
2016-04-01,SaladoBlanco,Salado Blanco,138.28124999766666,135.64855850702398,-0.0160796188068743,143.5114921035855
2016-05-01,SaladoBlanco,Salado Blanco,159.96370967741936,135.6324788882171,-0.0160796188068743,143.5114921035855
2016-06-01,SaladoBlanco,Salado Blanco,198.12829861666665,135.61639926941024,-0.0160796188068743,143.5114921035855
2016-07-01,SaladoBlanco,Salado Blanco,206.87214382258063,135.60031965060335,-0.0160796188068743,143.5114921035855
2016-08-01,SaladoBlanco,Salado Blanco,148.54911512903226,135.58424003179647,-0.0160796188068743,143.5114921035855
2016-09-01,SaladoBlanco,Salado Blanco,156.11215278666666,135.5681604129896,-0.0160796188068743,143.5114921035855
2016-10-01,SaladoBlanco,Salado Blanco,116.34274194645161,135.55208079418273,-0.0160796188068743,143.5114921035855
2016-11-01,SaladoBlanco,Salado Blanco,131.32586805533333,135.53600117537584,-0.0160796188068743,143.5114921035855
2016-12-01,SaladoBlanco,Salado Blanco,106.67115660689656,135.519921556569,-0.0160796188068743,143.5114921035855
2017-01-01,SaladoBlanco,Salado Blanco,154.8122759796774,135.5038419377621,-0.0160796188068743,143.5114921035855
2017-02-01,SaladoBlanco,Salado Blanco,100.72458333071428,135.48776231895522,-0.0160796188068743,143.5114921035855
2017-03-01,SaladoBlanco,Salado Blanco,168.57930107838712,135.47168270014836,-0.0160796188068743,143.5114921035855
2017-04-01,SaladoBlanco,Salado Blanco,166.22916666999998,135.45560308134148,-0.0160796188068743,143.5114921035855
2017-05-01,SaladoBlanco,Salado Blanco,184.8360215064516,135.43952346253462,-0.0160796188068743,143.5114921035855
2017-06-01,SaladoBlanco,Salado Blanco,180.22013888333333,135.42344384372774,-0.0160796188068743,143.5114921035855
2017-07-01,SaladoBlanco,Salado Blanco,200.79973118064515,135.40736422492085,-0.0160796188068743,143.5114921035855
2017-08-01,SaladoBlanco,Salado Blanco,158.15255376774192,135.391284606114,-0.0160796188068743,143.5114921035855
2017-09-01,SaladoBlanco,Salado Blanco,129.49652778200002,135.37520498730711,-0.0160796188068743,143.5114921035855
2017-10-01,SaladoBlanco,Salado Blanco,133.41061828709675,135.35912536850023,-0.0160796188068743,143.5114921035855
2017-11-01,SaladoBlanco,Salado Blanco,136.84027778,135.34304574969337,-0.0160796188068743,143.5114921035855
2017-12-01,SaladoBlanco,Salado Blanco,107.41465053419356,135.3269661308865,-0.0160796188068743,143.5114921035855
2018-01-01,SaladoBlanco,Salado Blanco,119.53024193935484,135.3108865120796,-0.0160796188068743,143.5114921035855
2018-02-01,SaladoBlanco,Salado Blanco,110.38690476428572,135.29480689327275,-0.0160796188068743,143.5114921035855
2018-03-01,SaladoBlanco,Salado Blanco,115.90188172548386,135.27872727446587,-0.0160796188068743,143.5114921035855
2018-04-01,SaladoBlanco,Salado Blanco,151.9375,135.262647655659,-0.0160796188068743,143.5114921035855
2018-05-01,SaladoBlanco,Salado Blanco,167.82056451290322,135.24656803685212,-0.0160796188068743,143.5114921035855
2018-06-01,SaladoBlanco,Salado Blanco,204.75208333666666,135.23048841804524,-0.0160796188068743,143.5114921035855
2018-07-01,SaladoBlanco,Salado Blanco,192.53158601935485,135.21440879923838,-0.0160796188068743,143.5114921035855
2018-08-01,SaladoBlanco,Salado Blanco,174.08938172258064,135.1983291804315,-0.0160796188068743,143.5114921035855
2018-09-01,SaladoBlanco,Salado Blanco,115.065972225,135.18224956162462,-0.0160796188068743,143.5114921035855
2018-10-01,SaladoBlanco,Salado Blanco,116.38037634258065,135.16616994281776,-0.0160796188068743,143.5114921035855
2018-11-01,SaladoBlanco,Salado Blanco,123.14166666666667,135.15009032401088,-0.0160796188068743,143.5114921035855
2018-12-01,SaladoBlanco,Salado Blanco,105.82190860322581,135.134010705204,-0.0160796188068743,143.5114921035855
2019-01-01,SaladoBlanco,Salado Blanco,101.02822580451614,135.11793108639714,-0.0160796188068743,143.5114921035855
2019-02-01,SaladoBlanco,Salado Blanco,109.86160714035714,135.10185146759025,-0.0160796188068743,143.5114921035855
2019-03-01,SaladoBlanco,Salado Blanco,113.19086020903225,135.08577184878337,-0.0160796188068743,143.5114921035855
2019-04-01,SaladoBlanco,Salado Blanco,149.7625,135.0696922299765,-0.0160796188068743,143.5114921035855
2019-05-01,SaladoBlanco,Salado Blanco,175.94959677419354,135.05361261116963,-0.0160796188068743,143.5114921035855
2019-06-01,SaladoBlanco,Salado Blanco,210.75694444666667,135.03753299236274,-0.0160796188068743,143.5114921035855
2019-07-01,SaladoBlanco,Salado Blanco,197.22782257741935,135.0214533735559,-0.0160796188068743,143.5114921035855
2019-08-01,SaladoBlanco,Salado Blanco,170.6102150580645,135.005373754749,-0.0160796188068743,143.5114921035855
2019-09-01,SaladoBlanco,Salado Blanco,128.761111106,134.98929413594215,-0.0160796188068743,143.5114921035855
2019-10-01,SaladoBlanco,Salado Blanco,130.03158602258065,134.97321451713526,-0.0160796188068743,143.5114921035855
2019-11-01,SaladoBlanco,Salado Blanco,141.04305555666667,134.95713489832838,-0.0160796188068743,143.5114921035855
2019-12-01,SaladoBlanco,Salado Blanco,139.85013441290323,134.94105527952152,-0.0160796188068743,143.5114921035855
2020-01-01,SaladoBlanco,Salado Blanco,99.76612903225806,134.92497566071464,-0.0160796188068743,143.5114921035855
2020-02-01,SaladoBlanco,Salado Blanco,89.04741379310344,134.90889604190775,-0.0160796188068743,143.5114921035855
2020-03-01,SaladoBlanco,Salado Blanco,104.46370967741936,134.8928164231009,-0.0160796188068743,143.5114921035855
2020-04-01,SaladoBlanco,Salado Blanco,110.95416666666667,134.876736804294,-0.0160796188068743,143.5114921035855
2020-05-01,SaladoBlanco,Salado Blanco,166.1451612903226,134.86065718548713,-0.0160796188068743,143.5114921035855
2020-06-01,SaladoBlanco,Salado Blanco,174.4125,134.84457756668027,-0.0160796188068743,143.5114921035855
2020-07-01,SaladoBlanco,Salado Blanco,179.33064516129033,134.8284979478734,-0.0160796188068743,143.5114921035855
2020-08-01,SaladoBlanco,Salado Blanco,132.68548387096774,134.8124183290665,-0.0160796188068743,143.5114921035855
2020-09-01,SaladoBlanco,Salado Blanco,120.25833333333334,134.79633871025965,-0.0160796188068743,143.5114921035855
2020-10-01,SaladoBlanco,Salado Blanco,119.56048387096774,134.78025909145276,-0.0160796188068743,143.5114921035855
2020-11-01,SaladoBlanco,Salado Blanco,107.71666666666667,134.76417947264588,-0.0160796188068743,143.5114921035855
2020-12-01,SaladoBlanco,Salado Blanco,119.97177419354838,134.74809985383902,-0.0160796188068743,143.5114921035855
2021-01-01,SaladoBlanco,Salado Blanco,131.4233870967742,134.73202023503214,-0.0160796188068743,143.5114921035855
2021-02-01,SaladoBlanco,Salado Blanco,122.95089285714286,134.71594061622528,-0.0160796188068743,143.5114921035855
2021-03-01,SaladoBlanco,Salado Blanco,185.83467741935485,134.6998609974184,-0.0160796188068743,143.5114921035855
2021-04-01,SaladoBlanco,Salado Blanco,138.94166666666666,134.6837813786115,-0.0160796188068743,143.5114921035855
2021-05-01,SaladoBlanco,Salado Blanco,176.31048387096774,134.66770175980466,-0.0160796188068743,143.5114921035855
2021-06-01,SaladoBlanco,Salado Blanco,192.68333333333334,134.65162214099777,-0.0160796188068743,143.5114921035855
2021-07-01,SaladoBlanco,Salado Blanco,207.8508064516129,134.6355425221909,-0.0160796188068743,143.5114921035855
2021-08-01,SaladoBlanco,Salado Blanco,161.00806451612902,134.61946290338403,-0.0160796188068743,143.5114921035855
2021-09-01,SaladoBlanco,Salado Blanco,121.37916666666666,134.60338328457715,-0.0160796188068743,143.5114921035855
2021-10-01,SaladoBlanco,Salado Blanco,152.63709677419354,134.58730366577026,-0.0160796188068743,143.5114921035855
2021-11-01,SaladoBlanco,Salado Blanco,153.79166666666666,134.5712240469634,-0.0160796188068743,143.5114921035855
2021-12-01,SaladoBlanco,Salado Blanco,131.21370967741936,134.55514442815652,-0.0160796188068743,143.5114921035855
2022-01-01,SaladoBlanco,Salado Blanco,97.73790322580645,134.53906480934964,-0.0160796188068743,143.5114921035855
2022-02-01,SaladoBlanco,Salado Blanco,145.91964285714286,134.52298519054278,-0.0160796188068743,143.5114921035855
2022-03-01,SaladoBlanco,Salado Blanco,153.9959677419355,134.5069055717359,-0.0160796188068743,143.5114921035855
2022-04-01,SaladoBlanco,Salado Blanco,126.44583333333334,134.49082595292901,-0.0160796188068743,143.5114921035855
2022-05-01,SaladoBlanco,Salado Blanco,163.47177419354838,134.47474633412216,-0.0160796188068743,143.5114921035855
2022-06-01,SaladoBlanco,Salado Blanco,169.03333333333333,134.45866671531527,-0.0160796188068743,143.5114921035855
2022-07-01,SaladoBlanco,Salado Blanco,200.06854838709677,134.44258709650842,-0.0160796188068743,143.5114921035855
2022-08-01,SaladoBlanco,Salado Blanco,132.11693548387098,134.42650747770153,-0.0160796188068743,143.5114921035855
2022-09-01,SaladoBlanco,Salado Blanco,114.60416666666667,134.41042785889465,-0.0160796188068743,143.5114921035855
2022-10-01,SaladoBlanco,Salado Blanco,168.44354838709677,134.3943482400878,-0.0160796188068743,143.5114921035855
2022-11-01,SaladoBlanco,Salado Blanco,135.96666666666667,134.3782686212809,-0.0160796188068743,143.5114921035855
2022-12-01,SaladoBlanco,Salado Blanco,113.66935483870968,134.36218900247403,-0.0160796188068743,143.5114921035855
2023-01-01,SaladoBlanco,Salado Blanco,125.49193548387096,134.34610938366717,-0.0160796188068743,143.5114921035855
2023-02-01,SaladoBlanco,Salado Blanco,81.00892857142857,134.33002976486029,-0.0160796188068743,143.5114921035855
2023-03-01,SaladoBlanco,Salado Blanco,160.42741935483872,134.3139501460534,-0.0160796188068743,143.5114921035855
2023-04-01,SaladoBlanco,Salado Blanco,128.1375,134.29787052724654,-0.0160796188068743,143.5114921035855
2023-05-01,SaladoBlanco,Salado Blanco,133.72177419354838,134.28179090843966,-0.0160796188068743,143.5114921035855
2023-06-01,SaladoBlanco,Salado Blanco,163.33333333333334,134.26571128963278,-0.0160796188068743,143.5114921035855
2023-07-01,SaladoBlanco,Salado Blanco,183.43951612903226,134.24963167082592,-0.0160796188068743,143.5114921035855
2023-08-01,SaladoBlanco,Salado Blanco,152.7741935483871,134.23355205201904,-0.0160796188068743,143.5114921035855
2023-09-01,SaladoBlanco,Salado Blanco,99.35625,134.21747243321215,-0.0160796188068743,143.5114921035855
2023-10-01,SaladoBlanco,Salado Blanco,74.66733870967742,134.2013928144053,-0.0160796188068743,143.5114921035855
2023-11-01,SaladoBlanco,Salado Blanco,122.59166666666667,134.1853131955984,-0.0160796188068743,143.5114921035855
2023-12-01,SaladoBlanco,Salado Blanco,115.28225806451613,134.16923357679156,-0.0160796188068743,143.5114921035855
2024-01-01,SaladoBlanco,Salado Blanco,59.91129032258065,134.15315395798467,-0.0160796188068743,143.5114921035855
2024-02-01,SaladoBlanco,Salado Blanco,98.85344827586206,134.1370743391778,-0.0160796188068743,143.5114921035855
2024-03-01,SaladoBlanco,Salado Blanco,94.29435483870968,134.12099472037093,-0.0160796188068743,143.5114921035855
2024-04-01,SaladoBlanco,Salado Blanco,114.4625,134.10491510156405,-0.0160796188068743,143.5114921035855
2024-05-01,SaladoBlanco,Salado Blanco,157.4233870967742,134.08883548275716,-0.0160796188068743,143.5114921035855
2024-06-01,SaladoBlanco,Salado Blanco,202.54375,134.0727558639503,-0.0160796188068743,143.5114921035855
2024-07-01,SaladoBlanco,Salado Blanco,169.4858870967742,134.05667624514342,-0.0160796188068743,143.5114921035855
2024-08-01,SaladoBlanco,Salado Blanco,116.00672043322581,134.04059662633654,-0.0160796188068743,143.5114921035855
2024-09-01,SaladoBlanco,Salado Blanco,63.781944446666664,134.02451700752968,-0.0160796188068743,143.5114921035855
2024-10-01,SaladoBlanco,Salado Blanco,69.78427419387097,134.0084373887228,-0.0160796188068743,143.5114921035855
2024-11-01,SaladoBlanco,Salado Blanco,79.39166666566666,133.9923577699159,-0.0160796188068743,143.5114921035855
2024-12-01,SaladoBlanco,Salado Blanco,111.43413978451612,133.97627815110906,-0.0160796188068743,143.5114921035855
2025-01-01,SaladoBlanco,Salado Blanco,106.0241935483871,133.96019853230217,-0.0160796188068743,143.5114921035855
2025-02-01,SaladoBlanco,Salado Blanco,123.53571428571429,133.9441189134953,-0.0160796188068743,143.5114921035855
2025-03-01,SaladoBlanco,Salado Blanco,138.53225806451613,133.92803929468843,-0.0160796188068743,143.5114921035855
2025-04-01,SaladoBlanco,Salado Blanco,166.39583333333334,133.91195967588155,-0.0160796188068743,143.5114921035855
2025-05-01,SaladoBlanco,Salado Blanco,175.66532258064515,133.8958800570747,-0.0160796188068743,143.5114921035855
2025-06-01,SaladoBlanco,Salado Blanco,238.0875,133.8798004382678,-0.0160796188068743,143.5114921035855
2025-07-01,SaladoBlanco,Salado Blanco,230.01209677419354,133.86372081946092,-0.0160796188068743,143.5114921035855
2025-08-01,SaladoBlanco,Salado Blanco,178.64112903225808,133.84764120065407,-0.0160796188068743,143.5114921035855
2025-09-01,SaladoBlanco,Salado Blanco,139.35416666666666,133.83156158184718,-0.0160796188068743,143.5114921035855
2025-10-01,SaladoBlanco,Salado Blanco,128.68951612903226,133.8154819630403,-0.0160796188068743,143.5114921035855
2025-11-01,SaladoBlanco,Salado Blanco,116.3,133.79940234423344,-0.0160796188068743,143.5114921035855
1975-06-01,PuertoBerrio,Puerto Berrío,371.5,369.8888614086649,-0.03139682634970089,369.8888614086649
1975-07-01,PuertoBerrio,Puerto Berrío,410.06451612903226,369.85746458231523,-0.03139682634970089,369.8888614086649
1975-08-01,PuertoBerrio,Puerto Berrío,359.2258064516129,369.82606775596554,-0.03139682634970089,369.8888614086649
1975-09-01,PuertoBerrio,Puerto Berrío,409.56666666666666,369.79467092961585,-0.03139682634970089,369.8888614086649
1975-10-01,PuertoBerrio,Puerto Berrío,447.1290322580645,369.7632741032661,-0.03139682634970089,369.8888614086649
1975-11-01,PuertoBerrio,Puerto Berrío,488.3333333333333,369.7318772769164,-0.03139682634970089,369.8888614086649
1975-12-01,PuertoBerrio,Puerto Berrío,428.19354838709677,369.7004804505667,-0.03139682634970089,369.8888614086649
1976-01-01,PuertoBerrio,Puerto Berrío,319.96774193548384,369.669083624217,-0.03139682634970089,369.8888614086649
1976-02-01,PuertoBerrio,Puerto Berrío,314.2413793103448,369.63768679786733,-0.03139682634970089,369.8888614086649
1976-03-01,PuertoBerrio,Puerto Berrío,396.19354838709677,369.60628997151764,-0.03139682634970089,369.8888614086649
1976-04-01,PuertoBerrio,Puerto Berrío,443.56666666666666,369.5748931451679,-0.03139682634970089,369.8888614086649
1976-05-01,PuertoBerrio,Puerto Berrío,443.93548387096774,369.5434963188182,-0.03139682634970089,369.8888614086649
1976-06-01,PuertoBerrio,Puerto Berrío,372.6333333333333,369.5120994924685,-0.03139682634970089,369.8888614086649
1976-07-01,PuertoBerrio,Puerto Berrío,342.64516129032256,369.4807026661188,-0.03139682634970089,369.8888614086649
1976-08-01,PuertoBerrio,Puerto Berrío,295.741935483871,369.4493058397691,-0.03139682634970089,369.8888614086649
1976-09-01,PuertoBerrio,Puerto Berrío,276.6333333333333,369.41790901341943,-0.03139682634970089,369.8888614086649
1976-10-01,PuertoBerrio,Puerto Berrío,379.3225806451613,369.3865121870697,-0.03139682634970089,369.8888614086649
1976-11-01,PuertoBerrio,Puerto Berrío,384.56666666666666,369.35511536072,-0.03139682634970089,369.8888614086649
1976-12-01,PuertoBerrio,Puerto Berrío,308.93548387096774,369.3237185343703,-0.03139682634970089,369.8888614086649
1977-01-01,PuertoBerrio,Puerto Berrío,245.1290322580645,369.2923217080206,-0.03139682634970089,369.8888614086649
1977-02-01,PuertoBerrio,Puerto Berrío,257.67857142857144,369.2609248816709,-0.03139682634970089,369.8888614086649
1977-03-01,PuertoBerrio,Puerto Berrío,260.2903225806452,369.2295280553212,-0.03139682634970089,369.8888614086649
1977-04-01,PuertoBerrio,Puerto Berrío,323.96666666666664,369.1981312289715,-0.03139682634970089,369.8888614086649
1977-05-01,PuertoBerrio,Puerto Berrío,358.2903225806452,369.1667344026218,-0.03139682634970089,369.8888614086649
1977-06-01,PuertoBerrio,Puerto Berrío,374.0,369.1353375762721,-0.03139682634970089,369.8888614086649
1977-07-01,PuertoBerrio,Puerto Berrío,345.258064516129,369.1039407499224,-0.03139682634970089,369.8888614086649
1977-08-01,PuertoBerrio,Puerto Berrío,334.9032258064516,369.0725439235727,-0.03139682634970089,369.8888614086649
1977-09-01,PuertoBerrio,Puerto Berrío,329.8333333333333,369.041147097223,-0.03139682634970089,369.8888614086649
1977-10-01,PuertoBerrio,Puerto Berrío,428.16129032258067,369.0097502708733,-0.03139682634970089,369.8888614086649
1977-11-01,PuertoBerrio,Puerto Berrío,463.3333333333333,368.9783534445236,-0.03139682634970089,369.8888614086649
1977-12-01,PuertoBerrio,Puerto Berrío,333.5806451612903,368.9469566181739,-0.03139682634970089,369.8888614086649
1978-01-01,PuertoBerrio,Puerto Berrío,278.0967741935484,368.9155597918242,-0.03139682634970089,369.8888614086649
1978-02-01,PuertoBerrio,Puerto Berrío,259.89285714285717,368.8841629654745,-0.03139682634970089,369.8888614086649
1978-03-01,PuertoBerrio,Puerto Berrío,300.5483870967742,368.8527661391248,-0.03139682634970089,369.8888614086649
1978-04-01,PuertoBerrio,Puerto Berrío,458.23333333333335,368.8213693127751,-0.03139682634970089,369.8888614086649
1978-05-01,PuertoBerrio,Puerto Berrío,401.5806451612903,368.78997248642537,-0.03139682634970089,369.8888614086649
1978-06-01,PuertoBerrio,Puerto Berrío,373.23333333333335,368.7585756600757,-0.03139682634970089,369.8888614086649
1978-07-01,PuertoBerrio,Puerto Berrío,361.96774193548384,368.727178833726,-0.03139682634970089,369.8888614086649
1978-08-01,PuertoBerrio,Puerto Berrío,310.35483870967744,368.6957820073763,-0.03139682634970089,369.8888614086649
1978-09-01,PuertoBerrio,Puerto Berrío,332.7,368.6643851810266,-0.03139682634970089,369.8888614086649
1978-10-01,PuertoBerrio,Puerto Berrío,387.6774193548387,368.6329883546769,-0.03139682634970089,369.8888614086649
1978-11-01,PuertoBerrio,Puerto Berrío,400.53333333333336,368.60159152832716,-0.03139682634970089,369.8888614086649
1978-12-01,PuertoBerrio,Puerto Berrío,381.3225806451613,368.57019470197747,-0.03139682634970089,369.8888614086649
1979-01-01,PuertoBerrio,Puerto Berrío,277.16129032258067,368.5387978756278,-0.03139682634970089,369.8888614086649
1979-02-01,PuertoBerrio,Puerto Berrío,273.0357142857143,368.5074010492781,-0.03139682634970089,369.8888614086649
1979-03-01,PuertoBerrio,Puerto Berrío,362.0967741935484,368.4760042229284,-0.03139682634970089,369.8888614086649
1979-04-01,PuertoBerrio,Puerto Berrío,405.3666666666667,368.4446073965787,-0.03139682634970089,369.8888614086649
1979-05-01,PuertoBerrio,Puerto Berrío,428.61290322580646,368.41321057022896,-0.03139682634970089,369.8888614086649
1979-06-01,PuertoBerrio,Puerto Berrío,414.2,368.38181374387926,-0.03139682634970089,369.8888614086649
1979-07-01,PuertoBerrio,Puerto Berrío,329.7096774193548,368.35041691752957,-0.03139682634970089,369.8888614086649
1979-08-01,PuertoBerrio,Puerto Berrío,315.7741935483871,368.3190200911799,-0.03139682634970089,369.8888614086649
1979-09-01,PuertoBerrio,Puerto Berrío,405.0,368.2876232648302,-0.03139682634970089,369.8888614086649
1979-10-01,PuertoBerrio,Puerto Berrío,396.6774193548387,368.2562264384805,-0.03139682634970089,369.8888614086649
1979-11-01,PuertoBerrio,Puerto Berrío,476.8,368.22482961213075,-0.03139682634970089,369.8888614086649
1979-12-01,PuertoBerrio,Puerto Berrío,354.0,368.19343278578106,-0.03139682634970089,369.8888614086649
1980-01-01,PuertoBerrio,Puerto Berrío,314.93548387096774,368.16203595943136,-0.03139682634970089,369.8888614086649
1980-02-01,PuertoBerrio,Puerto Berrío,328.0,368.1306391330817,-0.03139682634970089,369.8888614086649
1980-03-01,PuertoBerrio,Puerto Berrío,293.5806451612903,368.099242306732,-0.03139682634970089,369.8888614086649
1980-04-01,PuertoBerrio,Puerto Berrío,337.26666666666665,368.0678454803823,-0.03139682634970089,369.8888614086649
1980-05-01,PuertoBerrio,Puerto Berrío,373.03225806451616,368.0364486540326,-0.03139682634970089,369.8888614086649
1980-06-01,PuertoBerrio,Puerto Berrío,384.56666666666666,368.00505182768285,-0.03139682634970089,369.8888614086649
1980-07-01,PuertoBerrio,Puerto Berrío,329.96774193548384,367.97365500133316,-0.03139682634970089,369.8888614086649
1980-08-01,PuertoBerrio,Puerto Berrío,310.5806451612903,367.94225817498346,-0.03139682634970089,369.8888614086649
1980-09-01,PuertoBerrio,Puerto Berrío,330.43333333333334,367.9108613486338,-0.03139682634970089,369.8888614086649
1980-10-01,PuertoBerrio,Puerto Berrío,415.0967741935484,367.8794645222841,-0.03139682634970089,369.8888614086649
1980-11-01,PuertoBerrio,Puerto Berrío,422.1666666666667,367.8480676959344,-0.03139682634970089,369.8888614086649
1980-12-01,PuertoBerrio,Puerto Berrío,387.258064516129,367.81667086958464,-0.03139682634970089,369.8888614086649
1981-01-01,PuertoBerrio,Puerto Berrío,313.4516129032258,367.78527404323495,-0.03139682634970089,369.8888614086649
1981-02-01,PuertoBerrio,Puerto Berrío,328.4642857142857,367.75387721688526,-0.03139682634970089,369.8888614086649
1981-03-01,PuertoBerrio,Puerto Berrío,331.6774193548387,367.72248039053557,-0.03139682634970089,369.8888614086649
1981-04-01,PuertoBerrio,Puerto Berrío,416.1666666666667,367.6910835641859,-0.03139682634970089,369.8888614086649
1981-05-01,PuertoBerrio,Puerto Berrío,517.8709677419355,367.6596867378362,-0.03139682634970089,369.8888614086649
1981-06-01,PuertoBerrio,Puerto Berrío,449.96666666666664,367.62828991148643,-0.03139682634970089,369.8888614086649
1981-07-01,PuertoBerrio,Puerto Berrío,383.7096774193548,367.59689308513674,-0.03139682634970089,369.8888614086649
1981-08-01,PuertoBerrio,Puerto Berrío,326.93548387096774,367.56549625878705,-0.03139682634970089,369.8888614086649
1981-09-01,PuertoBerrio,Puerto Berrío,357.8333333333333,367.53409943243736,-0.03139682634970089,369.8888614086649
1981-10-01,PuertoBerrio,Puerto Berrío,388.4516129032258,367.50270260608767,-0.03139682634970089,369.8888614086649
1981-11-01,PuertoBerrio,Puerto Berrío,443.93333333333334,367.471305779738,-0.03139682634970089,369.8888614086649
1981-12-01,PuertoBerrio,Puerto Berrío,390.4193548387097,367.4399089533882,-0.03139682634970089,369.8888614086649
1982-01-01,PuertoBerrio,Puerto Berrío,368.80645161290323,367.40851212703853,-0.03139682634970089,369.8888614086649
1982-02-01,PuertoBerrio,Puerto Berrío,376.92857142857144,367.37711530068884,-0.03139682634970089,369.8888614086649
1982-03-01,PuertoBerrio,Puerto Berrío,393.35483870967744,367.34571847433915,-0.03139682634970089,369.8888614086649
1982-04-01,PuertoBerrio,Puerto Berrío,476.56666666666666,367.31432164798946,-0.03139682634970089,369.8888614086649
1982-05-01,PuertoBerrio,Puerto Berrío,486.93548387096774,367.28292482163977,-0.03139682634970089,369.8888614086649
1982-06-01,PuertoBerrio,Puerto Berrío,372.8666666666667,367.2515279952901,-0.03139682634970089,369.8888614086649
1982-07-01,PuertoBerrio,Puerto Berrío,333.2258064516129,367.2201311689403,-0.03139682634970089,369.8888614086649
1982-08-01,PuertoBerrio,Puerto Berrío,304.9032258064516,367.18873434259064,-0.03139682634970089,369.8888614086649
1982-09-01,PuertoBerrio,Puerto Berrío,325.9,367.15733751624094,-0.03139682634970089,369.8888614086649
1982-10-01,PuertoBerrio,Puerto Berrío,413.48387096774195,367.12594068989125,-0.03139682634970089,369.8888614086649
1982-11-01,PuertoBerrio,Puerto Berrío,368.3,367.09454386354156,-0.03139682634970089,369.8888614086649
1982-12-01,PuertoBerrio,Puerto Berrío,360.6774193548387,367.06314703719187,-0.03139682634970089,369.8888614086649
1983-01-01,PuertoBerrio,Puerto Berrío,306.741935483871,367.0317502108421,-0.03139682634970089,369.8888614086649
1983-02-01,PuertoBerrio,Puerto Berrío,262.75,367.0003533844924,-0.03139682634970089,369.8888614086649
1983-03-01,PuertoBerrio,Puerto Berrío,307.38709677419354,366.96895655814274,-0.03139682634970089,369.8888614086649
1983-04-01,PuertoBerrio,Puerto Berrío,423.26666666666665,366.93755973179304,-0.03139682634970089,369.8888614086649
1983-05-01,PuertoBerrio,Puerto Berrío,419.741935483871,366.90616290544335,-0.03139682634970089,369.8888614086649
1983-06-01,PuertoBerrio,Puerto Berrío,341.73333333333335,366.87476607909366,-0.03139682634970089,369.8888614086649
1983-07-01,PuertoBerrio,Puerto Berrío,313.4193548387097,366.8433692527439,-0.03139682634970089,369.8888614086649
1983-08-01,PuertoBerrio,Puerto Berrío,306.19354838709677,366.8119724263942,-0.03139682634970089,369.8888614086649
1983-09-01,PuertoBerrio,Puerto Berrío,310.6,366.78057560004453,-0.03139682634970089,369.8888614086649
1983-10-01,PuertoBerrio,Puerto Berrío,343.80645161290323,366.74917877369484,-0.03139682634970089,369.8888614086649
1983-11-01,PuertoBerrio,Puerto Berrío,352.1333333333333,366.71778194734514,-0.03139682634970089,369.8888614086649
1983-12-01,PuertoBerrio,Puerto Berrío,379.16129032258067,366.68638512099545,-0.03139682634970089,369.8888614086649
1984-01-01,PuertoBerrio,Puerto Berrío,363.4516129032258,366.6549882946457,-0.03139682634970089,369.8888614086649
1984-02-01,PuertoBerrio,Puerto Berrío,385.2758620689655,366.623591468296,-0.03139682634970089,369.8888614086649
1984-03-01,PuertoBerrio,Puerto Berrío,332.61290322580646,366.5921946419463,-0.03139682634970089,369.8888614086649
1984-04-01,PuertoBerrio,Puerto Berrío,380.03333333333336,366.56079781559663,-0.03139682634970089,369.8888614086649
1984-05-01,PuertoBerrio,Puerto Berrío,468.16129032258067,366.52940098924694,-0.03139682634970089,369.8888614086649
1984-06-01,PuertoBerrio,Puerto Berrío,432.1,366.49800416289725,-0.03139682634970089,369.8888614086649
1984-07-01,PuertoBerrio,Puerto Berrío,401.80645161290323,366.46660733654755,-0.03139682634970089,369.8888614086649
1984-08-01,PuertoBerrio,Puerto Berrío,367.64516129032256,366.4352105101978,-0.03139682634970089,369.8888614086649
1984-09-01,PuertoBerrio,Puerto Berrío,408.03333333333336,366.4038136838481,-0.03139682634970089,369.8888614086649
1984-10-01,PuertoBerrio,Puerto Berrío,473.0,366.3724168574984,-0.03139682634970089,369.8888614086649
1984-11-01,PuertoBerrio,Puerto Berrío,515.2,366.34102003114873,-0.03139682634970089,369.8888614086649
1984-12-01,PuertoBerrio,Puerto Berrío,409.1290322580645,366.30962320479904,-0.03139682634970089,369.8888614086649
1985-01-01,PuertoBerrio,Puerto Berrío,315.4516129032258,366.27822637844935,-0.03139682634970089,369.8888614086649
1985-02-01,PuertoBerrio,Puerto Berrío,262.92857142857144,366.2468295520996,-0.03139682634970089,369.8888614086649
1985-03-01,PuertoBerrio,Puerto Berrío,283.16129032258067,366.2154327257499,-0.03139682634970089,369.8888614086649
1985-04-01,PuertoBerrio,Puerto Berrío,331.93333333333334,366.1840358994002,-0.03139682634970089,369.8888614086649
1985-05-01,PuertoBerrio,Puerto Berrío,374.2903225806452,366.1526390730505,-0.03139682634970089,369.8888614086649
1985-06-01,PuertoBerrio,Puerto Berrío,343.0,366.12124224670083,-0.03139682634970089,369.8888614086649
1985-07-01,PuertoBerrio,Puerto Berrío,297.96774193548384,366.08984542035114,-0.03139682634970089,369.8888614086649
1985-08-01,PuertoBerrio,Puerto Berrío,336.8709677419355,366.0584485940014,-0.03139682634970089,369.8888614086649
1985-09-01,PuertoBerrio,Puerto Berrío,333.18518518518516,366.0270517676517,-0.03139682634970089,369.8888614086649
1985-11-01,PuertoBerrio,Puerto Berrío,386.8,365.995654941302,-0.03139682634970089,369.8888614086649
1985-12-01,PuertoBerrio,Puerto Berrío,339.48387096774195,365.9642581149523,-0.03139682634970089,369.8888614086649
1986-01-01,PuertoBerrio,Puerto Berrío,302.19354838709677,365.9328612886026,-0.03139682634970089,369.8888614086649
1986-02-01,PuertoBerrio,Puerto Berrío,322.7142857142857,365.90146446225293,-0.03139682634970089,369.8888614086649
1986-03-01,PuertoBerrio,Puerto Berrío,379.19354838709677,365.8700676359032,-0.03139682634970089,369.8888614086649
1986-04-01,PuertoBerrio,Puerto Berrío,430.2,365.8386708095535,-0.03139682634970089,369.8888614086649
1986-05-01,PuertoBerrio,Puerto Berrío,411.9032258064516,365.8072739832038,-0.03139682634970089,369.8888614086649
1986-06-01,PuertoBerrio,Puerto Berrío,406.73333333333335,365.7758771568541,-0.03139682634970089,369.8888614086649
1986-07-01,PuertoBerrio,Puerto Berrío,384.80645161290323,365.7444803305044,-0.03139682634970089,369.8888614086649
1986-08-01,PuertoBerrio,Puerto Berrío,302.258064516129,365.7130835041547,-0.03139682634970089,369.8888614086649
1986-09-01,PuertoBerrio,Puerto Berrío,302.03333333333336,365.681686677805,-0.03139682634970089,369.8888614086649
1986-10-01,PuertoBerrio,Puerto Berrío,439.48387096774195,365.6502898514553,-0.03139682634970089,369.8888614086649
1986-11-01,PuertoBerrio,Puerto Berrío,419.7,365.6188930251056,-0.03139682634970089,369.8888614086649
1986-12-01,PuertoBerrio,Puerto Berrío,314.258064516129,365.5874961987559,-0.03139682634970089,369.8888614086649
1987-01-01,PuertoBerrio,Puerto Berrío,283.06451612903226,365.5560993724062,-0.03139682634970089,369.8888614086649
1987-02-01,PuertoBerrio,Puerto Berrío,274.75,365.5247025460565,-0.03139682634970089,369.8888614086649
1987-03-01,PuertoBerrio,Puerto Berrío,256.5483870967742,365.4933057197068,-0.03139682634970089,369.8888614086649
1987-04-01,PuertoBerrio,Puerto Berrío,301.3333333333333,365.4619088933571,-0.03139682634970089,369.8888614086649
1987-05-01,PuertoBerrio,Puerto Berrío,395.2258064516129,365.4305120670074,-0.03139682634970089,369.8888614086649
1987-06-01,PuertoBerrio,Puerto Berrío,320.3333333333333,365.3991152406577,-0.03139682634970089,369.8888614086649
1987-07-01,PuertoBerrio,Puerto Berrío,332.72222222222223,365.367718414308,-0.03139682634970089,369.8888614086649
1987-08-01,PuertoBerrio,Puerto Berrío,361.83870967741933,365.3363215879583,-0.03139682634970089,369.8888614086649
1987-09-01,PuertoBerrio,Puerto Berrío,331.3076923076923,365.3049247616086,-0.03139682634970089,369.8888614086649
1987-10-01,PuertoBerrio,Puerto Berrío,418.43333333333334,365.27352793525887,-0.03139682634970089,369.8888614086649
1987-11-01,PuertoBerrio,Puerto Berrío,421.6521739130435,365.2421311089092,-0.03139682634970089,369.8888614086649
1987-12-01,PuertoBerrio,Puerto Berrío,355.48,365.2107342825595,-0.03139682634970089,369.8888614086649
1988-01-01,PuertoBerrio,Puerto Berrío,300.64516129032256,365.1793374562098,-0.03139682634970089,369.8888614086649
1988-02-01,PuertoBerrio,Puerto Berrío,291.3103448275862,365.1479406298601,-0.03139682634970089,369.8888614086649
1988-03-01,PuertoBerrio,Puerto Berrío,270.06451612903226,365.1165438035104,-0.03139682634970089,369.8888614086649
1988-04-01,PuertoBerrio,Puerto Berrío,356.9,365.08514697716066,-0.03139682634970089,369.8888614086649
1988-05-01,PuertoBerrio,Puerto Berrío,355.38709677419354,365.05375015081097,-0.03139682634970089,369.8888614086649
1988-06-01,PuertoBerrio,Puerto Berrío,379.06666666666666,365.0223533244613,-0.03139682634970089,369.8888614086649
1988-07-01,PuertoBerrio,Puerto Berrío,388.4193548387097,364.9909564981116,-0.03139682634970089,369.8888614086649
1988-08-01,PuertoBerrio,Puerto Berrío,379.741935483871,364.9595596717619,-0.03139682634970089,369.8888614086649
1988-09-01,PuertoBerrio,Puerto Berrío,421.3666666666667,364.9281628454122,-0.03139682634970089,369.8888614086649
1988-10-01,PuertoBerrio,Puerto Berrío,408.96774193548384,364.89676601906245,-0.03139682634970089,369.8888614086649
1988-11-01,PuertoBerrio,Puerto Berrío,466.8,364.86536919271276,-0.03139682634970089,369.8888614086649
1988-12-01,PuertoBerrio,Puerto Berrío,445.9032258064516,364.83397236636307,-0.03139682634970089,369.8888614086649
1989-01-01,PuertoBerrio,Puerto Berrío,404.2903225806452,364.8025755400134,-0.03139682634970089,369.8888614086649
1989-02-01,PuertoBerrio,Puerto Berrío,373.9642857142857,364.7711787136637,-0.03139682634970089,369.8888614086649
1989-03-01,PuertoBerrio,Puerto Berrío,415.64,364.739781887314,-0.03139682634970089,369.8888614086649
1989-04-01,PuertoBerrio,Puerto Berrío,381.96666666666664,364.7083850609643,-0.03139682634970089,369.8888614086649
1989-05-01,PuertoBerrio,Puerto Berrío,421.5483870967742,364.67698823461456,-0.03139682634970089,369.8888614086649
1989-06-01,PuertoBerrio,Puerto Berrío,399.3666666666667,364.64559140826486,-0.03139682634970089,369.8888614086649
1989-07-01,PuertoBerrio,Puerto Berrío,357.76666666666665,364.61419458191517,-0.03139682634970089,369.8888614086649
1989-08-01,PuertoBerrio,Puerto Berrío,332.35483870967744,364.5827977555655,-0.03139682634970089,369.8888614086649
1989-09-01,PuertoBerrio,Puerto Berrío,395.23333333333335,364.5514009292158,-0.03139682634970089,369.8888614086649
1989-10-01,PuertoBerrio,Puerto Berrío,440.1034482758621,364.5200041028661,-0.03139682634970089,369.8888614086649
1989-11-01,PuertoBerrio,Puerto Berrío,406.37931034482756,364.48860727651635,-0.03139682634970089,369.8888614086649
1989-12-01,PuertoBerrio,Puerto Berrío,377.3333333333333,364.45721045016666,-0.03139682634970089,369.8888614086649
1990-03-01,PuertoBerrio,Puerto Berrío,299.741935483871,364.42581362381696,-0.03139682634970089,369.8888614086649
1990-04-01,PuertoBerrio,Puerto Berrío,376.7,364.3944167974673,-0.03139682634970089,369.8888614086649
1990-05-01,PuertoBerrio,Puerto Berrío,410.0,364.3630199711176,-0.03139682634970089,369.8888614086649
1990-06-01,PuertoBerrio,Puerto Berrío,341.5,364.3316231447679,-0.03139682634970089,369.8888614086649
1990-07-01,PuertoBerrio,Puerto Berrío,339.1290322580645,364.30022631841814,-0.03139682634970089,369.8888614086649
1990-08-01,PuertoBerrio,Puerto Berrío,299.2903225806452,364.26882949206845,-0.03139682634970089,369.8888614086649
1990-09-01,PuertoBerrio,Puerto Berrío,311.3666666666667,364.23743266571876,-0.03139682634970089,369.8888614086649
1990-10-01,PuertoBerrio,Puerto Berrío,413.0967741935484,364.20603583936906,-0.03139682634970089,369.8888614086649
1990-11-01,PuertoBerrio,Puerto Berrío,404.3,364.1746390130194,-0.03139682634970089,369.8888614086649
1990-12-01,PuertoBerrio,Puerto Berrío,376.6774193548387,364.1432421866697,-0.03139682634970089,369.8888614086649
1991-01-01,PuertoBerrio,Puerto Berrío,318.741935483871,364.11184536031993,-0.03139682634970089,369.8888614086649
1991-02-01,PuertoBerrio,Puerto Berrío,275.82142857142856,364.08044853397024,-0.03139682634970089,369.8888614086649
1991-03-01,PuertoBerrio,Puerto Berrío,333.35483870967744,364.04905170762055,-0.03139682634970089,369.8888614086649
1991-04-01,PuertoBerrio,Puerto Berrío,363.6,364.01765488127086,-0.03139682634970089,369.8888614086649
1991-05-01,PuertoBerrio,Puerto Berrío,399.0,363.98625805492117,-0.03139682634970089,369.8888614086649
1991-06-01,PuertoBerrio,Puerto Berrío,362.1,363.9548612285715,-0.03139682634970089,369.8888614086649
1991-07-01,PuertoBerrio,Puerto Berrío,360.38709677419354,363.9234644022217,-0.03139682634970089,369.8888614086649
1991-08-01,PuertoBerrio,Puerto Berrío,352.7096774193548,363.89206757587203,-0.03139682634970089,369.8888614086649
1991-09-01,PuertoBerrio,Puerto Berrío,338.46666666666664,363.86067074952234,-0.03139682634970089,369.8888614086649
1991-10-01,PuertoBerrio,Puerto Berrío,361.5806451612903,363.82927392317265,-0.03139682634970089,369.8888614086649
1991-11-01,PuertoBerrio,Puerto Berrío,401.6,363.79787709682296,-0.03139682634970089,369.8888614086649
1991-12-01,PuertoBerrio,Puerto Berrío,381.61290322580646,363.76648027047327,-0.03139682634970089,369.8888614086649
1992-01-01,PuertoBerrio,Puerto Berrío,327.5483870967742,363.7350834441236,-0.03139682634970089,369.8888614086649
1992-02-01,PuertoBerrio,Puerto Berrío,317.7586206896552,363.7036866177738,-0.03139682634970089,369.8888614086649
1992-03-01,PuertoBerrio,Puerto Berrío,305.5806451612903,363.67228979142413,-0.03139682634970089,369.8888614086649
1992-04-01,PuertoBerrio,Puerto Berrío,307.56666666666666,363.64089296507444,-0.03139682634970089,369.8888614086649
1992-05-01,PuertoBerrio,Puerto Berrío,370.7741935483871,363.60949613872475,-0.03139682634970089,369.8888614086649
1992-06-01,PuertoBerrio,Puerto Berrío,339.76666666666665,363.57809931237506,-0.03139682634970089,369.8888614086649
1992-07-01,PuertoBerrio,Puerto Berrío,322.93548387096774,363.54670248602537,-0.03139682634970089,369.8888614086649
1992-08-01,PuertoBerrio,Puerto Berrío,346.0967741935484,363.5153056596756,-0.03139682634970089,369.8888614086649
1992-09-01,PuertoBerrio,Puerto Berrío,343.43333333333334,363.4839088333259,-0.03139682634970089,369.8888614086649
1992-10-01,PuertoBerrio,Puerto Berrío,345.1290322580645,363.45251200697624,-0.03139682634970089,369.8888614086649
1992-11-01,PuertoBerrio,Puerto Berrío,372.06666666666666,363.42111518062654,-0.03139682634970089,369.8888614086649
1992-12-01,PuertoBerrio,Puerto Berrío,390.64516129032256,363.38971835427685,-0.03139682634970089,369.8888614086649
1993-01-01,PuertoBerrio,Puerto Berrío,338.03225806451616,363.35832152792716,-0.03139682634970089,369.8888614086649
1993-02-01,PuertoBerrio,Puerto Berrío,334.5357142857143,363.3269247015774,-0.03139682634970089,369.8888614086649
1993-03-01,PuertoBerrio,Puerto Berrío,376.2903225806452,363.2955278752277,-0.03139682634970089,369.8888614086649
1993-04-01,PuertoBerrio,Puerto Berrío,414.43333333333334,363.264131048878,-0.03139682634970089,369.8888614086649
1993-05-01,PuertoBerrio,Puerto Berrío,466.61290322580646,363.23273422252834,-0.03139682634970089,369.8888614086649
1993-06-01,PuertoBerrio,Puerto Berrío,367.03333333333336,363.20133739617864,-0.03139682634970089,369.8888614086649
1993-07-01,PuertoBerrio,Puerto Berrío,343.741935483871,363.16994056982895,-0.03139682634970089,369.8888614086649
1993-08-01,PuertoBerrio,Puerto Berrío,324.80645161290323,363.1385437434792,-0.03139682634970089,369.8888614086649
1993-09-01,PuertoBerrio,Puerto Berrío,368.5,363.1071469171295,-0.03139682634970089,369.8888614086649
1993-10-01,PuertoBerrio,Puerto Berrío,377.19354838709677,363.0757500907798,-0.03139682634970089,369.8888614086649
1993-11-01,PuertoBerrio,Puerto Berrío,452.1666666666667,363.04435326443013,-0.03139682634970089,369.8888614086649
1993-12-01,PuertoBerrio,Puerto Berrío,434.9032258064516,363.01295643808044,-0.03139682634970089,369.8888614086649
1994-01-01,PuertoBerrio,Puerto Berrío,346.61290322580646,362.98155961173075,-0.03139682634970089,369.8888614086649
1994-02-01,PuertoBerrio,Puerto Berrío,369.89285714285717,362.95016278538105,-0.03139682634970089,369.8888614086649
1994-03-01,PuertoBerrio,Puerto Berrío,417.96774193548384,362.9187659590313,-0.03139682634970089,369.8888614086649
1994-04-01,PuertoBerrio,Puerto Berrío,487.56666666666666,362.8873691326816,-0.03139682634970089,369.8888614086649
1994-05-01,PuertoBerrio,Puerto Berrío,474.7096774193548,362.8559723063319,-0.03139682634970089,369.8888614086649
1994-06-01,PuertoBerrio,Puerto Berrío,420.5,362.82457547998223,-0.03139682634970089,369.8888614086649
1994-07-01,PuertoBerrio,Puerto Berrío,368.7741935483871,362.79317865363254,-0.03139682634970089,369.8888614086649
1994-08-01,PuertoBerrio,Puerto Berrío,333.4193548387097,362.76178182728285,-0.03139682634970089,369.8888614086649
1994-09-01,PuertoBerrio,Puerto Berrío,305.8666666666667,362.7303850009331,-0.03139682634970089,369.8888614086649
1994-10-01,PuertoBerrio,Puerto Berrío,397.7096774193548,362.6989881745834,-0.03139682634970089,369.8888614086649
1994-11-01,PuertoBerrio,Puerto Berrío,446.46666666666664,362.6675913482337,-0.03139682634970089,369.8888614086649
1994-12-01,PuertoBerrio,Puerto Berrío,384.64516129032256,362.636194521884,-0.03139682634970089,369.8888614086649
1995-01-01,PuertoBerrio,Puerto Berrío,274.7741935483871,362.60479769553433,-0.03139682634970089,369.8888614086649
1995-02-01,PuertoBerrio,Puerto Berrío,251.21428571428572,362.57340086918464,-0.03139682634970089,369.8888614086649
1995-03-01,PuertoBerrio,Puerto Berrío,298.7083333333333,362.5420040428349,-0.03139682634970089,369.8888614086649
1995-04-01,PuertoBerrio,Puerto Berrío,375.7037037037037,362.5106072164852,-0.03139682634970089,369.8888614086649
1995-05-01,PuertoBerrio,Puerto Berrío,435.5,362.4792103901355,-0.03139682634970089,369.8888614086649
1995-06-01,PuertoBerrio,Puerto Berrío,405.1,362.4478135637858,-0.03139682634970089,369.8888614086649
1995-07-01,PuertoBerrio,Puerto Berrío,374.06451612903226,362.4164167374361,-0.03139682634970089,369.8888614086649
1995-08-01,PuertoBerrio,Puerto Berrío,401.19354838709677,362.38501991108643,-0.03139682634970089,369.8888614086649
1995-09-01,PuertoBerrio,Puerto Berrío,335.6666666666667,362.3536230847367,-0.03139682634970089,369.8888614086649
1995-10-01,PuertoBerrio,Puerto Berrío,393.741935483871,362.322226258387,-0.03139682634970089,369.8888614086649
1995-11-01,PuertoBerrio,Puerto Berrío,427.9,362.2908294320373,-0.03139682634970089,369.8888614086649
1995-12-01,PuertoBerrio,Puerto Berrío,406.6774193548387,362.2594326056876,-0.03139682634970089,369.8888614086649
1996-01-01,PuertoBerrio,Puerto Berrío,349.8709677419355,362.2280357793379,-0.03139682634970089,369.8888614086649
1996-02-01,PuertoBerrio,Puerto Berrío,386.2413793103448,362.1966389529882,-0.03139682634970089,369.8888614086649
1996-03-01,PuertoBerrio,Puerto Berrío,441.03225806451616,362.16524212663853,-0.03139682634970089,369.8888614086649
1996-04-01,PuertoBerrio,Puerto Berrío,399.5,362.1338453002888,-0.03139682634970089,369.8888614086649
1996-05-01,PuertoBerrio,Puerto Berrío,468.1290322580645,362.1024484739391,-0.03139682634970089,369.8888614086649
1996-06-01,PuertoBerrio,Puerto Berrío,423.9,362.0710516475894,-0.03139682634970089,369.8888614086649
1996-07-01,PuertoBerrio,Puerto Berrío,404.8709677419355,362.0396548212397,-0.03139682634970089,369.8888614086649
1996-08-01,PuertoBerrio,Puerto Berrío,336.38709677419354,362.00825799489,-0.03139682634970089,369.8888614086649
1996-09-01,PuertoBerrio,Puerto Berrío,322.53333333333336,361.9768611685403,-0.03139682634970089,369.8888614086649
1996-10-01,PuertoBerrio,Puerto Berrío,409.8709677419355,361.9454643421906,-0.03139682634970089,369.8888614086649
1996-11-01,PuertoBerrio,Puerto Berrío,370.8333333333333,361.9140675158409,-0.03139682634970089,369.8888614086649
1996-12-01,PuertoBerrio,Puerto Berrío,380.93548387096774,361.8826706894912,-0.03139682634970089,369.8888614086649
1997-01-01,PuertoBerrio,Puerto Berrío,351.4193548387097,361.8512738631415,-0.03139682634970089,369.8888614086649
1997-02-01,PuertoBerrio,Puerto Berrío,363.32142857142856,361.8198770367918,-0.03139682634970089,369.8888614086649
1997-03-01,PuertoBerrio,Puerto Berrío,314.4516129032258,361.7884802104421,-0.03139682634970089,369.8888614086649
1997-04-01,PuertoBerrio,Puerto Berrío,358.96666666666664,361.75708338409237,-0.03139682634970089,369.8888614086649
1997-05-01,PuertoBerrio,Puerto Berrío,350.2258064516129,361.7256865577427,-0.03139682634970089,369.8888614086649
1997-06-01,PuertoBerrio,Puerto Berrío,352.06666666666666,361.694289731393,-0.03139682634970089,369.8888614086649
1997-07-01,PuertoBerrio,Puerto Berrío,337.0967741935484,361.6628929050433,-0.03139682634970089,369.8888614086649
1997-08-01,PuertoBerrio,Puerto Berrío,280.61290322580646,361.6314960786936,-0.03139682634970089,369.8888614086649
1997-09-01,PuertoBerrio,Puerto Berrío,287.2,361.6000992523439,-0.03139682634970089,369.8888614086649
1997-10-01,PuertoBerrio,Puerto Berrío,329.4516129032258,361.56870242599416,-0.03139682634970089,369.8888614086649
1997-11-01,PuertoBerrio,Puerto Berrío,370.8666666666667,361.53730559964447,-0.03139682634970089,369.8888614086649
1997-12-01,PuertoBerrio,Puerto Berrío,304.1875,361.5059087732948,-0.03139682634970089,369.8888614086649
1998-01-01,PuertoBerrio,Puerto Berrío,261.26666666666665,361.4745119469451,-0.03139682634970089,369.8888614086649
1998-02-01,PuertoBerrio,Puerto Berrío,297.5357142857143,361.4431151205954,-0.03139682634970089,369.8888614086649
1998-03-01,PuertoBerrio,Puerto Berrío,293.7096774193548,361.4117182942457,-0.03139682634970089,369.8888614086649
1998-04-01,PuertoBerrio,Puerto Berrío,411.3333333333333,361.380321467896,-0.03139682634970089,369.8888614086649
1998-05-01,PuertoBerrio,Puerto Berrío,420.16129032258067,361.34892464154626,-0.03139682634970089,369.8888614086649
1998-06-01,PuertoBerrio,Puerto Berrío,383.73333333333335,361.31752781519657,-0.03139682634970089,369.8888614086649
1998-07-01,PuertoBerrio,Puerto Berrío,378.2258064516129,361.2861309888469,-0.03139682634970089,369.8888614086649
1998-08-01,PuertoBerrio,Puerto Berrío,344.741935483871,361.2547341624972,-0.03139682634970089,369.8888614086649
1998-09-01,PuertoBerrio,Puerto Berrío,371.06666666666666,361.2233373361475,-0.03139682634970089,369.8888614086649
1998-10-01,PuertoBerrio,Puerto Berrío,418.3225806451613,361.1919405097978,-0.03139682634970089,369.8888614086649
1998-11-01,PuertoBerrio,Puerto Berrío,467.76666666666665,361.16054368344805,-0.03139682634970089,369.8888614086649
1998-12-01,PuertoBerrio,Puerto Berrío,458.0967741935484,361.12914685709836,-0.03139682634970089,369.8888614086649
1999-01-01,PuertoBerrio,Puerto Berrío,414.5806451612903,361.09775003074867,-0.03139682634970089,369.8888614086649
1999-02-01,PuertoBerrio,Puerto Berrío,484.0357142857143,361.066353204399,-0.03139682634970089,369.8888614086649
1999-03-01,PuertoBerrio,Puerto Berrío,442.4516129032258,361.0349563780493,-0.03139682634970089,369.8888614086649
1999-04-01,PuertoBerrio,Puerto Berrío,463.6,361.0035595516996,-0.03139682634970089,369.8888614086649
1999-05-01,PuertoBerrio,Puerto Berrío,430.2258064516129,360.97216272534985,-0.03139682634970089,369.8888614086649
1999-06-01,PuertoBerrio,Puerto Berrío,407.46666666666664,360.94076589900016,-0.03139682634970089,369.8888614086649
1999-07-01,PuertoBerrio,Puerto Berrío,337.6774193548387,360.90936907265046,-0.03139682634970089,369.8888614086649
1999-08-01,PuertoBerrio,Puerto Berrío,326.06451612903226,360.87797224630077,-0.03139682634970089,369.8888614086649
1999-09-01,PuertoBerrio,Puerto Berrío,371.7,360.8465754199511,-0.03139682634970089,369.8888614086649
1999-10-01,PuertoBerrio,Puerto Berrío,435.64516129032256,360.8151785936014,-0.03139682634970089,369.8888614086649
1999-11-01,PuertoBerrio,Puerto Berrío,451.9,360.78378176725164,-0.03139682634970089,369.8888614086649
1999-12-01,PuertoBerrio,Puerto Berrío,464.96774193548384,360.75238494090195,-0.03139682634970089,369.8888614086649
2000-01-01,PuertoBerrio,Puerto Berrío,322.80645161290323,360.72098811455226,-0.03139682634970089,369.8888614086649
2000-02-01,PuertoBerrio,Puerto Berrío,355.51724137931035,360.68959128820256,-0.03139682634970089,369.8888614086649
2000-03-01,PuertoBerrio,Puerto Berrío,423.61290322580646,360.6581944618529,-0.03139682634970089,369.8888614086649
2000-04-01,PuertoBerrio,Puerto Berrío,412.46666666666664,360.6267976355032,-0.03139682634970089,369.8888614086649
2000-05-01,PuertoBerrio,Puerto Berrío,465.93548387096774,360.5954008091535,-0.03139682634970089,369.8888614086649
2000-06-01,PuertoBerrio,Puerto Berrío,445.1666666666667,360.56400398280374,-0.03139682634970089,369.8888614086649
2000-07-01,PuertoBerrio,Puerto Berrío,374.9032258064516,360.53260715645405,-0.03139682634970089,369.8888614086649
2000-08-01,PuertoBerrio,Puerto Berrío,345.83870967741933,360.50121033010436,-0.03139682634970089,369.8888614086649
2000-09-01,PuertoBerrio,Puerto Berrío,411.6666666666667,360.46981350375466,-0.03139682634970089,369.8888614086649
2000-10-01,PuertoBerrio,Puerto Berrío,405.5806451612903,360.438416677405,-0.03139682634970089,369.8888614086649
2000-11-01,PuertoBerrio,Puerto Berrío,403.56666666666666,360.4070198510553,-0.03139682634970089,369.8888614086649
2000-12-01,PuertoBerrio,Puerto Berrío,340.2258064516129,360.37562302470553,-0.03139682634970089,369.8888614086649
2001-01-01,PuertoBerrio,Puerto Berrío,307.64516129032256,360.34422619835584,-0.03139682634970089,369.8888614086649
2001-02-01,PuertoBerrio,Puerto Berrío,269.75,360.31282937200615,-0.03139682634970089,369.8888614086649
2001-03-01,PuertoBerrio,Puerto Berrío,345.06451612903226,360.28143254565646,-0.03139682634970089,369.8888614086649
2001-04-01,PuertoBerrio,Puerto Berrío,321.1666666666667,360.25003571930677,-0.03139682634970089,369.8888614086649
2001-05-01,PuertoBerrio,Puerto Berrío,365.83870967741933,360.2186388929571,-0.03139682634970089,369.8888614086649
2001-06-01,PuertoBerrio,Puerto Berrío,339.5,360.1872420666073,-0.03139682634970089,369.8888614086649
2001-07-01,PuertoBerrio,Puerto Berrío,332.83870967741933,360.15584524025763,-0.03139682634970089,369.8888614086649
2001-08-01,PuertoBerrio,Puerto Berrío,292.4516129032258,360.12444841390794,-0.03139682634970089,369.8888614086649
2001-09-01,PuertoBerrio,Puerto Berrío,323.96666666666664,360.09305158755825,-0.03139682634970089,369.8888614086649
2001-10-01,PuertoBerrio,Puerto Berrío,341.61290322580646,360.06165476120856,-0.03139682634970089,369.8888614086649
2001-11-01,PuertoBerrio,Puerto Berrío,395.6,360.03025793485887,-0.03139682634970089,369.8888614086649
2001-12-01,PuertoBerrio,Puerto Berrío,424.2258064516129,359.9988611085091,-0.03139682634970089,369.8888614086649
2002-01-01,PuertoBerrio,Puerto Berrío,324.2903225806452,359.9674642821594,-0.03139682634970089,369.8888614086649
2002-02-01,PuertoBerrio,Puerto Berrío,301.0357142857143,359.93606745580973,-0.03139682634970089,369.8888614086649
2002-03-01,PuertoBerrio,Puerto Berrío,326.9032258064516,359.90467062946004,-0.03139682634970089,369.8888614086649
2002-04-01,PuertoBerrio,Puerto Berrío,442.46666666666664,359.87327380311035,-0.03139682634970089,369.8888614086649
2002-05-01,PuertoBerrio,Puerto Berrío,375.83870967741933,359.84187697676066,-0.03139682634970089,369.8888614086649
2002-06-01,PuertoBerrio,Puerto Berrío,439.1,359.8104801504109,-0.03139682634970089,369.8888614086649
2002-07-01,PuertoBerrio,Puerto Berrío,332.16129032258067,359.7790833240612,-0.03139682634970089,369.8888614086649
2002-08-01,PuertoBerrio,Puerto Berrío,309.5483870967742,359.7476864977115,-0.03139682634970089,369.8888614086649
2002-09-01,PuertoBerrio,Puerto Berrío,307.6333333333333,359.71628967136184,-0.03139682634970089,369.8888614086649
2002-10-01,PuertoBerrio,Puerto Berrío,332.48387096774195,359.68489284501214,-0.03139682634970089,369.8888614086649
2002-11-01,PuertoBerrio,Puerto Berrío,382.1666666666667,359.65349601866245,-0.03139682634970089,369.8888614086649
2002-12-01,PuertoBerrio,Puerto Berrío,342.61290322580646,359.6220991923127,-0.03139682634970089,369.8888614086649
2003-01-01,PuertoBerrio,Puerto Berrío,269.96774193548384,359.590702365963,-0.03139682634970089,369.8888614086649
2003-02-01,PuertoBerrio,Puerto Berrío,275.14285714285717,359.5593055396133,-0.03139682634970089,369.8888614086649
2003-03-01,PuertoBerrio,Puerto Berrío,315.03225806451616,359.5279087132636,-0.03139682634970089,369.8888614086649
2003-04-01,PuertoBerrio,Puerto Berrío,386.1666666666667,359.49651188691394,-0.03139682634970089,369.8888614086649
2003-05-01,PuertoBerrio,Puerto Berrío,361.1290322580645,359.46511506056424,-0.03139682634970089,369.8888614086649
2003-06-01,PuertoBerrio,Puerto Berrío,392.96666666666664,359.43371823421455,-0.03139682634970089,369.8888614086649
2003-07-01,PuertoBerrio,Puerto Berrío,331.06451612903226,359.4023214078648,-0.03139682634970089,369.8888614086649
2003-08-01,PuertoBerrio,Puerto Berrío,319.741935483871,359.3709245815151,-0.03139682634970089,369.8888614086649
2003-09-01,PuertoBerrio,Puerto Berrío,320.73333333333335,359.3395277551654,-0.03139682634970089,369.8888614086649
2003-10-01,PuertoBerrio,Puerto Berrío,388.1290322580645,359.30813092881573,-0.03139682634970089,369.8888614086649
2003-11-01,PuertoBerrio,Puerto Berrío,433.0344827586207,359.27673410246604,-0.03139682634970089,369.8888614086649
2003-12-01,PuertoBerrio,Puerto Berrío,395.0,359.24533727611635,-0.03139682634970089,369.8888614086649
2004-01-01,PuertoBerrio,Puerto Berrío,327.7741935483871,359.2139404497666,-0.03139682634970089,369.8888614086649
2004-02-01,PuertoBerrio,Puerto Berrío,290.3448275862069,359.1825436234169,-0.03139682634970089,369.8888614086649
2004-03-01,PuertoBerrio,Puerto Berrío,299.93548387096774,359.1511467970672,-0.03139682634970089,369.8888614086649
2004-04-01,PuertoBerrio,Puerto Berrío,373.2,359.1197499707175,-0.03139682634970089,369.8888614086649
2004-05-01,PuertoBerrio,Puerto Berrío,425.96774193548384,359.08835314436783,-0.03139682634970089,369.8888614086649
2004-06-01,PuertoBerrio,Puerto Berrío,367.03333333333336,359.05695631801814,-0.03139682634970089,369.8888614086649
2004-07-01,PuertoBerrio,Puerto Berrío,334.9032258064516,359.0255594916684,-0.03139682634970089,369.8888614086649
2004-08-01,PuertoBerrio,Puerto Berrío,324.16129032258067,358.9941626653187,-0.03139682634970089,369.8888614086649
2004-09-01,PuertoBerrio,Puerto Berrío,352.1333333333333,358.962765838969,-0.03139682634970089,369.8888614086649
2004-10-01,PuertoBerrio,Puerto Berrío,385.61290322580646,358.9313690126193,-0.03139682634970089,369.8888614086649
2004-11-01,PuertoBerrio,Puerto Berrío,465.8,358.8999721862696,-0.03139682634970089,369.8888614086649
2004-12-01,PuertoBerrio,Puerto Berrío,386.2903225806452,358.86857535991993,-0.03139682634970089,369.8888614086649
2005-01-01,PuertoBerrio,Puerto Berrío,322.03225806451616,358.8371785335702,-0.03139682634970089,369.8888614086649
2005-02-01,PuertoBerrio,Puerto Berrío,354.4642857142857,358.8057817072205,-0.03139682634970089,369.8888614086649
2005-03-01,PuertoBerrio,Puerto Berrío,345.9032258064516,358.7743848808708,-0.03139682634970089,369.8888614086649
2005-04-01,PuertoBerrio,Puerto Berrío,365.5,358.7429880545211,-0.03139682634970089,369.8888614086649
2005-05-01,PuertoBerrio,Puerto Berrío,433.96774193548384,358.7115912281714,-0.03139682634970089,369.8888614086649
2005-06-01,PuertoBerrio,Puerto Berrío,360.03333333333336,358.6801944018217,-0.03139682634970089,369.8888614086649
2005-07-01,PuertoBerrio,Puerto Berrío,311.35483870967744,358.64879757547203,-0.03139682634970089,369.8888614086649
2005-08-01,PuertoBerrio,Puerto Berrío,301.2903225806452,358.6174007491223,-0.03139682634970089,369.8888614086649
2005-09-01,PuertoBerrio,Puerto Berrío,299.03333333333336,358.5860039227726,-0.03139682634970089,369.8888614086649
2005-10-01,PuertoBerrio,Puerto Berrío,400.03225806451616,358.5546070964229,-0.03139682634970089,369.8888614086649
2005-11-01,PuertoBerrio,Puerto Berrío,432.3,358.5232102700732,-0.03139682634970089,369.8888614086649
2005-12-01,PuertoBerrio,Puerto Berrío,396.258064516129,358.4918134437235,-0.03139682634970089,369.8888614086649
2006-01-01,PuertoBerrio,Puerto Berrío,367.4516129032258,358.4604166173738,-0.03139682634970089,369.8888614086649
2006-02-01,PuertoBerrio,Puerto Berrío,345.07142857142856,358.4290197910241,-0.03139682634970089,369.8888614086649
2006-03-01,PuertoBerrio,Puerto Berrío,393.0967741935484,358.3976229646744,-0.03139682634970089,369.8888614086649
2006-04-01,PuertoBerrio,Puerto Berrío,447.6666666666667,358.3662261383247,-0.03139682634970089,369.8888614086649
2006-05-01,PuertoBerrio,Puerto Berrío,420.5806451612903,358.334829311975,-0.03139682634970089,369.8888614086649
2006-06-01,PuertoBerrio,Puerto Berrío,383.3333333333333,358.3034324856253,-0.03139682634970089,369.8888614086649
2006-07-01,PuertoBerrio,Puerto Berrío,307.51612903225805,358.2720356592756,-0.03139682634970089,369.8888614086649
2006-08-01,PuertoBerrio,Puerto Berrío,281.83870967741933,358.24063883292587,-0.03139682634970089,369.8888614086649
2006-09-01,PuertoBerrio,Puerto Berrío,313.2,358.2092420065762,-0.03139682634970089,369.8888614086649
2006-10-01,PuertoBerrio,Puerto Berrío,337.38709677419354,358.1778451802265,-0.03139682634970089,369.8888614086649
2006-11-01,PuertoBerrio,Puerto Berrío,431.7,358.1464483538768,-0.03139682634970089,369.8888614086649
2006-12-01,PuertoBerrio,Puerto Berrío,400.7096774193548,358.1150515275271,-0.03139682634970089,369.8888614086649
2007-01-01,PuertoBerrio,Puerto Berrío,310.258064516129,358.0836547011774,-0.03139682634970089,369.8888614086649
2007-02-01,PuertoBerrio,Puerto Berrío,236.67857142857142,358.05225787482766,-0.03139682634970089,369.8888614086649
2007-03-01,PuertoBerrio,Puerto Berrío,268.80645161290323,358.02086104847797,-0.03139682634970089,369.8888614086649
2007-04-01,PuertoBerrio,Puerto Berrío,417.73333333333335,357.9894642221283,-0.03139682634970089,369.8888614086649
2007-05-01,PuertoBerrio,Puerto Berrío,428.7096774193548,357.9580673957786,-0.03139682634970089,369.8888614086649
2007-06-01,PuertoBerrio,Puerto Berrío,379.76666666666665,357.9266705694289,-0.03139682634970089,369.8888614086649
2007-07-01,PuertoBerrio,Puerto Berrío,327.96774193548384,357.8952737430792,-0.03139682634970089,369.8888614086649
2007-08-01,PuertoBerrio,Puerto Berrío,325.5483870967742,357.8638769167295,-0.03139682634970089,369.8888614086649
2007-09-01,PuertoBerrio,Puerto Berrío,335.7,357.83248009037976,-0.03139682634970089,369.8888614086649
2007-10-01,PuertoBerrio,Puerto Berrío,407.96774193548384,357.80108326403007,-0.03139682634970089,369.8888614086649
2007-11-01,PuertoBerrio,Puerto Berrío,428.03333333333336,357.7696864376804,-0.03139682634970089,369.8888614086649
2007-12-01,PuertoBerrio,Puerto Berrío,377.6774193548387,357.7382896113307,-0.03139682634970089,369.8888614086649
2008-01-01,PuertoBerrio,Puerto Berrío,341.93548387096774,357.706892784981,-0.03139682634970089,369.8888614086649
2008-02-01,PuertoBerrio,Puerto Berrío,347.48275862068965,357.6754959586313,-0.03139682634970089,369.8888614086649
2008-03-01,PuertoBerrio,Puerto Berrío,388.16129032258067,357.64409913228155,-0.03139682634970089,369.8888614086649
2008-04-01,PuertoBerrio,Puerto Berrío,413.6666666666667,357.61270230593186,-0.03139682634970089,369.8888614086649
2008-05-01,PuertoBerrio,Puerto Berrío,433.1290322580645,357.58130547958217,-0.03139682634970089,369.8888614086649
2008-06-01,PuertoBerrio,Puerto Berrío,409.5,357.5499086532325,-0.03139682634970089,369.8888614086649
2008-07-01,PuertoBerrio,Puerto Berrío,388.96774193548384,357.5185118268828,-0.03139682634970089,369.8888614086649
2008-08-01,PuertoBerrio,Puerto Berrío,395.0967741935484,357.4871150005331,-0.03139682634970089,369.8888614086649
2008-09-01,PuertoBerrio,Puerto Berrío,332.76666666666665,357.45571817418335,-0.03139682634970089,369.8888614086649
2008-10-01,PuertoBerrio,Puerto Berrío,393.2258064516129,357.42432134783365,-0.03139682634970089,369.8888614086649
2008-11-01,PuertoBerrio,Puerto Berrío,477.26666666666665,357.39292452148396,-0.03139682634970089,369.8888614086649
2008-12-01,PuertoBerrio,Puerto Berrío,395.48387096774195,357.36152769513427,-0.03139682634970089,369.8888614086649
2009-01-01,PuertoBerrio,Puerto Berrío,363.7741935483871,357.3301308687846,-0.03139682634970089,369.8888614086649
2009-02-01,PuertoBerrio,Puerto Berrío,372.5,357.2987340424349,-0.03139682634970089,369.8888614086649
2009-03-01,PuertoBerrio,Puerto Berrío,410.51612903225805,357.26733721608514,-0.03139682634970089,369.8888614086649
2009-04-01,PuertoBerrio,Puerto Berrío,401.1,357.23594038973545,-0.03139682634970089,369.8888614086649
2009-05-01,PuertoBerrio,Puerto Berrío,369.9032258064516,357.20454356338576,-0.03139682634970089,369.8888614086649
2009-06-01,PuertoBerrio,Puerto Berrío,333.4,357.17314673703606,-0.03139682634970089,369.8888614086649
2009-07-01,PuertoBerrio,Puerto Berrío,296.6774193548387,357.14174991068637,-0.03139682634970089,369.8888614086649
2009-08-01,PuertoBerrio,Puerto Berrío,300.4516129032258,357.1103530843367,-0.03139682634970089,369.8888614086649
2009-09-01,PuertoBerrio,Puerto Berrío,275.6,357.078956257987,-0.03139682634970089,369.8888614086649
2009-10-01,PuertoBerrio,Puerto Berrío,294.80645161290323,357.04755943163724,-0.03139682634970089,369.8888614086649
2009-11-01,PuertoBerrio,Puerto Berrío,331.1666666666667,357.01616260528755,-0.03139682634970089,369.8888614086649
2009-12-01,PuertoBerrio,Puerto Berrío,277.64516129032256,356.98476577893786,-0.03139682634970089,369.8888614086649
2010-01-01,PuertoBerrio,Puerto Berrío,212.3548387096774,356.95336895258816,-0.03139682634970089,369.8888614086649
2010-02-01,PuertoBerrio,Puerto Berrío,213.25,356.9219721262385,-0.03139682634970089,369.8888614086649
2010-03-01,PuertoBerrio,Puerto Berrío,265.1290322580645,356.8905752998888,-0.03139682634970089,369.8888614086649
2010-04-01,PuertoBerrio,Puerto Berrío,354.4,356.85917847353903,-0.03139682634970089,369.8888614086649
2010-05-01,PuertoBerrio,Puerto Berrío,385.0967741935484,356.82778164718934,-0.03139682634970089,369.8888614086649
2010-06-01,PuertoBerrio,Puerto Berrío,360.56666666666666,356.79638482083965,-0.03139682634970089,369.8888614086649
2010-07-01,PuertoBerrio,Puerto Berrío,392.7096774193548,356.76498799448996,-0.03139682634970089,369.8888614086649
2010-08-01,PuertoBerrio,Puerto Berrío,313.5806451612903,356.73359116814026,-0.03139682634970089,369.8888614086649
2010-09-01,PuertoBerrio,Puerto Berrío,374.1333333333333,356.7021943417906,-0.03139682634970089,369.8888614086649
2010-10-01,PuertoBerrio,Puerto Berrío,367.48387096774195,356.6707975154408,-0.03139682634970089,369.8888614086649
2010-11-01,PuertoBerrio,Puerto Berrío,478.6666666666667,356.63940068909113,-0.03139682634970089,369.8888614086649
2010-12-01,PuertoBerrio,Puerto Berrío,433.741935483871,356.60800386274144,-0.03139682634970089,369.8888614086649
2011-01-01,PuertoBerrio,Puerto Berrío,325.19354838709677,356.57660703639175,-0.03139682634970089,369.8888614086649
2011-02-01,PuertoBerrio,Puerto Berrío,316.67857142857144,356.54521021004206,-0.03139682634970089,369.8888614086649
2011-03-01,PuertoBerrio,Puerto Berrío,410.9032258064516,356.51381338369237,-0.03139682634970089,369.8888614086649
2011-04-01,PuertoBerrio,Puerto Berrío,506.73333333333335,356.4824165573426,-0.03139682634970089,369.8888614086649
2011-05-01,PuertoBerrio,Puerto Berrío,432.35483870967744,356.4510197309929,-0.03139682634970089,369.8888614086649
2011-06-01,PuertoBerrio,Puerto Berrío,366.7,356.41962290464323,-0.03139682634970089,369.8888614086649
2011-07-01,PuertoBerrio,Puerto Berrío,328.64516129032256,356.38822607829354,-0.03139682634970089,369.8888614086649
2011-08-01,PuertoBerrio,Puerto Berrío,308.7741935483871,356.35682925194385,-0.03139682634970089,369.8888614086649
2011-09-01,PuertoBerrio,Puerto Berrío,275.6666666666667,356.32543242559416,-0.03139682634970089,369.8888614086649
2011-10-01,PuertoBerrio,Puerto Berrío,368.06451612903226,356.29403559924447,-0.03139682634970089,369.8888614086649
2011-11-01,PuertoBerrio,Puerto Berrío,436.6,356.2626387728947,-0.03139682634970089,369.8888614086649
2011-12-01,PuertoBerrio,Puerto Berrío,490.5806451612903,356.231241946545,-0.03139682634970089,369.8888614086649
2012-01-01,PuertoBerrio,Puerto Berrío,370.1290322580645,356.19984512019533,-0.03139682634970089,369.8888614086649
2012-02-01,PuertoBerrio,Puerto Berrío,320.0,356.16844829384564,-0.03139682634970089,369.8888614086649
2012-03-01,PuertoBerrio,Puerto Berrío,320.0967741935484,356.13705146749595,-0.03139682634970089,369.8888614086649
2012-04-01,PuertoBerrio,Puerto Berrío,417.73333333333335,356.10565464114626,-0.03139682634970089,369.8888614086649
2012-05-01,PuertoBerrio,Puerto Berrío,395.4193548387097,356.0742578147965,-0.03139682634970089,369.8888614086649
2012-06-01,PuertoBerrio,Puerto Berrío,282.8,356.0428609884468,-0.03139682634970089,369.8888614086649
2012-07-01,PuertoBerrio,Puerto Berrío,263.16129032258067,356.0114641620971,-0.03139682634970089,369.8888614086649
2012-08-01,PuertoBerrio,Puerto Berrío,258.83870967741933,355.98006733574744,-0.03139682634970089,369.8888614086649
2012-09-01,PuertoBerrio,Puerto Berrío,229.36666666666667,355.94867050939774,-0.03139682634970089,369.8888614086649
2012-10-01,PuertoBerrio,Puerto Berrío,297.2258064516129,355.91727368304805,-0.03139682634970089,369.8888614086649
2012-11-01,PuertoBerrio,Puerto Berrío,332.03333333333336,355.8858768566983,-0.03139682634970089,369.8888614086649
2012-12-01,PuertoBerrio,Puerto Berrío,310.7741935483871,355.8544800303486,-0.03139682634970089,369.8888614086649
2013-01-01,PuertoBerrio,Puerto Berrío,246.32258064516128,355.8230832039989,-0.03139682634970089,369.8888614086649
2013-02-01,PuertoBerrio,Puerto Berrío,322.42857142857144,355.7916863776492,-0.03139682634970089,369.8888614086649
2013-03-01,PuertoBerrio,Puerto Berrío,337.5483870967742,355.76028955129954,-0.03139682634970089,369.8888614086649
2013-04-01,PuertoBerrio,Puerto Berrío,319.53333333333336,355.72889272494984,-0.03139682634970089,369.8888614086649
2013-05-01,PuertoBerrio,Puerto Berrío,408.7096774193548,355.6974958986001,-0.03139682634970089,369.8888614086649
2013-06-01,PuertoBerrio,Puerto Berrío,325.46666666666664,355.6660990722504,-0.03139682634970089,369.8888614086649
2013-07-01,PuertoBerrio,Puerto Berrío,299.258064516129,355.6347022459007,-0.03139682634970089,369.8888614086649
2013-08-01,PuertoBerrio,Puerto Berrío,297.7741935483871,355.603305419551,-0.03139682634970089,369.8888614086649
2013-09-01,PuertoBerrio,Puerto Berrío,294.93333333333334,355.57190859320133,-0.03139682634970089,369.8888614086649
2013-10-01,PuertoBerrio,Puerto Berrío,329.4516129032258,355.54051176685164,-0.03139682634970089,369.8888614086649
2013-11-01,PuertoBerrio,Puerto Berrío,352.3666666666667,355.5091149405019,-0.03139682634970089,369.8888614086649
2013-12-01,PuertoBerrio,Puerto Berrío,401.4516129032258,355.4777181141522,-0.03139682634970089,369.8888614086649
2014-01-01,PuertoBerrio,Puerto Berrío,314.7741935483871,355.4463212878025,-0.03139682634970089,369.8888614086649
2014-02-01,PuertoBerrio,Puerto Berrío,310.60714285714283,355.4149244614528,-0.03139682634970089,369.8888614086649
2014-03-01,PuertoBerrio,Puerto Berrío,372.61290322580646,355.3835276351031,-0.03139682634970089,369.8888614086649
2014-04-01,PuertoBerrio,Puerto Berrío,329.06666666666666,355.35213080875343,-0.03139682634970089,369.8888614086649
2014-05-01,PuertoBerrio,Puerto Berrío,409.3225806451613,355.32073398240374,-0.03139682634970089,369.8888614086649
2014-06-01,PuertoBerrio,Puerto Berrío,337.06666666666666,355.289337156054,-0.03139682634970089,369.8888614086649
2014-07-01,PuertoBerrio,Puerto Berrío,311.93548387096774,355.2579403297043,-0.03139682634970089,369.8888614086649
2014-08-01,PuertoBerrio,Puerto Berrío,270.16129032258067,355.2265435033546,-0.03139682634970089,369.8888614086649
2014-09-01,PuertoBerrio,Puerto Berrío,302.03333333333336,355.1951466770049,-0.03139682634970089,369.8888614086649
2014-10-01,PuertoBerrio,Puerto Berrío,334.03225806451616,355.1637498506552,-0.03139682634970089,369.8888614086649
2014-11-01,PuertoBerrio,Puerto Berrío,380.3,355.13235302430553,-0.03139682634970089,369.8888614086649
2014-12-01,PuertoBerrio,Puerto Berrío,343.3225806451613,355.1009561979558,-0.03139682634970089,369.8888614086649
2015-01-01,PuertoBerrio,Puerto Berrío,271.93548387096774,355.0695593716061,-0.03139682634970089,369.8888614086649
2015-02-01,PuertoBerrio,Puerto Berrío,326.10714285714283,355.0381625452564,-0.03139682634970089,369.8888614086649
2015-03-01,PuertoBerrio,Puerto Berrío,323.96774193548384,355.0067657189067,-0.03139682634970089,369.8888614086649
2015-04-01,PuertoBerrio,Puerto Berrío,390.4,354.975368892557,-0.03139682634970089,369.8888614086649
2015-05-01,PuertoBerrio,Puerto Berrío,320.83870967741933,354.9439720662073,-0.03139682634970089,369.8888614086649
2015-06-01,PuertoBerrio,Puerto Berrío,338.26666666666665,354.9125752398576,-0.03139682634970089,369.8888614086649
2015-07-01,PuertoBerrio,Puerto Berrío,285.06451612903226,354.8811784135079,-0.03139682634970089,369.8888614086649
2015-08-01,PuertoBerrio,Puerto Berrío,255.7741935483871,354.8497815871582,-0.03139682634970089,369.8888614086649
2015-09-01,PuertoBerrio,Puerto Berrío,244.1,354.8183847608085,-0.03139682634970089,369.8888614086649
2015-10-01,PuertoBerrio,Puerto Berrío,281.4193548387097,354.7869879344588,-0.03139682634970089,369.8888614086649
2015-11-01,PuertoBerrio,Puerto Berrío,307.9,354.7555911081091,-0.03139682634970089,369.8888614086649
2015-12-01,PuertoBerrio,Puerto Berrío,245.90322580645162,354.72419428175937,-0.03139682634970089,369.8888614086649
2016-01-01,PuertoBerrio,Puerto Berrío,205.14551191935485,354.6927974554097,-0.03139682634970089,369.8888614086649
2016-02-01,PuertoBerrio,Puerto Berrío,230.49353447931034,354.66140062906,-0.03139682634970089,369.8888614086649
2016-03-01,PuertoBerrio,Puerto Berrío,282.3561827903226,354.6300038027103,-0.03139682634970089,369.8888614086649
2016-04-01,PuertoBerrio,Puerto Berrío,336.64513888666664,354.5986069763606,-0.03139682634970089,369.8888614086649
2016-05-01,PuertoBerrio,Puerto Berrío,351.7076612935484,354.5672101500109,-0.03139682634970089,369.8888614086649
2016-06-01,PuertoBerrio,Puerto Berrío,301.27777777666665,354.53581332366116,-0.03139682634970089,369.8888614086649
2016-07-01,PuertoBerrio,Puerto Berrío,306.56518816774195,354.50441649731147,-0.03139682634970089,369.8888614086649
2016-08-01,PuertoBerrio,Puerto Berrío,278.3487903193548,354.4730196709618,-0.03139682634970089,369.8888614086649
2016-09-01,PuertoBerrio,Puerto Berrío,322.80277778333334,354.4416228446121,-0.03139682634970089,369.8888614086649
2016-10-01,PuertoBerrio,Puerto Berrío,377.68279570645166,354.4102260182624,-0.03139682634970089,369.8888614086649
2016-11-01,PuertoBerrio,Puerto Berrío,367.1395833266667,354.3788291919127,-0.03139682634970089,369.8888614086649
2016-12-01,PuertoBerrio,Puerto Berrío,379.36559140322584,354.347432365563,-0.03139682634970089,369.8888614086649
2017-01-01,PuertoBerrio,Puerto Berrío,366.7123656,354.31603553921326,-0.03139682634970089,369.8888614086649
2017-02-01,PuertoBerrio,Puerto Berrío,308.8993056464286,354.28463871286357,-0.03139682634970089,369.8888614086649
2017-03-01,PuertoBerrio,Puerto Berrío,408.0134411290323,354.2532418865139,-0.03139682634970089,369.8888614086649
2017-04-01,PuertoBerrio,Puerto Berrío,441.26666666666665,354.2218450601642,-0.03139682634970089,369.8888614086649
2017-05-01,PuertoBerrio,Puerto Berrío,481.2540322580645,354.1904482338145,-0.03139682634970089,369.8888614086649
2017-06-01,PuertoBerrio,Puerto Berrío,380.0083333333333,354.1590514074648,-0.03139682634970089,369.8888614086649
2017-07-01,PuertoBerrio,Puerto Berrío,306.28629032258067,354.12765458111505,-0.03139682634970089,369.8888614086649
2017-08-01,PuertoBerrio,Puerto Berrío,297.3024193548387,354.09625775476536,-0.03139682634970089,369.8888614086649
2017-09-01,PuertoBerrio,Puerto Berrío,321.5875,354.06486092841567,-0.03139682634970089,369.8888614086649
2017-10-01,PuertoBerrio,Puerto Berrío,336.375,354.033464102066,-0.03139682634970089,369.8888614086649
2017-11-01,PuertoBerrio,Puerto Berrío,410.0625,354.0020672757163,-0.03139682634970089,369.8888614086649
2017-12-01,PuertoBerrio,Puerto Berrío,334.90725806451616,353.9706704493666,-0.03139682634970089,369.8888614086649
2018-01-01,PuertoBerrio,Puerto Berrío,351.383064516129,353.93927362301685,-0.03139682634970089,369.8888614086649
2018-02-01,PuertoBerrio,Puerto Berrío,299.32142857142856,353.90787679666715,-0.03139682634970089,369.8888614086649
2018-03-01,PuertoBerrio,Puerto Berrío,315.5646490967742,353.87647997031746,-0.03139682634970089,369.8888614086649
2018-04-01,PuertoBerrio,Puerto Berrío,417.10678475333333,353.84508314396777,-0.03139682634970089,369.8888614086649
2018-05-01,PuertoBerrio,Puerto Berrío,464.51209677419354,353.8136863176181,-0.03139682634970089,369.8888614086649
2018-06-01,PuertoBerrio,Puerto Berrío,371.37638888333333,353.7822894912684,-0.03139682634970089,369.8888614086649
2018-07-01,PuertoBerrio,Puerto Berrío,321.2607859290323,353.75089266491864,-0.03139682634970089,369.8888614086649
2018-08-01,PuertoBerrio,Puerto Berrío,305.36709755806453,353.71949583856895,-0.03139682634970089,369.8888614086649
2018-09-01,PuertoBerrio,Puerto Berrío,323.34718978,353.68809901221925,-0.03139682634970089,369.8888614086649
2018-10-01,PuertoBerrio,Puerto Berrío,396.3256525451613,353.65670218586956,-0.03139682634970089,369.8888614086649
2018-11-01,PuertoBerrio,Puerto Berrío,431.3181914533333,353.62530535951987,-0.03139682634970089,369.8888614086649
2018-12-01,PuertoBerrio,Puerto Berrío,341.1067182387097,353.5939085331702,-0.03139682634970089,369.8888614086649
2019-01-01,PuertoBerrio,Puerto Berrío,279.43248117741933,353.5625117068205,-0.03139682634970089,369.8888614086649
2019-02-01,PuertoBerrio,Puerto Berrío,337.4388957821429,353.53111488047074,-0.03139682634970089,369.8888614086649
2019-03-01,PuertoBerrio,Puerto Berrío,365.5200188096774,353.49971805412105,-0.03139682634970089,369.8888614086649
2019-04-01,PuertoBerrio,Puerto Berrío,419.18490758666667,353.46832122777136,-0.03139682634970089,369.8888614086649
2019-05-01,PuertoBerrio,Puerto Berrío,390.49338382258065,353.43692440142166,-0.03139682634970089,369.8888614086649
2019-06-01,PuertoBerrio,Puerto Berrío,395.8662454266667,353.40552757507197,-0.03139682634970089,369.8888614086649
2019-07-01,PuertoBerrio,Puerto Berrío,311.3721105935484,353.3741307487223,-0.03139682634970089,369.8888614086649
2019-08-01,PuertoBerrio,Puerto Berrío,280.1549834129032,353.34273392237253,-0.03139682634970089,369.8888614086649
2019-09-01,PuertoBerrio,Puerto Berrío,282.92635421,353.31133709602284,-0.03139682634970089,369.8888614086649
2019-10-01,PuertoBerrio,Puerto Berrío,335.0260177935484,353.27994026967315,-0.03139682634970089,369.8888614086649
2019-11-01,PuertoBerrio,Puerto Berrío,380.37356766,353.24854344332346,-0.03139682634970089,369.8888614086649
2019-12-01,PuertoBerrio,Puerto Berrío,360.48628961935486,353.21714661697376,-0.03139682634970089,369.8888614086649
2020-01-01,PuertoBerrio,Puerto Berrío,292.3269711193548,353.1857497906241,-0.03139682634970089,369.8888614086649
2020-02-01,PuertoBerrio,Puerto Berrío,275.5718390758621,353.1543529642743,-0.03139682634970089,369.8888614086649
2020-03-01,PuertoBerrio,Puerto Berrío,325.24059139032255,353.12295613792463,-0.03139682634970089,369.8888614086649
2020-04-01,PuertoBerrio,Puerto Berrío,336.96666666,353.09155931157494,-0.03139682634970089,369.8888614086649
2020-05-01,PuertoBerrio,Puerto Berrío,337.6397849516129,353.06016248522525,-0.03139682634970089,369.8888614086649
2020-06-01,PuertoBerrio,Puerto Berrío,352.76388889333333,353.02876565887556,-0.03139682634970089,369.8888614086649
2020-07-01,PuertoBerrio,Puerto Berrío,357.63239246451616,352.99736883252586,-0.03139682634970089,369.8888614086649
2020-08-01,PuertoBerrio,Puerto Berrío,340.61223118709677,352.9659720061761,-0.03139682634970089,369.8888614086649
2020-09-01,PuertoBerrio,Puerto Berrío,359.28402776999997,352.9345751798264,-0.03139682634970089,369.8888614086649
2020-10-01,PuertoBerrio,Puerto Berrío,329.0160462290322,352.90317835347673,-0.03139682634970089,369.8888614086649
2020-11-01,PuertoBerrio,Puerto Berrío,403.65839933666666,352.87178152712704,-0.03139682634970089,369.8888614086649
2020-12-01,PuertoBerrio,Puerto Berrío,385.07428441612905,352.84038470077735,-0.03139682634970089,369.8888614086649
2021-01-01,PuertoBerrio,Puerto Berrío,335.05107526451616,352.80898787442766,-0.03139682634970089,369.8888614086649
2021-02-01,PuertoBerrio,Puerto Berrío,319.2265625,352.77759104807797,-0.03139682634970089,369.8888614086649
2021-03-01,PuertoBerrio,Puerto Berrío,398.64583332903226,352.7461942217282,-0.03139682634970089,369.8888614086649
2021-04-01,PuertoBerrio,Puerto Berrío,371.66371884,352.7147973953785,-0.03139682634970089,369.8888614086649
2021-05-01,PuertoBerrio,Puerto Berrío,449.6300144806452,352.68340056902883,-0.03139682634970089,369.8888614086649
2021-06-01,PuertoBerrio,Puerto Berrío,455.31597222,352.65200374267914,-0.03139682634970089,369.8888614086649
2021-07-01,PuertoBerrio,Puerto Berrío,376.65658602258065,352.62060691632945,-0.03139682634970089,369.8888614086649
2021-08-01,PuertoBerrio,Puerto Berrío,394.71102150645163,352.58921008997976,-0.03139682634970089,369.8888614086649
2021-09-01,PuertoBerrio,Puerto Berrío,384.16666666333333,352.55781326363,-0.03139682634970089,369.8888614086649
2021-10-01,PuertoBerrio,Puerto Berrío,422.53091397419354,352.5264164372803,-0.03139682634970089,369.8888614086649
2021-11-01,PuertoBerrio,Puerto Berrío,437.5472222166666,352.4950196109306,-0.03139682634970089,369.8888614086649
2021-12-01,PuertoBerrio,Puerto Berrío,405.81115590967744,352.46362278458093,-0.03139682634970089,369.8888614086649
2022-01-01,PuertoBerrio,Puerto Berrío,360.8830645129032,352.43222595823124,-0.03139682634970089,369.8888614086649
2022-02-01,PuertoBerrio,Puerto Berrío,360.72544642142856,352.40082913188155,-0.03139682634970089,369.8888614086649
2022-03-01,PuertoBerrio,Puerto Berrío,441.9522849483871,352.3694323055318,-0.03139682634970089,369.8888614086649
2022-04-01,PuertoBerrio,Puerto Berrío,463.59255786666665,352.3380354791821,-0.03139682634970089,369.8888614086649
2022-05-01,PuertoBerrio,Puerto Berrío,442.2903225774193,352.3066386528324,-0.03139682634970089,369.8888614086649
2022-06-01,PuertoBerrio,Puerto Berrío,440.7708333333333,352.2752418264827,-0.03139682634970089,369.8888614086649
2022-07-01,PuertoBerrio,Puerto Berrío,429.85887096774195,352.24384500013304,-0.03139682634970089,369.8888614086649
2022-08-01,PuertoBerrio,Puerto Berrío,395.491935483871,352.21244817378334,-0.03139682634970089,369.8888614086649
2022-09-01,PuertoBerrio,Puerto Berrío,374.68333333333334,352.1810513474336,-0.03139682634970089,369.8888614086649
2022-10-01,PuertoBerrio,Puerto Berrío,435.6290322580645,352.1496545210839,-0.03139682634970089,369.8888614086649
2022-11-01,PuertoBerrio,Puerto Berrío,469.99583333333334,352.1182576947342,-0.03139682634970089,369.8888614086649
2022-12-01,PuertoBerrio,Puerto Berrío,407.76612903225805,352.0868608683845,-0.03139682634970089,369.8888614086649
2023-01-01,PuertoBerrio,Puerto Berrío,418.0524193548387,352.0554640420348,-0.03139682634970089,369.8888614086649
2023-02-01,PuertoBerrio,Puerto Berrío,343.0580357142857,352.02406721568514,-0.03139682634970089,369.8888614086649
2023-03-01,PuertoBerrio,Puerto Berrío,438.991935483871,351.99267038933544,-0.03139682634970089,369.8888614086649
2023-04-01,PuertoBerrio,Puerto Berrío,415.1835069466667,351.9612735629857,-0.03139682634970089,369.8888614086649
2023-05-01,PuertoBerrio,Puerto Berrío,373.84634770322583,351.929876736636,-0.03139682634970089,369.8888614086649
2023-06-01,PuertoBerrio,Puerto Berrío,353.69679487,351.8984799102863,-0.03139682634970089,369.8888614086649
2023-07-01,PuertoBerrio,Puerto Berrío,321.07190860322584,351.8670830839366,-0.03139682634970089,369.8888614086649
2023-08-01,PuertoBerrio,Puerto Berrío,311.16229839032263,351.83568625758693,-0.03139682634970089,369.8888614086649
2023-09-01,PuertoBerrio,Puerto Berrío,269.01111112666666,351.80428943123724,-0.03139682634970089,369.8888614086649
2023-10-01,PuertoBerrio,Puerto Berrío,321.45362903225805,351.7728926048875,-0.03139682634970089,369.8888614086649
2023-11-01,PuertoBerrio,Puerto Berrío,370.87430555,351.7414957785378,-0.03139682634970089,369.8888614086649
2023-12-01,PuertoBerrio,Puerto Berrío,302.53225806451616,351.7100989521881,-0.03139682634970089,369.8888614086649
2024-01-01,PuertoBerrio,Puerto Berrío,280.6276881709677,351.6787021258384,-0.03139682634970089,369.8888614086649
2024-02-01,PuertoBerrio,Puerto Berrío,284.3591954034483,351.6473052994887,-0.03139682634970089,369.8888614086649
2024-03-01,PuertoBerrio,Puerto Berrío,262.11693548064517,351.61590847313903,-0.03139682634970089,369.8888614086649
2024-04-01,PuertoBerrio,Puerto Berrío,328.37291667000005,351.5845116467893,-0.03139682634970089,369.8888614086649
2024-05-01,PuertoBerrio,Puerto Berrío,424.90088826774195,351.5531148204396,-0.03139682634970089,369.8888614086649
2024-06-01,PuertoBerrio,Puerto Berrío,389.3388888833333,351.5217179940899,-0.03139682634970089,369.8888614086649
2024-07-01,PuertoBerrio,Puerto Berrío,351.8098118354839,351.4903211677402,-0.03139682634970089,369.8888614086649
2024-08-01,PuertoBerrio,Puerto Berrío,287.4254032225806,351.4589243413905,-0.03139682634970089,369.8888614086649
2024-09-01,PuertoBerrio,Puerto Berrío,267.07569445,351.4275275150408,-0.03139682634970089,369.8888614086649
2024-10-01,PuertoBerrio,Puerto Berrío,318.9267473096774,351.3961306886911,-0.03139682634970089,369.8888614086649
2024-11-01,PuertoBerrio,Puerto Berrío,380.01394676,351.3647338623414,-0.03139682634970089,369.8888614086649
2024-12-01,PuertoBerrio,Puerto Berrío,342.88844086129035,351.3333370359917,-0.03139682634970089,369.8888614086649
2025-01-01,PuertoBerrio,Puerto Berrío,353.45260126333335,351.301940209642,-0.03139682634970089,369.8888614086649
2025-02-01,PuertoBerrio,Puerto Berrío,307.24166668,351.2705433832923,-0.03139682634970089,369.8888614086649
2025-08-01,PuertoBerrio,Puerto Berrío,333.0658620153846,351.2391465569426,-0.03139682634970089,369.8888614086649
2025-09-01,PuertoBerrio,Puerto Berrío,329.22468434,351.2077497305929,-0.03139682634970089,369.8888614086649
2025-10-01,PuertoBerrio,Puerto Berrío,403.8017473064516,351.1763529042432,-0.03139682634970089,369.8888614086649
2025-11-01,PuertoBerrio,Puerto Berrío,414.48124999000004,351.1449560778935,-0.03139682634970089,369.8888614086649
1975-06-01,Barrancabermeja,Barrancabermeja,255.0,270.249756178481,0.01623268692843283,270.249756178481
1975-07-01,Barrancabermeja,Barrancabermeja,308.38709677419354,270.26598886540944,0.01623268692843283,270.249756178481
1975-08-01,Barrancabermeja,Barrancabermeja,260.4516129032258,270.2822215523379,0.01623268692843283,270.249756178481
1975-09-01,Barrancabermeja,Barrancabermeja,334.1333333333333,270.2984542392663,0.01623268692843283,270.249756178481
1975-10-01,Barrancabermeja,Barrancabermeja,371.51612903225805,270.3146869261947,0.01623268692843283,270.249756178481
1975-11-01,Barrancabermeja,Barrancabermeja,426.3333333333333,270.33091961312317,0.01623268692843283,270.249756178481
1975-12-01,Barrancabermeja,Barrancabermeja,348.61290322580646,270.3471523000516,0.01623268692843283,270.249756178481
1976-01-01,Barrancabermeja,Barrancabermeja,192.90322580645162,270.36338498698,0.01623268692843283,270.249756178481
1976-02-01,Barrancabermeja,Barrancabermeja,187.06896551724137,270.37961767390846,0.01623268692843283,270.249756178481
1976-03-01,Barrancabermeja,Barrancabermeja,290.741935483871,270.3958503608369,0.01623268692843283,270.249756178481
1976-04-01,Barrancabermeja,Barrancabermeja,342.53333333333336,270.41208304776535,0.01623268692843283,270.249756178481
1976-05-01,Barrancabermeja,Barrancabermeja,354.38709677419354,270.42831573469374,0.01623268692843283,270.249756178481
1976-06-01,Barrancabermeja,Barrancabermeja,279.3,270.4445484216222,0.01623268692843283,270.249756178481
1976-07-01,Barrancabermeja,Barrancabermeja,226.96774193548387,270.46078110855063,0.01623268692843283,270.249756178481
1976-08-01,Barrancabermeja,Barrancabermeja,162.32258064516128,270.4770137954791,0.01623268692843283,270.249756178481
1976-09-01,Barrancabermeja,Barrancabermeja,145.3,270.49324648240747,0.01623268692843283,270.249756178481
1976-10-01,Barrancabermeja,Barrancabermeja,315.16129032258067,270.5094791693359,0.01623268692843283,270.249756178481
1976-11-01,Barrancabermeja,Barrancabermeja,291.73333333333335,270.52571185626437,0.01623268692843283,270.249756178481
1976-12-01,Barrancabermeja,Barrancabermeja,176.3548387096774,270.5419445431928,0.01623268692843283,270.249756178481
1977-01-01,Barrancabermeja,Barrancabermeja,91.16129032258064,270.5581772301212,0.01623268692843283,270.249756178481
1977-02-01,Barrancabermeja,Barrancabermeja,111.96428571428571,270.57440991704965,0.01623268692843283,270.249756178481
1977-03-01,Barrancabermeja,Barrancabermeja,123.83870967741936,270.5906426039781,0.01623268692843283,270.249756178481
1977-04-01,Barrancabermeja,Barrancabermeja,204.73333333333332,270.60687529090654,0.01623268692843283,270.249756178481
1977-05-01,Barrancabermeja,Barrancabermeja,262.258064516129,270.62310797783493,0.01623268692843283,270.249756178481
1977-06-01,Barrancabermeja,Barrancabermeja,268.03333333333336,270.6393406647634,0.01623268692843283,270.249756178481
1977-07-01,Barrancabermeja,Barrancabermeja,212.51612903225808,270.6555733516918,0.01623268692843283,270.249756178481
1977-09-01,Barrancabermeja,Barrancabermeja,209.86666666666667,270.6718060386203,0.01623268692843283,270.249756178481
1977-10-01,Barrancabermeja,Barrancabermeja,354.0967741935484,270.68803872554867,0.01623268692843283,270.249756178481
1977-11-01,Barrancabermeja,Barrancabermeja,368.2,270.7042714124771,0.01623268692843283,270.249756178481
1977-12-01,Barrancabermeja,Barrancabermeja,186.41935483870967,270.72050409940556,0.01623268692843283,270.249756178481
1978-01-01,Barrancabermeja,Barrancabermeja,115.90322580645162,270.736736786334,0.01623268692843283,270.249756178481
1978-02-01,Barrancabermeja,Barrancabermeja,108.78571428571429,270.7529694732624,0.01623268692843283,270.249756178481
1978-03-01,Barrancabermeja,Barrancabermeja,167.51612903225808,270.76920216019084,0.01623268692843283,270.249756178481
1978-04-01,Barrancabermeja,Barrancabermeja,347.06666666666666,270.7854348471193,0.01623268692843283,270.249756178481
1978-05-01,Barrancabermeja,Barrancabermeja,295.0,270.80166753404774,0.01623268692843283,270.249756178481
1978-06-01,Barrancabermeja,Barrancabermeja,259.1,270.8179002209761,0.01623268692843283,270.249756178481
1978-07-01,Barrancabermeja,Barrancabermeja,239.29032258064515,270.8341329079046,0.01623268692843283,270.249756178481
1978-08-01,Barrancabermeja,Barrancabermeja,156.67741935483872,270.850365594833,0.01623268692843283,270.249756178481
1978-09-01,Barrancabermeja,Barrancabermeja,212.53333333333333,270.86659828176147,0.01623268692843283,270.249756178481
1978-10-01,Barrancabermeja,Barrancabermeja,302.2903225806452,270.88283096868986,0.01623268692843283,270.249756178481
1978-11-01,Barrancabermeja,Barrancabermeja,309.0,270.8990636556183,0.01623268692843283,270.249756178481
1978-12-01,Barrancabermeja,Barrancabermeja,257.7741935483871,270.91529634254675,0.01623268692843283,270.249756178481
1979-01-01,Barrancabermeja,Barrancabermeja,123.61290322580645,270.9315290294752,0.01623268692843283,270.249756178481
1979-02-01,Barrancabermeja,Barrancabermeja,121.71428571428571,270.9477617164036,0.01623268692843283,270.249756178481
1979-03-01,Barrancabermeja,Barrancabermeja,218.03225806451613,270.96399440333204,0.01623268692843283,270.249756178481
1979-04-01,Barrancabermeja,Barrancabermeja,279.73333333333335,270.9802270902605,0.01623268692843283,270.249756178481
1979-05-01,Barrancabermeja,Barrancabermeja,274.6774193548387,270.99645977718893,0.01623268692843283,270.249756178481
1979-06-01,Barrancabermeja,Barrancabermeja,314.03333333333336,271.0126924641173,0.01623268692843283,270.249756178481
1979-07-01,Barrancabermeja,Barrancabermeja,219.51612903225808,271.02892515104577,0.01623268692843283,270.249756178481
1979-08-01,Barrancabermeja,Barrancabermeja,206.32258064516128,271.0451578379742,0.01623268692843283,270.249756178481
1979-09-01,Barrancabermeja,Barrancabermeja,319.9,271.06139052490266,0.01623268692843283,270.249756178481
1979-10-01,Barrancabermeja,Barrancabermeja,306.0,271.07762321183105,0.01623268692843283,270.249756178481
1979-11-01,Barrancabermeja,Barrancabermeja,391.1333333333333,271.0938558987595,0.01623268692843283,270.249756178481
1979-12-01,Barrancabermeja,Barrancabermeja,239.09677419354838,271.11008858568795,0.01623268692843283,270.249756178481
1980-01-01,Barrancabermeja,Barrancabermeja,175.1290322580645,271.1263212726164,0.01623268692843283,270.249756178481
1980-02-01,Barrancabermeja,Barrancabermeja,195.79310344827587,271.1425539595448,0.01623268692843283,270.249756178481
1980-03-01,Barrancabermeja,Barrancabermeja,148.74193548387098,271.15878664647323,0.01623268692843283,270.249756178481
1980-04-01,Barrancabermeja,Barrancabermeja,210.0,271.1750193334017,0.01623268692843283,270.249756178481
1980-05-01,Barrancabermeja,Barrancabermeja,269.83870967741933,271.1912520203301,0.01623268692843283,270.249756178481
1980-06-01,Barrancabermeja,Barrancabermeja,280.8333333333333,271.2074847072585,0.01623268692843283,270.249756178481
1980-07-01,Barrancabermeja,Barrancabermeja,205.09677419354838,271.22371739418696,0.01623268692843283,270.249756178481
1980-08-01,Barrancabermeja,Barrancabermeja,178.7741935483871,271.2399500811154,0.01623268692843283,270.249756178481
1980-09-01,Barrancabermeja,Barrancabermeja,202.33333333333334,271.25618276804386,0.01623268692843283,270.249756178481
1980-10-01,Barrancabermeja,Barrancabermeja,321.96774193548384,271.27241545497225,0.01623268692843283,270.249756178481
1980-11-01,Barrancabermeja,Barrancabermeja,326.06666666666666,271.2886481419007,0.01623268692843283,270.249756178481
1980-12-01,Barrancabermeja,Barrancabermeja,257.6923076923077,271.30488082882914,0.01623268692843283,270.249756178481
1981-01-01,Barrancabermeja,Barrancabermeja,170.06451612903226,271.3211135157576,0.01623268692843283,270.249756178481
1981-02-01,Barrancabermeja,Barrancabermeja,190.39285714285714,271.337346202686,0.01623268692843283,270.249756178481
1981-03-01,Barrancabermeja,Barrancabermeja,211.5483870967742,271.3535788896144,0.01623268692843283,270.249756178481
1981-04-01,Barrancabermeja,Barrancabermeja,309.2,271.3698115765429,0.01623268692843283,270.249756178481
1981-05-01,Barrancabermeja,Barrancabermeja,417.93548387096774,271.3860442634713,0.01623268692843283,270.249756178481
1981-06-01,Barrancabermeja,Barrancabermeja,360.26666666666665,271.4022769503997,0.01623268692843283,270.249756178481
1981-07-01,Barrancabermeja,Barrancabermeja,255.6451612903226,271.41850963732816,0.01623268692843283,270.249756178481
1981-08-01,Barrancabermeja,Barrancabermeja,185.0,271.4347423242566,0.01623268692843283,270.249756178481
1981-10-01,Barrancabermeja,Barrancabermeja,295.83870967741933,271.45097501118505,0.01623268692843283,270.249756178481
1981-11-01,Barrancabermeja,Barrancabermeja,356.3,271.46720769811344,0.01623268692843283,270.249756178481
1981-12-01,Barrancabermeja,Barrancabermeja,279.03225806451616,271.4834403850419,0.01623268692843283,270.249756178481
1982-01-01,Barrancabermeja,Barrancabermeja,250.4516129032258,271.49967307197034,0.01623268692843283,270.249756178481
1982-02-01,Barrancabermeja,Barrancabermeja,268.4642857142857,271.5159057588988,0.01623268692843283,270.249756178481
1982-03-01,Barrancabermeja,Barrancabermeja,287.7741935483871,271.5321384458272,0.01623268692843283,270.249756178481
1982-04-01,Barrancabermeja,Barrancabermeja,392.53333333333336,271.5483711327556,0.01623268692843283,270.249756178481
1982-05-01,Barrancabermeja,Barrancabermeja,396.0,271.56460381968407,0.01623268692843283,270.249756178481
1982-06-01,Barrancabermeja,Barrancabermeja,285.53333333333336,271.5808365066125,0.01623268692843283,270.249756178481
1982-07-01,Barrancabermeja,Barrancabermeja,212.06451612903226,271.5970691935409,0.01623268692843283,270.249756178481
1982-08-01,Barrancabermeja,Barrancabermeja,179.38709677419354,271.61330188046935,0.01623268692843283,270.249756178481
1982-09-01,Barrancabermeja,Barrancabermeja,224.1,271.6295345673978,0.01623268692843283,270.249756178481
1982-10-01,Barrancabermeja,Barrancabermeja,345.83870967741933,271.64576725432624,0.01623268692843283,270.249756178481
1982-11-01,Barrancabermeja,Barrancabermeja,280.06666666666666,271.66199994125463,0.01623268692843283,270.249756178481
1982-12-01,Barrancabermeja,Barrancabermeja,250.29032258064515,271.6782326281831,0.01623268692843283,270.249756178481
1983-01-01,Barrancabermeja,Barrancabermeja,189.09677419354838,271.69446531511153,0.01623268692843283,270.249756178481
1983-02-01,Barrancabermeja,Barrancabermeja,140.0,271.71069800204,0.01623268692843283,270.249756178481
1983-03-01,Barrancabermeja,Barrancabermeja,183.4516129032258,271.72693068896837,0.01623268692843283,270.249756178481
1983-04-01,Barrancabermeja,Barrancabermeja,322.6666666666667,271.7431633758968,0.01623268692843283,270.249756178481
1983-05-01,Barrancabermeja,Barrancabermeja,318.64516129032256,271.75939606282526,0.01623268692843283,270.249756178481
1983-06-01,Barrancabermeja,Barrancabermeja,223.6,271.7756287497537,0.01623268692843283,270.249756178481
1983-07-01,Barrancabermeja,Barrancabermeja,176.7741935483871,271.7918614366821,0.01623268692843283,270.249756178481
1983-08-01,Barrancabermeja,Barrancabermeja,186.83870967741936,271.80809412361054,0.01623268692843283,270.249756178481
1983-09-01,Barrancabermeja,Barrancabermeja,214.1,271.824326810539,0.01623268692843283,270.249756178481
1983-10-01,Barrancabermeja,Barrancabermeja,271.83870967741933,271.84055949746744,0.01623268692843283,270.249756178481
1983-11-01,Barrancabermeja,Barrancabermeja,262.96666666666664,271.85679218439583,0.01623268692843283,270.249756178481
1983-12-01,Barrancabermeja,Barrancabermeja,296.51612903225805,271.8730248713243,0.01623268692843283,270.249756178481
1984-01-01,Barrancabermeja,Barrancabermeja,261.5806451612903,271.8892575582527,0.01623268692843283,270.249756178481
1984-02-01,Barrancabermeja,Barrancabermeja,282.3103448275862,271.90549024518117,0.01623268692843283,270.249756178481
1984-03-01,Barrancabermeja,Barrancabermeja,215.5483870967742,271.92172293210956,0.01623268692843283,270.249756178481
1984-04-01,Barrancabermeja,Barrancabermeja,278.1333333333333,271.937955619038,0.01623268692843283,270.249756178481
1984-05-01,Barrancabermeja,Barrancabermeja,367.1290322580645,271.95418830596645,0.01623268692843283,270.249756178481
1984-06-01,Barrancabermeja,Barrancabermeja,335.1,271.9704209928949,0.01623268692843283,270.249756178481
1984-07-01,Barrancabermeja,Barrancabermeja,314.06451612903226,271.9866536798233,0.01623268692843283,270.249756178481
1984-08-01,Barrancabermeja,Barrancabermeja,273.741935483871,272.00288636675174,0.01623268692843283,270.249756178481
1984-09-01,Barrancabermeja,Barrancabermeja,330.0,272.0191190536802,0.01623268692843283,270.249756178481
1984-10-01,Barrancabermeja,Barrancabermeja,372.38709677419354,272.03535174060863,0.01623268692843283,270.249756178481
1984-11-01,Barrancabermeja,Barrancabermeja,418.5,272.051584427537,0.01623268692843283,270.249756178481
1984-12-01,Barrancabermeja,Barrancabermeja,285.93548387096774,272.06781711446547,0.01623268692843283,270.249756178481
1985-01-01,Barrancabermeja,Barrancabermeja,190.45454545454547,272.0840498013939,0.01623268692843283,270.249756178481
1985-04-01,Barrancabermeja,Barrancabermeja,264.45454545454544,272.10028248832236,0.01623268692843283,270.249756178481
1985-05-01,Barrancabermeja,Barrancabermeja,311.60869565217394,272.11651517525075,0.01623268692843283,270.249756178481
1985-09-01,Barrancabermeja,Barrancabermeja,257.1,272.1327478621792,0.01623268692843283,270.249756178481
1985-10-01,Barrancabermeja,Barrancabermeja,315.7586206896552,272.14898054910765,0.01623268692843283,270.249756178481
1985-11-01,Barrancabermeja,Barrancabermeja,298.3666666666667,272.1652132360361,0.01623268692843283,270.249756178481
1985-12-01,Barrancabermeja,Barrancabermeja,251.92307692307693,272.1814459229645,0.01623268692843283,270.249756178481
1986-01-01,Barrancabermeja,Barrancabermeja,186.74074074074073,272.19767860989293,0.01623268692843283,270.249756178481
1986-02-01,Barrancabermeja,Barrancabermeja,210.57142857142858,272.2139112968214,0.01623268692843283,270.249756178481
1986-06-01,Barrancabermeja,Barrancabermeja,329.0,272.2301439837498,0.01623268692843283,270.249756178481
1986-11-01,Barrancabermeja,Barrancabermeja,395.6363636363636,272.2463766706782,0.01623268692843283,270.249756178481
1987-01-01,Barrancabermeja,Barrancabermeja,146.7741935483871,272.26260935760666,0.01623268692843283,270.249756178481
1987-02-01,Barrancabermeja,Barrancabermeja,130.0,272.2788420445351,0.01623268692843283,270.249756178481
1987-03-01,Barrancabermeja,Barrancabermeja,132.90322580645162,272.29507473146356,0.01623268692843283,270.249756178481
1987-04-01,Barrancabermeja,Barrancabermeja,196.7,272.31130741839195,0.01623268692843283,270.249756178481
1987-05-01,Barrancabermeja,Barrancabermeja,318.64516129032256,272.3275401053204,0.01623268692843283,270.249756178481
1987-06-01,Barrancabermeja,Barrancabermeja,194.43333333333334,272.34377279224884,0.01623268692843283,270.249756178481
1987-07-01,Barrancabermeja,Barrancabermeja,212.6451612903226,272.3600054791773,0.01623268692843283,270.249756178481
1987-08-01,Barrancabermeja,Barrancabermeja,265.2258064516129,272.3762381661057,0.01623268692843283,270.249756178481
1987-09-01,Barrancabermeja,Barrancabermeja,259.1,272.3924708530341,0.01623268692843283,270.249756178481
1987-10-01,Barrancabermeja,Barrancabermeja,350.741935483871,272.4087035399626,0.01623268692843283,270.249756178481
1987-11-01,Barrancabermeja,Barrancabermeja,332.43333333333334,272.424936226891,0.01623268692843283,270.249756178481
1987-12-01,Barrancabermeja,Barrancabermeja,265.4193548387097,272.4411689138194,0.01623268692843283,270.249756178481
1988-01-01,Barrancabermeja,Barrancabermeja,152.5483870967742,272.45740160074786,0.01623268692843283,270.249756178481
1988-02-01,Barrancabermeja,Barrancabermeja,170.3793103448276,272.4736342876763,0.01623268692843283,270.249756178481
1988-03-01,Barrancabermeja,Barrancabermeja,121.93548387096774,272.48986697460475,0.01623268692843283,270.249756178481
1988-04-01,Barrancabermeja,Barrancabermeja,268.7,272.50609966153314,0.01623268692843283,270.249756178481
1988-05-01,Barrancabermeja,Barrancabermeja,284.96774193548384,272.5223323484616,0.01623268692843283,270.249756178481
1988-06-01,Barrancabermeja,Barrancabermeja,306.4,272.53856503539004,0.01623268692843283,270.249756178481
1988-07-01,Barrancabermeja,Barrancabermeja,301.1290322580645,272.5547977223185,0.01623268692843283,270.249756178481
1988-08-01,Barrancabermeja,Barrancabermeja,319.5806451612903,272.5710304092469,0.01623268692843283,270.249756178481
1988-09-01,Barrancabermeja,Barrancabermeja,365.93333333333334,272.5872630961753,0.01623268692843283,270.249756178481
1988-10-01,Barrancabermeja,Barrancabermeja,375.06451612903226,272.60349578310377,0.01623268692843283,270.249756178481
1988-11-01,Barrancabermeja,Barrancabermeja,446.96666666666664,272.6197284700322,0.01623268692843283,270.249756178481
1988-12-01,Barrancabermeja,Barrancabermeja,367.741935483871,272.6359611569606,0.01623268692843283,270.249756178481
1989-01-01,Barrancabermeja,Barrancabermeja,285.1034482758621,272.65219384388905,0.01623268692843283,270.249756178481
1989-02-01,Barrancabermeja,Barrancabermeja,239.17857142857142,272.6684265308175,0.01623268692843283,270.249756178481
1989-03-01,Barrancabermeja,Barrancabermeja,325.41379310344826,272.68465921774595,0.01623268692843283,270.249756178481
1989-04-01,Barrancabermeja,Barrancabermeja,284.73333333333335,272.70089190467434,0.01623268692843283,270.249756178481
1989-05-01,Barrancabermeja,Barrancabermeja,355.06451612903226,272.7171245916028,0.01623268692843283,270.249756178481
1989-06-01,Barrancabermeja,Barrancabermeja,327.55172413793105,272.73335727853123,0.01623268692843283,270.249756178481
1989-07-01,Barrancabermeja,Barrancabermeja,264.7741935483871,272.7495899654597,0.01623268692843283,270.249756178481
1989-08-01,Barrancabermeja,Barrancabermeja,270.4230769230769,272.76582265238807,0.01623268692843283,270.249756178481
1989-09-01,Barrancabermeja,Barrancabermeja,365.7931034482759,272.7820553393165,0.01623268692843283,270.249756178481
1989-10-01,Barrancabermeja,Barrancabermeja,388.13793103448273,272.79828802624496,0.01623268692843283,270.249756178481
1989-11-01,Barrancabermeja,Barrancabermeja,353.7,272.8145207131734,0.01623268692843283,270.249756178481
1989-12-01,Barrancabermeja,Barrancabermeja,337.0,272.8307534001018,0.01623268692843283,270.249756178481
1990-02-01,Barrancabermeja,Barrancabermeja,222.25,272.84698608703025,0.01623268692843283,270.249756178481
1990-03-01,Barrancabermeja,Barrancabermeja,210.27586206896552,272.8632187739587,0.01623268692843283,270.249756178481
1990-04-01,Barrancabermeja,Barrancabermeja,308.2068965517241,272.87945146088714,0.01623268692843283,270.249756178481
1990-05-01,Barrancabermeja,Barrancabermeja,357.1290322580645,272.89568414781553,0.01623268692843283,270.249756178481
1990-06-01,Barrancabermeja,Barrancabermeja,264.2413793103448,272.911916834744,0.01623268692843283,270.249756178481
1990-07-01,Barrancabermeja,Barrancabermeja,259.19354838709677,272.9281495216724,0.01623268692843283,270.249756178481
1990-08-01,Barrancabermeja,Barrancabermeja,204.67741935483872,272.94438220860087,0.01623268692843283,270.249756178481
1990-09-01,Barrancabermeja,Barrancabermeja,242.96666666666667,272.96061489552926,0.01623268692843283,270.249756178481
1990-10-01,Barrancabermeja,Barrancabermeja,366.06451612903226,272.9768475824577,0.01623268692843283,270.249756178481
1990-11-01,Barrancabermeja,Barrancabermeja,346.9,272.99308026938616,0.01623268692843283,270.249756178481
1990-12-01,Barrancabermeja,Barrancabermeja,296.3181818181818,273.0093129563146,0.01623268692843283,270.249756178481
1991-01-01,Barrancabermeja,Barrancabermeja,221.33333333333334,273.025545643243,0.01623268692843283,270.249756178481
1991-02-01,Barrancabermeja,Barrancabermeja,162.56521739130434,273.04177833017144,0.01623268692843283,270.249756178481
1991-03-01,Barrancabermeja,Barrancabermeja,256.4642857142857,273.0580110170999,0.01623268692843283,270.249756178481
1991-04-01,Barrancabermeja,Barrancabermeja,294.43333333333334,273.07424370402833,0.01623268692843283,270.249756178481
1991-05-01,Barrancabermeja,Barrancabermeja,345.80645161290323,273.0904763909567,0.01623268692843283,270.249756178481
1991-06-01,Barrancabermeja,Barrancabermeja,280.3333333333333,273.10670907788517,0.01623268692843283,270.249756178481
1991-07-01,Barrancabermeja,Barrancabermeja,278.14285714285717,273.1229417648136,0.01623268692843283,270.249756178481
1991-08-01,Barrancabermeja,Barrancabermeja,270.44,273.13917445174206,0.01623268692843283,270.249756178481
1991-09-01,Barrancabermeja,Barrancabermeja,299.75,273.15540713867045,0.01623268692843283,270.249756178481
1991-10-01,Barrancabermeja,Barrancabermeja,316.96774193548384,273.1716398255989,0.01623268692843283,270.249756178481
1991-11-01,Barrancabermeja,Barrancabermeja,340.9,273.18787251252735,0.01623268692843283,270.249756178481
1991-12-01,Barrancabermeja,Barrancabermeja,300.0,273.2041051994558,0.01623268692843283,270.249756178481
1992-01-01,Barrancabermeja,Barrancabermeja,268.0,273.2203378863842,0.01623268692843283,270.249756178481
1992-02-01,Barrancabermeja,Barrancabermeja,201.34615384615384,273.23657057331263,0.01623268692843283,270.249756178481
1992-03-01,Barrancabermeja,Barrancabermeja,177.09677419354838,273.2528032602411,0.01623268692843283,270.249756178481
1992-04-01,Barrancabermeja,Barrancabermeja,195.1851851851852,273.2690359471695,0.01623268692843283,270.249756178481
1992-05-01,Barrancabermeja,Barrancabermeja,288.5,273.2852686340979,0.01623268692843283,270.249756178481
1992-06-01,Barrancabermeja,Barrancabermeja,236.8,273.30150132102636,0.01623268692843283,270.249756178481
1992-07-01,Barrancabermeja,Barrancabermeja,198.0,273.3177340079548,0.01623268692843283,270.249756178481
1992-08-01,Barrancabermeja,Barrancabermeja,226.3793103448276,273.33396669488326,0.01623268692843283,270.249756178481
1992-09-01,Barrancabermeja,Barrancabermeja,255.1,273.35019938181165,0.01623268692843283,270.249756178481
1992-10-01,Barrancabermeja,Barrancabermeja,258.17241379310343,273.3664320687401,0.01623268692843283,270.249756178481
1992-11-01,Barrancabermeja,Barrancabermeja,281.6333333333333,273.38266475566854,0.01623268692843283,270.249756178481
1992-12-01,Barrancabermeja,Barrancabermeja,290.2258064516129,273.398897442597,0.01623268692843283,270.249756178481
1993-01-01,Barrancabermeja,Barrancabermeja,208.1153846153846,273.4151301295254,0.01623268692843283,270.249756178481
1993-02-01,Barrancabermeja,Barrancabermeja,210.03846153846155,273.4313628164538,0.01623268692843283,270.249756178481
1993-03-01,Barrancabermeja,Barrancabermeja,262.2258064516129,273.4475955033823,0.01623268692843283,270.249756178481
1993-04-01,Barrancabermeja,Barrancabermeja,333.17241379310343,273.4638281903107,0.01623268692843283,270.249756178481
1993-05-01,Barrancabermeja,Barrancabermeja,394.64516129032256,273.4800608772391,0.01623268692843283,270.249756178481
1993-06-01,Barrancabermeja,Barrancabermeja,282.4347826086956,273.49629356416756,0.01623268692843283,270.249756178481
1993-08-01,Barrancabermeja,Barrancabermeja,211.70967741935485,273.512526251096,0.01623268692843283,270.249756178481
1993-09-01,Barrancabermeja,Barrancabermeja,298.46666666666664,273.52875893802445,0.01623268692843283,270.249756178481
1993-10-01,Barrancabermeja,Barrancabermeja,303.3666666666667,273.54499162495284,0.01623268692843283,270.249756178481
1993-11-01,Barrancabermeja,Barrancabermeja,382.43333333333334,273.5612243118813,0.01623268692843283,270.249756178481
1993-12-01,Barrancabermeja,Barrancabermeja,342.7741935483871,273.57745699880974,0.01623268692843283,270.249756178481
1994-01-01,Barrancabermeja,Barrancabermeja,222.5483870967742,273.5936896857382,0.01623268692843283,270.249756178481
1994-02-01,Barrancabermeja,Barrancabermeja,251.78571428571428,273.6099223726666,0.01623268692843283,270.249756178481
1994-03-01,Barrancabermeja,Barrancabermeja,327.64516129032256,273.626155059595,0.01623268692843283,270.249756178481
1994-04-01,Barrancabermeja,Barrancabermeja,397.6,273.64238774652347,0.01623268692843283,270.249756178481
1994-05-01,Barrancabermeja,Barrancabermeja,377.83870967741933,273.6586204334519,0.01623268692843283,270.249756178481
1994-06-01,Barrancabermeja,Barrancabermeja,317.26666666666665,273.6748531203803,0.01623268692843283,270.249756178481
1994-07-01,Barrancabermeja,Barrancabermeja,261.4193548387097,273.69108580730875,0.01623268692843283,270.249756178481
1994-08-01,Barrancabermeja,Barrancabermeja,226.58064516129033,273.7073184942372,0.01623268692843283,270.249756178481
1994-09-01,Barrancabermeja,Barrancabermeja,231.5,273.72355118116565,0.01623268692843283,270.249756178481
1994-10-01,Barrancabermeja,Barrancabermeja,341.1290322580645,273.73978386809404,0.01623268692843283,270.249756178481
1994-11-01,Barrancabermeja,Barrancabermeja,382.76666666666665,273.7560165550225,0.01623268692843283,270.249756178481
1994-12-01,Barrancabermeja,Barrancabermeja,368.4,273.77224924195093,0.01623268692843283,270.249756178481
1995-03-01,Barrancabermeja,Barrancabermeja,238.08,273.7884819288794,0.01623268692843283,270.249756178481
1995-04-01,Barrancabermeja,Barrancabermeja,304.8,273.80471461580777,0.01623268692843283,270.249756178481
1995-05-01,Barrancabermeja,Barrancabermeja,323.0967741935484,273.8209473027362,0.01623268692843283,270.249756178481
1995-06-01,Barrancabermeja,Barrancabermeja,331.8333333333333,273.83717998966466,0.01623268692843283,270.249756178481
1995-07-01,Barrancabermeja,Barrancabermeja,291.23333333333335,273.8534126765931,0.01623268692843283,270.249756178481
1995-08-01,Barrancabermeja,Barrancabermeja,335.4193548387097,273.8696453635215,0.01623268692843283,270.249756178481
1995-09-01,Barrancabermeja,Barrancabermeja,283.43333333333334,273.88587805044995,0.01623268692843283,270.249756178481
1995-10-01,Barrancabermeja,Barrancabermeja,358.06451612903226,273.9021107373784,0.01623268692843283,270.249756178481
1995-11-01,Barrancabermeja,Barrancabermeja,374.46666666666664,273.91834342430684,0.01623268692843283,270.249756178481
1995-12-01,Barrancabermeja,Barrancabermeja,334.48387096774195,273.93457611123523,0.01623268692843283,270.249756178481
1996-01-01,Barrancabermeja,Barrancabermeja,261.2903225806452,273.9508087981637,0.01623268692843283,270.249756178481
1996-02-01,Barrancabermeja,Barrancabermeja,292.2068965517241,273.9670414850921,0.01623268692843283,270.249756178481
1996-03-01,Barrancabermeja,Barrancabermeja,373.06451612903226,273.9832741720206,0.01623268692843283,270.249756178481
1996-04-01,Barrancabermeja,Barrancabermeja,332.7,273.99950685894896,0.01623268692843283,270.249756178481
1996-05-01,Barrancabermeja,Barrancabermeja,403.03225806451616,274.0157395458774,0.01623268692843283,270.249756178481
1996-06-01,Barrancabermeja,Barrancabermeja,352.43333333333334,274.03197223280586,0.01623268692843283,270.249756178481
1996-07-01,Barrancabermeja,Barrancabermeja,328.64516129032256,274.0482049197343,0.01623268692843283,270.249756178481
1996-08-01,Barrancabermeja,Barrancabermeja,246.3548387096774,274.0644376066627,0.01623268692843283,270.249756178481
1996-09-01,Barrancabermeja,Barrancabermeja,261.5,274.08067029359114,0.01623268692843283,270.249756178481
1996-10-01,Barrancabermeja,Barrancabermeja,371.258064516129,274.0969029805196,0.01623268692843283,270.249756178481
1996-11-01,Barrancabermeja,Barrancabermeja,313.3,274.11313566744803,0.01623268692843283,270.249756178481
1996-12-01,Barrancabermeja,Barrancabermeja,295.258064516129,274.1293683543764,0.01623268692843283,270.249756178481
1997-01-01,Barrancabermeja,Barrancabermeja,252.16129032258064,274.1456010413049,0.01623268692843283,270.249756178481
1997-02-01,Barrancabermeja,Barrancabermeja,276.92857142857144,274.1618337282333,0.01623268692843283,270.249756178481
1997-03-01,Barrancabermeja,Barrancabermeja,220.1290322580645,274.17806641516177,0.01623268692843283,270.249756178481
1997-04-01,Barrancabermeja,Barrancabermeja,293.3666666666667,274.19429910209016,0.01623268692843283,270.249756178481
1997-05-01,Barrancabermeja,Barrancabermeja,285.5483870967742,274.2105317890186,0.01623268692843283,270.249756178481
1997-06-01,Barrancabermeja,Barrancabermeja,295.8,274.22676447594705,0.01623268692843283,270.249756178481
1997-07-01,Barrancabermeja,Barrancabermeja,233.74193548387098,274.2429971628755,0.01623268692843283,270.249756178481
1997-08-01,Barrancabermeja,Barrancabermeja,173.7741935483871,274.2592298498039,0.01623268692843283,270.249756178481
1997-09-01,Barrancabermeja,Barrancabermeja,211.06666666666666,274.27546253673233,0.01623268692843283,270.249756178481
1997-10-01,Barrancabermeja,Barrancabermeja,262.2903225806452,274.2916952236608,0.01623268692843283,270.249756178481
1997-11-01,Barrancabermeja,Barrancabermeja,309.6666666666667,274.3079279105892,0.01623268692843283,270.249756178481
1997-12-01,Barrancabermeja,Barrancabermeja,180.70967741935485,274.3241605975176,0.01623268692843283,270.249756178481
1998-01-01,Barrancabermeja,Barrancabermeja,147.61290322580646,274.34039328444607,0.01623268692843283,270.249756178481
1998-02-01,Barrancabermeja,Barrancabermeja,193.92857142857142,274.3566259713745,0.01623268692843283,270.249756178481
1998-03-01,Barrancabermeja,Barrancabermeja,181.09677419354838,274.37285865830296,0.01623268692843283,270.249756178481
1998-04-01,Barrancabermeja,Barrancabermeja,347.8,274.38909134523135,0.01623268692843283,270.249756178481
1998-05-01,Barrancabermeja,Barrancabermeja,350.96774193548384,274.4053240321598,0.01623268692843283,270.249756178481
1998-06-01,Barrancabermeja,Barrancabermeja,303.8,274.42155671908824,0.01623268692843283,270.249756178481
1998-07-01,Barrancabermeja,Barrancabermeja,295.83870967741933,274.4377894060167,0.01623268692843283,270.249756178481
1998-08-01,Barrancabermeja,Barrancabermeja,264.3225806451613,274.4540220929451,0.01623268692843283,270.249756178481
1998-09-01,Barrancabermeja,Barrancabermeja,304.73333333333335,274.4702547798735,0.01623268692843283,270.249756178481
1998-10-01,Barrancabermeja,Barrancabermeja,361.9032258064516,274.486487466802,0.01623268692843283,270.249756178481
1998-11-01,Barrancabermeja,Barrancabermeja,397.4,274.5027201537304,0.01623268692843283,270.249756178481
1998-12-01,Barrancabermeja,Barrancabermeja,378.0,274.5189528406588,0.01623268692843283,270.249756178481
1999-01-01,Barrancabermeja,Barrancabermeja,317.3225806451613,274.53518552758726,0.01623268692843283,270.249756178481
1999-02-01,Barrancabermeja,Barrancabermeja,386.5,274.5514182145157,0.01623268692843283,270.249756178481
1999-03-01,Barrancabermeja,Barrancabermeja,372.0,274.56765090144415,0.01623268692843283,270.249756178481
1999-04-01,Barrancabermeja,Barrancabermeja,386.1333333333333,274.58388358837254,0.01623268692843283,270.249756178481
1999-05-01,Barrancabermeja,Barrancabermeja,384.0967741935484,274.600116275301,0.01623268692843283,270.249756178481
1999-06-01,Barrancabermeja,Barrancabermeja,328.73333333333335,274.61634896222944,0.01623268692843283,270.249756178481
1999-07-01,Barrancabermeja,Barrancabermeja,262.0,274.6325816491579,0.01623268692843283,270.249756178481
1999-08-01,Barrancabermeja,Barrancabermeja,251.09677419354838,274.6488143360863,0.01623268692843283,270.249756178481
1999-09-01,Barrancabermeja,Barrancabermeja,304.53333333333336,274.6650470230147,0.01623268692843283,270.249756178481
1999-10-01,Barrancabermeja,Barrancabermeja,395.96774193548384,274.68127970994317,0.01623268692843283,270.249756178481
1999-11-01,Barrancabermeja,Barrancabermeja,403.3,274.6975123968716,0.01623268692843283,270.249756178481
1999-12-01,Barrancabermeja,Barrancabermeja,393.3225806451613,274.7137450838,0.01623268692843283,270.249756178481
2000-01-01,Barrancabermeja,Barrancabermeja,214.5483870967742,274.72997777072845,0.01623268692843283,270.249756178481
2000-02-01,Barrancabermeja,Barrancabermeja,245.48275862068965,274.7462104576569,0.01623268692843283,270.249756178481
2000-03-01,Barrancabermeja,Barrancabermeja,323.8709677419355,274.76244314458535,0.01623268692843283,270.249756178481
2000-04-01,Barrancabermeja,Barrancabermeja,339.1,274.77867583151374,0.01623268692843283,270.249756178481
2000-05-01,Barrancabermeja,Barrancabermeja,389.258064516129,274.7949085184422,0.01623268692843283,270.249756178481
2000-06-01,Barrancabermeja,Barrancabermeja,358.9,274.81114120537063,0.01623268692843283,270.249756178481
2000-07-01,Barrancabermeja,Barrancabermeja,267.35483870967744,274.8273738922991,0.01623268692843283,270.249756178481
2000-08-01,Barrancabermeja,Barrancabermeja,232.32258064516128,274.84360657922747,0.01623268692843283,270.249756178481
2000-09-01,Barrancabermeja,Barrancabermeja,337.1,274.8598392661559,0.01623268692843283,270.249756178481
2000-10-01,Barrancabermeja,Barrancabermeja,321.93548387096774,274.87607195308436,0.01623268692843283,270.249756178481
2000-11-01,Barrancabermeja,Barrancabermeja,316.6,274.8923046400128,0.01623268692843283,270.249756178481
2000-12-01,Barrancabermeja,Barrancabermeja,228.2258064516129,274.9085373269412,0.01623268692843283,270.249756178481
2001-01-01,Barrancabermeja,Barrancabermeja,191.96774193548387,274.92477001386965,0.01623268692843283,270.249756178481
2001-02-01,Barrancabermeja,Barrancabermeja,124.5,274.9410027007981,0.01623268692843283,270.249756178481
2001-03-01,Barrancabermeja,Barrancabermeja,235.51612903225808,274.95723538772654,0.01623268692843283,270.249756178481
2001-04-01,Barrancabermeja,Barrancabermeja,218.8,274.97346807465493,0.01623268692843283,270.249756178481
2001-05-01,Barrancabermeja,Barrancabermeja,286.38709677419354,274.9897007615834,0.01623268692843283,270.249756178481
2001-06-01,Barrancabermeja,Barrancabermeja,241.0,275.0059334485118,0.01623268692843283,270.249756178481
2001-07-01,Barrancabermeja,Barrancabermeja,228.61290322580646,275.0221661354403,0.01623268692843283,270.249756178481
2001-08-01,Barrancabermeja,Barrancabermeja,156.09677419354838,275.03839882236866,0.01623268692843283,270.249756178481
2001-09-01,Barrancabermeja,Barrancabermeja,221.76666666666668,275.0546315092971,0.01623268692843283,270.249756178481
2001-10-01,Barrancabermeja,Barrancabermeja,267.7096774193548,275.07086419622556,0.01623268692843283,270.249756178481
2001-11-01,Barrancabermeja,Barrancabermeja,323.9,275.087096883154,0.01623268692843283,270.249756178481
2001-12-01,Barrancabermeja,Barrancabermeja,335.19354838709677,275.1033295700824,0.01623268692843283,270.249756178481
2002-01-01,Barrancabermeja,Barrancabermeja,174.25806451612902,275.11956225701084,0.01623268692843283,270.249756178481
2002-02-01,Barrancabermeja,Barrancabermeja,132.57142857142858,275.1357949439393,0.01623268692843283,270.249756178481
2002-03-01,Barrancabermeja,Barrancabermeja,189.80645161290323,275.15202763086774,0.01623268692843283,270.249756178481
2002-04-01,Barrancabermeja,Barrancabermeja,355.03333333333336,275.1682603177961,0.01623268692843283,270.249756178481
2002-05-01,Barrancabermeja,Barrancabermeja,284.06451612903226,275.1844930047246,0.01623268692843283,270.249756178481
2002-06-01,Barrancabermeja,Barrancabermeja,356.7,275.200725691653,0.01623268692843283,270.249756178481
2002-07-01,Barrancabermeja,Barrancabermeja,207.41935483870967,275.21695837858147,0.01623268692843283,270.249756178481
2002-08-01,Barrancabermeja,Barrancabermeja,178.8709677419355,275.23319106550986,0.01623268692843283,270.249756178481
2002-09-01,Barrancabermeja,Barrancabermeja,209.13333333333333,275.2494237524383,0.01623268692843283,270.249756178481
2002-10-01,Barrancabermeja,Barrancabermeja,249.1290322580645,275.26565643936675,0.01623268692843283,270.249756178481
2002-11-01,Barrancabermeja,Barrancabermeja,287.6,275.2818891262952,0.01623268692843283,270.249756178481
2002-12-01,Barrancabermeja,Barrancabermeja,239.8709677419355,275.2981218132236,0.01623268692843283,270.249756178481
2003-01-01,Barrancabermeja,Barrancabermeja,132.38709677419354,275.31435450015204,0.01623268692843283,270.249756178481
2003-02-01,Barrancabermeja,Barrancabermeja,144.75,275.3305871870805,0.01623268692843283,270.249756178481
2003-03-01,Barrancabermeja,Barrancabermeja,198.3548387096774,275.34681987400893,0.01623268692843283,270.249756178481
2003-04-01,Barrancabermeja,Barrancabermeja,307.46666666666664,275.3630525609373,0.01623268692843283,270.249756178481
2003-05-01,Barrancabermeja,Barrancabermeja,302.64516129032256,275.37928524786577,0.01623268692843283,270.249756178481
2003-06-01,Barrancabermeja,Barrancabermeja,330.23333333333335,275.3955179347942,0.01623268692843283,270.249756178481
2003-07-01,Barrancabermeja,Barrancabermeja,249.70967741935485,275.41175062172266,0.01623268692843283,270.249756178481
2003-08-01,Barrancabermeja,Barrancabermeja,224.96774193548387,275.42798330865105,0.01623268692843283,270.249756178481
2003-09-01,Barrancabermeja,Barrancabermeja,241.73333333333332,275.4442159955795,0.01623268692843283,270.249756178481
2003-10-01,Barrancabermeja,Barrancabermeja,349.16129032258067,275.46044868250794,0.01623268692843283,270.249756178481
2003-11-01,Barrancabermeja,Barrancabermeja,368.6666666666667,275.4766813694364,0.01623268692843283,270.249756178481
2003-12-01,Barrancabermeja,Barrancabermeja,333.5483870967742,275.4929140563648,0.01623268692843283,270.249756178481
2004-01-01,Barrancabermeja,Barrancabermeja,233.67741935483872,275.50914674329323,0.01623268692843283,270.249756178481
2004-02-01,Barrancabermeja,Barrancabermeja,193.31034482758622,275.5253794302217,0.01623268692843283,270.249756178481
2004-03-01,Barrancabermeja,Barrancabermeja,205.03225806451613,275.5416121171501,0.01623268692843283,270.249756178481
2004-04-01,Barrancabermeja,Barrancabermeja,295.8333333333333,275.5578448040785,0.01623268692843283,270.249756178481
2004-05-01,Barrancabermeja,Barrancabermeja,378.16129032258067,275.57407749100696,0.01623268692843283,270.249756178481
2004-06-01,Barrancabermeja,Barrancabermeja,277.6666666666667,275.5903101779354,0.01623268692843283,270.249756178481
2004-07-01,Barrancabermeja,Barrancabermeja,255.32258064516128,275.60654286486385,0.01623268692843283,270.249756178481
2004-08-01,Barrancabermeja,Barrancabermeja,230.93548387096774,275.62277555179224,0.01623268692843283,270.249756178481
2004-09-01,Barrancabermeja,Barrancabermeja,303.53333333333336,275.6390082387207,0.01623268692843283,270.249756178481
2004-10-01,Barrancabermeja,Barrancabermeja,362.2903225806452,275.65524092564914,0.01623268692843283,270.249756178481
2004-11-01,Barrancabermeja,Barrancabermeja,422.06666666666666,275.6714736125776,0.01623268692843283,270.249756178481
2004-12-01,Barrancabermeja,Barrancabermeja,313.06451612903226,275.687706299506,0.01623268692843283,270.249756178481
2005-01-01,Barrancabermeja,Barrancabermeja,240.56666666666666,275.7039389864344,0.01623268692843283,270.249756178481
2005-02-01,Barrancabermeja,Barrancabermeja,283.14285714285717,275.72017167336287,0.01623268692843283,270.249756178481
2005-03-01,Barrancabermeja,Barrancabermeja,251.70967741935485,275.7364043602913,0.01623268692843283,270.249756178481
2005-04-01,Barrancabermeja,Barrancabermeja,307.6666666666667,275.7526370472197,0.01623268692843283,270.249756178481
2005-05-01,Barrancabermeja,Barrancabermeja,388.44827586206895,275.76886973414815,0.01623268692843283,270.249756178481
2005-06-01,Barrancabermeja,Barrancabermeja,309.8,275.7851024210766,0.01623268692843283,270.249756178481
2005-07-01,Barrancabermeja,Barrancabermeja,235.93548387096774,275.80133510800505,0.01623268692843283,270.249756178481
2005-08-01,Barrancabermeja,Barrancabermeja,205.17241379310346,275.81756779493344,0.01623268692843283,270.249756178481
2005-09-01,Barrancabermeja,Barrancabermeja,204.14285714285714,275.8338004818619,0.01623268692843283,270.249756178481
2005-10-01,Barrancabermeja,Barrancabermeja,345.93548387096774,275.85003316879033,0.01623268692843283,270.249756178481
2005-11-01,Barrancabermeja,Barrancabermeja,312.0344827586207,275.8662658557188,0.01623268692843283,270.249756178481
2005-12-01,Barrancabermeja,Barrancabermeja,325.5483870967742,275.88249854264717,0.01623268692843283,270.249756178481
2006-01-01,Barrancabermeja,Barrancabermeja,271.2258064516129,275.8987312295756,0.01623268692843283,270.249756178481
2006-02-01,Barrancabermeja,Barrancabermeja,247.42857142857142,275.91496391650406,0.01623268692843283,270.249756178481
2006-03-01,Barrancabermeja,Barrancabermeja,315.1290322580645,275.9311966034325,0.01623268692843283,270.249756178481
2006-04-01,Barrancabermeja,Barrancabermeja,402.53333333333336,275.9474292903609,0.01623268692843283,270.249756178481
2006-05-01,Barrancabermeja,Barrancabermeja,398.96774193548384,275.96366197728935,0.01623268692843283,270.249756178481
2006-06-01,Barrancabermeja,Barrancabermeja,340.8,275.9798946642178,0.01623268692843283,270.249756178481
2006-07-01,Barrancabermeja,Barrancabermeja,227.7741935483871,275.99612735114624,0.01623268692843283,270.249756178481
2006-08-01,Barrancabermeja,Barrancabermeja,212.38709677419354,276.01236003807463,0.01623268692843283,270.249756178481
2006-09-01,Barrancabermeja,Barrancabermeja,255.86666666666667,276.0285927250031,0.01623268692843283,270.249756178481
2006-10-01,Barrancabermeja,Barrancabermeja,303.51612903225805,276.0448254119315,0.01623268692843283,270.249756178481
2006-11-01,Barrancabermeja,Barrancabermeja,403.8333333333333,276.06105809886,0.01623268692843283,270.249756178481
2006-12-01,Barrancabermeja,Barrancabermeja,353.64516129032256,276.07729078578836,0.01623268692843283,270.249756178481
2007-01-01,Barrancabermeja,Barrancabermeja,235.09677419354838,276.0935234727168,0.01623268692843283,270.249756178481
2007-02-01,Barrancabermeja,Barrancabermeja,162.25,276.10975615964526,0.01623268692843283,270.249756178481
2007-03-01,Barrancabermeja,Barrancabermeja,196.4516129032258,276.1259888465737,0.01623268692843283,270.249756178481
2007-04-01,Barrancabermeja,Barrancabermeja,371.9,276.1422215335021,0.01623268692843283,270.249756178481
2007-05-01,Barrancabermeja,Barrancabermeja,417.258064516129,276.15845422043054,0.01623268692843283,270.249756178481
2007-06-01,Barrancabermeja,Barrancabermeja,328.1,276.174686907359,0.01623268692843283,270.249756178481
2007-07-01,Barrancabermeja,Barrancabermeja,259.8709677419355,276.19091959428744,0.01623268692843283,270.249756178481
2007-08-01,Barrancabermeja,Barrancabermeja,276.0,276.2071522812158,0.01623268692843283,270.249756178481
2007-09-01,Barrancabermeja,Barrancabermeja,287.2,276.2233849681443,0.01623268692843283,270.249756178481
2007-10-01,Barrancabermeja,Barrancabermeja,379.4193548387097,276.2396176550727,0.01623268692843283,270.249756178481
2007-11-01,Barrancabermeja,Barrancabermeja,396.73333333333335,276.25585034200117,0.01623268692843283,270.249756178481
2007-12-01,Barrancabermeja,Barrancabermeja,300.258064516129,276.27208302892956,0.01623268692843283,270.249756178481
2008-01-01,Barrancabermeja,Barrancabermeja,267.5806451612903,276.288315715858,0.01623268692843283,270.249756178481
2008-02-01,Barrancabermeja,Barrancabermeja,253.75862068965517,276.30454840278645,0.01623268692843283,270.249756178481
2008-03-01,Barrancabermeja,Barrancabermeja,317.51612903225805,276.3207810897149,0.01623268692843283,270.249756178481
2008-04-01,Barrancabermeja,Barrancabermeja,367.96666666666664,276.3370137766433,0.01623268692843283,270.249756178481
2008-05-01,Barrancabermeja,Barrancabermeja,400.35483870967744,276.35324646357174,0.01623268692843283,270.249756178481
2008-06-01,Barrancabermeja,Barrancabermeja,375.76666666666665,276.3694791505002,0.01623268692843283,270.249756178481
2008-07-01,Barrancabermeja,Barrancabermeja,339.4516129032258,276.38571183742863,0.01623268692843283,270.249756178481
2008-08-01,Barrancabermeja,Barrancabermeja,360.19354838709677,276.401944524357,0.01623268692843283,270.249756178481
2008-09-01,Barrancabermeja,Barrancabermeja,317.9,276.41817721128547,0.01623268692843283,270.249756178481
2008-10-01,Barrancabermeja,Barrancabermeja,390.7741935483871,276.4344098982139,0.01623268692843283,270.249756178481
2008-11-01,Barrancabermeja,Barrancabermeja,461.5,276.45064258514236,0.01623268692843283,270.249756178481
2008-12-01,Barrancabermeja,Barrancabermeja,372.03225806451616,276.46687527207075,0.01623268692843283,270.249756178481
2009-01-01,Barrancabermeja,Barrancabermeja,300.16129032258067,276.4831079589992,0.01623268692843283,270.249756178481
2009-02-01,Barrancabermeja,Barrancabermeja,311.2857142857143,276.49934064592765,0.01623268692843283,270.249756178481
2009-03-01,Barrancabermeja,Barrancabermeja,372.7096774193548,276.5155733328561,0.01623268692843283,270.249756178481
2009-04-01,Barrancabermeja,Barrancabermeja,364.73333333333335,276.5318060197845,0.01623268692843283,270.249756178481
2009-05-01,Barrancabermeja,Barrancabermeja,357.2258064516129,276.54803870671293,0.01623268692843283,270.249756178481
2009-06-01,Barrancabermeja,Barrancabermeja,299.76666666666665,276.5642713936414,0.01623268692843283,270.249756178481
2009-07-01,Barrancabermeja,Barrancabermeja,235.83870967741936,276.5805040805698,0.01623268692843283,270.249756178481
2009-08-01,Barrancabermeja,Barrancabermeja,237.5483870967742,276.5967367674982,0.01623268692843283,270.249756178481
2009-09-01,Barrancabermeja,Barrancabermeja,217.3,276.61296945442666,0.01623268692843283,270.249756178481
2009-10-01,Barrancabermeja,Barrancabermeja,248.4516129032258,276.6292021413551,0.01623268692843283,270.249756178481
2009-11-01,Barrancabermeja,Barrancabermeja,299.03333333333336,276.64543482828356,0.01623268692843283,270.249756178481
2009-12-01,Barrancabermeja,Barrancabermeja,213.8709677419355,276.66166751521195,0.01623268692843283,270.249756178481
2010-01-01,Barrancabermeja,Barrancabermeja,130.5483870967742,276.6779002021404,0.01623268692843283,270.249756178481
2010-02-01,Barrancabermeja,Barrancabermeja,134.35714285714286,276.69413288906884,0.01623268692843283,270.249756178481
2010-03-01,Barrancabermeja,Barrancabermeja,210.03225806451613,276.7103655759973,0.01623268692843283,270.249756178481
2010-04-01,Barrancabermeja,Barrancabermeja,307.73333333333335,276.7265982629257,0.01623268692843283,270.249756178481
2010-05-01,Barrancabermeja,Barrancabermeja,370.258064516129,276.7428309498541,0.01623268692843283,270.249756178481
2010-06-01,Barrancabermeja,Barrancabermeja,350.56666666666666,276.75906363678257,0.01623268692843283,270.249756178481
2010-07-01,Barrancabermeja,Barrancabermeja,383.19354838709677,276.775296323711,0.01623268692843283,270.249756178481
2010-08-01,Barrancabermeja,Barrancabermeja,293.48387096774195,276.7915290106394,0.01623268692843283,270.249756178481
2010-09-01,Barrancabermeja,Barrancabermeja,387.0,276.80776169756786,0.01623268692843283,270.249756178481
2010-10-01,Barrancabermeja,Barrancabermeja,366.48387096774195,276.8239943844963,0.01623268692843283,270.249756178481
2010-11-01,Barrancabermeja,Barrancabermeja,474.0,276.84022707142475,0.01623268692843283,270.249756178481
2010-12-01,Barrancabermeja,Barrancabermeja,406.258064516129,276.85645975835314,0.01623268692843283,270.249756178481
2011-01-01,Barrancabermeja,Barrancabermeja,248.5483870967742,276.8726924452816,0.01623268692843283,270.249756178481
2011-02-01,Barrancabermeja,Barrancabermeja,225.85714285714286,276.88892513221003,0.01623268692843283,270.249756178481
2011-03-01,Barrancabermeja,Barrancabermeja,364.4516129032258,276.9051578191385,0.01623268692843283,270.249756178481
2011-04-01,Barrancabermeja,Barrancabermeja,466.6,276.92139050606687,0.01623268692843283,270.249756178481
2011-05-01,Barrancabermeja,Barrancabermeja,390.35483870967744,276.9376231929953,0.01623268692843283,270.249756178481
2011-06-01,Barrancabermeja,Barrancabermeja,304.96666666666664,276.95385587992376,0.01623268692843283,270.249756178481
2011-07-01,Barrancabermeja,Barrancabermeja,254.2258064516129,276.9700885668522,0.01623268692843283,270.249756178481
2011-08-01,Barrancabermeja,Barrancabermeja,242.96774193548387,276.9863212537806,0.01623268692843283,270.249756178481
2011-09-01,Barrancabermeja,Barrancabermeja,187.76666666666668,277.00255394070905,0.01623268692843283,270.249756178481
2011-10-01,Barrancabermeja,Barrancabermeja,314.16129032258067,277.0187866276375,0.01623268692843283,270.249756178481
2011-11-01,Barrancabermeja,Barrancabermeja,388.6333333333333,277.03501931456594,0.01623268692843283,270.249756178481
2011-12-01,Barrancabermeja,Barrancabermeja,447.2258064516129,277.05125200149433,0.01623268692843283,270.249756178481
2012-01-01,Barrancabermeja,Barrancabermeja,264.16129032258067,277.0674846884228,0.01623268692843283,270.249756178481
2012-02-01,Barrancabermeja,Barrancabermeja,225.89655172413794,277.0837173753512,0.01623268692843283,270.249756178481
2012-03-01,Barrancabermeja,Barrancabermeja,336.1,277.0999500622797,0.01623268692843283,270.249756178481
2012-04-01,Barrancabermeja,Barrancabermeja,386.06666666666666,277.11618274920806,0.01623268692843283,270.249756178481
2012-05-01,Barrancabermeja,Barrancabermeja,371.93548387096774,277.1324154361365,0.01623268692843283,270.249756178481
2012-06-01,Barrancabermeja,Barrancabermeja,210.58620689655172,277.14864812306496,0.01623268692843283,270.249756178481
2012-07-01,Barrancabermeja,Barrancabermeja,189.41935483870967,277.1648808099934,0.01623268692843283,270.249756178481
2012-08-01,Barrancabermeja,Barrancabermeja,201.1290322580645,277.1811134969218,0.01623268692843283,270.249756178481
2012-09-01,Barrancabermeja,Barrancabermeja,158.2608695652174,277.19734618385024,0.01623268692843283,270.249756178481
2012-10-01,Barrancabermeja,Barrancabermeja,271.93548387096774,277.2135788707787,0.01623268692843283,270.249756178481
2012-11-01,Barrancabermeja,Barrancabermeja,285.0,277.22981155770714,0.01623268692843283,270.249756178481
2012-12-01,Barrancabermeja,Barrancabermeja,212.0,277.2460442446355,0.01623268692843283,270.249756178481
2013-01-01,Barrancabermeja,Barrancabermeja,115.48387096774194,277.262276931564,0.01623268692843283,270.249756178481
2013-02-01,Barrancabermeja,Barrancabermeja,216.25,277.2785096184924,0.01623268692843283,270.249756178481
2013-03-01,Barrancabermeja,Barrancabermeja,240.16666666666666,277.29474230542087,0.01623268692843283,270.249756178481
2013-04-01,Barrancabermeja,Barrancabermeja,236.96666666666667,277.31097499234926,0.01623268692843283,270.249756178481
2013-05-01,Barrancabermeja,Barrancabermeja,349.2903225806452,277.3272076792777,0.01623268692843283,270.249756178481
2013-06-01,Barrancabermeja,Barrancabermeja,241.03333333333333,277.34344036620615,0.01623268692843283,270.249756178481
2013-07-01,Barrancabermeja,Barrancabermeja,195.3548387096774,277.3596730531346,0.01623268692843283,270.249756178481
2013-08-01,Barrancabermeja,Barrancabermeja,226.83870967741936,277.375905740063,0.01623268692843283,270.249756178481
2013-09-01,Barrancabermeja,Barrancabermeja,218.8,277.39213842699144,0.01623268692843283,270.249756178481
2013-10-01,Barrancabermeja,Barrancabermeja,274.51612903225805,277.4083711139199,0.01623268692843283,270.249756178481
2013-11-01,Barrancabermeja,Barrancabermeja,279.23333333333335,277.42460380084833,0.01623268692843283,270.249756178481
2013-12-01,Barrancabermeja,Barrancabermeja,309.83870967741933,277.4408364877767,0.01623268692843283,270.249756178481
2014-01-01,Barrancabermeja,Barrancabermeja,182.29032258064515,277.45706917470517,0.01623268692843283,270.249756178481
2014-02-01,Barrancabermeja,Barrancabermeja,184.0,277.4733018616336,0.01623268692843283,270.249756178481
2014-03-01,Barrancabermeja,Barrancabermeja,291.03225806451616,277.48953454856206,0.01623268692843283,270.249756178481
2014-04-01,Barrancabermeja,Barrancabermeja,219.93333333333334,277.50576723549045,0.01623268692843283,270.249756178481
2014-05-01,Barrancabermeja,Barrancabermeja,333.35483870967744,277.5219999224189,0.01623268692843283,270.249756178481
2014-06-01,Barrancabermeja,Barrancabermeja,231.26666666666668,277.53823260934735,0.01623268692843283,270.249756178481
2014-07-01,Barrancabermeja,Barrancabermeja,207.38709677419354,277.5544652962758,0.01623268692843283,270.249756178481
2014-08-01,Barrancabermeja,Barrancabermeja,163.2258064516129,277.5706979832042,0.01623268692843283,270.249756178481
2014-09-01,Barrancabermeja,Barrancabermeja,208.9,277.58693067013263,0.01623268692843283,270.249756178481
2014-10-01,Barrancabermeja,Barrancabermeja,269.258064516129,277.6031633570611,0.01623268692843283,270.249756178481
2014-11-01,Barrancabermeja,Barrancabermeja,314.23333333333335,277.6193960439895,0.01623268692843283,270.249756178481
2014-12-01,Barrancabermeja,Barrancabermeja,238.2,277.6356287309179,0.01623268692843283,270.249756178481
2015-01-01,Barrancabermeja,Barrancabermeja,131.51612903225808,277.65186141784636,0.01623268692843283,270.249756178481
2015-02-01,Barrancabermeja,Barrancabermeja,202.07407407407408,277.6680941047748,0.01623268692843283,270.249756178481
2015-03-01,Barrancabermeja,Barrancabermeja,194.5483870967742,277.68432679170326,0.01623268692843283,270.249756178481
2015-04-01,Barrancabermeja,Barrancabermeja,293.2,277.70055947863165,0.01623268692843283,270.249756178481
2015-05-01,Barrancabermeja,Barrancabermeja,213.96774193548387,277.7167921655601,0.01623268692843283,270.249756178481
2015-06-01,Barrancabermeja,Barrancabermeja,218.3,277.73302485248854,0.01623268692843283,270.249756178481
2015-07-01,Barrancabermeja,Barrancabermeja,160.4,277.749257539417,0.01623268692843283,270.249756178481
2015-08-01,Barrancabermeja,Barrancabermeja,135.3793103448276,277.7654902263454,0.01623268692843283,270.249756178481
2015-09-01,Barrancabermeja,Barrancabermeja,141.23333333333332,277.7817229132738,0.01623268692843283,270.249756178481
2015-10-01,Barrancabermeja,Barrancabermeja,175.6451612903226,277.7979556002023,0.01623268692843283,270.249756178481
2015-11-01,Barrancabermeja,Barrancabermeja,227.16666666666666,277.8141882871307,0.01623268692843283,270.249756178481
2015-12-01,Barrancabermeja,Barrancabermeja,112.51612903225806,277.8304209740591,0.01623268692843283,270.249756178481
2016-01-01,Barrancabermeja,Barrancabermeja,52.456317204193546,277.84665366098756,0.01623268692843283,270.249756178481
2016-02-01,Barrancabermeja,Barrancabermeja,87.85344827586206,277.862886347916,0.01623268692843283,270.249756178481
2016-03-01,Barrancabermeja,Barrancabermeja,148.08870967741936,277.87911903484445,0.01623268692843283,270.249756178481
2016-04-01,Barrancabermeja,Barrancabermeja,237.98125,277.89535172177284,0.01623268692843283,270.249756178481
2016-05-01,Barrancabermeja,Barrancabermeja,270.3293010741935,277.9115844087013,0.01623268692843283,270.249756178481
2016-06-01,Barrancabermeja,Barrancabermeja,212.00625,277.92781709562973,0.01623268692843283,270.249756178481
2016-07-01,Barrancabermeja,Barrancabermeja,203.64247311935483,277.9440497825582,0.01623268692843283,270.249756178481
2016-08-01,Barrancabermeja,Barrancabermeja,184.96774193548387,277.9602824694866,0.01623268692843283,270.249756178481
2016-09-01,Barrancabermeja,Barrancabermeja,240.54166666666666,277.976515156415,0.01623268692843283,270.249756178481
2016-10-01,Barrancabermeja,Barrancabermeja,313.3561828,277.99274784334347,0.01623268692843283,270.249756178481
2016-11-01,Barrancabermeja,Barrancabermeja,319.54930555333334,278.0089805302719,0.01623268692843283,270.249756178481
2016-12-01,Barrancabermeja,Barrancabermeja,290.74899193548384,278.0252132172003,0.01623268692843283,270.249756178481
2017-01-01,Barrancabermeja,Barrancabermeja,253.93246049032257,278.04144590412875,0.01623268692843283,270.249756178481
2017-02-01,Barrancabermeja,Barrancabermeja,169.2938988107143,278.0576785910572,0.01623268692843283,270.249756178481
2017-03-01,Barrancabermeja,Barrancabermeja,303.85013494193544,278.07391127798564,0.01623268692843283,270.249756178481
2017-04-01,Barrancabermeja,Barrancabermeja,355.02361112,278.09014396491403,0.01623268692843283,270.249756178481
2017-05-01,Barrancabermeja,Barrancabermeja,414.71841398709677,278.1063766518425,0.01623268692843283,270.249756178481
2017-06-01,Barrancabermeja,Barrancabermeja,284.15763888333333,278.1226093387709,0.01623268692843283,270.249756178481
2017-07-01,Barrancabermeja,Barrancabermeja,195.31653225161293,278.1388420256994,0.01623268692843283,270.249756178481
2017-08-01,Barrancabermeja,Barrancabermeja,191.6310478548387,278.15507471262777,0.01623268692843283,270.249756178481
2017-09-01,Barrancabermeja,Barrancabermeja,240.38263764,278.1713073995562,0.01623268692843283,270.249756178481
2017-10-01,Barrancabermeja,Barrancabermeja,264.0255915354839,278.18754008648466,0.01623268692843283,270.249756178481
2017-11-01,Barrancabermeja,Barrancabermeja,355.43472235999997,278.2037727734131,0.01623268692843283,270.249756178481
2017-12-01,Barrancabermeja,Barrancabermeja,242.95497983548387,278.2200054603415,0.01623268692843283,270.249756178481
2018-01-01,Barrancabermeja,Barrancabermeja,269.30174731935483,278.23623814726994,0.01623268692843283,270.249756178481
2018-02-01,Barrancabermeja,Barrancabermeja,161.97693451785716,278.2524708341984,0.01623268692843283,270.249756178481
2018-03-01,Barrancabermeja,Barrancabermeja,188.66935483870967,278.26870352112684,0.01623268692843283,270.249756178481
2018-04-01,Barrancabermeja,Barrancabermeja,349.69513889,278.2849362080552,0.01623268692843283,270.249756178481
2018-05-01,Barrancabermeja,Barrancabermeja,414.054435483871,278.3011688949837,0.01623268692843283,270.249756178481
2018-06-01,Barrancabermeja,Barrancabermeja,271.2013888866667,278.3174015819121,0.01623268692843283,270.249756178481
2018-07-01,Barrancabermeja,Barrancabermeja,187.51209677741934,278.33363426884057,0.01623268692843283,270.249756178481
2018-08-01,Barrancabermeja,Barrancabermeja,151.99999999387097,278.34986695576896,0.01623268692843283,270.249756178481
2018-09-01,Barrancabermeja,Barrancabermeja,221.21527777666668,278.3660996426974,0.01623268692843283,270.249756178481
2018-10-01,Barrancabermeja,Barrancabermeja,331.50201612903226,278.38233232962585,0.01623268692843283,270.249756178481
2018-11-01,Barrancabermeja,Barrancabermeja,359.35,278.3985650165543,0.01623268692843283,270.249756178481
2018-12-01,Barrancabermeja,Barrancabermeja,202.83870967741936,278.4147977034827,0.01623268692843283,270.249756178481
2019-01-01,Barrancabermeja,Barrancabermeja,113.38911290322581,278.43103039041114,0.01623268692843283,270.249756178481
2019-02-01,Barrancabermeja,Barrancabermeja,209.12723214285714,278.4472630773396,0.01623268692843283,270.249756178481
2019-03-01,Barrancabermeja,Barrancabermeja,262.98387096774195,278.46349576426803,0.01623268692843283,270.249756178481
2019-04-01,Barrancabermeja,Barrancabermeja,353.1770833333333,278.4797284511964,0.01623268692843283,270.249756178481
2019-05-01,Barrancabermeja,Barrancabermeja,324.1693548387097,278.49596113812487,0.01623268692843283,270.249756178481
2019-06-01,Barrancabermeja,Barrancabermeja,326.93541666666664,278.5121938250533,0.01623268692843283,270.249756178481
2019-07-01,Barrancabermeja,Barrancabermeja,190.32258064516128,278.52842651198176,0.01623268692843283,270.249756178481
2019-08-01,Barrancabermeja,Barrancabermeja,140.74395161290323,278.54465919891015,0.01623268692843283,270.249756178481
2019-09-01,Barrancabermeja,Barrancabermeja,154.16875,278.5608918858386,0.01623268692843283,270.249756178481
2019-10-01,Barrancabermeja,Barrancabermeja,276.48387096774195,278.57712457276705,0.01623268692843283,270.249756178481
2019-11-01,Barrancabermeja,Barrancabermeja,337.7416666666667,278.5933572596955,0.01623268692843283,270.249756178481
2019-12-01,Barrancabermeja,Barrancabermeja,269.56854838709677,278.6095899466239,0.01623268692843283,270.249756178481
2020-01-01,Barrancabermeja,Barrancabermeja,167.67741935483872,278.62582263355233,0.01623268692843283,270.249756178481
2020-02-01,Barrancabermeja,Barrancabermeja,129.14655172413794,278.6420553204808,0.01623268692843283,270.249756178481
2020-03-01,Barrancabermeja,Barrancabermeja,200.5584677419355,278.6582880074092,0.01623268692843283,270.249756178481
2020-04-01,Barrancabermeja,Barrancabermeja,237.61875,278.6745206943376,0.01623268692843283,270.249756178481
2020-05-01,Barrancabermeja,Barrancabermeja,248.8891129032258,278.69075338126606,0.01623268692843283,270.249756178481
2020-06-01,Barrancabermeja,Barrancabermeja,282.00208333333336,278.7069860681945,0.01623268692843283,270.249756178481
2020-07-01,Barrancabermeja,Barrancabermeja,302.5524193548387,278.72321875512296,0.01623268692843283,270.249756178481
2020-08-01,Barrancabermeja,Barrancabermeja,262.3084677419355,278.73945144205135,0.01623268692843283,270.249756178481
2020-09-01,Barrancabermeja,Barrancabermeja,302.07916666666665,278.7556841289798,0.01623268692843283,270.249756178481
2020-10-01,Barrancabermeja,Barrancabermeja,295.3024193548387,278.77191681590824,0.01623268692843283,270.249756178481
2020-11-01,Barrancabermeja,Barrancabermeja,377.87291666666664,278.7881495028367,0.01623268692843283,270.249756178481
2020-12-01,Barrancabermeja,Barrancabermeja,314.21370967741933,278.8043821897651,0.01623268692843283,270.249756178481
2021-01-01,Barrancabermeja,Barrancabermeja,216.20362903225808,278.8206148766935,0.01623268692843283,270.249756178481
2021-02-01,Barrancabermeja,Barrancabermeja,202.11830357142858,278.836847563622,0.01623268692843283,270.249756178481
2021-03-01,Barrancabermeja,Barrancabermeja,348.9959677419355,278.8530802505504,0.01623268692843283,270.249756178481
2021-04-01,Barrancabermeja,Barrancabermeja,291.37291666666664,278.8693129374788,0.01623268692843283,270.249756178481
2021-05-01,Barrancabermeja,Barrancabermeja,393.31451612903226,278.88554562440726,0.01623268692843283,270.249756178481
2021-06-01,Barrancabermeja,Barrancabermeja,409.47291666666666,278.9017783113357,0.01623268692843283,270.249756178481
2021-07-01,Barrancabermeja,Barrancabermeja,262.77016129032256,278.91801099826415,0.01623268692843283,270.249756178481
2021-08-01,Barrancabermeja,Barrancabermeja,314.6008064516129,278.93424368519254,0.01623268692843283,270.249756178481
2021-09-01,Barrancabermeja,Barrancabermeja,316.54583333333335,278.950476372121,0.01623268692843283,270.249756178481
2021-10-01,Barrancabermeja,Barrancabermeja,361.7258064516129,278.96670905904944,0.01623268692843283,270.249756178481
2021-11-01,Barrancabermeja,Barrancabermeja,399.55625,278.9829417459779,0.01623268692843283,270.249756178481
2021-12-01,Barrancabermeja,Barrancabermeja,314.3931451612903,278.9991744329063,0.01623268692843283,270.249756178481
2022-01-01,Barrancabermeja,Barrancabermeja,225.9959677419355,279.0154071198347,0.01623268692843283,270.249756178481
2022-02-01,Barrancabermeja,Barrancabermeja,231.38392857142858,279.03163980676317,0.01623268692843283,270.249756178481
2022-03-01,Barrancabermeja,Barrancabermeja,378.88709677419354,279.0478724936916,0.01623268692843283,270.249756178481
2022-04-01,Barrancabermeja,Barrancabermeja,430.84583333333336,279.06410518062,0.01623268692843283,270.249756178481
2022-05-01,Barrancabermeja,Barrancabermeja,375.98790322580646,279.08033786754845,0.01623268692843283,270.249756178481
2022-06-01,Barrancabermeja,Barrancabermeja,369.8645833333333,279.0965705544769,0.01623268692843283,270.249756178481
2022-07-01,Barrancabermeja,Barrancabermeja,339.4415322580645,279.11280324140535,0.01623268692843283,270.249756178481
2022-08-01,Barrancabermeja,Barrancabermeja,308.9778225806452,279.12903592833374,0.01623268692843283,270.249756178481
2022-09-01,Barrancabermeja,Barrancabermeja,306.18541666666664,279.1452686152622,0.01623268692843283,270.249756178481
2022-10-01,Barrancabermeja,Barrancabermeja,354.86290322580646,279.16150130219063,0.01623268692843283,270.249756178481
2022-11-01,Barrancabermeja,Barrancabermeja,397.52708333333334,279.1777339891191,0.01623268692843283,270.249756178481
2022-12-01,Barrancabermeja,Barrancabermeja,306.3891129032258,279.19396667604747,0.01623268692843283,270.249756178481
2023-01-01,Barrancabermeja,Barrancabermeja,298.05645161290323,279.2101993629759,0.01623268692843283,270.249756178481
2023-02-01,Barrancabermeja,Barrancabermeja,206.26785714285714,279.22643204990436,0.01623268692843283,270.249756178481
2023-03-01,Barrancabermeja,Barrancabermeja,327.5141129032258,279.2426647368328,0.01623268692843283,270.249756178481
2023-04-01,Barrancabermeja,Barrancabermeja,325.7630208333333,279.2588974237612,0.01623268692843283,270.249756178481
2023-05-01,Barrancabermeja,Barrancabermeja,265.67540322580646,279.27513011068964,0.01623268692843283,270.249756178481
2023-06-01,Barrancabermeja,Barrancabermeja,249.85416666666666,279.2913627976181,0.01623268692843283,270.249756178481
2023-07-01,Barrancabermeja,Barrancabermeja,220.97379032258064,279.30759548454654,0.01623268692843283,270.249756178481
2023-08-01,Barrancabermeja,Barrancabermeja,212.7983870967742,279.32382817147493,0.01623268692843283,270.249756178481
2023-09-01,Barrancabermeja,Barrancabermeja,172.5375,279.3400608584034,0.01623268692843283,270.249756178481
2023-10-01,Barrancabermeja,Barrancabermeja,238.69959677419354,279.3562935453318,0.01623268692843283,270.249756178481
2023-11-01,Barrancabermeja,Barrancabermeja,308.40208333333334,279.37252623226027,0.01623268692843283,270.249756178481
2023-12-01,Barrancabermeja,Barrancabermeja,206.46572580645162,279.38875891918866,0.01623268692843283,270.249756178481
2024-01-01,Barrancabermeja,Barrancabermeja,174.25,279.4049916061171,0.01623268692843283,270.249756178481
2024-02-01,Barrancabermeja,Barrancabermeja,178.95258620689654,279.42122429304555,0.01623268692843283,270.249756178481
2024-03-01,Barrancabermeja,Barrancabermeja,157.97379032258064,279.437456979974,0.01623268692843283,270.249756178481
2024-04-01,Barrancabermeja,Barrancabermeja,228.3375,279.4536896669024,0.01623268692843283,270.249756178481
2024-05-01,Barrancabermeja,Barrancabermeja,358.4092741935484,279.46992235383084,0.01623268692843283,270.249756178481
2024-06-01,Barrancabermeja,Barrancabermeja,316.4375,279.4861550407593,0.01623268692843283,270.249756178481
2024-07-01,Barrancabermeja,Barrancabermeja,260.99798387096774,279.50238772768773,0.01623268692843283,270.249756178481
2024-08-01,Barrancabermeja,Barrancabermeja,181.07056451612902,279.5186204146161,0.01623268692843283,270.249756178481
2024-09-01,Barrancabermeja,Barrancabermeja,166.13333333333333,279.53485310154457,0.01623268692843283,270.249756178481
2024-10-01,Barrancabermeja,Barrancabermeja,233.05040322580646,279.551085788473,0.01623268692843283,270.249756178481
2024-11-01,Barrancabermeja,Barrancabermeja,317.13958333333335,279.56731847540146,0.01623268692843283,270.249756178481
2024-12-01,Barrancabermeja,Barrancabermeja,258.82459677419354,279.58355116232985,0.01623268692843283,270.249756178481
2025-01-01,Barrancabermeja,Barrancabermeja,265.49798387096774,279.5997838492583,0.01623268692843283,270.249756178481
2025-02-01,Barrancabermeja,Barrancabermeja,275.49776785714283,279.61601653618675,0.01623268692843283,270.249756178481
2025-03-01,Barrancabermeja,Barrancabermeja,340.73790322580646,279.6322492231152,0.01623268692843283,270.249756178481
2025-04-01,Barrancabermeja,Barrancabermeja,380.91041666666666,279.6484819100436,0.01623268692843283,270.249756178481
2025-05-01,Barrancabermeja,Barrancabermeja,407.33870967741933,279.66471459697203,0.01623268692843283,270.249756178481
2025-06-01,Barrancabermeja,Barrancabermeja,335.27916666666664,279.6809472839005,0.01623268692843283,270.249756178481
2025-07-01,Barrancabermeja,Barrancabermeja,265.9032258064516,279.6971799708289,0.01623268692843283,270.249756178481
2025-08-01,Barrancabermeja,Barrancabermeja,233.92943548387098,279.7134126577573,0.01623268692843283,270.249756178481
2025-09-01,Barrancabermeja,Barrancabermeja,231.98541666666668,279.72964534468576,0.01623268692843283,270.249756178481
2025-10-01,Barrancabermeja,Barrancabermeja,327.63709677419354,279.7458780316142,0.01623268692843283,270.249756178481
2025-11-01,Barrancabermeja,Barrancabermeja,334.6125,279.76211071854266,0.01623268692843283,270.249756178481
