Estacion,Serie,Lag,ACF,Confianza_95,Confianza_sup,Confianza_inf,N
Calamar,Calamar,0,1.0,0.01450936597540808,0.01450936597540808,-0.01450936597540808,18248
Calamar,Calamar,1,0.9991932162310461,0.01450936597540808,0.01450936597540808,-0.01450936597540808,18248
Calamar,Calamar,2,0.9974120325071514,0.01450936597540808,0.01450936597540808,-0.01450936597540808,18248
Calamar,Calamar,3,0.9947689735861307,0.01450936597540808,0.01450936597540808,-0.01450936597540808,18248
Calamar,Calamar,4,0.9913876716342677,0.01450936597540808,0.01450936597540808,-0.01450936597540808,18248
Calamar,Calamar,5,0.9873668620041302,0.01450936597540808,0.01450936597540808,-0.01450936597540808,18248
Calamar,Calamar,6,0.9827420397106643,0.01450936597540808,0.01450936597540808,-0.01450936597540808,18248
Calamar,Calamar,7,0.9776083977470761,0.01450936597540808,0.01450936597540808,-0.01450936597540808,18248
Calamar,Calamar,8,0.9720103430887669,0.01450936597540808,0.01450936597540808,-0.01450936597540808,18248
Calamar,Calamar,9,0.9659927029606845,0.01450936597540808,0.01450936597540808,-0.01450936597540808,18248
Calamar,Calamar,10,0.9595593203742808,0.01450936597540808,0.01450936597540808,-0.01450936597540808,18248
Calamar,Calamar,11,0.9527291576031255,0.01450936597540808,0.01450936597540808,-0.01450936597540808,18248
Calamar,Calamar,12,0.945534449217854,0.01450936597540808,0.01450936597540808,-0.01450936597540808,18248
Calamar,Calamar,13,0.9380012292045937,0.01450936597540808,0.01450936597540808,-0.01450936597540808,18248
Calamar,Calamar,14,0.9301216041740497,0.01450936597540808,0.01450936597540808,-0.01450936597540808,18248
Calamar,Calamar,15,0.9218972659430077,0.01450936597540808,0.01450936597540808,-0.01450936597540808,18248
Calamar,Calamar,16,0.9133488795778587,0.01450936597540808,0.01450936597540808,-0.01450936597540808,18248
Calamar,Calamar,17,0.9044753922088159,0.01450936597540808,0.01450936597540808,-0.01450936597540808,18248
Calamar,Calamar,18,0.8952790398818317,0.01450936597540808,0.01450936597540808,-0.01450936597540808,18248
Calamar,Calamar,19,0.8857870366248224,0.01450936597540808,0.01450936597540808,-0.01450936597540808,18248
Calamar,Calamar,20,0.876015639475024,0.01450936597540808,0.01450936597540808,-0.01450936597540808,18248
Calamar,Calamar,21,0.8659689552754256,0.01450936597540808,0.01450936597540808,-0.01450936597540808,18248
Calamar,Calamar,22,0.8556677807378611,0.01450936597540808,0.01450936597540808,-0.01450936597540808,18248
Calamar,Calamar,23,0.8451330638533501,0.01450936597540808,0.01450936597540808,-0.01450936597540808,18248
Calamar,Calamar,24,0.83436937055326,0.01450936597540808,0.01450936597540808,-0.01450936597540808,18248
Calamar,Calamar,25,0.8233910655732617,0.01450936597540808,0.01450936597540808,-0.01450936597540808,18248
Calamar,Calamar,26,0.8122085171515883,0.01450936597540808,0.01450936597540808,-0.01450936597540808,18248
Calamar,Calamar,27,0.8008371138680335,0.01450936597540808,0.01450936597540808,-0.01450936597540808,18248
Calamar,Calamar,28,0.789280991099888,0.01450936597540808,0.01450936597540808,-0.01450936597540808,18248
Calamar,Calamar,29,0.7775577051185351,0.01450936597540808,0.01450936597540808,-0.01450936597540808,18248
Calamar,Calamar,30,0.7657191931682787,0.01450936597540808,0.01450936597540808,-0.01450936597540808,18248
Calamar,Calamar,31,0.7537100613007793,0.01450936597540808,0.01450936597540808,-0.01450936597540808,18248
Calamar,Calamar,32,0.7415823174337028,0.01450936597540808,0.01450936597540808,-0.01450936597540808,18248
Calamar,Calamar,33,0.7293406378166014,0.01450936597540808,0.01450936597540808,-0.01450936597540808,18248
Calamar,Calamar,34,0.7169935883883435,0.01450936597540808,0.01450936597540808,-0.01450936597540808,18248
Calamar,Calamar,35,0.7045559590637044,0.01450936597540808,0.01450936597540808,-0.01450936597540808,18248
Calamar,Calamar,36,0.6920414343605955,0.01450936597540808,0.01450936597540808,-0.01450936597540808,18248
Calamar,Calamar,37,0.6794570146219759,0.01450936597540808,0.01450936597540808,-0.01450936597540808,18248
Calamar,Calamar,38,0.6667982135097652,0.01450936597540808,0.01450936597540808,-0.01450936597540808,18248
Calamar,Calamar,39,0.6540731738688865,0.01450936597540808,0.01450936597540808,-0.01450936597540808,18248
Calamar,Calamar,40,0.6412884869979817,0.01450936597540808,0.01450936597540808,-0.01450936597540808,18248
Calamar,Calamar,41,0.6284475309337312,0.01450936597540808,0.01450936597540808,-0.01450936597540808,18248
Calamar,Calamar,42,0.6155548892749534,0.01450936597540808,0.01450936597540808,-0.01450936597540808,18248
Calamar,Calamar,43,0.6026193081185401,0.01450936597540808,0.01450936597540808,-0.01450936597540808,18248
Calamar,Calamar,44,0.5896478746394942,0.01450936597540808,0.01450936597540808,-0.01450936597540808,18248
Calamar,Calamar,45,0.5766483068871519,0.01450936597540808,0.01450936597540808,-0.01450936597540808,18248
Calamar,Calamar,46,0.5636270143442687,0.01450936597540808,0.01450936597540808,-0.01450936597540808,18248
Calamar,Calamar,47,0.5505931474391337,0.01450936597540808,0.01450936597540808,-0.01450936597540808,18248
Calamar,Calamar,48,0.5375603194404506,0.01450936597540808,0.01450936597540808,-0.01450936597540808,18248
Calamar,Calamar,49,0.5245373730334898,0.01450936597540808,0.01450936597540808,-0.01450936597540808,18248
Calamar,Calamar,50,0.5115330542328286,0.01450936597540808,0.01450936597540808,-0.01450936597540808,18248
Calamar,Calamar,51,0.4985484958619857,0.01450936597540808,0.01450936597540808,-0.01450936597540808,18248
Calamar,Calamar,52,0.4856022962952022,0.01450936597540808,0.01450936597540808,-0.01450936597540808,18248
Calamar,Calamar,53,0.47270417515213614,0.01450936597540808,0.01450936597540808,-0.01450936597540808,18248
Calamar,Calamar,54,0.459859956182219,0.01450936597540808,0.01450936597540808,-0.01450936597540808,18248
Calamar,Calamar,55,0.4470808402817988,0.01450936597540808,0.01450936597540808,-0.01450936597540808,18248
Calamar,Calamar,56,0.43437770045252144,0.01450936597540808,0.01450936597540808,-0.01450936597540808,18248
Calamar,Calamar,57,0.4217782899919622,0.01450936597540808,0.01450936597540808,-0.01450936597540808,18248
Calamar,Calamar,58,0.40928724883915846,0.01450936597540808,0.01450936597540808,-0.01450936597540808,18248
Calamar,Calamar,59,0.3969059545998563,0.01450936597540808,0.01450936597540808,-0.01450936597540808,18248
Calamar,Calamar,60,0.3846436411735315,0.01450936597540808,0.01450936597540808,-0.01450936597540808,18248
Calamar,Calamar,61,0.372499295497846,0.01450936597540808,0.01450936597540808,-0.01450936597540808,18248
Calamar,Calamar,62,0.3604874395926831,0.01450936597540808,0.01450936597540808,-0.01450936597540808,18248
Calamar,Calamar,63,0.3486169910599332,0.01450936597540808,0.01450936597540808,-0.01450936597540808,18248
Calamar,Calamar,64,0.33689523017443784,0.01450936597540808,0.01450936597540808,-0.01450936597540808,18248
Calamar,Calamar,65,0.3253244898168537,0.01450936597540808,0.01450936597540808,-0.01450936597540808,18248
Calamar,Calamar,66,0.3139140701852728,0.01450936597540808,0.01450936597540808,-0.01450936597540808,18248
Calamar,Calamar,67,0.3026762787392245,0.01450936597540808,0.01450936597540808,-0.01450936597540808,18248
Calamar,Calamar,68,0.29161252981041347,0.01450936597540808,0.01450936597540808,-0.01450936597540808,18248
Calamar,Calamar,69,0.2807337486223907,0.01450936597540808,0.01450936597540808,-0.01450936597540808,18248
Calamar,Calamar,70,0.27004835902558494,0.01450936597540808,0.01450936597540808,-0.01450936597540808,18248
Calamar,Calamar,71,0.25956611432801235,0.01450936597540808,0.01450936597540808,-0.01450936597540808,18248
Calamar,Calamar,72,0.24929128278503626,0.01450936597540808,0.01450936597540808,-0.01450936597540808,18248
Calamar,Calamar,73,0.23922781552974354,0.01450936597540808,0.01450936597540808,-0.01450936597540808,18248
Calamar,Calamar,74,0.22938850999807617,0.01450936597540808,0.01450936597540808,-0.01450936597540808,18248
Calamar,Calamar,75,0.21977771582655342,0.01450936597540808,0.01450936597540808,-0.01450936597540808,18248
Calamar,Calamar,76,0.21039941284146454,0.01450936597540808,0.01450936597540808,-0.01450936597540808,18248
Calamar,Calamar,77,0.2012602397419052,0.01450936597540808,0.01450936597540808,-0.01450936597540808,18248
Calamar,Calamar,78,0.19236680979793358,0.01450936597540808,0.01450936597540808,-0.01450936597540808,18248
Calamar,Calamar,79,0.18372332315538017,0.01450936597540808,0.01450936597540808,-0.01450936597540808,18248
Calamar,Calamar,80,0.17532803541467543,0.01450936597540808,0.01450936597540808,-0.01450936597540808,18248
Calamar,Calamar,81,0.16717612575256066,0.01450936597540808,0.01450936597540808,-0.01450936597540808,18248
Calamar,Calamar,82,0.1592649531774294,0.01450936597540808,0.01450936597540808,-0.01450936597540808,18248
Calamar,Calamar,83,0.15159685854511368,0.01450936597540808,0.01450936597540808,-0.01450936597540808,18248
Calamar,Calamar,84,0.14417293446936427,0.01450936597540808,0.01450936597540808,-0.01450936597540808,18248
Calamar,Calamar,85,0.13699465291994709,0.01450936597540808,0.01450936597540808,-0.01450936597540808,18248
Calamar,Calamar,86,0.13006646638177505,0.01450936597540808,0.01450936597540808,-0.01450936597540808,18248
Calamar,Calamar,87,0.12339539897832882,0.01450936597540808,0.01450936597540808,-0.01450936597540808,18248
Calamar,Calamar,88,0.11698911942746644,0.01450936597540808,0.01450936597540808,-0.01450936597540808,18248
Calamar,Calamar,89,0.11083425205652254,0.01450936597540808,0.01450936597540808,-0.01450936597540808,18248
Calamar,Calamar,90,0.10495129776370664,0.01450936597540808,0.01450936597540808,-0.01450936597540808,18248
Calamar,Calamar,91,0.09933231385675712,0.01450936597540808,0.01450936597540808,-0.01450936597540808,18248
Calamar,Calamar,92,0.09398035481646598,0.01450936597540808,0.01450936597540808,-0.01450936597540808,18248
Calamar,Calamar,93,0.08889917999063907,0.01450936597540808,0.01450936597540808,-0.01450936597540808,18248
Calamar,Calamar,94,0.08409300934729731,0.01450936597540808,0.01450936597540808,-0.01450936597540808,18248
Calamar,Calamar,95,0.07956548872841968,0.01450936597540808,0.01450936597540808,-0.01450936597540808,18248
Calamar,Calamar,96,0.07531738144958117,0.01450936597540808,0.01450936597540808,-0.01450936597540808,18248
Calamar,Calamar,97,0.07134599985196301,0.01450936597540808,0.01450936597540808,-0.01450936597540808,18248
Calamar,Calamar,98,0.06765136899421093,0.01450936597540808,0.01450936597540808,-0.01450936597540808,18248
Calamar,Calamar,99,0.06423324233610367,0.01450936597540808,0.01450936597540808,-0.01450936597540808,18248
Calamar,Calamar,100,0.06109072246239329,0.01450936597540808,0.01450936597540808,-0.01450936597540808,18248
Calamar,Calamar,101,0.058223744976033484,0.01450936597540808,0.01450936597540808,-0.01450936597540808,18248
Calamar,Calamar,102,0.05563049773702146,0.01450936597540808,0.01450936597540808,-0.01450936597540808,18248
Calamar,Calamar,103,0.05330800954398088,0.01450936597540808,0.01450936597540808,-0.01450936597540808,18248
Calamar,Calamar,104,0.05125725978176464,0.01450936597540808,0.01450936597540808,-0.01450936597540808,18248
Calamar,Calamar,105,0.049473466376713404,0.01450936597540808,0.01450936597540808,-0.01450936597540808,18248
Calamar,Calamar,106,0.04795385293224738,0.01450936597540808,0.01450936597540808,-0.01450936597540808,18248
Calamar,Calamar,107,0.04669694402041213,0.01450936597540808,0.01450936597540808,-0.01450936597540808,18248
Calamar,Calamar,108,0.04569198604057592,0.01450936597540808,0.01450936597540808,-0.01450936597540808,18248
Calamar,Calamar,109,0.04493282592803934,0.01450936597540808,0.01450936597540808,-0.01450936597540808,18248
Calamar,Calamar,110,0.04441275090894101,0.01450936597540808,0.01450936597540808,-0.01450936597540808,18248
Calamar,Calamar,111,0.04412215071955742,0.01450936597540808,0.01450936597540808,-0.01450936597540808,18248
Calamar,Calamar,112,0.04405548220070539,0.01450936597540808,0.01450936597540808,-0.01450936597540808,18248
Calamar,Calamar,113,0.04420829641031202,0.01450936597540808,0.01450936597540808,-0.01450936597540808,18248
Calamar,Calamar,114,0.04457821478372855,0.01450936597540808,0.01450936597540808,-0.01450936597540808,18248
Calamar,Calamar,115,0.04516156557459429,0.01450936597540808,0.01450936597540808,-0.01450936597540808,18248
Calamar,Calamar,116,0.04594839562606187,0.01450936597540808,0.01450936597540808,-0.01450936597540808,18248
Calamar,Calamar,117,0.046932338950567316,0.01450936597540808,0.01450936597540808,-0.01450936597540808,18248
Calamar,Calamar,118,0.04810566552392194,0.01450936597540808,0.01450936597540808,-0.01450936597540808,18248
Calamar,Calamar,119,0.0494599137494657,0.01450936597540808,0.01450936597540808,-0.01450936597540808,18248
Calamar,Calamar,120,0.05098410640299099,0.01450936597540808,0.01450936597540808,-0.01450936597540808,18248
Calamar,Calamar,121,0.05267234557277845,0.01450936597540808,0.01450936597540808,-0.01450936597540808,18248
Calamar,Calamar,122,0.05451956390619611,0.01450936597540808,0.01450936597540808,-0.01450936597540808,18248
Calamar,Calamar,123,0.056518658185112904,0.01450936597540808,0.01450936597540808,-0.01450936597540808,18248
Calamar,Calamar,124,0.05866350214315817,0.01450936597540808,0.01450936597540808,-0.01450936597540808,18248
Calamar,Calamar,125,0.06094735202208038,0.01450936597540808,0.01450936597540808,-0.01450936597540808,18248
Calamar,Calamar,126,0.06336057865793931,0.01450936597540808,0.01450936597540808,-0.01450936597540808,18248
Calamar,Calamar,127,0.06589310249449296,0.01450936597540808,0.01450936597540808,-0.01450936597540808,18248
Calamar,Calamar,128,0.06854187000483739,0.01450936597540808,0.01450936597540808,-0.01450936597540808,18248
Calamar,Calamar,129,0.07130108931964718,0.01450936597540808,0.01450936597540808,-0.01450936597540808,18248
Calamar,Calamar,130,0.07416068903595226,0.01450936597540808,0.01450936597540808,-0.01450936597540808,18248
Calamar,Calamar,131,0.07711832408497925,0.01450936597540808,0.01450936597540808,-0.01450936597540808,18248
Calamar,Calamar,132,0.08016882893177886,0.01450936597540808,0.01450936597540808,-0.01450936597540808,18248
Calamar,Calamar,133,0.08330298618754313,0.01450936597540808,0.01450936597540808,-0.01450936597540808,18248
Calamar,Calamar,134,0.08651564588934894,0.01450936597540808,0.01450936597540808,-0.01450936597540808,18248
Calamar,Calamar,135,0.08979592590991053,0.01450936597540808,0.01450936597540808,-0.01450936597540808,18248
Calamar,Calamar,136,0.09313772391436564,0.01450936597540808,0.01450936597540808,-0.01450936597540808,18248
Calamar,Calamar,137,0.09653346404912379,0.01450936597540808,0.01450936597540808,-0.01450936597540808,18248
Calamar,Calamar,138,0.09998023314157671,0.01450936597540808,0.01450936597540808,-0.01450936597540808,18248
Calamar,Calamar,139,0.10347401780919319,0.01450936597540808,0.01450936597540808,-0.01450936597540808,18248
Calamar,Calamar,140,0.10701267689766716,0.01450936597540808,0.01450936597540808,-0.01450936597540808,18248
Calamar,Calamar,141,0.11059390284086737,0.01450936597540808,0.01450936597540808,-0.01450936597540808,18248
Calamar,Calamar,142,0.11421408956464096,0.01450936597540808,0.01450936597540808,-0.01450936597540808,18248
Calamar,Calamar,143,0.11786603650147152,0.01450936597540808,0.01450936597540808,-0.01450936597540808,18248
Calamar,Calamar,144,0.1215456671701272,0.01450936597540808,0.01450936597540808,-0.01450936597540808,18248
Calamar,Calamar,145,0.12524287571777337,0.01450936597540808,0.01450936597540808,-0.01450936597540808,18248
Calamar,Calamar,146,0.12894726836118314,0.01450936597540808,0.01450936597540808,-0.01450936597540808,18248
Calamar,Calamar,147,0.1326476485715031,0.01450936597540808,0.01450936597540808,-0.01450936597540808,18248
Calamar,Calamar,148,0.13632990762739977,0.01450936597540808,0.01450936597540808,-0.01450936597540808,18248
Calamar,Calamar,149,0.13998105664894867,0.01450936597540808,0.01450936597540808,-0.01450936597540808,18248
Calamar,Calamar,150,0.1435886250356619,0.01450936597540808,0.01450936597540808,-0.01450936597540808,18248
Calamar,Calamar,151,0.14714176915474342,0.01450936597540808,0.01450936597540808,-0.01450936597540808,18248
Calamar,Calamar,152,0.15062581199958383,0.01450936597540808,0.01450936597540808,-0.01450936597540808,18248
Calamar,Calamar,153,0.1540261726634184,0.01450936597540808,0.01450936597540808,-0.01450936597540808,18248
Calamar,Calamar,154,0.15732652067027092,0.01450936597540808,0.01450936597540808,-0.01450936597540808,18248
Calamar,Calamar,155,0.16051416088858939,0.01450936597540808,0.01450936597540808,-0.01450936597540808,18248
Calamar,Calamar,156,0.16358225316561065,0.01450936597540808,0.01450936597540808,-0.01450936597540808,18248
Calamar,Calamar,157,0.16652825202863686,0.01450936597540808,0.01450936597540808,-0.01450936597540808,18248
Calamar,Calamar,158,0.1693409240855209,0.01450936597540808,0.01450936597540808,-0.01450936597540808,18248
Calamar,Calamar,159,0.1720193230477808,0.01450936597540808,0.01450936597540808,-0.01450936597540808,18248
Calamar,Calamar,160,0.17456043619169218,0.01450936597540808,0.01450936597540808,-0.01450936597540808,18248
Calamar,Calamar,161,0.17696292359259205,0.01450936597540808,0.01450936597540808,-0.01450936597540808,18248
Calamar,Calamar,162,0.17922308064075956,0.01450936597540808,0.01450936597540808,-0.01450936597540808,18248
Calamar,Calamar,163,0.18133624433803797,0.01450936597540808,0.01450936597540808,-0.01450936597540808,18248
Calamar,Calamar,164,0.18330183981955203,0.01450936597540808,0.01450936597540808,-0.01450936597540808,18248
Calamar,Calamar,165,0.1851166995140162,0.01450936597540808,0.01450936597540808,-0.01450936597540808,18248
Calamar,Calamar,166,0.18676963292298945,0.01450936597540808,0.01450936597540808,-0.01450936597540808,18248
Calamar,Calamar,167,0.18824994385807828,0.01450936597540808,0.01450936597540808,-0.01450936597540808,18248
Calamar,Calamar,168,0.18955623290856616,0.01450936597540808,0.01450936597540808,-0.01450936597540808,18248
Calamar,Calamar,169,0.19067939077629587,0.01450936597540808,0.01450936597540808,-0.01450936597540808,18248
Calamar,Calamar,170,0.19161359310807574,0.01450936597540808,0.01450936597540808,-0.01450936597540808,18248
Calamar,Calamar,171,0.19235453245348166,0.01450936597540808,0.01450936597540808,-0.01450936597540808,18248
Calamar,Calamar,172,0.19290303404511733,0.01450936597540808,0.01450936597540808,-0.01450936597540808,18248
Calamar,Calamar,173,0.19325174468713316,0.01450936597540808,0.01450936597540808,-0.01450936597540808,18248
Calamar,Calamar,174,0.193392268039797,0.01450936597540808,0.01450936597540808,-0.01450936597540808,18248
Calamar,Calamar,175,0.19333061864828102,0.01450936597540808,0.01450936597540808,-0.01450936597540808,18248
Calamar,Calamar,176,0.19306689118315778,0.01450936597540808,0.01450936597540808,-0.01450936597540808,18248
Calamar,Calamar,177,0.19260507742113323,0.01450936597540808,0.01450936597540808,-0.01450936597540808,18248
Calamar,Calamar,178,0.19194792474776745,0.01450936597540808,0.01450936597540808,-0.01450936597540808,18248
Calamar,Calamar,179,0.19109527837786486,0.01450936597540808,0.01450936597540808,-0.01450936597540808,18248
Calamar,Calamar,180,0.190045716624035,0.01450936597540808,0.01450936597540808,-0.01450936597540808,18248
Calamar,Calamar,181,0.18879826816083667,0.01450936597540808,0.01450936597540808,-0.01450936597540808,18248
Calamar,Calamar,182,0.18735015490012116,0.01450936597540808,0.01450936597540808,-0.01450936597540808,18248
Calamar,Calamar,183,0.18569738319935136,0.01450936597540808,0.01450936597540808,-0.01450936597540808,18248
Calamar,Calamar,184,0.18384154676944342,0.01450936597540808,0.01450936597540808,-0.01450936597540808,18248
Calamar,Calamar,185,0.18179135352153783,0.01450936597540808,0.01450936597540808,-0.01450936597540808,18248
Calamar,Calamar,186,0.17954964578731825,0.01450936597540808,0.01450936597540808,-0.01450936597540808,18248
Calamar,Calamar,187,0.1771143455529016,0.01450936597540808,0.01450936597540808,-0.01450936597540808,18248
Calamar,Calamar,188,0.17448823141198067,0.01450936597540808,0.01450936597540808,-0.01450936597540808,18248
Calamar,Calamar,189,0.1716758968224379,0.01450936597540808,0.01450936597540808,-0.01450936597540808,18248
Calamar,Calamar,190,0.16867874213950498,0.01450936597540808,0.01450936597540808,-0.01450936597540808,18248
Calamar,Calamar,191,0.16550091664550526,0.01450936597540808,0.01450936597540808,-0.01450936597540808,18248
Calamar,Calamar,192,0.16215137455067827,0.01450936597540808,0.01450936597540808,-0.01450936597540808,18248
Calamar,Calamar,193,0.15863839133015445,0.01450936597540808,0.01450936597540808,-0.01450936597540808,18248
Calamar,Calamar,194,0.15496686104674798,0.01450936597540808,0.01450936597540808,-0.01450936597540808,18248
Calamar,Calamar,195,0.1511399331013623,0.01450936597540808,0.01450936597540808,-0.01450936597540808,18248
Calamar,Calamar,196,0.1471619779321151,0.01450936597540808,0.01450936597540808,-0.01450936597540808,18248
Calamar,Calamar,197,0.14303984423272675,0.01450936597540808,0.01450936597540808,-0.01450936597540808,18248
Calamar,Calamar,198,0.13877616104875098,0.01450936597540808,0.01450936597540808,-0.01450936597540808,18248
Calamar,Calamar,199,0.13438206492532973,0.01450936597540808,0.01450936597540808,-0.01450936597540808,18248
Calamar,Calamar,200,0.12986047988641422,0.01450936597540808,0.01450936597540808,-0.01450936597540808,18248
Calamar,Calamar,201,0.12522550913513722,0.01450936597540808,0.01450936597540808,-0.01450936597540808,18248
Calamar,Calamar,202,0.120485339626852,0.01450936597540808,0.01450936597540808,-0.01450936597540808,18248
Calamar,Calamar,203,0.11564151303006365,0.01450936597540808,0.01450936597540808,-0.01450936597540808,18248
Calamar,Calamar,204,0.11068316383190446,0.01450936597540808,0.01450936597540808,-0.01450936597540808,18248
Calamar,Calamar,205,0.105611465776219,0.01450936597540808,0.01450936597540808,-0.01450936597540808,18248
Calamar,Calamar,206,0.10042614245163535,0.01450936597540808,0.01450936597540808,-0.01450936597540808,18248
Calamar,Calamar,207,0.09512865197897195,0.01450936597540808,0.01450936597540808,-0.01450936597540808,18248
Calamar,Calamar,208,0.08972057640051442,0.01450936597540808,0.01450936597540808,-0.01450936597540808,18248
Calamar,Calamar,209,0.08421279853834787,0.01450936597540808,0.01450936597540808,-0.01450936597540808,18248
Calamar,Calamar,210,0.07860986370932989,0.01450936597540808,0.01450936597540808,-0.01450936597540808,18248
Calamar,Calamar,211,0.07291277980916343,0.01450936597540808,0.01450936597540808,-0.01450936597540808,18248
Calamar,Calamar,212,0.06713382009562141,0.01450936597540808,0.01450936597540808,-0.01450936597540808,18248
Calamar,Calamar,213,0.06128273014896837,0.01450936597540808,0.01450936597540808,-0.01450936597540808,18248
Calamar,Calamar,214,0.055372255726165075,0.01450936597540808,0.01450936597540808,-0.01450936597540808,18248
Calamar,Calamar,215,0.049413367802207876,0.01450936597540808,0.01450936597540808,-0.01450936597540808,18248
Calamar,Calamar,216,0.04342703375684405,0.01450936597540808,0.01450936597540808,-0.01450936597540808,18248
Calamar,Calamar,217,0.03742784987281839,0.01450936597540808,0.01450936597540808,-0.01450936597540808,18248
Calamar,Calamar,218,0.03142493213479435,0.01450936597540808,0.01450936597540808,-0.01450936597540808,18248
Calamar,Calamar,219,0.025430811065961238,0.01450936597540808,0.01450936597540808,-0.01450936597540808,18248
Calamar,Calamar,220,0.01945728115009487,0.01450936597540808,0.01450936597540808,-0.01450936597540808,18248
Calamar,Calamar,221,0.013506605108027779,0.01450936597540808,0.01450936597540808,-0.01450936597540808,18248
Calamar,Calamar,222,0.007595697938963448,0.01450936597540808,0.01450936597540808,-0.01450936597540808,18248
Calamar,Calamar,223,0.0017302301740027752,0.01450936597540808,0.01450936597540808,-0.01450936597540808,18248
Calamar,Calamar,224,-0.004086629962620884,0.01450936597540808,0.01450936597540808,-0.01450936597540808,18248
Calamar,Calamar,225,-0.009837077941893058,0.01450936597540808,0.01450936597540808,-0.01450936597540808,18248
Calamar,Calamar,226,-0.015513645948560957,0.01450936597540808,0.01450936597540808,-0.01450936597540808,18248
Calamar,Calamar,227,-0.021111744081449644,0.01450936597540808,0.01450936597540808,-0.01450936597540808,18248
Calamar,Calamar,228,-0.026619176605466126,0.01450936597540808,0.01450936597540808,-0.01450936597540808,18248
Calamar,Calamar,229,-0.03203107930120234,0.01450936597540808,0.01450936597540808,-0.01450936597540808,18248
Calamar,Calamar,230,-0.03733399841660563,0.01450936597540808,0.01450936597540808,-0.01450936597540808,18248
Calamar,Calamar,231,-0.042511933148438104,0.01450936597540808,0.01450936597540808,-0.01450936597540808,18248
Calamar,Calamar,232,-0.04755938049943886,0.01450936597540808,0.01450936597540808,-0.01450936597540808,18248
Calamar,Calamar,233,-0.05246753953691435,0.01450936597540808,0.01450936597540808,-0.01450936597540808,18248
Calamar,Calamar,234,-0.05723681940475309,0.01450936597540808,0.01450936597540808,-0.01450936597540808,18248
Calamar,Calamar,235,-0.06186302704323336,0.01450936597540808,0.01450936597540808,-0.01450936597540808,18248
Calamar,Calamar,236,-0.06633962226288996,0.01450936597540808,0.01450936597540808,-0.01450936597540808,18248
Calamar,Calamar,237,-0.07066327564897452,0.01450936597540808,0.01450936597540808,-0.01450936597540808,18248
Calamar,Calamar,238,-0.07482611646521474,0.01450936597540808,0.01450936597540808,-0.01450936597540808,18248
Calamar,Calamar,239,-0.07881855457863551,0.01450936597540808,0.01450936597540808,-0.01450936597540808,18248
Calamar,Calamar,240,-0.08263668777191087,0.01450936597540808,0.01450936597540808,-0.01450936597540808,18248
Calamar,Calamar,241,-0.08628145746910709,0.01450936597540808,0.01450936597540808,-0.01450936597540808,18248
Calamar,Calamar,242,-0.089755618485344,0.01450936597540808,0.01450936597540808,-0.01450936597540808,18248
Calamar,Calamar,243,-0.09306021220541225,0.01450936597540808,0.01450936597540808,-0.01450936597540808,18248
Calamar,Calamar,244,-0.09619351023816786,0.01450936597540808,0.01450936597540808,-0.01450936597540808,18248
Calamar,Calamar,245,-0.09914841897310919,0.01450936597540808,0.01450936597540808,-0.01450936597540808,18248
Calamar,Calamar,246,-0.10191683771926159,0.01450936597540808,0.01450936597540808,-0.01450936597540808,18248
Calamar,Calamar,247,-0.1044985423112397,0.01450936597540808,0.01450936597540808,-0.01450936597540808,18248
Calamar,Calamar,248,-0.1068862654193909,0.01450936597540808,0.01450936597540808,-0.01450936597540808,18248
Calamar,Calamar,249,-0.10907519917089221,0.01450936597540808,0.01450936597540808,-0.01450936597540808,18248
Calamar,Calamar,250,-0.11105835860239734,0.01450936597540808,0.01450936597540808,-0.01450936597540808,18248
Calamar,Calamar,251,-0.11283269778650297,0.01450936597540808,0.01450936597540808,-0.01450936597540808,18248
Calamar,Calamar,252,-0.11438843766143361,0.01450936597540808,0.01450936597540808,-0.01450936597540808,18248
Calamar,Calamar,253,-0.11572471409840666,0.01450936597540808,0.01450936597540808,-0.01450936597540808,18248
Calamar,Calamar,254,-0.11684920934001163,0.01450936597540808,0.01450936597540808,-0.01450936597540808,18248
Calamar,Calamar,255,-0.11775130978544306,0.01450936597540808,0.01450936597540808,-0.01450936597540808,18248
Calamar,Calamar,256,-0.11842139762638385,0.01450936597540808,0.01450936597540808,-0.01450936597540808,18248
Calamar,Calamar,257,-0.11885529813756442,0.01450936597540808,0.01450936597540808,-0.01450936597540808,18248
Calamar,Calamar,258,-0.1190412116585942,0.01450936597540808,0.01450936597540808,-0.01450936597540808,18248
Calamar,Calamar,259,-0.11898197902808429,0.01450936597540808,0.01450936597540808,-0.01450936597540808,18248
Calamar,Calamar,260,-0.11867133484832293,0.01450936597540808,0.01450936597540808,-0.01450936597540808,18248
Calamar,Calamar,261,-0.11810453857392028,0.01450936597540808,0.01450936597540808,-0.01450936597540808,18248
Calamar,Calamar,262,-0.11727462923825958,0.01450936597540808,0.01450936597540808,-0.01450936597540808,18248
Calamar,Calamar,263,-0.11617955115577137,0.01450936597540808,0.01450936597540808,-0.01450936597540808,18248
Calamar,Calamar,264,-0.1148206401235389,0.01450936597540808,0.01450936597540808,-0.01450936597540808,18248
Calamar,Calamar,265,-0.11319336931749362,0.01450936597540808,0.01450936597540808,-0.01450936597540808,18248
Calamar,Calamar,266,-0.11129195859773967,0.01450936597540808,0.01450936597540808,-0.01450936597540808,18248
Calamar,Calamar,267,-0.10911861298451996,0.01450936597540808,0.01450936597540808,-0.01450936597540808,18248
Calamar,Calamar,268,-0.10667036503862175,0.01450936597540808,0.01450936597540808,-0.01450936597540808,18248
Calamar,Calamar,269,-0.10391086684126455,0.01450936597540808,0.01450936597540808,-0.01450936597540808,18248
Calamar,Calamar,270,-0.10088915127460643,0.01450936597540808,0.01450936597540808,-0.01450936597540808,18248
Calamar,Calamar,271,-0.09760829371193114,0.01450936597540808,0.01450936597540808,-0.01450936597540808,18248
Calamar,Calamar,272,-0.09407630254504673,0.01450936597540808,0.01450936597540808,-0.01450936597540808,18248
Calamar,Calamar,273,-0.09029264353889058,0.01450936597540808,0.01450936597540808,-0.01450936597540808,18248
Calamar,Calamar,274,-0.08624694609861679,0.01450936597540808,0.01450936597540808,-0.01450936597540808,18248
Calamar,Calamar,275,-0.08193755628664519,0.01450936597540808,0.01450936597540808,-0.01450936597540808,18248
Calamar,Calamar,276,-0.07738217262815643,0.01450936597540808,0.01450936597540808,-0.01450936597540808,18248
Calamar,Calamar,277,-0.0725986863239606,0.01450936597540808,0.01450936597540808,-0.01450936597540808,18248
Calamar,Calamar,278,-0.06758457839260225,0.01450936597540808,0.01450936597540808,-0.01450936597540808,18248
Calamar,Calamar,279,-0.062349334329981194,0.01450936597540808,0.01450936597540808,-0.01450936597540808,18248
Calamar,Calamar,280,-0.05689562113132386,0.01450936597540808,0.01450936597540808,-0.01450936597540808,18248
Calamar,Calamar,281,-0.051230871673665884,0.01450936597540808,0.01450936597540808,-0.01450936597540808,18248
Calamar,Calamar,282,-0.045348544529351664,0.01450936597540808,0.01450936597540808,-0.01450936597540808,18248
Calamar,Calamar,283,-0.03925052503881664,0.01450936597540808,0.01450936597540808,-0.01450936597540808,18248
Calamar,Calamar,284,-0.0329419136665203,0.01450936597540808,0.01450936597540808,-0.01450936597540808,18248
Calamar,Calamar,285,-0.026431137152395215,0.01450936597540808,0.01450936597540808,-0.01450936597540808,18248
Calamar,Calamar,286,-0.01972010074291111,0.01450936597540808,0.01450936597540808,-0.01450936597540808,18248
Calamar,Calamar,287,-0.012812185400274836,0.01450936597540808,0.01450936597540808,-0.01450936597540808,18248
Calamar,Calamar,288,-0.005705832830915528,0.01450936597540808,0.01450936597540808,-0.01450936597540808,18248
Calamar,Calamar,289,0.0015984703596923636,0.01450936597540808,0.01450936597540808,-0.01450936597540808,18248
Calamar,Calamar,290,0.00909910535223494,0.01450936597540808,0.01450936597540808,-0.01450936597540808,18248
Calamar,Calamar,291,0.016793531349394472,0.01450936597540808,0.01450936597540808,-0.01450936597540808,18248
Calamar,Calamar,292,0.024678679315217396,0.01450936597540808,0.01450936597540808,-0.01450936597540808,18248
Calamar,Calamar,293,0.032748346234930226,0.01450936597540808,0.01450936597540808,-0.01450936597540808,18248
Calamar,Calamar,294,0.04098089919580125,0.01450936597540808,0.01450936597540808,-0.01450936597540808,18248
Calamar,Calamar,295,0.049360143030310846,0.01450936597540808,0.01450936597540808,-0.01450936597540808,18248
Calamar,Calamar,296,0.057871896702732135,0.01450936597540808,0.01450936597540808,-0.01450936597540808,18248
Calamar,Calamar,297,0.066507682841096,0.01450936597540808,0.01450936597540808,-0.01450936597540808,18248
Calamar,Calamar,298,0.0752656487173488,0.01450936597540808,0.01450936597540808,-0.01450936597540808,18248
Calamar,Calamar,299,0.08414048681403656,0.01450936597540808,0.01450936597540808,-0.01450936597540808,18248
Calamar,Calamar,300,0.09312374859253049,0.01450936597540808,0.01450936597540808,-0.01450936597540808,18248
Calamar,Calamar,301,0.10220527719123043,0.01450936597540808,0.01450936597540808,-0.01450936597540808,18248
Calamar,Calamar,302,0.11137759465387677,0.01450936597540808,0.01450936597540808,-0.01450936597540808,18248
Calamar,Calamar,303,0.12062969109458996,0.01450936597540808,0.01450936597540808,-0.01450936597540808,18248
Calamar,Calamar,304,0.12995511534682586,0.01450936597540808,0.01450936597540808,-0.01450936597540808,18248
Calamar,Calamar,305,0.13934778297963935,0.01450936597540808,0.01450936597540808,-0.01450936597540808,18248
Calamar,Calamar,306,0.1488012706852923,0.01450936597540808,0.01450936597540808,-0.01450936597540808,18248
Calamar,Calamar,307,0.15830109287154698,0.01450936597540808,0.01450936597540808,-0.01450936597540808,18248
Calamar,Calamar,308,0.16785053949750528,0.01450936597540808,0.01450936597540808,-0.01450936597540808,18248
Calamar,Calamar,309,0.17744309178083853,0.01450936597540808,0.01450936597540808,-0.01450936597540808,18248
Calamar,Calamar,310,0.1870808521727146,0.01450936597540808,0.01450936597540808,-0.01450936597540808,18248
Calamar,Calamar,311,0.19671623262638305,0.01450936597540808,0.01450936597540808,-0.01450936597540808,18248
Calamar,Calamar,312,0.2063822276808217,0.01450936597540808,0.01450936597540808,-0.01450936597540808,18248
Calamar,Calamar,313,0.21606705975639545,0.01450936597540808,0.01450936597540808,-0.01450936597540808,18248
Calamar,Calamar,314,0.22576809162990094,0.01450936597540808,0.01450936597540808,-0.01450936597540808,18248
Calamar,Calamar,315,0.23547775551266395,0.01450936597540808,0.01450936597540808,-0.01450936597540808,18248
Calamar,Calamar,316,0.2451774573328454,0.01450936597540808,0.01450936597540808,-0.01450936597540808,18248
Calamar,Calamar,317,0.2548592770097676,0.01450936597540808,0.01450936597540808,-0.01450936597540808,18248
Calamar,Calamar,318,0.2645137104857328,0.01450936597540808,0.01450936597540808,-0.01450936597540808,18248
Calamar,Calamar,319,0.27412932624461905,0.01450936597540808,0.01450936597540808,-0.01450936597540808,18248
Calamar,Calamar,320,0.28368862382783927,0.01450936597540808,0.01450936597540808,-0.01450936597540808,18248
Calamar,Calamar,321,0.2931837080460757,0.01450936597540808,0.01450936597540808,-0.01450936597540808,18248
Calamar,Calamar,322,0.3025974696537299,0.01450936597540808,0.01450936597540808,-0.01450936597540808,18248
Calamar,Calamar,323,0.3119222893422639,0.01450936597540808,0.01450936597540808,-0.01450936597540808,18248
Calamar,Calamar,324,0.3211431324036477,0.01450936597540808,0.01450936597540808,-0.01450936597540808,18248
Calamar,Calamar,325,0.33023880568953506,0.01450936597540808,0.01450936597540808,-0.01450936597540808,18248
Calamar,Calamar,326,0.339200698969057,0.01450936597540808,0.01450936597540808,-0.01450936597540808,18248
Calamar,Calamar,327,0.3480185838582542,0.01450936597540808,0.01450936597540808,-0.01450936597540808,18248
Calamar,Calamar,328,0.35668882656711354,0.01450936597540808,0.01450936597540808,-0.01450936597540808,18248
Calamar,Calamar,329,0.3652074711581749,0.01450936597540808,0.01450936597540808,-0.01450936597540808,18248
Calamar,Calamar,330,0.3735625989712121,0.01450936597540808,0.01450936597540808,-0.01450936597540808,18248
Calamar,Calamar,331,0.38173810291983357,0.01450936597540808,0.01450936597540808,-0.01450936597540808,18248
Calamar,Calamar,332,0.389727404521841,0.01450936597540808,0.01450936597540808,-0.01450936597540808,18248
Calamar,Calamar,333,0.39752278588970297,0.01450936597540808,0.01450936597540808,-0.01450936597540808,18248
Calamar,Calamar,334,0.40512119824325993,0.01450936597540808,0.01450936597540808,-0.01450936597540808,18248
Calamar,Calamar,335,0.4125220700742411,0.01450936597540808,0.01450936597540808,-0.01450936597540808,18248
Calamar,Calamar,336,0.4197207635024661,0.01450936597540808,0.01450936597540808,-0.01450936597540808,18248
Calamar,Calamar,337,0.426695921655779,0.01450936597540808,0.01450936597540808,-0.01450936597540808,18248
Calamar,Calamar,338,0.4334392134485325,0.01450936597540808,0.01450936597540808,-0.01450936597540808,18248
Calamar,Calamar,339,0.43993530426966654,0.01450936597540808,0.01450936597540808,-0.01450936597540808,18248
Calamar,Calamar,340,0.4461680465987393,0.01450936597540808,0.01450936597540808,-0.01450936597540808,18248
Calamar,Calamar,341,0.4521281242268389,0.01450936597540808,0.01450936597540808,-0.01450936597540808,18248
Calamar,Calamar,342,0.45780973946863707,0.01450936597540808,0.01450936597540808,-0.01450936597540808,18248
Calamar,Calamar,343,0.4632001276950683,0.01450936597540808,0.01450936597540808,-0.01450936597540808,18248
Calamar,Calamar,344,0.46828955831457586,0.01450936597540808,0.01450936597540808,-0.01450936597540808,18248
Calamar,Calamar,345,0.4730751654724946,0.01450936597540808,0.01450936597540808,-0.01450936597540808,18248
Calamar,Calamar,346,0.47754968261310193,0.01450936597540808,0.01450936597540808,-0.01450936597540808,18248
Calamar,Calamar,347,0.48171040615768584,0.01450936597540808,0.01450936597540808,-0.01450936597540808,18248
Calamar,Calamar,348,0.4855524519878082,0.01450936597540808,0.01450936597540808,-0.01450936597540808,18248
Calamar,Calamar,349,0.4890785329972102,0.01450936597540808,0.01450936597540808,-0.01450936597540808,18248
Calamar,Calamar,350,0.49228838058108015,0.01450936597540808,0.01450936597540808,-0.01450936597540808,18248
Calamar,Calamar,351,0.49518321483865996,0.01450936597540808,0.01450936597540808,-0.01450936597540808,18248
Calamar,Calamar,352,0.4977653485798768,0.01450936597540808,0.01450936597540808,-0.01450936597540808,18248
Calamar,Calamar,353,0.5000336103996473,0.01450936597540808,0.01450936597540808,-0.01450936597540808,18248
Calamar,Calamar,354,0.5019867998957033,0.01450936597540808,0.01450936597540808,-0.01450936597540808,18248
Calamar,Calamar,355,0.5036236851853466,0.01450936597540808,0.01450936597540808,-0.01450936597540808,18248
Calamar,Calamar,356,0.5049518541408812,0.01450936597540808,0.01450936597540808,-0.01450936597540808,18248
Calamar,Calamar,357,0.5059512723600753,0.01450936597540808,0.01450936597540808,-0.01450936597540808,18248
Calamar,Calamar,358,0.5066399395024558,0.01450936597540808,0.01450936597540808,-0.01450936597540808,18248
Calamar,Calamar,359,0.5070076989079947,0.01450936597540808,0.01450936597540808,-0.01450936597540808,18248
Calamar,Calamar,360,0.5070422167563056,0.01450936597540808,0.01450936597540808,-0.01450936597540808,18248
Achi,Achi,0,1.0,0.01609425410421141,0.01609425410421141,-0.01609425410421141,14831
Achi,Achi,1,0.9942626134397284,0.01609425410421141,0.01609425410421141,-0.01609425410421141,14831
Achi,Achi,2,0.9862144586770782,0.01609425410421141,0.01609425410421141,-0.01609425410421141,14831
Achi,Achi,3,0.9766601995471001,0.01609425410421141,0.01609425410421141,-0.01609425410421141,14831
Achi,Achi,4,0.9661156250623634,0.01609425410421141,0.01609425410421141,-0.01609425410421141,14831
Achi,Achi,5,0.9550479687742065,0.01609425410421141,0.01609425410421141,-0.01609425410421141,14831
Achi,Achi,6,0.9435610665158265,0.01609425410421141,0.01609425410421141,-0.01609425410421141,14831
Achi,Achi,7,0.9319987918469461,0.01609425410421141,0.01609425410421141,-0.01609425410421141,14831
Achi,Achi,8,0.9206646559149795,0.01609425410421141,0.01609425410421141,-0.01609425410421141,14831
Achi,Achi,9,0.9095056245603548,0.01609425410421141,0.01609425410421141,-0.01609425410421141,14831
Achi,Achi,10,0.8987148298651432,0.01609425410421141,0.01609425410421141,-0.01609425410421141,14831
Achi,Achi,11,0.8879110455005378,0.01609425410421141,0.01609425410421141,-0.01609425410421141,14831
Achi,Achi,12,0.8772880260013917,0.01609425410421141,0.01609425410421141,-0.01609425410421141,14831
Achi,Achi,13,0.8666530211914809,0.01609425410421141,0.01609425410421141,-0.01609425410421141,14831
Achi,Achi,14,0.8561583345670204,0.01609425410421141,0.01609425410421141,-0.01609425410421141,14831
Achi,Achi,15,0.8459477123631797,0.01609425410421141,0.01609425410421141,-0.01609425410421141,14831
Achi,Achi,16,0.8358183881614973,0.01609425410421141,0.01609425410421141,-0.01609425410421141,14831
Achi,Achi,17,0.8256338893609316,0.01609425410421141,0.01609425410421141,-0.01609425410421141,14831
Achi,Achi,18,0.8156173303138553,0.01609425410421141,0.01609425410421141,-0.01609425410421141,14831
Achi,Achi,19,0.8054790608791972,0.01609425410421141,0.01609425410421141,-0.01609425410421141,14831
Achi,Achi,20,0.7953137993331296,0.01609425410421141,0.01609425410421141,-0.01609425410421141,14831
Achi,Achi,21,0.785328064133169,0.01609425410421141,0.01609425410421141,-0.01609425410421141,14831
Achi,Achi,22,0.7753644364867641,0.01609425410421141,0.01609425410421141,-0.01609425410421141,14831
Achi,Achi,23,0.7654237407694553,0.01609425410421141,0.01609425410421141,-0.01609425410421141,14831
Achi,Achi,24,0.7556588916544085,0.01609425410421141,0.01609425410421141,-0.01609425410421141,14831
Achi,Achi,25,0.7458799280449431,0.01609425410421141,0.01609425410421141,-0.01609425410421141,14831
Achi,Achi,26,0.7362344942307886,0.01609425410421141,0.01609425410421141,-0.01609425410421141,14831
Achi,Achi,27,0.7266767077615193,0.01609425410421141,0.01609425410421141,-0.01609425410421141,14831
Achi,Achi,28,0.7172161466055332,0.01609425410421141,0.01609425410421141,-0.01609425410421141,14831
Achi,Achi,29,0.7076629878411183,0.01609425410421141,0.01609425410421141,-0.01609425410421141,14831
Achi,Achi,30,0.6982261208072414,0.01609425410421141,0.01609425410421141,-0.01609425410421141,14831
Achi,Achi,31,0.6888476633777549,0.01609425410421141,0.01609425410421141,-0.01609425410421141,14831
Achi,Achi,32,0.679685457766603,0.01609425410421141,0.01609425410421141,-0.01609425410421141,14831
Achi,Achi,33,0.6707751786814689,0.01609425410421141,0.01609425410421141,-0.01609425410421141,14831
Achi,Achi,34,0.6618435936590339,0.01609425410421141,0.01609425410421141,-0.01609425410421141,14831
Achi,Achi,35,0.6529970386440895,0.01609425410421141,0.01609425410421141,-0.01609425410421141,14831
Achi,Achi,36,0.6442377928762617,0.01609425410421141,0.01609425410421141,-0.01609425410421141,14831
Achi,Achi,37,0.6355422734071509,0.01609425410421141,0.01609425410421141,-0.01609425410421141,14831
Achi,Achi,38,0.6268388981116458,0.01609425410421141,0.01609425410421141,-0.01609425410421141,14831
Achi,Achi,39,0.6179727008990777,0.01609425410421141,0.01609425410421141,-0.01609425410421141,14831
Achi,Achi,40,0.6091808931620846,0.01609425410421141,0.01609425410421141,-0.01609425410421141,14831
Achi,Achi,41,0.6003980808434091,0.01609425410421141,0.01609425410421141,-0.01609425410421141,14831
Achi,Achi,42,0.5917036808515375,0.01609425410421141,0.01609425410421141,-0.01609425410421141,14831
Achi,Achi,43,0.5831282726724607,0.01609425410421141,0.01609425410421141,-0.01609425410421141,14831
Achi,Achi,44,0.5745206743476827,0.01609425410421141,0.01609425410421141,-0.01609425410421141,14831
Achi,Achi,45,0.5659045572107244,0.01609425410421141,0.01609425410421141,-0.01609425410421141,14831
Achi,Achi,46,0.5570991567152965,0.01609425410421141,0.01609425410421141,-0.01609425410421141,14831
Achi,Achi,47,0.5484260135337411,0.01609425410421141,0.01609425410421141,-0.01609425410421141,14831
Achi,Achi,48,0.5395426115280473,0.01609425410421141,0.01609425410421141,-0.01609425410421141,14831
Achi,Achi,49,0.5306741962347445,0.01609425410421141,0.01609425410421141,-0.01609425410421141,14831
Achi,Achi,50,0.5218415929449212,0.01609425410421141,0.01609425410421141,-0.01609425410421141,14831
Achi,Achi,51,0.5129007451065685,0.01609425410421141,0.01609425410421141,-0.01609425410421141,14831
Achi,Achi,52,0.5039946241093886,0.01609425410421141,0.01609425410421141,-0.01609425410421141,14831
Achi,Achi,53,0.49514729513076067,0.01609425410421141,0.01609425410421141,-0.01609425410421141,14831
Achi,Achi,54,0.4862274445428588,0.01609425410421141,0.01609425410421141,-0.01609425410421141,14831
Achi,Achi,55,0.47725269804552345,0.01609425410421141,0.01609425410421141,-0.01609425410421141,14831
Achi,Achi,56,0.468240683442733,0.01609425410421141,0.01609425410421141,-0.01609425410421141,14831
Achi,Achi,57,0.45933975288495044,0.01609425410421141,0.01609425410421141,-0.01609425410421141,14831
Achi,Achi,58,0.4503098670886716,0.01609425410421141,0.01609425410421141,-0.01609425410421141,14831
Achi,Achi,59,0.44145466469160477,0.01609425410421141,0.01609425410421141,-0.01609425410421141,14831
Achi,Achi,60,0.43256537643794846,0.01609425410421141,0.01609425410421141,-0.01609425410421141,14831
Achi,Achi,61,0.4237257305376103,0.01609425410421141,0.01609425410421141,-0.01609425410421141,14831
Achi,Achi,62,0.4148640989678778,0.01609425410421141,0.01609425410421141,-0.01609425410421141,14831
Achi,Achi,63,0.4062533848084223,0.01609425410421141,0.01609425410421141,-0.01609425410421141,14831
Achi,Achi,64,0.39782142096973905,0.01609425410421141,0.01609425410421141,-0.01609425410421141,14831
Achi,Achi,65,0.389627213388229,0.01609425410421141,0.01609425410421141,-0.01609425410421141,14831
Achi,Achi,66,0.38158885720585617,0.01609425410421141,0.01609425410421141,-0.01609425410421141,14831
Achi,Achi,67,0.37369282060807324,0.01609425410421141,0.01609425410421141,-0.01609425410421141,14831
Achi,Achi,68,0.3660315571853049,0.01609425410421141,0.01609425410421141,-0.01609425410421141,14831
Achi,Achi,69,0.35868645630523416,0.01609425410421141,0.01609425410421141,-0.01609425410421141,14831
Achi,Achi,70,0.3514935354888277,0.01609425410421141,0.01609425410421141,-0.01609425410421141,14831
Achi,Achi,71,0.3445280486300235,0.01609425410421141,0.01609425410421141,-0.01609425410421141,14831
Achi,Achi,72,0.337657382134709,0.01609425410421141,0.01609425410421141,-0.01609425410421141,14831
Achi,Achi,73,0.33101315909239964,0.01609425410421141,0.01609425410421141,-0.01609425410421141,14831
Achi,Achi,74,0.32428774710962904,0.01609425410421141,0.01609425410421141,-0.01609425410421141,14831
Achi,Achi,75,0.3177847691369876,0.01609425410421141,0.01609425410421141,-0.01609425410421141,14831
Achi,Achi,76,0.3113960989177303,0.01609425410421141,0.01609425410421141,-0.01609425410421141,14831
Achi,Achi,77,0.3053569292235847,0.01609425410421141,0.01609425410421141,-0.01609425410421141,14831
Achi,Achi,78,0.2994607029607286,0.01609425410421141,0.01609425410421141,-0.01609425410421141,14831
Achi,Achi,79,0.2936967128158561,0.01609425410421141,0.01609425410421141,-0.01609425410421141,14831
Achi,Achi,80,0.2880734955656359,0.01609425410421141,0.01609425410421141,-0.01609425410421141,14831
Achi,Achi,81,0.2825511707288436,0.01609425410421141,0.01609425410421141,-0.01609425410421141,14831
Achi,Achi,82,0.277075814153121,0.01609425410421141,0.01609425410421141,-0.01609425410421141,14831
Achi,Achi,83,0.27182944739046333,0.01609425410421141,0.01609425410421141,-0.01609425410421141,14831
Achi,Achi,84,0.26667207349052297,0.01609425410421141,0.01609425410421141,-0.01609425410421141,14831
Achi,Achi,85,0.2616929976874606,0.01609425410421141,0.01609425410421141,-0.01609425410421141,14831
Achi,Achi,86,0.2569942077031417,0.01609425410421141,0.01609425410421141,-0.01609425410421141,14831
Achi,Achi,87,0.2525144609827334,0.01609425410421141,0.01609425410421141,-0.01609425410421141,14831
Achi,Achi,88,0.24832672800941383,0.01609425410421141,0.01609425410421141,-0.01609425410421141,14831
Achi,Achi,89,0.24430377516460225,0.01609425410421141,0.01609425410421141,-0.01609425410421141,14831
Achi,Achi,90,0.24041015228876705,0.01609425410421141,0.01609425410421141,-0.01609425410421141,14831
Achi,Achi,91,0.23664549976890123,0.01609425410421141,0.01609425410421141,-0.01609425410421141,14831
Achi,Achi,92,0.2330334380882747,0.01609425410421141,0.01609425410421141,-0.01609425410421141,14831
Achi,Achi,93,0.22963326558807615,0.01609425410421141,0.01609425410421141,-0.01609425410421141,14831
Achi,Achi,94,0.22625515659505427,0.01609425410421141,0.01609425410421141,-0.01609425410421141,14831
Achi,Achi,95,0.22299942205852985,0.01609425410421141,0.01609425410421141,-0.01609425410421141,14831
Achi,Achi,96,0.21981710589434686,0.01609425410421141,0.01609425410421141,-0.01609425410421141,14831
Achi,Achi,97,0.21669044612379715,0.01609425410421141,0.01609425410421141,-0.01609425410421141,14831
Achi,Achi,98,0.21364014290448283,0.01609425410421141,0.01609425410421141,-0.01609425410421141,14831
Achi,Achi,99,0.21072815749277957,0.01609425410421141,0.01609425410421141,-0.01609425410421141,14831
Achi,Achi,100,0.2080018051076988,0.01609425410421141,0.01609425410421141,-0.01609425410421141,14831
Achi,Achi,101,0.20541758602321744,0.01609425410421141,0.01609425410421141,-0.01609425410421141,14831
Achi,Achi,102,0.2032333357937394,0.01609425410421141,0.01609425410421141,-0.01609425410421141,14831
Achi,Achi,103,0.20137340495216272,0.01609425410421141,0.01609425410421141,-0.01609425410421141,14831
Achi,Achi,104,0.1998073223780472,0.01609425410421141,0.01609425410421141,-0.01609425410421141,14831
Achi,Achi,105,0.19843681726558235,0.01609425410421141,0.01609425410421141,-0.01609425410421141,14831
Achi,Achi,106,0.19743343556720133,0.01609425410421141,0.01609425410421141,-0.01609425410421141,14831
Achi,Achi,107,0.19678936203512754,0.01609425410421141,0.01609425410421141,-0.01609425410421141,14831
Achi,Achi,108,0.1963191457142626,0.01609425410421141,0.01609425410421141,-0.01609425410421141,14831
Achi,Achi,109,0.1958954868102491,0.01609425410421141,0.01609425410421141,-0.01609425410421141,14831
Achi,Achi,110,0.19563034241475213,0.01609425410421141,0.01609425410421141,-0.01609425410421141,14831
Achi,Achi,111,0.19527092963066578,0.01609425410421141,0.01609425410421141,-0.01609425410421141,14831
Achi,Achi,112,0.1949889803494304,0.01609425410421141,0.01609425410421141,-0.01609425410421141,14831
Achi,Achi,113,0.194836619833281,0.01609425410421141,0.01609425410421141,-0.01609425410421141,14831
Achi,Achi,114,0.1949147913742513,0.01609425410421141,0.01609425410421141,-0.01609425410421141,14831
Achi,Achi,115,0.19508732420003316,0.01609425410421141,0.01609425410421141,-0.01609425410421141,14831
Achi,Achi,116,0.195443042958686,0.01609425410421141,0.01609425410421141,-0.01609425410421141,14831
Achi,Achi,117,0.19596568105143736,0.01609425410421141,0.01609425410421141,-0.01609425410421141,14831
Achi,Achi,118,0.19661093017844614,0.01609425410421141,0.01609425410421141,-0.01609425410421141,14831
Achi,Achi,119,0.19744399027354603,0.01609425410421141,0.01609425410421141,-0.01609425410421141,14831
Achi,Achi,120,0.1986114162844456,0.01609425410421141,0.01609425410421141,-0.01609425410421141,14831
Achi,Achi,121,0.19984243021401948,0.01609425410421141,0.01609425410421141,-0.01609425410421141,14831
Achi,Achi,122,0.20118307674712455,0.01609425410421141,0.01609425410421141,-0.01609425410421141,14831
Achi,Achi,123,0.2026060399384632,0.01609425410421141,0.01609425410421141,-0.01609425410421141,14831
Achi,Achi,124,0.20413776258603425,0.01609425410421141,0.01609425410421141,-0.01609425410421141,14831
Achi,Achi,125,0.20583891495917167,0.01609425410421141,0.01609425410421141,-0.01609425410421141,14831
Achi,Achi,126,0.20743290868764683,0.01609425410421141,0.01609425410421141,-0.01609425410421141,14831
Achi,Achi,127,0.20909879696674258,0.01609425410421141,0.01609425410421141,-0.01609425410421141,14831
Achi,Achi,128,0.21066057242507896,0.01609425410421141,0.01609425410421141,-0.01609425410421141,14831
Achi,Achi,129,0.21212759555545127,0.01609425410421141,0.01609425410421141,-0.01609425410421141,14831
Achi,Achi,130,0.21355370733317658,0.01609425410421141,0.01609425410421141,-0.01609425410421141,14831
Achi,Achi,131,0.21485704400071645,0.01609425410421141,0.01609425410421141,-0.01609425410421141,14831
Achi,Achi,132,0.2161769273325358,0.01609425410421141,0.01609425410421141,-0.01609425410421141,14831
Achi,Achi,133,0.21737816626798617,0.01609425410421141,0.01609425410421141,-0.01609425410421141,14831
Achi,Achi,134,0.21853660519579846,0.01609425410421141,0.01609425410421141,-0.01609425410421141,14831
Achi,Achi,135,0.21966765732470875,0.01609425410421141,0.01609425410421141,-0.01609425410421141,14831
Achi,Achi,136,0.22085715451524965,0.01609425410421141,0.01609425410421141,-0.01609425410421141,14831
Achi,Achi,137,0.22201818761962183,0.01609425410421141,0.01609425410421141,-0.01609425410421141,14831
Achi,Achi,138,0.22338442472934025,0.01609425410421141,0.01609425410421141,-0.01609425410421141,14831
Achi,Achi,139,0.22476753816676842,0.01609425410421141,0.01609425410421141,-0.01609425410421141,14831
Achi,Achi,140,0.22617423949007723,0.01609425410421141,0.01609425410421141,-0.01609425410421141,14831
Achi,Achi,141,0.22757676286731057,0.01609425410421141,0.01609425410421141,-0.01609425410421141,14831
Achi,Achi,142,0.2289674956293686,0.01609425410421141,0.01609425410421141,-0.01609425410421141,14831
Achi,Achi,143,0.2303601032638246,0.01609425410421141,0.01609425410421141,-0.01609425410421141,14831
Achi,Achi,144,0.23179452839734427,0.01609425410421141,0.01609425410421141,-0.01609425410421141,14831
Achi,Achi,145,0.23308380760028155,0.01609425410421141,0.01609425410421141,-0.01609425410421141,14831
Achi,Achi,146,0.23437545019526337,0.01609425410421141,0.01609425410421141,-0.01609425410421141,14831
Achi,Achi,147,0.2356012266646595,0.01609425410421141,0.01609425410421141,-0.01609425410421141,14831
Achi,Achi,148,0.23692015835036,0.01609425410421141,0.01609425410421141,-0.01609425410421141,14831
Achi,Achi,149,0.23834908566204305,0.01609425410421141,0.01609425410421141,-0.01609425410421141,14831
Achi,Achi,150,0.2399324633588498,0.01609425410421141,0.01609425410421141,-0.01609425410421141,14831
Achi,Achi,151,0.241610958465706,0.01609425410421141,0.01609425410421141,-0.01609425410421141,14831
Achi,Achi,152,0.243234179866083,0.01609425410421141,0.01609425410421141,-0.01609425410421141,14831
Achi,Achi,153,0.244757969670671,0.01609425410421141,0.01609425410421141,-0.01609425410421141,14831
Achi,Achi,154,0.24626044331259098,0.01609425410421141,0.01609425410421141,-0.01609425410421141,14831
Achi,Achi,155,0.24789736093211812,0.01609425410421141,0.01609425410421141,-0.01609425410421141,14831
Achi,Achi,156,0.24949148908651878,0.01609425410421141,0.01609425410421141,-0.01609425410421141,14831
Achi,Achi,157,0.2510296533384756,0.01609425410421141,0.01609425410421141,-0.01609425410421141,14831
Achi,Achi,158,0.252493930761171,0.01609425410421141,0.01609425410421141,-0.01609425410421141,14831
Achi,Achi,159,0.2539751780299715,0.01609425410421141,0.01609425410421141,-0.01609425410421141,14831
Achi,Achi,160,0.2554410683392355,0.01609425410421141,0.01609425410421141,-0.01609425410421141,14831
Achi,Achi,161,0.256930424503404,0.01609425410421141,0.01609425410421141,-0.01609425410421141,14831
Achi,Achi,162,0.2583236905125091,0.01609425410421141,0.01609425410421141,-0.01609425410421141,14831
Achi,Achi,163,0.25962522392645343,0.01609425410421141,0.01609425410421141,-0.01609425410421141,14831
Achi,Achi,164,0.2608149337903823,0.01609425410421141,0.01609425410421141,-0.01609425410421141,14831
Achi,Achi,165,0.261997203459083,0.01609425410421141,0.01609425410421141,-0.01609425410421141,14831
Achi,Achi,166,0.26321213474441224,0.01609425410421141,0.01609425410421141,-0.01609425410421141,14831
Achi,Achi,167,0.26448416373725264,0.01609425410421141,0.01609425410421141,-0.01609425410421141,14831
Achi,Achi,168,0.26561507772906084,0.01609425410421141,0.01609425410421141,-0.01609425410421141,14831
Achi,Achi,169,0.26667357759326843,0.01609425410421141,0.01609425410421141,-0.01609425410421141,14831
Achi,Achi,170,0.2678118569518047,0.01609425410421141,0.01609425410421141,-0.01609425410421141,14831
Achi,Achi,171,0.2689575229021842,0.01609425410421141,0.01609425410421141,-0.01609425410421141,14831
Achi,Achi,172,0.26995422970640687,0.01609425410421141,0.01609425410421141,-0.01609425410421141,14831
Achi,Achi,173,0.2708849358987606,0.01609425410421141,0.01609425410421141,-0.01609425410421141,14831
Achi,Achi,174,0.27172919601338574,0.01609425410421141,0.01609425410421141,-0.01609425410421141,14831
Achi,Achi,175,0.27248102144432745,0.01609425410421141,0.01609425410421141,-0.01609425410421141,14831
Achi,Achi,176,0.2730873313164263,0.01609425410421141,0.01609425410421141,-0.01609425410421141,14831
Achi,Achi,177,0.27375594770342104,0.01609425410421141,0.01609425410421141,-0.01609425410421141,14831
Achi,Achi,178,0.27417070373100255,0.01609425410421141,0.01609425410421141,-0.01609425410421141,14831
Achi,Achi,179,0.27439761865330553,0.01609425410421141,0.01609425410421141,-0.01609425410421141,14831
Achi,Achi,180,0.2746248078282829,0.01609425410421141,0.01609425410421141,-0.01609425410421141,14831
Achi,Achi,181,0.27460199515777434,0.01609425410421141,0.01609425410421141,-0.01609425410421141,14831
Achi,Achi,182,0.274469822855915,0.01609425410421141,0.01609425410421141,-0.01609425410421141,14831
Achi,Achi,183,0.2741802381020405,0.01609425410421141,0.01609425410421141,-0.01609425410421141,14831
Achi,Achi,184,0.27374925435814773,0.01609425410421141,0.01609425410421141,-0.01609425410421141,14831
Achi,Achi,185,0.27322306779880695,0.01609425410421141,0.01609425410421141,-0.01609425410421141,14831
Achi,Achi,186,0.2726043242373385,0.01609425410421141,0.01609425410421141,-0.01609425410421141,14831
Achi,Achi,187,0.2719146352816558,0.01609425410421141,0.01609425410421141,-0.01609425410421141,14831
Achi,Achi,188,0.271152683794623,0.01609425410421141,0.01609425410421141,-0.01609425410421141,14831
Achi,Achi,189,0.2702211695481655,0.01609425410421141,0.01609425410421141,-0.01609425410421141,14831
Achi,Achi,190,0.2691657102637214,0.01609425410421141,0.01609425410421141,-0.01609425410421141,14831
Achi,Achi,191,0.26795403161119735,0.01609425410421141,0.01609425410421141,-0.01609425410421141,14831
Achi,Achi,192,0.26657049299769325,0.01609425410421141,0.01609425410421141,-0.01609425410421141,14831
Achi,Achi,193,0.265201267787397,0.01609425410421141,0.01609425410421141,-0.01609425410421141,14831
Achi,Achi,194,0.26342218851066623,0.01609425410421141,0.01609425410421141,-0.01609425410421141,14831
Achi,Achi,195,0.26162253353026627,0.01609425410421141,0.01609425410421141,-0.01609425410421141,14831
Achi,Achi,196,0.2597490166666593,0.01609425410421141,0.01609425410421141,-0.01609425410421141,14831
Achi,Achi,197,0.2577359179502041,0.01609425410421141,0.01609425410421141,-0.01609425410421141,14831
Achi,Achi,198,0.2556251574708951,0.01609425410421141,0.01609425410421141,-0.01609425410421141,14831
Achi,Achi,199,0.25327702112972594,0.01609425410421141,0.01609425410421141,-0.01609425410421141,14831
Achi,Achi,200,0.25075558939341874,0.01609425410421141,0.01609425410421141,-0.01609425410421141,14831
Achi,Achi,201,0.24821573129604302,0.01609425410421141,0.01609425410421141,-0.01609425410421141,14831
Achi,Achi,202,0.24541605503723712,0.01609425410421141,0.01609425410421141,-0.01609425410421141,14831
Achi,Achi,203,0.24273400544624188,0.01609425410421141,0.01609425410421141,-0.01609425410421141,14831
Achi,Achi,204,0.23996006948282153,0.01609425410421141,0.01609425410421141,-0.01609425410421141,14831
Achi,Achi,205,0.23729542804243342,0.01609425410421141,0.01609425410421141,-0.01609425410421141,14831
Achi,Achi,206,0.23461130505907044,0.01609425410421141,0.01609425410421141,-0.01609425410421141,14831
Achi,Achi,207,0.23196140430061496,0.01609425410421141,0.01609425410421141,-0.01609425410421141,14831
Achi,Achi,208,0.2294227350526585,0.01609425410421141,0.01609425410421141,-0.01609425410421141,14831
Achi,Achi,209,0.22669774720482197,0.01609425410421141,0.01609425410421141,-0.01609425410421141,14831
Achi,Achi,210,0.2238983748984464,0.01609425410421141,0.01609425410421141,-0.01609425410421141,14831
Achi,Achi,211,0.22110781431496382,0.01609425410421141,0.01609425410421141,-0.01609425410421141,14831
Achi,Achi,212,0.21832149788448477,0.01609425410421141,0.01609425410421141,-0.01609425410421141,14831
Achi,Achi,213,0.21530713775617347,0.01609425410421141,0.01609425410421141,-0.01609425410421141,14831
Achi,Achi,214,0.21228528088789902,0.01609425410421141,0.01609425410421141,-0.01609425410421141,14831
Achi,Achi,215,0.2091644080560412,0.01609425410421141,0.01609425410421141,-0.01609425410421141,14831
Achi,Achi,216,0.20595950591242468,0.01609425410421141,0.01609425410421141,-0.01609425410421141,14831
Achi,Achi,217,0.20279644165316452,0.01609425410421141,0.01609425410421141,-0.01609425410421141,14831
Achi,Achi,218,0.19959514723140281,0.01609425410421141,0.01609425410421141,-0.01609425410421141,14831
Achi,Achi,219,0.1964410095506018,0.01609425410421141,0.01609425410421141,-0.01609425410421141,14831
Achi,Achi,220,0.19332512861814488,0.01609425410421141,0.01609425410421141,-0.01609425410421141,14831
Achi,Achi,221,0.19037844715327693,0.01609425410421141,0.01609425410421141,-0.01609425410421141,14831
Achi,Achi,222,0.1876144136180968,0.01609425410421141,0.01609425410421141,-0.01609425410421141,14831
Achi,Achi,223,0.1848969367835069,0.01609425410421141,0.01609425410421141,-0.01609425410421141,14831
Achi,Achi,224,0.1822465832324022,0.01609425410421141,0.01609425410421141,-0.01609425410421141,14831
Achi,Achi,225,0.17979255456567164,0.01609425410421141,0.01609425410421141,-0.01609425410421141,14831
Achi,Achi,226,0.17740962240397803,0.01609425410421141,0.01609425410421141,-0.01609425410421141,14831
Achi,Achi,227,0.17518074158857153,0.01609425410421141,0.01609425410421141,-0.01609425410421141,14831
Achi,Achi,228,0.1730628669531131,0.01609425410421141,0.01609425410421141,-0.01609425410421141,14831
Achi,Achi,229,0.17090435907572013,0.01609425410421141,0.01609425410421141,-0.01609425410421141,14831
Achi,Achi,230,0.16883656040913578,0.01609425410421141,0.01609425410421141,-0.01609425410421141,14831
Achi,Achi,231,0.16670018559942615,0.01609425410421141,0.01609425410421141,-0.01609425410421141,14831
Achi,Achi,232,0.1646714908848628,0.01609425410421141,0.01609425410421141,-0.01609425410421141,14831
Achi,Achi,233,0.16254398232045056,0.01609425410421141,0.01609425410421141,-0.01609425410421141,14831
Achi,Achi,234,0.16038215949531512,0.01609425410421141,0.01609425410421141,-0.01609425410421141,14831
Achi,Achi,235,0.15831277064053276,0.01609425410421141,0.01609425410421141,-0.01609425410421141,14831
Achi,Achi,236,0.15631338894379568,0.01609425410421141,0.01609425410421141,-0.01609425410421141,14831
Achi,Achi,237,0.15439025887947158,0.01609425410421141,0.01609425410421141,-0.01609425410421141,14831
Achi,Achi,238,0.15267792950378098,0.01609425410421141,0.01609425410421141,-0.01609425410421141,14831
Achi,Achi,239,0.1509793852370043,0.01609425410421141,0.01609425410421141,-0.01609425410421141,14831
Achi,Achi,240,0.1494715724863221,0.01609425410421141,0.01609425410421141,-0.01609425410421141,14831
Achi,Achi,241,0.14794358688159315,0.01609425410421141,0.01609425410421141,-0.01609425410421141,14831
Achi,Achi,242,0.14656093278864968,0.01609425410421141,0.01609425410421141,-0.01609425410421141,14831
Achi,Achi,243,0.1454606761287905,0.01609425410421141,0.01609425410421141,-0.01609425410421141,14831
Achi,Achi,244,0.144662962463936,0.01609425410421141,0.01609425410421141,-0.01609425410421141,14831
Achi,Achi,245,0.14391288274374445,0.01609425410421141,0.01609425410421141,-0.01609425410421141,14831
Achi,Achi,246,0.14332387501680696,0.01609425410421141,0.01609425410421141,-0.01609425410421141,14831
Achi,Achi,247,0.14268567200284868,0.01609425410421141,0.01609425410421141,-0.01609425410421141,14831
Achi,Achi,248,0.14210434045252848,0.01609425410421141,0.01609425410421141,-0.01609425410421141,14831
Achi,Achi,249,0.141577476111905,0.01609425410421141,0.01609425410421141,-0.01609425410421141,14831
Achi,Achi,250,0.14119801469860954,0.01609425410421141,0.01609425410421141,-0.01609425410421141,14831
Achi,Achi,251,0.1408475588673115,0.01609425410421141,0.01609425410421141,-0.01609425410421141,14831
Achi,Achi,252,0.14060189721995328,0.01609425410421141,0.01609425410421141,-0.01609425410421141,14831
Achi,Achi,253,0.14045151515900037,0.01609425410421141,0.01609425410421141,-0.01609425410421141,14831
Achi,Achi,254,0.14048186523271874,0.01609425410421141,0.01609425410421141,-0.01609425410421141,14831
Achi,Achi,255,0.14044954824489894,0.01609425410421141,0.01609425410421141,-0.01609425410421141,14831
Achi,Achi,256,0.1405910461274241,0.01609425410421141,0.01609425410421141,-0.01609425410421141,14831
Achi,Achi,257,0.140854003916842,0.01609425410421141,0.01609425410421141,-0.01609425410421141,14831
Achi,Achi,258,0.14123610241274964,0.01609425410421141,0.01609425410421141,-0.01609425410421141,14831
Achi,Achi,259,0.1417226054286938,0.01609425410421141,0.01609425410421141,-0.01609425410421141,14831
Achi,Achi,260,0.1424649822001193,0.01609425410421141,0.01609425410421141,-0.01609425410421141,14831
Achi,Achi,261,0.14350920945402515,0.01609425410421141,0.01609425410421141,-0.01609425410421141,14831
Achi,Achi,262,0.14474090704819814,0.01609425410421141,0.01609425410421141,-0.01609425410421141,14831
Achi,Achi,263,0.14615633973681333,0.01609425410421141,0.01609425410421141,-0.01609425410421141,14831
Achi,Achi,264,0.14787690379960844,0.01609425410421141,0.01609425410421141,-0.01609425410421141,14831
Achi,Achi,265,0.1499314346690303,0.01609425410421141,0.01609425410421141,-0.01609425410421141,14831
Achi,Achi,266,0.1523511992432604,0.01609425410421141,0.01609425410421141,-0.01609425410421141,14831
Achi,Achi,267,0.15495651196434768,0.01609425410421141,0.01609425410421141,-0.01609425410421141,14831
Achi,Achi,268,0.1577263400703935,0.01609425410421141,0.01609425410421141,-0.01609425410421141,14831
Achi,Achi,269,0.16043941018931115,0.01609425410421141,0.01609425410421141,-0.01609425410421141,14831
Achi,Achi,270,0.16332186501982468,0.01609425410421141,0.01609425410421141,-0.01609425410421141,14831
Achi,Achi,271,0.16633030727037354,0.01609425410421141,0.01609425410421141,-0.01609425410421141,14831
Achi,Achi,272,0.16956162316640536,0.01609425410421141,0.01609425410421141,-0.01609425410421141,14831
Achi,Achi,273,0.17276653504052197,0.01609425410421141,0.01609425410421141,-0.01609425410421141,14831
Achi,Achi,274,0.17599283506724078,0.01609425410421141,0.01609425410421141,-0.01609425410421141,14831
Achi,Achi,275,0.17921005539494156,0.01609425410421141,0.01609425410421141,-0.01609425410421141,14831
Achi,Achi,276,0.18261272897210135,0.01609425410421141,0.01609425410421141,-0.01609425410421141,14831
Achi,Achi,277,0.18617902084204221,0.01609425410421141,0.01609425410421141,-0.01609425410421141,14831
Achi,Achi,278,0.18993788419908178,0.01609425410421141,0.01609425410421141,-0.01609425410421141,14831
Achi,Achi,279,0.1939395124759826,0.01609425410421141,0.01609425410421141,-0.01609425410421141,14831
Achi,Achi,280,0.19825726246245584,0.01609425410421141,0.01609425410421141,-0.01609425410421141,14831
Achi,Achi,281,0.20255293191488427,0.01609425410421141,0.01609425410421141,-0.01609425410421141,14831
Achi,Achi,282,0.20692095292049983,0.01609425410421141,0.01609425410421141,-0.01609425410421141,14831
Achi,Achi,283,0.2112522687670157,0.01609425410421141,0.01609425410421141,-0.01609425410421141,14831
Achi,Achi,284,0.21551025621320752,0.01609425410421141,0.01609425410421141,-0.01609425410421141,14831
Achi,Achi,285,0.2196913523600021,0.01609425410421141,0.01609425410421141,-0.01609425410421141,14831
Achi,Achi,286,0.22377211758145213,0.01609425410421141,0.01609425410421141,-0.01609425410421141,14831
Achi,Achi,287,0.2277971265502702,0.01609425410421141,0.01609425410421141,-0.01609425410421141,14831
Achi,Achi,288,0.23174088432554157,0.01609425410421141,0.01609425410421141,-0.01609425410421141,14831
Achi,Achi,289,0.2356976967368172,0.01609425410421141,0.01609425410421141,-0.01609425410421141,14831
Achi,Achi,290,0.23963699369820393,0.01609425410421141,0.01609425410421141,-0.01609425410421141,14831
Achi,Achi,291,0.2435831455324417,0.01609425410421141,0.01609425410421141,-0.01609425410421141,14831
Achi,Achi,292,0.24745157571594623,0.01609425410421141,0.01609425410421141,-0.01609425410421141,14831
Achi,Achi,293,0.2512381669850764,0.01609425410421141,0.01609425410421141,-0.01609425410421141,14831
Achi,Achi,294,0.25512358827830856,0.01609425410421141,0.01609425410421141,-0.01609425410421141,14831
Achi,Achi,295,0.259198651392662,0.01609425410421141,0.01609425410421141,-0.01609425410421141,14831
Achi,Achi,296,0.2633214999853115,0.01609425410421141,0.01609425410421141,-0.01609425410421141,14831
Achi,Achi,297,0.26746541161438214,0.01609425410421141,0.01609425410421141,-0.01609425410421141,14831
Achi,Achi,298,0.27168516988761565,0.01609425410421141,0.01609425410421141,-0.01609425410421141,14831
Achi,Achi,299,0.27598489954436267,0.01609425410421141,0.01609425410421141,-0.01609425410421141,14831
Achi,Achi,300,0.2804221530103516,0.01609425410421141,0.01609425410421141,-0.01609425410421141,14831
Achi,Achi,301,0.2851526222462742,0.01609425410421141,0.01609425410421141,-0.01609425410421141,14831
Achi,Achi,302,0.29006024022216875,0.01609425410421141,0.01609425410421141,-0.01609425410421141,14831
Achi,Achi,303,0.2950267720694462,0.01609425410421141,0.01609425410421141,-0.01609425410421141,14831
Achi,Achi,304,0.2998777356630242,0.01609425410421141,0.01609425410421141,-0.01609425410421141,14831
Achi,Achi,305,0.30476711094590503,0.01609425410421141,0.01609425410421141,-0.01609425410421141,14831
Achi,Achi,306,0.3093985171917606,0.01609425410421141,0.01609425410421141,-0.01609425410421141,14831
Achi,Achi,307,0.3140799116968066,0.01609425410421141,0.01609425410421141,-0.01609425410421141,14831
Achi,Achi,308,0.31863682773543645,0.01609425410421141,0.01609425410421141,-0.01609425410421141,14831
Achi,Achi,309,0.3231674222990193,0.01609425410421141,0.01609425410421141,-0.01609425410421141,14831
Achi,Achi,310,0.3277407238252059,0.01609425410421141,0.01609425410421141,-0.01609425410421141,14831
Achi,Achi,311,0.3323951817352549,0.01609425410421141,0.01609425410421141,-0.01609425410421141,14831
Achi,Achi,312,0.33701917454963326,0.01609425410421141,0.01609425410421141,-0.01609425410421141,14831
Achi,Achi,313,0.34180285571335267,0.01609425410421141,0.01609425410421141,-0.01609425410421141,14831
Achi,Achi,314,0.34669646878671084,0.01609425410421141,0.01609425410421141,-0.01609425410421141,14831
Achi,Achi,315,0.3517565459958665,0.01609425410421141,0.01609425410421141,-0.01609425410421141,14831
Achi,Achi,316,0.3567296811910387,0.01609425410421141,0.01609425410421141,-0.01609425410421141,14831
Achi,Achi,317,0.36178650609706126,0.01609425410421141,0.01609425410421141,-0.01609425410421141,14831
Achi,Achi,318,0.36687586682450546,0.01609425410421141,0.01609425410421141,-0.01609425410421141,14831
Achi,Achi,319,0.3720683054108004,0.01609425410421141,0.01609425410421141,-0.01609425410421141,14831
Achi,Achi,320,0.3770516514306599,0.01609425410421141,0.01609425410421141,-0.01609425410421141,14831
Achi,Achi,321,0.3820161539793085,0.01609425410421141,0.01609425410421141,-0.01609425410421141,14831
Achi,Achi,322,0.38692675539357074,0.01609425410421141,0.01609425410421141,-0.01609425410421141,14831
Achi,Achi,323,0.39183384538881016,0.01609425410421141,0.01609425410421141,-0.01609425410421141,14831
Achi,Achi,324,0.3966484872104206,0.01609425410421141,0.01609425410421141,-0.01609425410421141,14831
Achi,Achi,325,0.40125590191031874,0.01609425410421141,0.01609425410421141,-0.01609425410421141,14831
Achi,Achi,326,0.40580972960356154,0.01609425410421141,0.01609425410421141,-0.01609425410421141,14831
Achi,Achi,327,0.41025260807357306,0.01609425410421141,0.01609425410421141,-0.01609425410421141,14831
Achi,Achi,328,0.4145076495854807,0.01609425410421141,0.01609425410421141,-0.01609425410421141,14831
Achi,Achi,329,0.4185104663443244,0.01609425410421141,0.01609425410421141,-0.01609425410421141,14831
Achi,Achi,330,0.4223957366391867,0.01609425410421141,0.01609425410421141,-0.01609425410421141,14831
Achi,Achi,331,0.4262871296284079,0.01609425410421141,0.01609425410421141,-0.01609425410421141,14831
Achi,Achi,332,0.429981720524697,0.01609425410421141,0.01609425410421141,-0.01609425410421141,14831
Achi,Achi,333,0.4335691375742662,0.01609425410421141,0.01609425410421141,-0.01609425410421141,14831
Achi,Achi,334,0.43716656822837346,0.01609425410421141,0.01609425410421141,-0.01609425410421141,14831
Achi,Achi,335,0.44076565618138197,0.01609425410421141,0.01609425410421141,-0.01609425410421141,14831
Achi,Achi,336,0.4443760416894133,0.01609425410421141,0.01609425410421141,-0.01609425410421141,14831
Achi,Achi,337,0.4479969411392908,0.01609425410421141,0.01609425410421141,-0.01609425410421141,14831
Achi,Achi,338,0.4515164287043542,0.01609425410421141,0.01609425410421141,-0.01609425410421141,14831
Achi,Achi,339,0.4547863379426487,0.01609425410421141,0.01609425410421141,-0.01609425410421141,14831
Achi,Achi,340,0.4575818436002071,0.01609425410421141,0.01609425410421141,-0.01609425410421141,14831
Achi,Achi,341,0.4601090075209544,0.01609425410421141,0.01609425410421141,-0.01609425410421141,14831
Achi,Achi,342,0.46236923429478366,0.01609425410421141,0.01609425410421141,-0.01609425410421141,14831
Achi,Achi,343,0.46437462603911095,0.01609425410421141,0.01609425410421141,-0.01609425410421141,14831
Achi,Achi,344,0.4660509270595742,0.01609425410421141,0.01609425410421141,-0.01609425410421141,14831
Achi,Achi,345,0.4675660096388292,0.01609425410421141,0.01609425410421141,-0.01609425410421141,14831
Achi,Achi,346,0.46890538057772535,0.01609425410421141,0.01609425410421141,-0.01609425410421141,14831
Achi,Achi,347,0.4700493128819286,0.01609425410421141,0.01609425410421141,-0.01609425410421141,14831
Achi,Achi,348,0.47115167921838513,0.01609425410421141,0.01609425410421141,-0.01609425410421141,14831
Achi,Achi,349,0.4721864944646718,0.01609425410421141,0.01609425410421141,-0.01609425410421141,14831
Achi,Achi,350,0.4731006257363859,0.01609425410421141,0.01609425410421141,-0.01609425410421141,14831
Achi,Achi,351,0.4738725092229328,0.01609425410421141,0.01609425410421141,-0.01609425410421141,14831
Achi,Achi,352,0.4744270075848056,0.01609425410421141,0.01609425410421141,-0.01609425410421141,14831
Achi,Achi,353,0.4747512875685656,0.01609425410421141,0.01609425410421141,-0.01609425410421141,14831
Achi,Achi,354,0.47488452986352897,0.01609425410421141,0.01609425410421141,-0.01609425410421141,14831
Achi,Achi,355,0.4746926174511879,0.01609425410421141,0.01609425410421141,-0.01609425410421141,14831
Achi,Achi,356,0.47436664249962185,0.01609425410421141,0.01609425410421141,-0.01609425410421141,14831
Achi,Achi,357,0.473907948382541,0.01609425410421141,0.01609425410421141,-0.01609425410421141,14831
Achi,Achi,358,0.47307503478170965,0.01609425410421141,0.01609425410421141,-0.01609425410421141,14831
Achi,Achi,359,0.4720913797923336,0.01609425410421141,0.01609425410421141,-0.01609425410421141,14831
Achi,Achi,360,0.47095574031196896,0.01609425410421141,0.01609425410421141,-0.01609425410421141,14831
ElBanco,El Banco,0,1.0,0.014617913353519073,0.014617913353519073,-0.014617913353519073,17978
ElBanco,El Banco,1,0.9972448893522425,0.014617913353519073,0.014617913353519073,-0.014617913353519073,17978
ElBanco,El Banco,2,0.9920030985932525,0.014617913353519073,0.014617913353519073,-0.014617913353519073,17978
ElBanco,El Banco,3,0.9851858494128173,0.014617913353519073,0.014617913353519073,-0.014617913353519073,17978
ElBanco,El Banco,4,0.9773126104941972,0.014617913353519073,0.014617913353519073,-0.014617913353519073,17978
ElBanco,El Banco,5,0.9684959098722852,0.014617913353519073,0.014617913353519073,-0.014617913353519073,17978
ElBanco,El Banco,6,0.9590080139071238,0.014617913353519073,0.014617913353519073,-0.014617913353519073,17978
ElBanco,El Banco,7,0.9490293553721256,0.014617913353519073,0.014617913353519073,-0.014617913353519073,17978
ElBanco,El Banco,8,0.9386467453120112,0.014617913353519073,0.014617913353519073,-0.014617913353519073,17978
ElBanco,El Banco,9,0.9279418750090437,0.014617913353519073,0.014617913353519073,-0.014617913353519073,17978
ElBanco,El Banco,10,0.9169246697800552,0.014617913353519073,0.014617913353519073,-0.014617913353519073,17978
ElBanco,El Banco,11,0.9055773466386159,0.014617913353519073,0.014617913353519073,-0.014617913353519073,17978
ElBanco,El Banco,12,0.8939176610154251,0.014617913353519073,0.014617913353519073,-0.014617913353519073,17978
ElBanco,El Banco,13,0.8819941666683351,0.014617913353519073,0.014617913353519073,-0.014617913353519073,17978
ElBanco,El Banco,14,0.8698267696058065,0.014617913353519073,0.014617913353519073,-0.014617913353519073,17978
ElBanco,El Banco,15,0.8574377467057391,0.014617913353519073,0.014617913353519073,-0.014617913353519073,17978
ElBanco,El Banco,16,0.8448264137925331,0.014617913353519073,0.014617913353519073,-0.014617913353519073,17978
ElBanco,El Banco,17,0.8319275677475458,0.014617913353519073,0.014617913353519073,-0.014617913353519073,17978
ElBanco,El Banco,18,0.8187395894151978,0.014617913353519073,0.014617913353519073,-0.014617913353519073,17978
ElBanco,El Banco,19,0.8052784270710904,0.014617913353519073,0.014617913353519073,-0.014617913353519073,17978
ElBanco,El Banco,20,0.7915369623325265,0.014617913353519073,0.014617913353519073,-0.014617913353519073,17978
ElBanco,El Banco,21,0.7776079806963383,0.014617913353519073,0.014617913353519073,-0.014617913353519073,17978
ElBanco,El Banco,22,0.7635307765921455,0.014617913353519073,0.014617913353519073,-0.014617913353519073,17978
ElBanco,El Banco,23,0.7493058555665195,0.014617913353519073,0.014617913353519073,-0.014617913353519073,17978
ElBanco,El Banco,24,0.7349429048514146,0.014617913353519073,0.014617913353519073,-0.014617913353519073,17978
ElBanco,El Banco,25,0.720464890233629,0.014617913353519073,0.014617913353519073,-0.014617913353519073,17978
ElBanco,El Banco,26,0.7058545162648617,0.014617913353519073,0.014617913353519073,-0.014617913353519073,17978
ElBanco,El Banco,27,0.6910507624246626,0.014617913353519073,0.014617913353519073,-0.014617913353519073,17978
ElBanco,El Banco,28,0.6760863257693447,0.014617913353519073,0.014617913353519073,-0.014617913353519073,17978
ElBanco,El Banco,29,0.6609731629961467,0.014617913353519073,0.014617913353519073,-0.014617913353519073,17978
ElBanco,El Banco,30,0.6457118518461479,0.014617913353519073,0.014617913353519073,-0.014617913353519073,17978
ElBanco,El Banco,31,0.630321198128508,0.014617913353519073,0.014617913353519073,-0.014617913353519073,17978
ElBanco,El Banco,32,0.6148610133099297,0.014617913353519073,0.014617913353519073,-0.014617913353519073,17978
ElBanco,El Banco,33,0.5993465757717392,0.014617913353519073,0.014617913353519073,-0.014617913353519073,17978
ElBanco,El Banco,34,0.5837734956195911,0.014617913353519073,0.014617913353519073,-0.014617913353519073,17978
ElBanco,El Banco,35,0.5681914652570879,0.014617913353519073,0.014617913353519073,-0.014617913353519073,17978
ElBanco,El Banco,36,0.5526024155432989,0.014617913353519073,0.014617913353519073,-0.014617913353519073,17978
ElBanco,El Banco,37,0.5370151225461228,0.014617913353519073,0.014617913353519073,-0.014617913353519073,17978
ElBanco,El Banco,38,0.5214002967278115,0.014617913353519073,0.014617913353519073,-0.014617913353519073,17978
ElBanco,El Banco,39,0.5057310527101568,0.014617913353519073,0.014617913353519073,-0.014617913353519073,17978
ElBanco,El Banco,40,0.49000962711680784,0.014617913353519073,0.014617913353519073,-0.014617913353519073,17978
ElBanco,El Banco,41,0.4742627062142383,0.014617913353519073,0.014617913353519073,-0.014617913353519073,17978
ElBanco,El Banco,42,0.4584964068276306,0.014617913353519073,0.014617913353519073,-0.014617913353519073,17978
ElBanco,El Banco,43,0.4427054424683209,0.014617913353519073,0.014617913353519073,-0.014617913353519073,17978
ElBanco,El Banco,44,0.426896503701033,0.014617913353519073,0.014617913353519073,-0.014617913353519073,17978
ElBanco,El Banco,45,0.4110742910296389,0.014617913353519073,0.014617913353519073,-0.014617913353519073,17978
ElBanco,El Banco,46,0.39529382337267593,0.014617913353519073,0.014617913353519073,-0.014617913353519073,17978
ElBanco,El Banco,47,0.37951863807356057,0.014617913353519073,0.014617913353519073,-0.014617913353519073,17978
ElBanco,El Banco,48,0.3637947615759993,0.014617913353519073,0.014617913353519073,-0.014617913353519073,17978
ElBanco,El Banco,49,0.3481477036333477,0.014617913353519073,0.014617913353519073,-0.014617913353519073,17978
ElBanco,El Banco,50,0.3325595053208001,0.014617913353519073,0.014617913353519073,-0.014617913353519073,17978
ElBanco,El Banco,51,0.3170150830983015,0.014617913353519073,0.014617913353519073,-0.014617913353519073,17978
ElBanco,El Banco,52,0.30160283807980326,0.014617913353519073,0.014617913353519073,-0.014617913353519073,17978
ElBanco,El Banco,53,0.2863194731075852,0.014617913353519073,0.014617913353519073,-0.014617913353519073,17978
ElBanco,El Banco,54,0.27117000873948083,0.014617913353519073,0.014617913353519073,-0.014617913353519073,17978
ElBanco,El Banco,55,0.2561858409984398,0.014617913353519073,0.014617913353519073,-0.014617913353519073,17978
ElBanco,El Banco,56,0.2413805728482118,0.014617913353519073,0.014617913353519073,-0.014617913353519073,17978
ElBanco,El Banco,57,0.22678169344201396,0.014617913353519073,0.014617913353519073,-0.014617913353519073,17978
ElBanco,El Banco,58,0.21237131911958,0.014617913353519073,0.014617913353519073,-0.014617913353519073,17978
ElBanco,El Banco,59,0.19817273197318186,0.014617913353519073,0.014617913353519073,-0.014617913353519073,17978
ElBanco,El Banco,60,0.18416320501446984,0.014617913353519073,0.014617913353519073,-0.014617913353519073,17978
ElBanco,El Banco,61,0.17037948373248937,0.014617913353519073,0.014617913353519073,-0.014617913353519073,17978
ElBanco,El Banco,62,0.15688087475952245,0.014617913353519073,0.014617913353519073,-0.014617913353519073,17978
ElBanco,El Banco,63,0.1436565152958207,0.014617913353519073,0.014617913353519073,-0.014617913353519073,17978
ElBanco,El Banco,64,0.13065102709403179,0.014617913353519073,0.014617913353519073,-0.014617913353519073,17978
ElBanco,El Banco,65,0.11797423831090545,0.014617913353519073,0.014617913353519073,-0.014617913353519073,17978
ElBanco,El Banco,66,0.105599984259918,0.014617913353519073,0.014617913353519073,-0.014617913353519073,17978
ElBanco,El Banco,67,0.09352295626825581,0.014617913353519073,0.014617913353519073,-0.014617913353519073,17978
ElBanco,El Banco,68,0.0817187960780596,0.014617913353519073,0.014617913353519073,-0.014617913353519073,17978
ElBanco,El Banco,69,0.07023908222237676,0.014617913353519073,0.014617913353519073,-0.014617913353519073,17978
ElBanco,El Banco,70,0.05908335688636274,0.014617913353519073,0.014617913353519073,-0.014617913353519073,17978
ElBanco,El Banco,71,0.04828167868922863,0.014617913353519073,0.014617913353519073,-0.014617913353519073,17978
ElBanco,El Banco,72,0.03787282847742149,0.014617913353519073,0.014617913353519073,-0.014617913353519073,17978
ElBanco,El Banco,73,0.027858525845934744,0.014617913353519073,0.014617913353519073,-0.014617913353519073,17978
ElBanco,El Banco,74,0.018202213649546963,0.014617913353519073,0.014617913353519073,-0.014617913353519073,17978
ElBanco,El Banco,75,0.008918597035526556,0.014617913353519073,0.014617913353519073,-0.014617913353519073,17978
ElBanco,El Banco,76,6.513525809384769e-05,0.014617913353519073,0.014617913353519073,-0.014617913353519073,17978
ElBanco,El Banco,77,-0.00828597104006499,0.014617913353519073,0.014617913353519073,-0.014617913353519073,17978
ElBanco,El Banco,78,-0.016128894856866284,0.014617913353519073,0.014617913353519073,-0.014617913353519073,17978
ElBanco,El Banco,79,-0.023521113546121984,0.014617913353519073,0.014617913353519073,-0.014617913353519073,17978
ElBanco,El Banco,80,-0.030491872487753667,0.014617913353519073,0.014617913353519073,-0.014617913353519073,17978
ElBanco,El Banco,81,-0.037056110308577035,0.014617913353519073,0.014617913353519073,-0.014617913353519073,17978
ElBanco,El Banco,82,-0.0432662747324254,0.014617913353519073,0.014617913353519073,-0.014617913353519073,17978
ElBanco,El Banco,83,-0.04917152041643601,0.014617913353519073,0.014617913353519073,-0.014617913353519073,17978
ElBanco,El Banco,84,-0.054765003256699675,0.014617913353519073,0.014617913353519073,-0.014617913353519073,17978
ElBanco,El Banco,85,-0.060015627487655356,0.014617913353519073,0.014617913353519073,-0.014617913353519073,17978
ElBanco,El Banco,86,-0.06490740861068478,0.014617913353519073,0.014617913353519073,-0.014617913353519073,17978
ElBanco,El Banco,87,-0.06941484101192794,0.014617913353519073,0.014617913353519073,-0.014617913353519073,17978
ElBanco,El Banco,88,-0.07351223563265018,0.014617913353519073,0.014617913353519073,-0.014617913353519073,17978
ElBanco,El Banco,89,-0.07720665295612611,0.014617913353519073,0.014617913353519073,-0.014617913353519073,17978
ElBanco,El Banco,90,-0.08057606163605041,0.014617913353519073,0.014617913353519073,-0.014617913353519073,17978
ElBanco,El Banco,91,-0.08351959189939374,0.014617913353519073,0.014617913353519073,-0.014617913353519073,17978
ElBanco,El Banco,92,-0.0860755858574019,0.014617913353519073,0.014617913353519073,-0.014617913353519073,17978
ElBanco,El Banco,93,-0.08824438326591208,0.014617913353519073,0.014617913353519073,-0.014617913353519073,17978
ElBanco,El Banco,94,-0.09003189422314233,0.014617913353519073,0.014617913353519073,-0.014617913353519073,17978
ElBanco,El Banco,95,-0.09150034040970352,0.014617913353519073,0.014617913353519073,-0.014617913353519073,17978
ElBanco,El Banco,96,-0.09262519210388676,0.014617913353519073,0.014617913353519073,-0.014617913353519073,17978
ElBanco,El Banco,97,-0.09342664083857134,0.014617913353519073,0.014617913353519073,-0.014617913353519073,17978
ElBanco,El Banco,98,-0.09390410612811974,0.014617913353519073,0.014617913353519073,-0.014617913353519073,17978
ElBanco,El Banco,99,-0.09401215504458177,0.014617913353519073,0.014617913353519073,-0.014617913353519073,17978
ElBanco,El Banco,100,-0.09369007439345653,0.014617913353519073,0.014617913353519073,-0.014617913353519073,17978
ElBanco,El Banco,101,-0.0928965633797578,0.014617913353519073,0.014617913353519073,-0.014617913353519073,17978
ElBanco,El Banco,102,-0.09161681364137447,0.014617913353519073,0.014617913353519073,-0.014617913353519073,17978
ElBanco,El Banco,103,-0.08987566688523127,0.014617913353519073,0.014617913353519073,-0.014617913353519073,17978
ElBanco,El Banco,104,-0.0876925696044005,0.014617913353519073,0.014617913353519073,-0.014617913353519073,17978
ElBanco,El Banco,105,-0.08509117859606755,0.014617913353519073,0.014617913353519073,-0.014617913353519073,17978
ElBanco,El Banco,106,-0.08203566636610432,0.014617913353519073,0.014617913353519073,-0.014617913353519073,17978
ElBanco,El Banco,107,-0.0785387994084217,0.014617913353519073,0.014617913353519073,-0.014617913353519073,17978
ElBanco,El Banco,108,-0.07457795931348533,0.014617913353519073,0.014617913353519073,-0.014617913353519073,17978
ElBanco,El Banco,109,-0.0702139587488972,0.014617913353519073,0.014617913353519073,-0.014617913353519073,17978
ElBanco,El Banco,110,-0.06548902275678467,0.014617913353519073,0.014617913353519073,-0.014617913353519073,17978
ElBanco,El Banco,111,-0.06038928544779699,0.014617913353519073,0.014617913353519073,-0.014617913353519073,17978
ElBanco,El Banco,112,-0.05492271174457634,0.014617913353519073,0.014617913353519073,-0.014617913353519073,17978
ElBanco,El Banco,113,-0.0491019456325554,0.014617913353519073,0.014617913353519073,-0.014617913353519073,17978
ElBanco,El Banco,114,-0.042940788196039914,0.014617913353519073,0.014617913353519073,-0.014617913353519073,17978
ElBanco,El Banco,115,-0.036442767566475104,0.014617913353519073,0.014617913353519073,-0.014617913353519073,17978
ElBanco,El Banco,116,-0.02960096322905356,0.014617913353519073,0.014617913353519073,-0.014617913353519073,17978
ElBanco,El Banco,117,-0.022464187783089225,0.014617913353519073,0.014617913353519073,-0.014617913353519073,17978
ElBanco,El Banco,118,-0.015060204494802621,0.014617913353519073,0.014617913353519073,-0.014617913353519073,17978
ElBanco,El Banco,119,-0.0074328577796859505,0.014617913353519073,0.014617913353519073,-0.014617913353519073,17978
ElBanco,El Banco,120,0.00039268448961839837,0.014617913353519073,0.014617913353519073,-0.014617913353519073,17978
ElBanco,El Banco,121,0.008360731412254527,0.014617913353519073,0.014617913353519073,-0.014617913353519073,17978
ElBanco,El Banco,122,0.016470316594628127,0.014617913353519073,0.014617913353519073,-0.014617913353519073,17978
ElBanco,El Banco,123,0.024738953557183287,0.014617913353519073,0.014617913353519073,-0.014617913353519073,17978
ElBanco,El Banco,124,0.03315767057182019,0.014617913353519073,0.014617913353519073,-0.014617913353519073,17978
ElBanco,El Banco,125,0.04173558593454521,0.014617913353519073,0.014617913353519073,-0.014617913353519073,17978
ElBanco,El Banco,126,0.0504347861001062,0.014617913353519073,0.014617913353519073,-0.014617913353519073,17978
ElBanco,El Banco,127,0.0592420770993777,0.014617913353519073,0.014617913353519073,-0.014617913353519073,17978
ElBanco,El Banco,128,0.06819200777806335,0.014617913353519073,0.014617913353519073,-0.014617913353519073,17978
ElBanco,El Banco,129,0.07730234630674102,0.014617913353519073,0.014617913353519073,-0.014617913353519073,17978
ElBanco,El Banco,130,0.08654245908218575,0.014617913353519073,0.014617913353519073,-0.014617913353519073,17978
ElBanco,El Banco,131,0.09587940697213969,0.014617913353519073,0.014617913353519073,-0.014617913353519073,17978
ElBanco,El Banco,132,0.10526284022504837,0.014617913353519073,0.014617913353519073,-0.014617913353519073,17978
ElBanco,El Banco,133,0.11469237142267019,0.014617913353519073,0.014617913353519073,-0.014617913353519073,17978
ElBanco,El Banco,134,0.12415972343803747,0.014617913353519073,0.014617913353519073,-0.014617913353519073,17978
ElBanco,El Banco,135,0.1336712956641255,0.014617913353519073,0.014617913353519073,-0.014617913353519073,17978
ElBanco,El Banco,136,0.14319184186470704,0.014617913353519073,0.014617913353519073,-0.014617913353519073,17978
ElBanco,El Banco,137,0.1527159531508105,0.014617913353519073,0.014617913353519073,-0.014617913353519073,17978
ElBanco,El Banco,138,0.16225265807002948,0.014617913353519073,0.014617913353519073,-0.014617913353519073,17978
ElBanco,El Banco,139,0.1717820597195909,0.014617913353519073,0.014617913353519073,-0.014617913353519073,17978
ElBanco,El Banco,140,0.18127125198299612,0.014617913353519073,0.014617913353519073,-0.014617913353519073,17978
ElBanco,El Banco,141,0.1906681857504737,0.014617913353519073,0.014617913353519073,-0.014617913353519073,17978
ElBanco,El Banco,142,0.20000250052788554,0.014617913353519073,0.014617913353519073,-0.014617913353519073,17978
ElBanco,El Banco,143,0.20935754982154886,0.014617913353519073,0.014617913353519073,-0.014617913353519073,17978
ElBanco,El Banco,144,0.21870185515590376,0.014617913353519073,0.014617913353519073,-0.014617913353519073,17978
ElBanco,El Banco,145,0.22801192223647082,0.014617913353519073,0.014617913353519073,-0.014617913353519073,17978
ElBanco,El Banco,146,0.23727367661714088,0.014617913353519073,0.014617913353519073,-0.014617913353519073,17978
ElBanco,El Banco,147,0.24641327006683164,0.014617913353519073,0.014617913353519073,-0.014617913353519073,17978
ElBanco,El Banco,148,0.25535448258263194,0.014617913353519073,0.014617913353519073,-0.014617913353519073,17978
ElBanco,El Banco,149,0.2640947336467426,0.014617913353519073,0.014617913353519073,-0.014617913353519073,17978
ElBanco,El Banco,150,0.27256045663283857,0.014617913353519073,0.014617913353519073,-0.014617913353519073,17978
ElBanco,El Banco,151,0.28083596390426513,0.014617913353519073,0.014617913353519073,-0.014617913353519073,17978
ElBanco,El Banco,152,0.28890090192270534,0.014617913353519073,0.014617913353519073,-0.014617913353519073,17978
ElBanco,El Banco,153,0.29671117307198036,0.014617913353519073,0.014617913353519073,-0.014617913353519073,17978
ElBanco,El Banco,154,0.30429099677068233,0.014617913353519073,0.014617913353519073,-0.014617913353519073,17978
ElBanco,El Banco,155,0.3116420140059305,0.014617913353519073,0.014617913353519073,-0.014617913353519073,17978
ElBanco,El Banco,156,0.3188089755680878,0.014617913353519073,0.014617913353519073,-0.014617913353519073,17978
ElBanco,El Banco,157,0.3257452129963927,0.014617913353519073,0.014617913353519073,-0.014617913353519073,17978
ElBanco,El Banco,158,0.3324523892762402,0.014617913353519073,0.014617913353519073,-0.014617913353519073,17978
ElBanco,El Banco,159,0.3388782119305161,0.014617913353519073,0.014617913353519073,-0.014617913353519073,17978
ElBanco,El Banco,160,0.345023087698002,0.014617913353519073,0.014617913353519073,-0.014617913353519073,17978
ElBanco,El Banco,161,0.35095627725112394,0.014617913353519073,0.014617913353519073,-0.014617913353519073,17978
ElBanco,El Banco,162,0.3566982072755862,0.014617913353519073,0.014617913353519073,-0.014617913353519073,17978
ElBanco,El Banco,163,0.3622068724720316,0.014617913353519073,0.014617913353519073,-0.014617913353519073,17978
ElBanco,El Banco,164,0.3673953884166813,0.014617913353519073,0.014617913353519073,-0.014617913353519073,17978
ElBanco,El Banco,165,0.37235084922640777,0.014617913353519073,0.014617913353519073,-0.014617913353519073,17978
ElBanco,El Banco,166,0.3770969141151783,0.014617913353519073,0.014617913353519073,-0.014617913353519073,17978
ElBanco,El Banco,167,0.3815578751295472,0.014617913353519073,0.014617913353519073,-0.014617913353519073,17978
ElBanco,El Banco,168,0.3857098826034575,0.014617913353519073,0.014617913353519073,-0.014617913353519073,17978
ElBanco,El Banco,169,0.38957585553848006,0.014617913353519073,0.014617913353519073,-0.014617913353519073,17978
ElBanco,El Banco,170,0.39314906648415504,0.014617913353519073,0.014617913353519073,-0.014617913353519073,17978
ElBanco,El Banco,171,0.3963843188109404,0.014617913353519073,0.014617913353519073,-0.014617913353519073,17978
ElBanco,El Banco,172,0.3992399439656031,0.014617913353519073,0.014617913353519073,-0.014617913353519073,17978
ElBanco,El Banco,173,0.4017316148850035,0.014617913353519073,0.014617913353519073,-0.014617913353519073,17978
ElBanco,El Banco,174,0.40379975189382905,0.014617913353519073,0.014617913353519073,-0.014617913353519073,17978
ElBanco,El Banco,175,0.40543714425298705,0.014617913353519073,0.014617913353519073,-0.014617913353519073,17978
ElBanco,El Banco,176,0.40665551642185915,0.014617913353519073,0.014617913353519073,-0.014617913353519073,17978
ElBanco,El Banco,177,0.4075181132675605,0.014617913353519073,0.014617913353519073,-0.014617913353519073,17978
ElBanco,El Banco,178,0.40806340354203646,0.014617913353519073,0.014617913353519073,-0.014617913353519073,17978
ElBanco,El Banco,179,0.4082986451684735,0.014617913353519073,0.014617913353519073,-0.014617913353519073,17978
ElBanco,El Banco,180,0.4082023729955839,0.014617913353519073,0.014617913353519073,-0.014617913353519073,17978
ElBanco,El Banco,181,0.40779411302160856,0.014617913353519073,0.014617913353519073,-0.014617913353519073,17978
ElBanco,El Banco,182,0.40706311306353127,0.014617913353519073,0.014617913353519073,-0.014617913353519073,17978
ElBanco,El Banco,183,0.40595021250253066,0.014617913353519073,0.014617913353519073,-0.014617913353519073,17978
ElBanco,El Banco,184,0.4043983589629214,0.014617913353519073,0.014617913353519073,-0.014617913353519073,17978
ElBanco,El Banco,185,0.4024591052624071,0.014617913353519073,0.014617913353519073,-0.014617913353519073,17978
ElBanco,El Banco,186,0.40011253941138986,0.014617913353519073,0.014617913353519073,-0.014617913353519073,17978
ElBanco,El Banco,187,0.39734706152163807,0.014617913353519073,0.014617913353519073,-0.014617913353519073,17978
ElBanco,El Banco,188,0.3942122963106126,0.014617913353519073,0.014617913353519073,-0.014617913353519073,17978
ElBanco,El Banco,189,0.3907462116276115,0.014617913353519073,0.014617913353519073,-0.014617913353519073,17978
ElBanco,El Banco,190,0.3869019417771656,0.014617913353519073,0.014617913353519073,-0.014617913353519073,17978
ElBanco,El Banco,191,0.38265993801529097,0.014617913353519073,0.014617913353519073,-0.014617913353519073,17978
ElBanco,El Banco,192,0.37802438437576386,0.014617913353519073,0.014617913353519073,-0.014617913353519073,17978
ElBanco,El Banco,193,0.3729976004233504,0.014617913353519073,0.014617913353519073,-0.014617913353519073,17978
ElBanco,El Banco,194,0.36763721729158855,0.014617913353519073,0.014617913353519073,-0.014617913353519073,17978
ElBanco,El Banco,195,0.3619773333144732,0.014617913353519073,0.014617913353519073,-0.014617913353519073,17978
ElBanco,El Banco,196,0.35600430096672264,0.014617913353519073,0.014617913353519073,-0.014617913353519073,17978
ElBanco,El Banco,197,0.34973507606728443,0.014617913353519073,0.014617913353519073,-0.014617913353519073,17978
ElBanco,El Banco,198,0.34317280177900383,0.014617913353519073,0.014617913353519073,-0.014617913353519073,17978
ElBanco,El Banco,199,0.33628986107150094,0.014617913353519073,0.014617913353519073,-0.014617913353519073,17978
ElBanco,El Banco,200,0.3291190183174739,0.014617913353519073,0.014617913353519073,-0.014617913353519073,17978
ElBanco,El Banco,201,0.32166248219789545,0.014617913353519073,0.014617913353519073,-0.014617913353519073,17978
ElBanco,El Banco,202,0.31390663068414215,0.014617913353519073,0.014617913353519073,-0.014617913353519073,17978
ElBanco,El Banco,203,0.3058826205444234,0.014617913353519073,0.014617913353519073,-0.014617913353519073,17978
ElBanco,El Banco,204,0.29760471122169047,0.014617913353519073,0.014617913353519073,-0.014617913353519073,17978
ElBanco,El Banco,205,0.2891032045461207,0.014617913353519073,0.014617913353519073,-0.014617913353519073,17978
ElBanco,El Banco,206,0.2803371364930133,0.014617913353519073,0.014617913353519073,-0.014617913353519073,17978
ElBanco,El Banco,207,0.2712723797748989,0.014617913353519073,0.014617913353519073,-0.014617913353519073,17978
ElBanco,El Banco,208,0.2619349316612047,0.014617913353519073,0.014617913353519073,-0.014617913353519073,17978
ElBanco,El Banco,209,0.2523641575301799,0.014617913353519073,0.014617913353519073,-0.014617913353519073,17978
ElBanco,El Banco,210,0.24252836834503053,0.014617913353519073,0.014617913353519073,-0.014617913353519073,17978
ElBanco,El Banco,211,0.23237901193083105,0.014617913353519073,0.014617913353519073,-0.014617913353519073,17978
ElBanco,El Banco,212,0.22194075835497842,0.014617913353519073,0.014617913353519073,-0.014617913353519073,17978
ElBanco,El Banco,213,0.21119752644368472,0.014617913353519073,0.014617913353519073,-0.014617913353519073,17978
ElBanco,El Banco,214,0.2001819050041589,0.014617913353519073,0.014617913353519073,-0.014617913353519073,17978
ElBanco,El Banco,215,0.1889447733393316,0.014617913353519073,0.014617913353519073,-0.014617913353519073,17978
ElBanco,El Banco,216,0.17754937526272258,0.014617913353519073,0.014617913353519073,-0.014617913353519073,17978
ElBanco,El Banco,217,0.16603317935871767,0.014617913353519073,0.014617913353519073,-0.014617913353519073,17978
ElBanco,El Banco,218,0.15442969762204464,0.014617913353519073,0.014617913353519073,-0.014617913353519073,17978
ElBanco,El Banco,219,0.1427918071825645,0.014617913353519073,0.014617913353519073,-0.014617913353519073,17978
ElBanco,El Banco,220,0.13113183757046679,0.014617913353519073,0.014617913353519073,-0.014617913353519073,17978
ElBanco,El Banco,221,0.11943544326587352,0.014617913353519073,0.014617913353519073,-0.014617913353519073,17978
ElBanco,El Banco,222,0.10771110662668705,0.014617913353519073,0.014617913353519073,-0.014617913353519073,17978
ElBanco,El Banco,223,0.09597581874510483,0.014617913353519073,0.014617913353519073,-0.014617913353519073,17978
ElBanco,El Banco,224,0.08420589188765339,0.014617913353519073,0.014617913353519073,-0.014617913353519073,17978
ElBanco,El Banco,225,0.07242892530568788,0.014617913353519073,0.014617913353519073,-0.014617913353519073,17978
ElBanco,El Banco,226,0.06066144539606486,0.014617913353519073,0.014617913353519073,-0.014617913353519073,17978
ElBanco,El Banco,227,0.04895134400131471,0.014617913353519073,0.014617913353519073,-0.014617913353519073,17978
ElBanco,El Banco,228,0.03730230638514287,0.014617913353519073,0.014617913353519073,-0.014617913353519073,17978
ElBanco,El Banco,229,0.025727984114074783,0.014617913353519073,0.014617913353519073,-0.014617913353519073,17978
ElBanco,El Banco,230,0.014190314690751576,0.014617913353519073,0.014617913353519073,-0.014617913353519073,17978
ElBanco,El Banco,231,0.002741290254012848,0.014617913353519073,0.014617913353519073,-0.014617913353519073,17978
ElBanco,El Banco,232,-0.008592110466028197,0.014617913353519073,0.014617913353519073,-0.014617913353519073,17978
ElBanco,El Banco,233,-0.019805091118814445,0.014617913353519073,0.014617913353519073,-0.014617913353519073,17978
ElBanco,El Banco,234,-0.030879480912949463,0.014617913353519073,0.014617913353519073,-0.014617913353519073,17978
ElBanco,El Banco,235,-0.04182314280013523,0.014617913353519073,0.014617913353519073,-0.014617913353519073,17978
ElBanco,El Banco,236,-0.052615121858525835,0.014617913353519073,0.014617913353519073,-0.014617913353519073,17978
ElBanco,El Banco,237,-0.06321941161231026,0.014617913353519073,0.014617913353519073,-0.014617913353519073,17978
ElBanco,El Banco,238,-0.07354232479826207,0.014617913353519073,0.014617913353519073,-0.014617913353519073,17978
ElBanco,El Banco,239,-0.08358722026307205,0.014617913353519073,0.014617913353519073,-0.014617913353519073,17978
ElBanco,El Banco,240,-0.09335427614635086,0.014617913353519073,0.014617913353519073,-0.014617913353519073,17978
ElBanco,El Banco,241,-0.10284884836658209,0.014617913353519073,0.014617913353519073,-0.014617913353519073,17978
ElBanco,El Banco,242,-0.11210284249630594,0.014617913353519073,0.014617913353519073,-0.014617913353519073,17978
ElBanco,El Banco,243,-0.12115914938814054,0.014617913353519073,0.014617913353519073,-0.014617913353519073,17978
ElBanco,El Banco,244,-0.13002197044425126,0.014617913353519073,0.014617913353519073,-0.014617913353519073,17978
ElBanco,El Banco,245,-0.13865353940389186,0.014617913353519073,0.014617913353519073,-0.014617913353519073,17978
ElBanco,El Banco,246,-0.14704384396099734,0.014617913353519073,0.014617913353519073,-0.014617913353519073,17978
ElBanco,El Banco,247,-0.155160699481752,0.014617913353519073,0.014617913353519073,-0.014617913353519073,17978
ElBanco,El Banco,248,-0.16297919207015193,0.014617913353519073,0.014617913353519073,-0.014617913353519073,17978
ElBanco,El Banco,249,-0.1704891927685393,0.014617913353519073,0.014617913353519073,-0.014617913353519073,17978
ElBanco,El Banco,250,-0.1777463505976126,0.014617913353519073,0.014617913353519073,-0.014617913353519073,17978
ElBanco,El Banco,251,-0.1847916980448633,0.014617913353519073,0.014617913353519073,-0.014617913353519073,17978
ElBanco,El Banco,252,-0.19162436542263522,0.014617913353519073,0.014617913353519073,-0.014617913353519073,17978
ElBanco,El Banco,253,-0.1982367475821246,0.014617913353519073,0.014617913353519073,-0.014617913353519073,17978
ElBanco,El Banco,254,-0.20461490810295432,0.014617913353519073,0.014617913353519073,-0.014617913353519073,17978
ElBanco,El Banco,255,-0.21074011835095488,0.014617913353519073,0.014617913353519073,-0.014617913353519073,17978
ElBanco,El Banco,256,-0.21659721730048181,0.014617913353519073,0.014617913353519073,-0.014617913353519073,17978
ElBanco,El Banco,257,-0.2221744464592454,0.014617913353519073,0.014617913353519073,-0.014617913353519073,17978
ElBanco,El Banco,258,-0.22749335742139082,0.014617913353519073,0.014617913353519073,-0.014617913353519073,17978
ElBanco,El Banco,259,-0.23252968929187262,0.014617913353519073,0.014617913353519073,-0.014617913353519073,17978
ElBanco,El Banco,260,-0.2372416828101298,0.014617913353519073,0.014617913353519073,-0.014617913353519073,17978
ElBanco,El Banco,261,-0.24157436207501018,0.014617913353519073,0.014617913353519073,-0.014617913353519073,17978
ElBanco,El Banco,262,-0.24546619123794505,0.014617913353519073,0.014617913353519073,-0.014617913353519073,17978
ElBanco,El Banco,263,-0.2489348223178041,0.014617913353519073,0.014617913353519073,-0.014617913353519073,17978
ElBanco,El Banco,264,-0.2520044897134231,0.014617913353519073,0.014617913353519073,-0.014617913353519073,17978
ElBanco,El Banco,265,-0.25468328289895265,0.014617913353519073,0.014617913353519073,-0.014617913353519073,17978
ElBanco,El Banco,266,-0.2569967643234833,0.014617913353519073,0.014617913353519073,-0.014617913353519073,17978
ElBanco,El Banco,267,-0.25893941562446915,0.014617913353519073,0.014617913353519073,-0.014617913353519073,17978
ElBanco,El Banco,268,-0.26052680796658445,0.014617913353519073,0.014617913353519073,-0.014617913353519073,17978
ElBanco,El Banco,269,-0.26174035321703987,0.014617913353519073,0.014617913353519073,-0.014617913353519073,17978
ElBanco,El Banco,270,-0.2625277265116242,0.014617913353519073,0.014617913353519073,-0.014617913353519073,17978
ElBanco,El Banco,271,-0.26289399103037187,0.014617913353519073,0.014617913353519073,-0.014617913353519073,17978
ElBanco,El Banco,272,-0.26287817870595653,0.014617913353519073,0.014617913353519073,-0.014617913353519073,17978
ElBanco,El Banco,273,-0.26247527227829975,0.014617913353519073,0.014617913353519073,-0.014617913353519073,17978
ElBanco,El Banco,274,-0.2616505413473465,0.014617913353519073,0.014617913353519073,-0.014617913353519073,17978
ElBanco,El Banco,275,-0.2604297068727412,0.014617913353519073,0.014617913353519073,-0.014617913353519073,17978
ElBanco,El Banco,276,-0.2588137955992587,0.014617913353519073,0.014617913353519073,-0.014617913353519073,17978
ElBanco,El Banco,277,-0.2568188908674015,0.014617913353519073,0.014617913353519073,-0.014617913353519073,17978
ElBanco,El Banco,278,-0.2544795245061095,0.014617913353519073,0.014617913353519073,-0.014617913353519073,17978
ElBanco,El Banco,279,-0.2517600128034408,0.014617913353519073,0.014617913353519073,-0.014617913353519073,17978
ElBanco,El Banco,280,-0.2486648111576614,0.014617913353519073,0.014617913353519073,-0.014617913353519073,17978
ElBanco,El Banco,281,-0.24520973361023618,0.014617913353519073,0.014617913353519073,-0.014617913353519073,17978
ElBanco,El Banco,282,-0.24134276814869784,0.014617913353519073,0.014617913353519073,-0.014617913353519073,17978
ElBanco,El Banco,283,-0.23703941728217334,0.014617913353519073,0.014617913353519073,-0.014617913353519073,17978
ElBanco,El Banco,284,-0.23235308167218488,0.014617913353519073,0.014617913353519073,-0.014617913353519073,17978
ElBanco,El Banco,285,-0.22732163510677247,0.014617913353519073,0.014617913353519073,-0.014617913353519073,17978
ElBanco,El Banco,286,-0.22193728898775175,0.014617913353519073,0.014617913353519073,-0.014617913353519073,17978
ElBanco,El Banco,287,-0.2162115793356682,0.014617913353519073,0.014617913353519073,-0.014617913353519073,17978
ElBanco,El Banco,288,-0.2101445614561144,0.014617913353519073,0.014617913353519073,-0.014617913353519073,17978
ElBanco,El Banco,289,-0.20371477511616864,0.014617913353519073,0.014617913353519073,-0.014617913353519073,17978
ElBanco,El Banco,290,-0.19685703023558734,0.014617913353519073,0.014617913353519073,-0.014617913353519073,17978
ElBanco,El Banco,291,-0.18957519936143521,0.014617913353519073,0.014617913353519073,-0.014617913353519073,17978
ElBanco,El Banco,292,-0.18192251711218713,0.014617913353519073,0.014617913353519073,-0.014617913353519073,17978
ElBanco,El Banco,293,-0.17392143069907556,0.014617913353519073,0.014617913353519073,-0.014617913353519073,17978
ElBanco,El Banco,294,-0.16556131741131144,0.014617913353519073,0.014617913353519073,-0.014617913353519073,17978
ElBanco,El Banco,295,-0.15684799732488788,0.014617913353519073,0.014617913353519073,-0.014617913353519073,17978
ElBanco,El Banco,296,-0.1478471241619693,0.014617913353519073,0.014617913353519073,-0.014617913353519073,17978
ElBanco,El Banco,297,-0.13860700212089824,0.014617913353519073,0.014617913353519073,-0.014617913353519073,17978
ElBanco,El Banco,298,-0.1290918651198611,0.014617913353519073,0.014617913353519073,-0.014617913353519073,17978
ElBanco,El Banco,299,-0.1193141383287297,0.014617913353519073,0.014617913353519073,-0.014617913353519073,17978
ElBanco,El Banco,300,-0.10928515238532063,0.014617913353519073,0.014617913353519073,-0.014617913353519073,17978
ElBanco,El Banco,301,-0.09903159936657677,0.014617913353519073,0.014617913353519073,-0.014617913353519073,17978
ElBanco,El Banco,302,-0.08857541115345971,0.014617913353519073,0.014617913353519073,-0.014617913353519073,17978
ElBanco,El Banco,303,-0.07789908478820057,0.014617913353519073,0.014617913353519073,-0.014617913353519073,17978
ElBanco,El Banco,304,-0.06699649200946242,0.014617913353519073,0.014617913353519073,-0.014617913353519073,17978
ElBanco,El Banco,305,-0.0558830771930363,0.014617913353519073,0.014617913353519073,-0.014617913353519073,17978
ElBanco,El Banco,306,-0.04458778480466104,0.014617913353519073,0.014617913353519073,-0.014617913353519073,17978
ElBanco,El Banco,307,-0.03313496413874754,0.014617913353519073,0.014617913353519073,-0.014617913353519073,17978
ElBanco,El Banco,308,-0.02149848029307608,0.014617913353519073,0.014617913353519073,-0.014617913353519073,17978
ElBanco,El Banco,309,-0.009698396830098106,0.014617913353519073,0.014617913353519073,-0.014617913353519073,17978
ElBanco,El Banco,310,0.0022226926207749285,0.014617913353519073,0.014617913353519073,-0.014617913353519073,17978
ElBanco,El Banco,311,0.01431992691646645,0.014617913353519073,0.014617913353519073,-0.014617913353519073,17978
ElBanco,El Banco,312,0.026634470354757293,0.014617913353519073,0.014617913353519073,-0.014617913353519073,17978
ElBanco,El Banco,313,0.039124500483794636,0.014617913353519073,0.014617913353519073,-0.014617913353519073,17978
ElBanco,El Banco,314,0.05170971875065872,0.014617913353519073,0.014617913353519073,-0.014617913353519073,17978
ElBanco,El Banco,315,0.06434867913638066,0.014617913353519073,0.014617913353519073,-0.014617913353519073,17978
ElBanco,El Banco,316,0.07706342262615595,0.014617913353519073,0.014617913353519073,-0.014617913353519073,17978
ElBanco,El Banco,317,0.08985376709978275,0.014617913353519073,0.014617913353519073,-0.014617913353519073,17978
ElBanco,El Banco,318,0.10271604523890121,0.014617913353519073,0.014617913353519073,-0.014617913353519073,17978
ElBanco,El Banco,319,0.11560126758276759,0.014617913353519073,0.014617913353519073,-0.014617913353519073,17978
ElBanco,El Banco,320,0.1284887909348934,0.014617913353519073,0.014617913353519073,-0.014617913353519073,17978
ElBanco,El Banco,321,0.14141064757734437,0.014617913353519073,0.014617913353519073,-0.014617913353519073,17978
ElBanco,El Banco,322,0.15432166844898715,0.014617913353519073,0.014617913353519073,-0.014617913353519073,17978
ElBanco,El Banco,323,0.16722589547516276,0.014617913353519073,0.014617913353519073,-0.014617913353519073,17978
ElBanco,El Banco,324,0.18011508237369206,0.014617913353519073,0.014617913353519073,-0.014617913353519073,17978
ElBanco,El Banco,325,0.19294153445258835,0.014617913353519073,0.014617913353519073,-0.014617913353519073,17978
ElBanco,El Banco,326,0.2056544230093751,0.014617913353519073,0.014617913353519073,-0.014617913353519073,17978
ElBanco,El Banco,327,0.2182523635663632,0.014617913353519073,0.014617913353519073,-0.014617913353519073,17978
ElBanco,El Banco,328,0.23075209513624975,0.014617913353519073,0.014617913353519073,-0.014617913353519073,17978
ElBanco,El Banco,329,0.243140340276794,0.014617913353519073,0.014617913353519073,-0.014617913353519073,17978
ElBanco,El Banco,330,0.2554034062048947,0.014617913353519073,0.014617913353519073,-0.014617913353519073,17978
ElBanco,El Banco,331,0.2675433650964519,0.014617913353519073,0.014617913353519073,-0.014617913353519073,17978
ElBanco,El Banco,332,0.27954795403005145,0.014617913353519073,0.014617913353519073,-0.014617913353519073,17978
ElBanco,El Banco,333,0.29131043830618825,0.014617913353519073,0.014617913353519073,-0.014617913353519073,17978
ElBanco,El Banco,334,0.3027547945718692,0.014617913353519073,0.014617913353519073,-0.014617913353519073,17978
ElBanco,El Banco,335,0.31391652000268283,0.014617913353519073,0.014617913353519073,-0.014617913353519073,17978
ElBanco,El Banco,336,0.32479852639403123,0.014617913353519073,0.014617913353519073,-0.014617913353519073,17978
ElBanco,El Banco,337,0.33541528626487843,0.014617913353519073,0.014617913353519073,-0.014617913353519073,17978
ElBanco,El Banco,338,0.34576824824870095,0.014617913353519073,0.014617913353519073,-0.014617913353519073,17978
ElBanco,El Banco,339,0.35581698653695787,0.014617913353519073,0.014617913353519073,-0.014617913353519073,17978
ElBanco,El Banco,340,0.3655122698855064,0.014617913353519073,0.014617913353519073,-0.014617913353519073,17978
ElBanco,El Banco,341,0.37491186035586227,0.014617913353519073,0.014617913353519073,-0.014617913353519073,17978
ElBanco,El Banco,342,0.3839753560973525,0.014617913353519073,0.014617913353519073,-0.014617913353519073,17978
ElBanco,El Banco,343,0.3926826616926579,0.014617913353519073,0.014617913353519073,-0.014617913353519073,17978
ElBanco,El Banco,344,0.40103892688750814,0.014617913353519073,0.014617913353519073,-0.014617913353519073,17978
ElBanco,El Banco,345,0.40903672266961244,0.014617913353519073,0.014617913353519073,-0.014617913353519073,17978
ElBanco,El Banco,346,0.41663892292192595,0.014617913353519073,0.014617913353519073,-0.014617913353519073,17978
ElBanco,El Banco,347,0.42382394991261163,0.014617913353519073,0.014617913353519073,-0.014617913353519073,17978
ElBanco,El Banco,348,0.430606869883473,0.014617913353519073,0.014617913353519073,-0.014617913353519073,17978
ElBanco,El Banco,349,0.4370416406014532,0.014617913353519073,0.014617913353519073,-0.014617913353519073,17978
ElBanco,El Banco,350,0.4431011334588677,0.014617913353519073,0.014617913353519073,-0.014617913353519073,17978
ElBanco,El Banco,351,0.44873651133347364,0.014617913353519073,0.014617913353519073,-0.014617913353519073,17978
ElBanco,El Banco,352,0.4539687363728602,0.014617913353519073,0.014617913353519073,-0.014617913353519073,17978
ElBanco,El Banco,353,0.4588539235357687,0.014617913353519073,0.014617913353519073,-0.014617913353519073,17978
ElBanco,El Banco,354,0.46339346133644227,0.014617913353519073,0.014617913353519073,-0.014617913353519073,17978
ElBanco,El Banco,355,0.4675532878321569,0.014617913353519073,0.014617913353519073,-0.014617913353519073,17978
ElBanco,El Banco,356,0.4712862469083762,0.014617913353519073,0.014617913353519073,-0.014617913353519073,17978
ElBanco,El Banco,357,0.4745846886648625,0.014617913353519073,0.014617913353519073,-0.014617913353519073,17978
ElBanco,El Banco,358,0.4774066986454744,0.014617913353519073,0.014617913353519073,-0.014617913353519073,17978
ElBanco,El Banco,359,0.4797742205952973,0.014617913353519073,0.014617913353519073,-0.014617913353519073,17978
ElBanco,El Banco,360,0.4816950050407886,0.014617913353519073,0.014617913353519073,-0.014617913353519073,17978
SaladoBlanco,Salado Blanco,0,1.0,0.014512547505097761,0.014512547505097761,-0.014512547505097761,18240
SaladoBlanco,Salado Blanco,1,0.7822974686265683,0.014512547505097761,0.014512547505097761,-0.014512547505097761,18240
SaladoBlanco,Salado Blanco,2,0.6111536478877486,0.014512547505097761,0.014512547505097761,-0.014512547505097761,18240
SaladoBlanco,Salado Blanco,3,0.5299339485382744,0.014512547505097761,0.014512547505097761,-0.014512547505097761,18240
SaladoBlanco,Salado Blanco,4,0.4996939828593834,0.014512547505097761,0.014512547505097761,-0.014512547505097761,18240
SaladoBlanco,Salado Blanco,5,0.4825215072545625,0.014512547505097761,0.014512547505097761,-0.014512547505097761,18240
SaladoBlanco,Salado Blanco,6,0.4645455850059045,0.014512547505097761,0.014512547505097761,-0.014512547505097761,18240
SaladoBlanco,Salado Blanco,7,0.4433216034377309,0.014512547505097761,0.014512547505097761,-0.014512547505097761,18240
SaladoBlanco,Salado Blanco,8,0.4254664347460641,0.014512547505097761,0.014512547505097761,-0.014512547505097761,18240
SaladoBlanco,Salado Blanco,9,0.41236466416643897,0.014512547505097761,0.014512547505097761,-0.014512547505097761,18240
SaladoBlanco,Salado Blanco,10,0.4040378855264885,0.014512547505097761,0.014512547505097761,-0.014512547505097761,18240
SaladoBlanco,Salado Blanco,11,0.3942368072734687,0.014512547505097761,0.014512547505097761,-0.014512547505097761,18240
SaladoBlanco,Salado Blanco,12,0.38188703431708915,0.014512547505097761,0.014512547505097761,-0.014512547505097761,18240
SaladoBlanco,Salado Blanco,13,0.3767898248761404,0.014512547505097761,0.014512547505097761,-0.014512547505097761,18240
SaladoBlanco,Salado Blanco,14,0.3738781694512739,0.014512547505097761,0.014512547505097761,-0.014512547505097761,18240
SaladoBlanco,Salado Blanco,15,0.3697386628867174,0.014512547505097761,0.014512547505097761,-0.014512547505097761,18240
SaladoBlanco,Salado Blanco,16,0.3699137170443145,0.014512547505097761,0.014512547505097761,-0.014512547505097761,18240
SaladoBlanco,Salado Blanco,17,0.3653916363326701,0.014512547505097761,0.014512547505097761,-0.014512547505097761,18240
SaladoBlanco,Salado Blanco,18,0.35660665354123045,0.014512547505097761,0.014512547505097761,-0.014512547505097761,18240
SaladoBlanco,Salado Blanco,19,0.3511049842549498,0.014512547505097761,0.014512547505097761,-0.014512547505097761,18240
SaladoBlanco,Salado Blanco,20,0.3470105746029919,0.014512547505097761,0.014512547505097761,-0.014512547505097761,18240
SaladoBlanco,Salado Blanco,21,0.33993953857830356,0.014512547505097761,0.014512547505097761,-0.014512547505097761,18240
SaladoBlanco,Salado Blanco,22,0.3277807951080242,0.014512547505097761,0.014512547505097761,-0.014512547505097761,18240
SaladoBlanco,Salado Blanco,23,0.32234074531338,0.014512547505097761,0.014512547505097761,-0.014512547505097761,18240
SaladoBlanco,Salado Blanco,24,0.32136545993532417,0.014512547505097761,0.014512547505097761,-0.014512547505097761,18240
SaladoBlanco,Salado Blanco,25,0.3180316719360304,0.014512547505097761,0.014512547505097761,-0.014512547505097761,18240
SaladoBlanco,Salado Blanco,26,0.31101170663449035,0.014512547505097761,0.014512547505097761,-0.014512547505097761,18240
SaladoBlanco,Salado Blanco,27,0.3060884677164353,0.014512547505097761,0.014512547505097761,-0.014512547505097761,18240
SaladoBlanco,Salado Blanco,28,0.298119805285761,0.014512547505097761,0.014512547505097761,-0.014512547505097761,18240
SaladoBlanco,Salado Blanco,29,0.2984030257831583,0.014512547505097761,0.014512547505097761,-0.014512547505097761,18240
SaladoBlanco,Salado Blanco,30,0.2947099089832862,0.014512547505097761,0.014512547505097761,-0.014512547505097761,18240
SaladoBlanco,Salado Blanco,31,0.28973538434312973,0.014512547505097761,0.014512547505097761,-0.014512547505097761,18240
SaladoBlanco,Salado Blanco,32,0.28711351459190315,0.014512547505097761,0.014512547505097761,-0.014512547505097761,18240
SaladoBlanco,Salado Blanco,33,0.2864951371974646,0.014512547505097761,0.014512547505097761,-0.014512547505097761,18240
SaladoBlanco,Salado Blanco,34,0.28222242846700557,0.014512547505097761,0.014512547505097761,-0.014512547505097761,18240
SaladoBlanco,Salado Blanco,35,0.27739694615480676,0.014512547505097761,0.014512547505097761,-0.014512547505097761,18240
SaladoBlanco,Salado Blanco,36,0.277988965258344,0.014512547505097761,0.014512547505097761,-0.014512547505097761,18240
SaladoBlanco,Salado Blanco,37,0.2744553742692298,0.014512547505097761,0.014512547505097761,-0.014512547505097761,18240
SaladoBlanco,Salado Blanco,38,0.2658006267249819,0.014512547505097761,0.014512547505097761,-0.014512547505097761,18240
SaladoBlanco,Salado Blanco,39,0.26077315797623357,0.014512547505097761,0.014512547505097761,-0.014512547505097761,18240
SaladoBlanco,Salado Blanco,40,0.25177538235687213,0.014512547505097761,0.014512547505097761,-0.014512547505097761,18240
SaladoBlanco,Salado Blanco,41,0.2463737717474497,0.014512547505097761,0.014512547505097761,-0.014512547505097761,18240
SaladoBlanco,Salado Blanco,42,0.24224152224387294,0.014512547505097761,0.014512547505097761,-0.014512547505097761,18240
SaladoBlanco,Salado Blanco,43,0.2381413968450997,0.014512547505097761,0.014512547505097761,-0.014512547505097761,18240
SaladoBlanco,Salado Blanco,44,0.23289623751873711,0.014512547505097761,0.014512547505097761,-0.014512547505097761,18240
SaladoBlanco,Salado Blanco,45,0.2262268907266579,0.014512547505097761,0.014512547505097761,-0.014512547505097761,18240
SaladoBlanco,Salado Blanco,46,0.22038690254320212,0.014512547505097761,0.014512547505097761,-0.014512547505097761,18240
SaladoBlanco,Salado Blanco,47,0.21320228794774115,0.014512547505097761,0.014512547505097761,-0.014512547505097761,18240
SaladoBlanco,Salado Blanco,48,0.20763341617166045,0.014512547505097761,0.014512547505097761,-0.014512547505097761,18240
SaladoBlanco,Salado Blanco,49,0.19823589129902675,0.014512547505097761,0.014512547505097761,-0.014512547505097761,18240
SaladoBlanco,Salado Blanco,50,0.1909527929071178,0.014512547505097761,0.014512547505097761,-0.014512547505097761,18240
SaladoBlanco,Salado Blanco,51,0.1933858981532,0.014512547505097761,0.014512547505097761,-0.014512547505097761,18240
SaladoBlanco,Salado Blanco,52,0.18799138410590055,0.014512547505097761,0.014512547505097761,-0.014512547505097761,18240
SaladoBlanco,Salado Blanco,53,0.182677017984793,0.014512547505097761,0.014512547505097761,-0.014512547505097761,18240
SaladoBlanco,Salado Blanco,54,0.17875844822694437,0.014512547505097761,0.014512547505097761,-0.014512547505097761,18240
SaladoBlanco,Salado Blanco,55,0.1754855602383168,0.014512547505097761,0.014512547505097761,-0.014512547505097761,18240
SaladoBlanco,Salado Blanco,56,0.17419314728304788,0.014512547505097761,0.014512547505097761,-0.014512547505097761,18240
SaladoBlanco,Salado Blanco,57,0.17327538122127756,0.014512547505097761,0.014512547505097761,-0.014512547505097761,18240
SaladoBlanco,Salado Blanco,58,0.16918175950198155,0.014512547505097761,0.014512547505097761,-0.014512547505097761,18240
SaladoBlanco,Salado Blanco,59,0.16268850271289415,0.014512547505097761,0.014512547505097761,-0.014512547505097761,18240
SaladoBlanco,Salado Blanco,60,0.16089882432058056,0.014512547505097761,0.014512547505097761,-0.014512547505097761,18240
SaladoBlanco,Salado Blanco,61,0.15614015797071454,0.014512547505097761,0.014512547505097761,-0.014512547505097761,18240
SaladoBlanco,Salado Blanco,62,0.151190980170289,0.014512547505097761,0.014512547505097761,-0.014512547505097761,18240
SaladoBlanco,Salado Blanco,63,0.14524099154804848,0.014512547505097761,0.014512547505097761,-0.014512547505097761,18240
SaladoBlanco,Salado Blanco,64,0.1363681660493078,0.014512547505097761,0.014512547505097761,-0.014512547505097761,18240
SaladoBlanco,Salado Blanco,65,0.1256890212717657,0.014512547505097761,0.014512547505097761,-0.014512547505097761,18240
SaladoBlanco,Salado Blanco,66,0.12097827294233705,0.014512547505097761,0.014512547505097761,-0.014512547505097761,18240
SaladoBlanco,Salado Blanco,67,0.12028511031873712,0.014512547505097761,0.014512547505097761,-0.014512547505097761,18240
SaladoBlanco,Salado Blanco,68,0.11704339905630456,0.014512547505097761,0.014512547505097761,-0.014512547505097761,18240
SaladoBlanco,Salado Blanco,69,0.10923920952574709,0.014512547505097761,0.014512547505097761,-0.014512547505097761,18240
SaladoBlanco,Salado Blanco,70,0.10146184442905089,0.014512547505097761,0.014512547505097761,-0.014512547505097761,18240
SaladoBlanco,Salado Blanco,71,0.09502191729746547,0.014512547505097761,0.014512547505097761,-0.014512547505097761,18240
SaladoBlanco,Salado Blanco,72,0.09611427451624774,0.014512547505097761,0.014512547505097761,-0.014512547505097761,18240
SaladoBlanco,Salado Blanco,73,0.0954389509337679,0.014512547505097761,0.014512547505097761,-0.014512547505097761,18240
SaladoBlanco,Salado Blanco,74,0.08776748096226547,0.014512547505097761,0.014512547505097761,-0.014512547505097761,18240
SaladoBlanco,Salado Blanco,75,0.08040971021512756,0.014512547505097761,0.014512547505097761,-0.014512547505097761,18240
SaladoBlanco,Salado Blanco,76,0.07342160701438301,0.014512547505097761,0.014512547505097761,-0.014512547505097761,18240
SaladoBlanco,Salado Blanco,77,0.06932763467631624,0.014512547505097761,0.014512547505097761,-0.014512547505097761,18240
SaladoBlanco,Salado Blanco,78,0.06452083964457533,0.014512547505097761,0.014512547505097761,-0.014512547505097761,18240
SaladoBlanco,Salado Blanco,79,0.06093339185123503,0.014512547505097761,0.014512547505097761,-0.014512547505097761,18240
SaladoBlanco,Salado Blanco,80,0.05931016632643929,0.014512547505097761,0.014512547505097761,-0.014512547505097761,18240
SaladoBlanco,Salado Blanco,81,0.05288582204989856,0.014512547505097761,0.014512547505097761,-0.014512547505097761,18240
SaladoBlanco,Salado Blanco,82,0.0472104390812266,0.014512547505097761,0.014512547505097761,-0.014512547505097761,18240
SaladoBlanco,Salado Blanco,83,0.04322443532196277,0.014512547505097761,0.014512547505097761,-0.014512547505097761,18240
SaladoBlanco,Salado Blanco,84,0.04303716501740657,0.014512547505097761,0.014512547505097761,-0.014512547505097761,18240
SaladoBlanco,Salado Blanco,85,0.037096198883621596,0.014512547505097761,0.014512547505097761,-0.014512547505097761,18240
SaladoBlanco,Salado Blanco,86,0.036675056589364825,0.014512547505097761,0.014512547505097761,-0.014512547505097761,18240
SaladoBlanco,Salado Blanco,87,0.037010076792148974,0.014512547505097761,0.014512547505097761,-0.014512547505097761,18240
SaladoBlanco,Salado Blanco,88,0.037305685725123355,0.014512547505097761,0.014512547505097761,-0.014512547505097761,18240
SaladoBlanco,Salado Blanco,89,0.03450916212181418,0.014512547505097761,0.014512547505097761,-0.014512547505097761,18240
SaladoBlanco,Salado Blanco,90,0.027251749488129424,0.014512547505097761,0.014512547505097761,-0.014512547505097761,18240
SaladoBlanco,Salado Blanco,91,0.019585961373427656,0.014512547505097761,0.014512547505097761,-0.014512547505097761,18240
SaladoBlanco,Salado Blanco,92,0.014965194605998806,0.014512547505097761,0.014512547505097761,-0.014512547505097761,18240
SaladoBlanco,Salado Blanco,93,0.012272677393788673,0.014512547505097761,0.014512547505097761,-0.014512547505097761,18240
SaladoBlanco,Salado Blanco,94,0.0005553724446194972,0.014512547505097761,0.014512547505097761,-0.014512547505097761,18240
SaladoBlanco,Salado Blanco,95,-0.012315630849195177,0.014512547505097761,0.014512547505097761,-0.014512547505097761,18240
SaladoBlanco,Salado Blanco,96,-0.016223348177263043,0.014512547505097761,0.014512547505097761,-0.014512547505097761,18240
SaladoBlanco,Salado Blanco,97,-0.015922446798465995,0.014512547505097761,0.014512547505097761,-0.014512547505097761,18240
SaladoBlanco,Salado Blanco,98,-0.018233689131647277,0.014512547505097761,0.014512547505097761,-0.014512547505097761,18240
SaladoBlanco,Salado Blanco,99,-0.021368888966480943,0.014512547505097761,0.014512547505097761,-0.014512547505097761,18240
SaladoBlanco,Salado Blanco,100,-0.02714299768870776,0.014512547505097761,0.014512547505097761,-0.014512547505097761,18240
SaladoBlanco,Salado Blanco,101,-0.02687904267328351,0.014512547505097761,0.014512547505097761,-0.014512547505097761,18240
SaladoBlanco,Salado Blanco,102,-0.03041374383282032,0.014512547505097761,0.014512547505097761,-0.014512547505097761,18240
SaladoBlanco,Salado Blanco,103,-0.030085298290669173,0.014512547505097761,0.014512547505097761,-0.014512547505097761,18240
SaladoBlanco,Salado Blanco,104,-0.03094510309048084,0.014512547505097761,0.014512547505097761,-0.014512547505097761,18240
SaladoBlanco,Salado Blanco,105,-0.03821403865425716,0.014512547505097761,0.014512547505097761,-0.014512547505097761,18240
SaladoBlanco,Salado Blanco,106,-0.04507177908129121,0.014512547505097761,0.014512547505097761,-0.014512547505097761,18240
SaladoBlanco,Salado Blanco,107,-0.04675103340036169,0.014512547505097761,0.014512547505097761,-0.014512547505097761,18240
SaladoBlanco,Salado Blanco,108,-0.04934412291533724,0.014512547505097761,0.014512547505097761,-0.014512547505097761,18240
SaladoBlanco,Salado Blanco,109,-0.052013831584500396,0.014512547505097761,0.014512547505097761,-0.014512547505097761,18240
SaladoBlanco,Salado Blanco,110,-0.05505025558392071,0.014512547505097761,0.014512547505097761,-0.014512547505097761,18240
SaladoBlanco,Salado Blanco,111,-0.0582630867123525,0.014512547505097761,0.014512547505097761,-0.014512547505097761,18240
SaladoBlanco,Salado Blanco,112,-0.061968668720204144,0.014512547505097761,0.014512547505097761,-0.014512547505097761,18240
SaladoBlanco,Salado Blanco,113,-0.06497756162517902,0.014512547505097761,0.014512547505097761,-0.014512547505097761,18240
SaladoBlanco,Salado Blanco,114,-0.06498221201485672,0.014512547505097761,0.014512547505097761,-0.014512547505097761,18240
SaladoBlanco,Salado Blanco,115,-0.0672288709795301,0.014512547505097761,0.014512547505097761,-0.014512547505097761,18240
SaladoBlanco,Salado Blanco,116,-0.0690015424203605,0.014512547505097761,0.014512547505097761,-0.014512547505097761,18240
SaladoBlanco,Salado Blanco,117,-0.06898909838847433,0.014512547505097761,0.014512547505097761,-0.014512547505097761,18240
SaladoBlanco,Salado Blanco,118,-0.0695411167513546,0.014512547505097761,0.014512547505097761,-0.014512547505097761,18240
SaladoBlanco,Salado Blanco,119,-0.07422052894821568,0.014512547505097761,0.014512547505097761,-0.014512547505097761,18240
SaladoBlanco,Salado Blanco,120,-0.07900522485610836,0.014512547505097761,0.014512547505097761,-0.014512547505097761,18240
SaladoBlanco,Salado Blanco,121,-0.08704425865803708,0.014512547505097761,0.014512547505097761,-0.014512547505097761,18240
SaladoBlanco,Salado Blanco,122,-0.09221180056337466,0.014512547505097761,0.014512547505097761,-0.014512547505097761,18240
SaladoBlanco,Salado Blanco,123,-0.09148969128694591,0.014512547505097761,0.014512547505097761,-0.014512547505097761,18240
SaladoBlanco,Salado Blanco,124,-0.08979648976804477,0.014512547505097761,0.014512547505097761,-0.014512547505097761,18240
SaladoBlanco,Salado Blanco,125,-0.0920771311131983,0.014512547505097761,0.014512547505097761,-0.014512547505097761,18240
SaladoBlanco,Salado Blanco,126,-0.09743650043363102,0.014512547505097761,0.014512547505097761,-0.014512547505097761,18240
SaladoBlanco,Salado Blanco,127,-0.10215182299878754,0.014512547505097761,0.014512547505097761,-0.014512547505097761,18240
SaladoBlanco,Salado Blanco,128,-0.10706069659393103,0.014512547505097761,0.014512547505097761,-0.014512547505097761,18240
SaladoBlanco,Salado Blanco,129,-0.1113305497710429,0.014512547505097761,0.014512547505097761,-0.014512547505097761,18240
SaladoBlanco,Salado Blanco,130,-0.11494498949760533,0.014512547505097761,0.014512547505097761,-0.014512547505097761,18240
SaladoBlanco,Salado Blanco,131,-0.11512564804904848,0.014512547505097761,0.014512547505097761,-0.014512547505097761,18240
SaladoBlanco,Salado Blanco,132,-0.11896008458997723,0.014512547505097761,0.014512547505097761,-0.014512547505097761,18240
SaladoBlanco,Salado Blanco,133,-0.12425069487579357,0.014512547505097761,0.014512547505097761,-0.014512547505097761,18240
SaladoBlanco,Salado Blanco,134,-0.13236930897006183,0.014512547505097761,0.014512547505097761,-0.014512547505097761,18240
SaladoBlanco,Salado Blanco,135,-0.13239108380740994,0.014512547505097761,0.014512547505097761,-0.014512547505097761,18240
SaladoBlanco,Salado Blanco,136,-0.13579183425104857,0.014512547505097761,0.014512547505097761,-0.014512547505097761,18240
SaladoBlanco,Salado Blanco,137,-0.13995620985576138,0.014512547505097761,0.014512547505097761,-0.014512547505097761,18240
SaladoBlanco,Salado Blanco,138,-0.14100901973630034,0.014512547505097761,0.014512547505097761,-0.014512547505097761,18240
SaladoBlanco,Salado Blanco,139,-0.1419524473343761,0.014512547505097761,0.014512547505097761,-0.014512547505097761,18240
SaladoBlanco,Salado Blanco,140,-0.14281605270421308,0.014512547505097761,0.014512547505097761,-0.014512547505097761,18240
SaladoBlanco,Salado Blanco,141,-0.14671480782673893,0.014512547505097761,0.014512547505097761,-0.014512547505097761,18240
SaladoBlanco,Salado Blanco,142,-0.15255409694285246,0.014512547505097761,0.014512547505097761,-0.014512547505097761,18240
SaladoBlanco,Salado Blanco,143,-0.15409308714907047,0.014512547505097761,0.014512547505097761,-0.014512547505097761,18240
SaladoBlanco,Salado Blanco,144,-0.15419746269589582,0.014512547505097761,0.014512547505097761,-0.014512547505097761,18240
SaladoBlanco,Salado Blanco,145,-0.15713088524764696,0.014512547505097761,0.014512547505097761,-0.014512547505097761,18240
SaladoBlanco,Salado Blanco,146,-0.15853273554300346,0.014512547505097761,0.014512547505097761,-0.014512547505097761,18240
SaladoBlanco,Salado Blanco,147,-0.1593414663623487,0.014512547505097761,0.014512547505097761,-0.014512547505097761,18240
SaladoBlanco,Salado Blanco,148,-0.1623304751646423,0.014512547505097761,0.014512547505097761,-0.014512547505097761,18240
SaladoBlanco,Salado Blanco,149,-0.16621092319478584,0.014512547505097761,0.014512547505097761,-0.014512547505097761,18240
SaladoBlanco,Salado Blanco,150,-0.17085036003850862,0.014512547505097761,0.014512547505097761,-0.014512547505097761,18240
SaladoBlanco,Salado Blanco,151,-0.17420882057748283,0.014512547505097761,0.014512547505097761,-0.014512547505097761,18240
SaladoBlanco,Salado Blanco,152,-0.17747598315228247,0.014512547505097761,0.014512547505097761,-0.014512547505097761,18240
SaladoBlanco,Salado Blanco,153,-0.18437724410037648,0.014512547505097761,0.014512547505097761,-0.014512547505097761,18240
SaladoBlanco,Salado Blanco,154,-0.19137537983733646,0.014512547505097761,0.014512547505097761,-0.014512547505097761,18240
SaladoBlanco,Salado Blanco,155,-0.19600081669563918,0.014512547505097761,0.014512547505097761,-0.014512547505097761,18240
SaladoBlanco,Salado Blanco,156,-0.19783789110483588,0.014512547505097761,0.014512547505097761,-0.014512547505097761,18240
SaladoBlanco,Salado Blanco,157,-0.19739267294901797,0.014512547505097761,0.014512547505097761,-0.014512547505097761,18240
SaladoBlanco,Salado Blanco,158,-0.19707340375486024,0.014512547505097761,0.014512547505097761,-0.014512547505097761,18240
SaladoBlanco,Salado Blanco,159,-0.1965676305554532,0.014512547505097761,0.014512547505097761,-0.014512547505097761,18240
SaladoBlanco,Salado Blanco,160,-0.1962014168351636,0.014512547505097761,0.014512547505097761,-0.014512547505097761,18240
SaladoBlanco,Salado Blanco,161,-0.19885972266209542,0.014512547505097761,0.014512547505097761,-0.014512547505097761,18240
SaladoBlanco,Salado Blanco,162,-0.20351834194138727,0.014512547505097761,0.014512547505097761,-0.014512547505097761,18240
SaladoBlanco,Salado Blanco,163,-0.20334458455926355,0.014512547505097761,0.014512547505097761,-0.014512547505097761,18240
SaladoBlanco,Salado Blanco,164,-0.20336027278048177,0.014512547505097761,0.014512547505097761,-0.014512547505097761,18240
SaladoBlanco,Salado Blanco,165,-0.20480287992353988,0.014512547505097761,0.014512547505097761,-0.014512547505097761,18240
SaladoBlanco,Salado Blanco,166,-0.20560409678705158,0.014512547505097761,0.014512547505097761,-0.014512547505097761,18240
SaladoBlanco,Salado Blanco,167,-0.20576790413841642,0.014512547505097761,0.014512547505097761,-0.014512547505097761,18240
SaladoBlanco,Salado Blanco,168,-0.20540156175765062,0.014512547505097761,0.014512547505097761,-0.014512547505097761,18240
SaladoBlanco,Salado Blanco,169,-0.20651062817058663,0.014512547505097761,0.014512547505097761,-0.014512547505097761,18240
SaladoBlanco,Salado Blanco,170,-0.20712933877860532,0.014512547505097761,0.014512547505097761,-0.014512547505097761,18240
SaladoBlanco,Salado Blanco,171,-0.2065758241986042,0.014512547505097761,0.014512547505097761,-0.014512547505097761,18240
SaladoBlanco,Salado Blanco,172,-0.20615757617416233,0.014512547505097761,0.014512547505097761,-0.014512547505097761,18240
SaladoBlanco,Salado Blanco,173,-0.20644206161896925,0.014512547505097761,0.014512547505097761,-0.014512547505097761,18240
SaladoBlanco,Salado Blanco,174,-0.21034213224127007,0.014512547505097761,0.014512547505097761,-0.014512547505097761,18240
SaladoBlanco,Salado Blanco,175,-0.2114174727683183,0.014512547505097761,0.014512547505097761,-0.014512547505097761,18240
SaladoBlanco,Salado Blanco,176,-0.21495745606146235,0.014512547505097761,0.014512547505097761,-0.014512547505097761,18240
SaladoBlanco,Salado Blanco,177,-0.21374469368340834,0.014512547505097761,0.014512547505097761,-0.014512547505097761,18240
SaladoBlanco,Salado Blanco,178,-0.21201513861736487,0.014512547505097761,0.014512547505097761,-0.014512547505097761,18240
SaladoBlanco,Salado Blanco,179,-0.2085206405023678,0.014512547505097761,0.014512547505097761,-0.014512547505097761,18240
SaladoBlanco,Salado Blanco,180,-0.20891813805848886,0.014512547505097761,0.014512547505097761,-0.014512547505097761,18240
SaladoBlanco,Salado Blanco,181,-0.20900243319190548,0.014512547505097761,0.014512547505097761,-0.014512547505097761,18240
SaladoBlanco,Salado Blanco,182,-0.20860587708369402,0.014512547505097761,0.014512547505097761,-0.014512547505097761,18240
SaladoBlanco,Salado Blanco,183,-0.20556379818762793,0.014512547505097761,0.014512547505097761,-0.014512547505097761,18240
SaladoBlanco,Salado Blanco,184,-0.20318284683944157,0.014512547505097761,0.014512547505097761,-0.014512547505097761,18240
SaladoBlanco,Salado Blanco,185,-0.2011869988216818,0.014512547505097761,0.014512547505097761,-0.014512547505097761,18240
SaladoBlanco,Salado Blanco,186,-0.20199167808637383,0.014512547505097761,0.014512547505097761,-0.014512547505097761,18240
SaladoBlanco,Salado Blanco,187,-0.20195829040908664,0.014512547505097761,0.014512547505097761,-0.014512547505097761,18240
SaladoBlanco,Salado Blanco,188,-0.1995777865618687,0.014512547505097761,0.014512547505097761,-0.014512547505097761,18240
SaladoBlanco,Salado Blanco,189,-0.20051263085085866,0.014512547505097761,0.014512547505097761,-0.014512547505097761,18240
SaladoBlanco,Salado Blanco,190,-0.20476600744545784,0.014512547505097761,0.014512547505097761,-0.014512547505097761,18240
SaladoBlanco,Salado Blanco,191,-0.20512326413530024,0.014512547505097761,0.014512547505097761,-0.014512547505097761,18240
SaladoBlanco,Salado Blanco,192,-0.20230170861872657,0.014512547505097761,0.014512547505097761,-0.014512547505097761,18240
SaladoBlanco,Salado Blanco,193,-0.19652452445260693,0.014512547505097761,0.014512547505097761,-0.014512547505097761,18240
SaladoBlanco,Salado Blanco,194,-0.19444530240675012,0.014512547505097761,0.014512547505097761,-0.014512547505097761,18240
SaladoBlanco,Salado Blanco,195,-0.19368315303685268,0.014512547505097761,0.014512547505097761,-0.014512547505097761,18240
SaladoBlanco,Salado Blanco,196,-0.19278872573745717,0.014512547505097761,0.014512547505097761,-0.014512547505097761,18240
SaladoBlanco,Salado Blanco,197,-0.1944784473084429,0.014512547505097761,0.014512547505097761,-0.014512547505097761,18240
SaladoBlanco,Salado Blanco,198,-0.1957047559366868,0.014512547505097761,0.014512547505097761,-0.014512547505097761,18240
SaladoBlanco,Salado Blanco,199,-0.1922029834754429,0.014512547505097761,0.014512547505097761,-0.014512547505097761,18240
SaladoBlanco,Salado Blanco,200,-0.19321176932747852,0.014512547505097761,0.014512547505097761,-0.014512547505097761,18240
SaladoBlanco,Salado Blanco,201,-0.1925370592566826,0.014512547505097761,0.014512547505097761,-0.014512547505097761,18240
SaladoBlanco,Salado Blanco,202,-0.19159953657686252,0.014512547505097761,0.014512547505097761,-0.014512547505097761,18240
SaladoBlanco,Salado Blanco,203,-0.19299774765778133,0.014512547505097761,0.014512547505097761,-0.014512547505097761,18240
SaladoBlanco,Salado Blanco,204,-0.19394664786280483,0.014512547505097761,0.014512547505097761,-0.014512547505097761,18240
SaladoBlanco,Salado Blanco,205,-0.19084407937738682,0.014512547505097761,0.014512547505097761,-0.014512547505097761,18240
SaladoBlanco,Salado Blanco,206,-0.18538292766557393,0.014512547505097761,0.014512547505097761,-0.014512547505097761,18240
SaladoBlanco,Salado Blanco,207,-0.1817962094320889,0.014512547505097761,0.014512547505097761,-0.014512547505097761,18240
SaladoBlanco,Salado Blanco,208,-0.17956125265656192,0.014512547505097761,0.014512547505097761,-0.014512547505097761,18240
SaladoBlanco,Salado Blanco,209,-0.1804925165275846,0.014512547505097761,0.014512547505097761,-0.014512547505097761,18240
SaladoBlanco,Salado Blanco,210,-0.1766589039602418,0.014512547505097761,0.014512547505097761,-0.014512547505097761,18240
SaladoBlanco,Salado Blanco,211,-0.17481394493168545,0.014512547505097761,0.014512547505097761,-0.014512547505097761,18240
SaladoBlanco,Salado Blanco,212,-0.1699266818196185,0.014512547505097761,0.014512547505097761,-0.014512547505097761,18240
SaladoBlanco,Salado Blanco,213,-0.16335124121052327,0.014512547505097761,0.014512547505097761,-0.014512547505097761,18240
SaladoBlanco,Salado Blanco,214,-0.16092605289760914,0.014512547505097761,0.014512547505097761,-0.014512547505097761,18240
SaladoBlanco,Salado Blanco,215,-0.1573760630723462,0.014512547505097761,0.014512547505097761,-0.014512547505097761,18240
SaladoBlanco,Salado Blanco,216,-0.1515264327983413,0.014512547505097761,0.014512547505097761,-0.014512547505097761,18240
SaladoBlanco,Salado Blanco,217,-0.15085741460487218,0.014512547505097761,0.014512547505097761,-0.014512547505097761,18240
SaladoBlanco,Salado Blanco,218,-0.14890129250588177,0.014512547505097761,0.014512547505097761,-0.014512547505097761,18240
SaladoBlanco,Salado Blanco,219,-0.14580332735542512,0.014512547505097761,0.014512547505097761,-0.014512547505097761,18240
SaladoBlanco,Salado Blanco,220,-0.14427177679383008,0.014512547505097761,0.014512547505097761,-0.014512547505097761,18240
SaladoBlanco,Salado Blanco,221,-0.14277672522378676,0.014512547505097761,0.014512547505097761,-0.014512547505097761,18240
SaladoBlanco,Salado Blanco,222,-0.1423478816383111,0.014512547505097761,0.014512547505097761,-0.014512547505097761,18240
SaladoBlanco,Salado Blanco,223,-0.14049845275512696,0.014512547505097761,0.014512547505097761,-0.014512547505097761,18240
SaladoBlanco,Salado Blanco,224,-0.13770676062133466,0.014512547505097761,0.014512547505097761,-0.014512547505097761,18240
SaladoBlanco,Salado Blanco,225,-0.13577797276423892,0.014512547505097761,0.014512547505097761,-0.014512547505097761,18240
SaladoBlanco,Salado Blanco,226,-0.13629876436595498,0.014512547505097761,0.014512547505097761,-0.014512547505097761,18240
SaladoBlanco,Salado Blanco,227,-0.13809206136769397,0.014512547505097761,0.014512547505097761,-0.014512547505097761,18240
SaladoBlanco,Salado Blanco,228,-0.1404846811791348,0.014512547505097761,0.014512547505097761,-0.014512547505097761,18240
SaladoBlanco,Salado Blanco,229,-0.1418150855199876,0.014512547505097761,0.014512547505097761,-0.014512547505097761,18240
SaladoBlanco,Salado Blanco,230,-0.13823300333013872,0.014512547505097761,0.014512547505097761,-0.014512547505097761,18240
SaladoBlanco,Salado Blanco,231,-0.1350101478604177,0.014512547505097761,0.014512547505097761,-0.014512547505097761,18240
SaladoBlanco,Salado Blanco,232,-0.12557505196474678,0.014512547505097761,0.014512547505097761,-0.014512547505097761,18240
SaladoBlanco,Salado Blanco,233,-0.12343478457182755,0.014512547505097761,0.014512547505097761,-0.014512547505097761,18240
SaladoBlanco,Salado Blanco,234,-0.12174827618497552,0.014512547505097761,0.014512547505097761,-0.014512547505097761,18240
SaladoBlanco,Salado Blanco,235,-0.11751788656138057,0.014512547505097761,0.014512547505097761,-0.014512547505097761,18240
SaladoBlanco,Salado Blanco,236,-0.11142854176078863,0.014512547505097761,0.014512547505097761,-0.014512547505097761,18240
SaladoBlanco,Salado Blanco,237,-0.11158327808317915,0.014512547505097761,0.014512547505097761,-0.014512547505097761,18240
SaladoBlanco,Salado Blanco,238,-0.10872691135477693,0.014512547505097761,0.014512547505097761,-0.014512547505097761,18240
SaladoBlanco,Salado Blanco,239,-0.10550760395000536,0.014512547505097761,0.014512547505097761,-0.014512547505097761,18240
SaladoBlanco,Salado Blanco,240,-0.10544498862155724,0.014512547505097761,0.014512547505097761,-0.014512547505097761,18240
SaladoBlanco,Salado Blanco,241,-0.10507290216968522,0.014512547505097761,0.014512547505097761,-0.014512547505097761,18240
SaladoBlanco,Salado Blanco,242,-0.1021542372844417,0.014512547505097761,0.014512547505097761,-0.014512547505097761,18240
SaladoBlanco,Salado Blanco,243,-0.09677516576052106,0.014512547505097761,0.014512547505097761,-0.014512547505097761,18240
SaladoBlanco,Salado Blanco,244,-0.09277082457743986,0.014512547505097761,0.014512547505097761,-0.014512547505097761,18240
SaladoBlanco,Salado Blanco,245,-0.09220164317230653,0.014512547505097761,0.014512547505097761,-0.014512547505097761,18240
SaladoBlanco,Salado Blanco,246,-0.08885709675850106,0.014512547505097761,0.014512547505097761,-0.014512547505097761,18240
SaladoBlanco,Salado Blanco,247,-0.08560347328737991,0.014512547505097761,0.014512547505097761,-0.014512547505097761,18240
SaladoBlanco,Salado Blanco,248,-0.0837136635378002,0.014512547505097761,0.014512547505097761,-0.014512547505097761,18240
SaladoBlanco,Salado Blanco,249,-0.07857216204566571,0.014512547505097761,0.014512547505097761,-0.014512547505097761,18240
SaladoBlanco,Salado Blanco,250,-0.07404794686127582,0.014512547505097761,0.014512547505097761,-0.014512547505097761,18240
SaladoBlanco,Salado Blanco,251,-0.0700863185062171,0.014512547505097761,0.014512547505097761,-0.014512547505097761,18240
SaladoBlanco,Salado Blanco,252,-0.0637775539563808,0.014512547505097761,0.014512547505097761,-0.014512547505097761,18240
SaladoBlanco,Salado Blanco,253,-0.05919970003968997,0.014512547505097761,0.014512547505097761,-0.014512547505097761,18240
SaladoBlanco,Salado Blanco,254,-0.05617352581614799,0.014512547505097761,0.014512547505097761,-0.014512547505097761,18240
SaladoBlanco,Salado Blanco,255,-0.054544988444150115,0.014512547505097761,0.014512547505097761,-0.014512547505097761,18240
SaladoBlanco,Salado Blanco,256,-0.0567759449764857,0.014512547505097761,0.014512547505097761,-0.014512547505097761,18240
SaladoBlanco,Salado Blanco,257,-0.05409946297519634,0.014512547505097761,0.014512547505097761,-0.014512547505097761,18240
SaladoBlanco,Salado Blanco,258,-0.050776033071643766,0.014512547505097761,0.014512547505097761,-0.014512547505097761,18240
SaladoBlanco,Salado Blanco,259,-0.045287320355524,0.014512547505097761,0.014512547505097761,-0.014512547505097761,18240
SaladoBlanco,Salado Blanco,260,-0.04244331012807296,0.014512547505097761,0.014512547505097761,-0.014512547505097761,18240
SaladoBlanco,Salado Blanco,261,-0.036843250416103916,0.014512547505097761,0.014512547505097761,-0.014512547505097761,18240
SaladoBlanco,Salado Blanco,262,-0.037622662982387194,0.014512547505097761,0.014512547505097761,-0.014512547505097761,18240
SaladoBlanco,Salado Blanco,263,-0.03800708405492595,0.014512547505097761,0.014512547505097761,-0.014512547505097761,18240
SaladoBlanco,Salado Blanco,264,-0.03453536054863085,0.014512547505097761,0.014512547505097761,-0.014512547505097761,18240
SaladoBlanco,Salado Blanco,265,-0.030727561689927334,0.014512547505097761,0.014512547505097761,-0.014512547505097761,18240
SaladoBlanco,Salado Blanco,266,-0.025527509618496782,0.014512547505097761,0.014512547505097761,-0.014512547505097761,18240
SaladoBlanco,Salado Blanco,267,-0.02207293849132906,0.014512547505097761,0.014512547505097761,-0.014512547505097761,18240
SaladoBlanco,Salado Blanco,268,-0.026030524763800342,0.014512547505097761,0.014512547505097761,-0.014512547505097761,18240
SaladoBlanco,Salado Blanco,269,-0.030621898208908344,0.014512547505097761,0.014512547505097761,-0.014512547505097761,18240
SaladoBlanco,Salado Blanco,270,-0.03299242356337938,0.014512547505097761,0.014512547505097761,-0.014512547505097761,18240
SaladoBlanco,Salado Blanco,271,-0.02904739845603239,0.014512547505097761,0.014512547505097761,-0.014512547505097761,18240
SaladoBlanco,Salado Blanco,272,-0.023757537557126823,0.014512547505097761,0.014512547505097761,-0.014512547505097761,18240
SaladoBlanco,Salado Blanco,273,-0.017601910154099606,0.014512547505097761,0.014512547505097761,-0.014512547505097761,18240
SaladoBlanco,Salado Blanco,274,-0.011310394740149617,0.014512547505097761,0.014512547505097761,-0.014512547505097761,18240
SaladoBlanco,Salado Blanco,275,-0.005414311469327728,0.014512547505097761,0.014512547505097761,-0.014512547505097761,18240
SaladoBlanco,Salado Blanco,276,-0.004647707755762634,0.014512547505097761,0.014512547505097761,-0.014512547505097761,18240
SaladoBlanco,Salado Blanco,277,-0.008945617111978482,0.014512547505097761,0.014512547505097761,-0.014512547505097761,18240
SaladoBlanco,Salado Blanco,278,-0.006527944904946941,0.014512547505097761,0.014512547505097761,-0.014512547505097761,18240
SaladoBlanco,Salado Blanco,279,0.0015226768058495673,0.014512547505097761,0.014512547505097761,-0.014512547505097761,18240
SaladoBlanco,Salado Blanco,280,0.008282668834051984,0.014512547505097761,0.014512547505097761,-0.014512547505097761,18240
SaladoBlanco,Salado Blanco,281,0.011327092362748451,0.014512547505097761,0.014512547505097761,-0.014512547505097761,18240
SaladoBlanco,Salado Blanco,282,0.014524189530530397,0.014512547505097761,0.014512547505097761,-0.014512547505097761,18240
SaladoBlanco,Salado Blanco,283,0.018922839299885287,0.014512547505097761,0.014512547505097761,-0.014512547505097761,18240
SaladoBlanco,Salado Blanco,284,0.0234183380043267,0.014512547505097761,0.014512547505097761,-0.014512547505097761,18240
SaladoBlanco,Salado Blanco,285,0.030441949620636975,0.014512547505097761,0.014512547505097761,-0.014512547505097761,18240
SaladoBlanco,Salado Blanco,286,0.035420107426006965,0.014512547505097761,0.014512547505097761,-0.014512547505097761,18240
SaladoBlanco,Salado Blanco,287,0.03832171469291341,0.014512547505097761,0.014512547505097761,-0.014512547505097761,18240
SaladoBlanco,Salado Blanco,288,0.041304038116245126,0.014512547505097761,0.014512547505097761,-0.014512547505097761,18240
SaladoBlanco,Salado Blanco,289,0.04665708307238662,0.014512547505097761,0.014512547505097761,-0.014512547505097761,18240
SaladoBlanco,Salado Blanco,290,0.05624166900650998,0.014512547505097761,0.014512547505097761,-0.014512547505097761,18240
SaladoBlanco,Salado Blanco,291,0.05942944921667555,0.014512547505097761,0.014512547505097761,-0.014512547505097761,18240
SaladoBlanco,Salado Blanco,292,0.06090791548686349,0.014512547505097761,0.014512547505097761,-0.014512547505097761,18240
SaladoBlanco,Salado Blanco,293,0.0651468380178895,0.014512547505097761,0.014512547505097761,-0.014512547505097761,18240
SaladoBlanco,Salado Blanco,294,0.07257004494826481,0.014512547505097761,0.014512547505097761,-0.014512547505097761,18240
SaladoBlanco,Salado Blanco,295,0.07442862771929125,0.014512547505097761,0.014512547505097761,-0.014512547505097761,18240
SaladoBlanco,Salado Blanco,296,0.07594840477521277,0.014512547505097761,0.014512547505097761,-0.014512547505097761,18240
SaladoBlanco,Salado Blanco,297,0.08173018293813954,0.014512547505097761,0.014512547505097761,-0.014512547505097761,18240
SaladoBlanco,Salado Blanco,298,0.08696762819987222,0.014512547505097761,0.014512547505097761,-0.014512547505097761,18240
SaladoBlanco,Salado Blanco,299,0.09359538348410841,0.014512547505097761,0.014512547505097761,-0.014512547505097761,18240
SaladoBlanco,Salado Blanco,300,0.09818871494550108,0.014512547505097761,0.014512547505097761,-0.014512547505097761,18240
SaladoBlanco,Salado Blanco,301,0.0989160577544259,0.014512547505097761,0.014512547505097761,-0.014512547505097761,18240
SaladoBlanco,Salado Blanco,302,0.10238634629334642,0.014512547505097761,0.014512547505097761,-0.014512547505097761,18240
SaladoBlanco,Salado Blanco,303,0.11059708627517623,0.014512547505097761,0.014512547505097761,-0.014512547505097761,18240
SaladoBlanco,Salado Blanco,304,0.11274615485236102,0.014512547505097761,0.014512547505097761,-0.014512547505097761,18240
SaladoBlanco,Salado Blanco,305,0.11464531992018959,0.014512547505097761,0.014512547505097761,-0.014512547505097761,18240
SaladoBlanco,Salado Blanco,306,0.11613646874967973,0.014512547505097761,0.014512547505097761,-0.014512547505097761,18240
SaladoBlanco,Salado Blanco,307,0.11549694869279188,0.014512547505097761,0.014512547505097761,-0.014512547505097761,18240
SaladoBlanco,Salado Blanco,308,0.11784214889736687,0.014512547505097761,0.014512547505097761,-0.014512547505097761,18240
SaladoBlanco,Salado Blanco,309,0.12255032677606813,0.014512547505097761,0.014512547505097761,-0.014512547505097761,18240
SaladoBlanco,Salado Blanco,310,0.1292292554011598,0.014512547505097761,0.014512547505097761,-0.014512547505097761,18240
SaladoBlanco,Salado Blanco,311,0.13599848756777544,0.014512547505097761,0.014512547505097761,-0.014512547505097761,18240
SaladoBlanco,Salado Blanco,312,0.13892950220587674,0.014512547505097761,0.014512547505097761,-0.014512547505097761,18240
SaladoBlanco,Salado Blanco,313,0.13970197714392213,0.014512547505097761,0.014512547505097761,-0.014512547505097761,18240
SaladoBlanco,Salado Blanco,314,0.13736066992711188,0.014512547505097761,0.014512547505097761,-0.014512547505097761,18240
SaladoBlanco,Salado Blanco,315,0.13994889418227474,0.014512547505097761,0.014512547505097761,-0.014512547505097761,18240
SaladoBlanco,Salado Blanco,316,0.14711125152633964,0.014512547505097761,0.014512547505097761,-0.014512547505097761,18240
SaladoBlanco,Salado Blanco,317,0.15396029107859086,0.014512547505097761,0.014512547505097761,-0.014512547505097761,18240
SaladoBlanco,Salado Blanco,318,0.15693468162923327,0.014512547505097761,0.014512547505097761,-0.014512547505097761,18240
SaladoBlanco,Salado Blanco,319,0.1601477965208426,0.014512547505097761,0.014512547505097761,-0.014512547505097761,18240
SaladoBlanco,Salado Blanco,320,0.16773084270921942,0.014512547505097761,0.014512547505097761,-0.014512547505097761,18240
SaladoBlanco,Salado Blanco,321,0.1756397527550906,0.014512547505097761,0.014512547505097761,-0.014512547505097761,18240
SaladoBlanco,Salado Blanco,322,0.18256259642926187,0.014512547505097761,0.014512547505097761,-0.014512547505097761,18240
SaladoBlanco,Salado Blanco,323,0.1829561146482423,0.014512547505097761,0.014512547505097761,-0.014512547505097761,18240
SaladoBlanco,Salado Blanco,324,0.18573114416812309,0.014512547505097761,0.014512547505097761,-0.014512547505097761,18240
SaladoBlanco,Salado Blanco,325,0.1897758634339365,0.014512547505097761,0.014512547505097761,-0.014512547505097761,18240
SaladoBlanco,Salado Blanco,326,0.19467237577813123,0.014512547505097761,0.014512547505097761,-0.014512547505097761,18240
SaladoBlanco,Salado Blanco,327,0.19798556254701696,0.014512547505097761,0.014512547505097761,-0.014512547505097761,18240
SaladoBlanco,Salado Blanco,328,0.19691511916778973,0.014512547505097761,0.014512547505097761,-0.014512547505097761,18240
SaladoBlanco,Salado Blanco,329,0.2004217830355428,0.014512547505097761,0.014512547505097761,-0.014512547505097761,18240
SaladoBlanco,Salado Blanco,330,0.210694391539829,0.014512547505097761,0.014512547505097761,-0.014512547505097761,18240
SaladoBlanco,Salado Blanco,331,0.2124701215445327,0.014512547505097761,0.014512547505097761,-0.014512547505097761,18240
SaladoBlanco,Salado Blanco,332,0.21275426136524994,0.014512547505097761,0.014512547505097761,-0.014512547505097761,18240
SaladoBlanco,Salado Blanco,333,0.21283017942230328,0.014512547505097761,0.014512547505097761,-0.014512547505097761,18240
SaladoBlanco,Salado Blanco,334,0.21861917318907206,0.014512547505097761,0.014512547505097761,-0.014512547505097761,18240
SaladoBlanco,Salado Blanco,335,0.2238600989189617,0.014512547505097761,0.014512547505097761,-0.014512547505097761,18240
SaladoBlanco,Salado Blanco,336,0.2304709241105071,0.014512547505097761,0.014512547505097761,-0.014512547505097761,18240
SaladoBlanco,Salado Blanco,337,0.24022197414278754,0.014512547505097761,0.014512547505097761,-0.014512547505097761,18240
SaladoBlanco,Salado Blanco,338,0.24451491983540355,0.014512547505097761,0.014512547505097761,-0.014512547505097761,18240
SaladoBlanco,Salado Blanco,339,0.2432061307038389,0.014512547505097761,0.014512547505097761,-0.014512547505097761,18240
SaladoBlanco,Salado Blanco,340,0.24405354176259192,0.014512547505097761,0.014512547505097761,-0.014512547505097761,18240
SaladoBlanco,Salado Blanco,341,0.24529308187404036,0.014512547505097761,0.014512547505097761,-0.014512547505097761,18240
SaladoBlanco,Salado Blanco,342,0.24738790057367396,0.014512547505097761,0.014512547505097761,-0.014512547505097761,18240
SaladoBlanco,Salado Blanco,343,0.24617538931775526,0.014512547505097761,0.014512547505097761,-0.014512547505097761,18240
SaladoBlanco,Salado Blanco,344,0.2460420624202602,0.014512547505097761,0.014512547505097761,-0.014512547505097761,18240
SaladoBlanco,Salado Blanco,345,0.2456759761700563,0.014512547505097761,0.014512547505097761,-0.014512547505097761,18240
SaladoBlanco,Salado Blanco,346,0.2493821634371974,0.014512547505097761,0.014512547505097761,-0.014512547505097761,18240
SaladoBlanco,Salado Blanco,347,0.2504389154786457,0.014512547505097761,0.014512547505097761,-0.014512547505097761,18240
SaladoBlanco,Salado Blanco,348,0.2557781224760667,0.014512547505097761,0.014512547505097761,-0.014512547505097761,18240
SaladoBlanco,Salado Blanco,349,0.25678090508775564,0.014512547505097761,0.014512547505097761,-0.014512547505097761,18240
SaladoBlanco,Salado Blanco,350,0.25889445442934206,0.014512547505097761,0.014512547505097761,-0.014512547505097761,18240
SaladoBlanco,Salado Blanco,351,0.26166162702727686,0.014512547505097761,0.014512547505097761,-0.014512547505097761,18240
SaladoBlanco,Salado Blanco,352,0.2617713288195497,0.014512547505097761,0.014512547505097761,-0.014512547505097761,18240
SaladoBlanco,Salado Blanco,353,0.2636369436827072,0.014512547505097761,0.014512547505097761,-0.014512547505097761,18240
SaladoBlanco,Salado Blanco,354,0.26333184832166506,0.014512547505097761,0.014512547505097761,-0.014512547505097761,18240
SaladoBlanco,Salado Blanco,355,0.26292415650751394,0.014512547505097761,0.014512547505097761,-0.014512547505097761,18240
SaladoBlanco,Salado Blanco,356,0.266100850641946,0.014512547505097761,0.014512547505097761,-0.014512547505097761,18240
SaladoBlanco,Salado Blanco,357,0.2701176712885914,0.014512547505097761,0.014512547505097761,-0.014512547505097761,18240
SaladoBlanco,Salado Blanco,358,0.26811289055054077,0.014512547505097761,0.014512547505097761,-0.014512547505097761,18240
SaladoBlanco,Salado Blanco,359,0.2663512311425706,0.014512547505097761,0.014512547505097761,-0.014512547505097761,18240
SaladoBlanco,Salado Blanco,360,0.2702030473723552,0.014512547505097761,0.014512547505097761,-0.014512547505097761,18240
PuertoBerrio,Puerto Berrío,0,1.0,0.014602894180841054,0.014602894180841054,-0.014602894180841054,18015
PuertoBerrio,Puerto Berrío,1,0.9578145466882334,0.014602894180841054,0.014602894180841054,-0.014602894180841054,18015
PuertoBerrio,Puerto Berrío,2,0.9123233936789213,0.014602894180841054,0.014602894180841054,-0.014602894180841054,18015
PuertoBerrio,Puerto Berrío,3,0.8742961190707421,0.014602894180841054,0.014602894180841054,-0.014602894180841054,18015
PuertoBerrio,Puerto Berrío,4,0.8397589186388058,0.014602894180841054,0.014602894180841054,-0.014602894180841054,18015
PuertoBerrio,Puerto Berrío,5,0.8066140918522584,0.014602894180841054,0.014602894180841054,-0.014602894180841054,18015
PuertoBerrio,Puerto Berrío,6,0.7772125528366693,0.014602894180841054,0.014602894180841054,-0.014602894180841054,18015
PuertoBerrio,Puerto Berrío,7,0.7504490058877687,0.014602894180841054,0.014602894180841054,-0.014602894180841054,18015
PuertoBerrio,Puerto Berrío,8,0.7253863721420345,0.014602894180841054,0.014602894180841054,-0.014602894180841054,18015
PuertoBerrio,Puerto Berrío,9,0.702826565838625,0.014602894180841054,0.014602894180841054,-0.014602894180841054,18015
PuertoBerrio,Puerto Berrío,10,0.682152031784681,0.014602894180841054,0.014602894180841054,-0.014602894180841054,18015
PuertoBerrio,Puerto Berrío,11,0.6622200770222774,0.014602894180841054,0.014602894180841054,-0.014602894180841054,18015
PuertoBerrio,Puerto Berrío,12,0.6435025751327084,0.014602894180841054,0.014602894180841054,-0.014602894180841054,18015
PuertoBerrio,Puerto Berrío,13,0.6266339244198036,0.014602894180841054,0.014602894180841054,-0.014602894180841054,18015
PuertoBerrio,Puerto Berrío,14,0.6106916725029846,0.014602894180841054,0.014602894180841054,-0.014602894180841054,18015
PuertoBerrio,Puerto Berrío,15,0.5961127645918156,0.014602894180841054,0.014602894180841054,-0.014602894180841054,18015
PuertoBerrio,Puerto Berrío,16,0.5823588247920501,0.014602894180841054,0.014602894180841054,-0.014602894180841054,18015
PuertoBerrio,Puerto Berrío,17,0.5697742962180282,0.014602894180841054,0.014602894180841054,-0.014602894180841054,18015
PuertoBerrio,Puerto Berrío,18,0.5567037567628863,0.014602894180841054,0.014602894180841054,-0.014602894180841054,18015
PuertoBerrio,Puerto Berrío,19,0.5432798030762539,0.014602894180841054,0.014602894180841054,-0.014602894180841054,18015
PuertoBerrio,Puerto Berrío,20,0.5299318419451013,0.014602894180841054,0.014602894180841054,-0.014602894180841054,18015
PuertoBerrio,Puerto Berrío,21,0.5165826847479361,0.014602894180841054,0.014602894180841054,-0.014602894180841054,18015
PuertoBerrio,Puerto Berrío,22,0.5032046913731028,0.014602894180841054,0.014602894180841054,-0.014602894180841054,18015
PuertoBerrio,Puerto Berrío,23,0.49093386508727094,0.014602894180841054,0.014602894180841054,-0.014602894180841054,18015
PuertoBerrio,Puerto Berrío,24,0.47879613410490246,0.014602894180841054,0.014602894180841054,-0.014602894180841054,18015
PuertoBerrio,Puerto Berrío,25,0.46690661836878133,0.014602894180841054,0.014602894180841054,-0.014602894180841054,18015
PuertoBerrio,Puerto Berrío,26,0.4551812192299726,0.014602894180841054,0.014602894180841054,-0.014602894180841054,18015
PuertoBerrio,Puerto Berrío,27,0.44404374526014173,0.014602894180841054,0.014602894180841054,-0.014602894180841054,18015
PuertoBerrio,Puerto Berrío,28,0.43250161615558136,0.014602894180841054,0.014602894180841054,-0.014602894180841054,18015
PuertoBerrio,Puerto Berrío,29,0.420252366258497,0.014602894180841054,0.014602894180841054,-0.014602894180841054,18015
PuertoBerrio,Puerto Berrío,30,0.4077292811952964,0.014602894180841054,0.014602894180841054,-0.014602894180841054,18015
PuertoBerrio,Puerto Berrío,31,0.395701212937023,0.014602894180841054,0.014602894180841054,-0.014602894180841054,18015
PuertoBerrio,Puerto Berrío,32,0.38341644513294765,0.014602894180841054,0.014602894180841054,-0.014602894180841054,18015
PuertoBerrio,Puerto Berrío,33,0.3721874818845375,0.014602894180841054,0.014602894180841054,-0.014602894180841054,18015
PuertoBerrio,Puerto Berrío,34,0.3619276426769199,0.014602894180841054,0.014602894180841054,-0.014602894180841054,18015
PuertoBerrio,Puerto Berrío,35,0.3523075314405891,0.014602894180841054,0.014602894180841054,-0.014602894180841054,18015
PuertoBerrio,Puerto Berrío,36,0.34268573950589,0.014602894180841054,0.014602894180841054,-0.014602894180841054,18015
PuertoBerrio,Puerto Berrío,37,0.3322583668015792,0.014602894180841054,0.014602894180841054,-0.014602894180841054,18015
PuertoBerrio,Puerto Berrío,38,0.32249467080127125,0.014602894180841054,0.014602894180841054,-0.014602894180841054,18015
PuertoBerrio,Puerto Berrío,39,0.3122614587878215,0.014602894180841054,0.014602894180841054,-0.014602894180841054,18015
PuertoBerrio,Puerto Berrío,40,0.3018925642057181,0.014602894180841054,0.014602894180841054,-0.014602894180841054,18015
PuertoBerrio,Puerto Berrío,41,0.2910267992401649,0.014602894180841054,0.014602894180841054,-0.014602894180841054,18015
PuertoBerrio,Puerto Berrío,42,0.28083719486631,0.014602894180841054,0.014602894180841054,-0.014602894180841054,18015
PuertoBerrio,Puerto Berrío,43,0.27048434612094086,0.014602894180841054,0.014602894180841054,-0.014602894180841054,18015
PuertoBerrio,Puerto Berrío,44,0.259935669136744,0.014602894180841054,0.014602894180841054,-0.014602894180841054,18015
PuertoBerrio,Puerto Berrío,45,0.2499086565891415,0.014602894180841054,0.014602894180841054,-0.014602894180841054,18015
PuertoBerrio,Puerto Berrío,46,0.23982323260312718,0.014602894180841054,0.014602894180841054,-0.014602894180841054,18015
PuertoBerrio,Puerto Berrío,47,0.22999744658637428,0.014602894180841054,0.014602894180841054,-0.014602894180841054,18015
PuertoBerrio,Puerto Berrío,48,0.21893401807470014,0.014602894180841054,0.014602894180841054,-0.014602894180841054,18015
PuertoBerrio,Puerto Berrío,49,0.20787523545436118,0.014602894180841054,0.014602894180841054,-0.014602894180841054,18015
PuertoBerrio,Puerto Berrío,50,0.19648129999423355,0.014602894180841054,0.014602894180841054,-0.014602894180841054,18015
PuertoBerrio,Puerto Berrío,51,0.18532879005654931,0.014602894180841054,0.014602894180841054,-0.014602894180841054,18015
PuertoBerrio,Puerto Berrío,52,0.17308231345096234,0.014602894180841054,0.014602894180841054,-0.014602894180841054,18015
PuertoBerrio,Puerto Berrío,53,0.16084698692789137,0.014602894180841054,0.014602894180841054,-0.014602894180841054,18015
PuertoBerrio,Puerto Berrío,54,0.14795515083240862,0.014602894180841054,0.014602894180841054,-0.014602894180841054,18015
PuertoBerrio,Puerto Berrío,55,0.13665017906022026,0.014602894180841054,0.014602894180841054,-0.014602894180841054,18015
PuertoBerrio,Puerto Berrío,56,0.1263445786665977,0.014602894180841054,0.014602894180841054,-0.014602894180841054,18015
PuertoBerrio,Puerto Berrío,57,0.1156474507239778,0.014602894180841054,0.014602894180841054,-0.014602894180841054,18015
PuertoBerrio,Puerto Berrío,58,0.104505803835219,0.014602894180841054,0.014602894180841054,-0.014602894180841054,18015
PuertoBerrio,Puerto Berrío,59,0.09401755045068323,0.014602894180841054,0.014602894180841054,-0.014602894180841054,18015
PuertoBerrio,Puerto Berrío,60,0.08382825380380987,0.014602894180841054,0.014602894180841054,-0.014602894180841054,18015
PuertoBerrio,Puerto Berrío,61,0.07353861152556278,0.014602894180841054,0.014602894180841054,-0.014602894180841054,18015
PuertoBerrio,Puerto Berrío,62,0.06306299167057944,0.014602894180841054,0.014602894180841054,-0.014602894180841054,18015
PuertoBerrio,Puerto Berrío,63,0.053040458632760856,0.014602894180841054,0.014602894180841054,-0.014602894180841054,18015
PuertoBerrio,Puerto Berrío,64,0.04369658473150412,0.014602894180841054,0.014602894180841054,-0.014602894180841054,18015
PuertoBerrio,Puerto Berrío,65,0.03409346779999733,0.014602894180841054,0.014602894180841054,-0.014602894180841054,18015
PuertoBerrio,Puerto Berrío,66,0.025315632577501253,0.014602894180841054,0.014602894180841054,-0.014602894180841054,18015
PuertoBerrio,Puerto Berrío,67,0.016424386789639436,0.014602894180841054,0.014602894180841054,-0.014602894180841054,18015
PuertoBerrio,Puerto Berrío,68,0.007537307118785466,0.014602894180841054,0.014602894180841054,-0.014602894180841054,18015
PuertoBerrio,Puerto Berrío,69,-0.00018104074927802544,0.014602894180841054,0.014602894180841054,-0.014602894180841054,18015
PuertoBerrio,Puerto Berrío,70,-0.007722161239028857,0.014602894180841054,0.014602894180841054,-0.014602894180841054,18015
PuertoBerrio,Puerto Berrío,71,-0.014887518420027416,0.014602894180841054,0.014602894180841054,-0.014602894180841054,18015
PuertoBerrio,Puerto Berrío,72,-0.020524859877662113,0.014602894180841054,0.014602894180841054,-0.014602894180841054,18015
PuertoBerrio,Puerto Berrío,73,-0.025944860761982068,0.014602894180841054,0.014602894180841054,-0.014602894180841054,18015
PuertoBerrio,Puerto Berrío,74,-0.031786754049050056,0.014602894180841054,0.014602894180841054,-0.014602894180841054,18015
PuertoBerrio,Puerto Berrío,75,-0.037644400392825274,0.014602894180841054,0.014602894180841054,-0.014602894180841054,18015
PuertoBerrio,Puerto Berrío,76,-0.04171671524825391,0.014602894180841054,0.014602894180841054,-0.014602894180841054,18015
PuertoBerrio,Puerto Berrío,77,-0.04500910657128697,0.014602894180841054,0.014602894180841054,-0.014602894180841054,18015
PuertoBerrio,Puerto Berrío,78,-0.04859091877891123,0.014602894180841054,0.014602894180841054,-0.014602894180841054,18015
PuertoBerrio,Puerto Berrío,79,-0.052010228803521255,0.014602894180841054,0.014602894180841054,-0.014602894180841054,18015
PuertoBerrio,Puerto Berrío,80,-0.054571401653104555,0.014602894180841054,0.014602894180841054,-0.014602894180841054,18015
PuertoBerrio,Puerto Berrío,81,-0.05595533100309208,0.014602894180841054,0.014602894180841054,-0.014602894180841054,18015
PuertoBerrio,Puerto Berrío,82,-0.058089564991966824,0.014602894180841054,0.014602894180841054,-0.014602894180841054,18015
PuertoBerrio,Puerto Berrío,83,-0.060549666828644856,0.014602894180841054,0.014602894180841054,-0.014602894180841054,18015
PuertoBerrio,Puerto Berrío,84,-0.06332722199368117,0.014602894180841054,0.014602894180841054,-0.014602894180841054,18015
PuertoBerrio,Puerto Berrío,85,-0.06629562073059858,0.014602894180841054,0.014602894180841054,-0.014602894180841054,18015
PuertoBerrio,Puerto Berrío,86,-0.06910801531478655,0.014602894180841054,0.014602894180841054,-0.014602894180841054,18015
PuertoBerrio,Puerto Berrío,87,-0.07237226950680004,0.014602894180841054,0.014602894180841054,-0.014602894180841054,18015
PuertoBerrio,Puerto Berrío,88,-0.07501414605680948,0.014602894180841054,0.014602894180841054,-0.014602894180841054,18015
PuertoBerrio,Puerto Berrío,89,-0.07745297862798925,0.014602894180841054,0.014602894180841054,-0.014602894180841054,18015
PuertoBerrio,Puerto Berrío,90,-0.07977887487451779,0.014602894180841054,0.014602894180841054,-0.014602894180841054,18015
PuertoBerrio,Puerto Berrío,91,-0.08186649004225774,0.014602894180841054,0.014602894180841054,-0.014602894180841054,18015
PuertoBerrio,Puerto Berrío,92,-0.08493898892573731,0.014602894180841054,0.014602894180841054,-0.014602894180841054,18015
PuertoBerrio,Puerto Berrío,93,-0.0871252927786736,0.014602894180841054,0.014602894180841054,-0.014602894180841054,18015
PuertoBerrio,Puerto Berrío,94,-0.0887566061570398,0.014602894180841054,0.014602894180841054,-0.014602894180841054,18015
PuertoBerrio,Puerto Berrío,95,-0.09041495151178966,0.014602894180841054,0.014602894180841054,-0.014602894180841054,18015
PuertoBerrio,Puerto Berrío,96,-0.09118632952338057,0.014602894180841054,0.014602894180841054,-0.014602894180841054,18015
PuertoBerrio,Puerto Berrío,97,-0.09163877357596766,0.014602894180841054,0.014602894180841054,-0.014602894180841054,18015
PuertoBerrio,Puerto Berrío,98,-0.09185940488251583,0.014602894180841054,0.014602894180841054,-0.014602894180841054,18015
PuertoBerrio,Puerto Berrío,99,-0.09181256601336181,0.014602894180841054,0.014602894180841054,-0.014602894180841054,18015
PuertoBerrio,Puerto Berrío,100,-0.09099532904845786,0.014602894180841054,0.014602894180841054,-0.014602894180841054,18015
PuertoBerrio,Puerto Berrío,101,-0.08975043580134627,0.014602894180841054,0.014602894180841054,-0.014602894180841054,18015
PuertoBerrio,Puerto Berrío,102,-0.08757121125819872,0.014602894180841054,0.014602894180841054,-0.014602894180841054,18015
PuertoBerrio,Puerto Berrío,103,-0.08477649010330877,0.014602894180841054,0.014602894180841054,-0.014602894180841054,18015
PuertoBerrio,Puerto Berrío,104,-0.08106349265922073,0.014602894180841054,0.014602894180841054,-0.014602894180841054,18015
PuertoBerrio,Puerto Berrío,105,-0.0777669182302666,0.014602894180841054,0.014602894180841054,-0.014602894180841054,18015
PuertoBerrio,Puerto Berrío,106,-0.07362771190642343,0.014602894180841054,0.014602894180841054,-0.014602894180841054,18015
PuertoBerrio,Puerto Berrío,107,-0.06824699131730899,0.014602894180841054,0.014602894180841054,-0.014602894180841054,18015
PuertoBerrio,Puerto Berrío,108,-0.06191233154031922,0.014602894180841054,0.014602894180841054,-0.014602894180841054,18015
PuertoBerrio,Puerto Berrío,109,-0.05568863277637216,0.014602894180841054,0.014602894180841054,-0.014602894180841054,18015
PuertoBerrio,Puerto Berrío,110,-0.04861696435799694,0.014602894180841054,0.014602894180841054,-0.014602894180841054,18015
PuertoBerrio,Puerto Berrío,111,-0.04208715394532083,0.014602894180841054,0.014602894180841054,-0.014602894180841054,18015
PuertoBerrio,Puerto Berrío,112,-0.03569533892298956,0.014602894180841054,0.014602894180841054,-0.014602894180841054,18015
PuertoBerrio,Puerto Berrío,113,-0.030808083162019287,0.014602894180841054,0.014602894180841054,-0.014602894180841054,18015
PuertoBerrio,Puerto Berrío,114,-0.025202801653100498,0.014602894180841054,0.014602894180841054,-0.014602894180841054,18015
PuertoBerrio,Puerto Berrío,115,-0.01939566822913031,0.014602894180841054,0.014602894180841054,-0.014602894180841054,18015
PuertoBerrio,Puerto Berrío,116,-0.012114675314026092,0.014602894180841054,0.014602894180841054,-0.014602894180841054,18015
PuertoBerrio,Puerto Berrío,117,-0.004488804567913095,0.014602894180841054,0.014602894180841054,-0.014602894180841054,18015
PuertoBerrio,Puerto Berrío,118,0.0033502881054754846,0.014602894180841054,0.014602894180841054,-0.014602894180841054,18015
PuertoBerrio,Puerto Berrío,119,0.011424197126800728,0.014602894180841054,0.014602894180841054,-0.014602894180841054,18015
PuertoBerrio,Puerto Berrío,120,0.020046883104090345,0.014602894180841054,0.014602894180841054,-0.014602894180841054,18015
PuertoBerrio,Puerto Berrío,121,0.028781941843342585,0.014602894180841054,0.014602894180841054,-0.014602894180841054,18015
PuertoBerrio,Puerto Berrío,122,0.0368114476740883,0.014602894180841054,0.014602894180841054,-0.014602894180841054,18015
PuertoBerrio,Puerto Berrío,123,0.04545015092684353,0.014602894180841054,0.014602894180841054,-0.014602894180841054,18015
PuertoBerrio,Puerto Berrío,124,0.05289959674844409,0.014602894180841054,0.014602894180841054,-0.014602894180841054,18015
PuertoBerrio,Puerto Berrío,125,0.059747010496513986,0.014602894180841054,0.014602894180841054,-0.014602894180841054,18015
PuertoBerrio,Puerto Berrío,126,0.066349334137016,0.014602894180841054,0.014602894180841054,-0.014602894180841054,18015
PuertoBerrio,Puerto Berrío,127,0.07337811503447829,0.014602894180841054,0.014602894180841054,-0.014602894180841054,18015
PuertoBerrio,Puerto Berrío,128,0.08162442925334905,0.014602894180841054,0.014602894180841054,-0.014602894180841054,18015
PuertoBerrio,Puerto Berrío,129,0.08968666626635054,0.014602894180841054,0.014602894180841054,-0.014602894180841054,18015
PuertoBerrio,Puerto Berrío,130,0.09725904632634888,0.014602894180841054,0.014602894180841054,-0.014602894180841054,18015
PuertoBerrio,Puerto Berrío,131,0.10540891414679524,0.014602894180841054,0.014602894180841054,-0.014602894180841054,18015
PuertoBerrio,Puerto Berrío,132,0.11336992580529319,0.014602894180841054,0.014602894180841054,-0.014602894180841054,18015
PuertoBerrio,Puerto Berrío,133,0.12033435849319617,0.014602894180841054,0.014602894180841054,-0.014602894180841054,18015
PuertoBerrio,Puerto Berrío,134,0.12789195879201534,0.014602894180841054,0.014602894180841054,-0.014602894180841054,18015
PuertoBerrio,Puerto Berrío,135,0.13551811367361086,0.014602894180841054,0.014602894180841054,-0.014602894180841054,18015
PuertoBerrio,Puerto Berrío,136,0.14349300856174363,0.014602894180841054,0.014602894180841054,-0.014602894180841054,18015
PuertoBerrio,Puerto Berrío,137,0.15248845410405207,0.014602894180841054,0.014602894180841054,-0.014602894180841054,18015
PuertoBerrio,Puerto Berrío,138,0.1617806808081315,0.014602894180841054,0.014602894180841054,-0.014602894180841054,18015
PuertoBerrio,Puerto Berrío,139,0.1705423467300935,0.014602894180841054,0.014602894180841054,-0.014602894180841054,18015
PuertoBerrio,Puerto Berrío,140,0.17863610510969688,0.014602894180841054,0.014602894180841054,-0.014602894180841054,18015
PuertoBerrio,Puerto Berrío,141,0.18614573952795088,0.014602894180841054,0.014602894180841054,-0.014602894180841054,18015
PuertoBerrio,Puerto Berrío,142,0.19349879203522347,0.014602894180841054,0.014602894180841054,-0.014602894180841054,18015
PuertoBerrio,Puerto Berrío,143,0.20080179747747645,0.014602894180841054,0.014602894180841054,-0.014602894180841054,18015
PuertoBerrio,Puerto Berrío,144,0.2069119661466769,0.014602894180841054,0.014602894180841054,-0.014602894180841054,18015
PuertoBerrio,Puerto Berrío,145,0.2136773070552319,0.014602894180841054,0.014602894180841054,-0.014602894180841054,18015
PuertoBerrio,Puerto Berrío,146,0.22154888486461752,0.014602894180841054,0.014602894180841054,-0.014602894180841054,18015
PuertoBerrio,Puerto Berrío,147,0.2294444974283439,0.014602894180841054,0.014602894180841054,-0.014602894180841054,18015
PuertoBerrio,Puerto Berrío,148,0.23663792384313337,0.014602894180841054,0.014602894180841054,-0.014602894180841054,18015
PuertoBerrio,Puerto Berrío,149,0.24348597404743505,0.014602894180841054,0.014602894180841054,-0.014602894180841054,18015
PuertoBerrio,Puerto Berrío,150,0.25053181413458797,0.014602894180841054,0.014602894180841054,-0.014602894180841054,18015
PuertoBerrio,Puerto Berrío,151,0.25764324787989223,0.014602894180841054,0.014602894180841054,-0.014602894180841054,18015
PuertoBerrio,Puerto Berrío,152,0.2652098134604966,0.014602894180841054,0.014602894180841054,-0.014602894180841054,18015
PuertoBerrio,Puerto Berrío,153,0.27183098130367145,0.014602894180841054,0.014602894180841054,-0.014602894180841054,18015
PuertoBerrio,Puerto Berrío,154,0.2774591910709675,0.014602894180841054,0.014602894180841054,-0.014602894180841054,18015
PuertoBerrio,Puerto Berrío,155,0.28267973267058777,0.014602894180841054,0.014602894180841054,-0.014602894180841054,18015
PuertoBerrio,Puerto Berrío,156,0.2879486226337104,0.014602894180841054,0.014602894180841054,-0.014602894180841054,18015
PuertoBerrio,Puerto Berrío,157,0.29244148654462815,0.014602894180841054,0.014602894180841054,-0.014602894180841054,18015
PuertoBerrio,Puerto Berrío,158,0.29674332388048,0.014602894180841054,0.014602894180841054,-0.014602894180841054,18015
PuertoBerrio,Puerto Berrío,159,0.30191499233281155,0.014602894180841054,0.014602894180841054,-0.014602894180841054,18015
PuertoBerrio,Puerto Berrío,160,0.3076037695758297,0.014602894180841054,0.014602894180841054,-0.014602894180841054,18015
PuertoBerrio,Puerto Berrío,161,0.3131291111438688,0.014602894180841054,0.014602894180841054,-0.014602894180841054,18015
PuertoBerrio,Puerto Berrío,162,0.31809682334490264,0.014602894180841054,0.014602894180841054,-0.014602894180841054,18015
PuertoBerrio,Puerto Berrío,163,0.3227913300433928,0.014602894180841054,0.014602894180841054,-0.014602894180841054,18015
PuertoBerrio,Puerto Berrío,164,0.3273393633348737,0.014602894180841054,0.014602894180841054,-0.014602894180841054,18015
PuertoBerrio,Puerto Berrío,165,0.33243201115378984,0.014602894180841054,0.014602894180841054,-0.014602894180841054,18015
PuertoBerrio,Puerto Berrío,166,0.33693252732190276,0.014602894180841054,0.014602894180841054,-0.014602894180841054,18015
PuertoBerrio,Puerto Berrío,167,0.3417001906082944,0.014602894180841054,0.014602894180841054,-0.014602894180841054,18015
PuertoBerrio,Puerto Berrío,168,0.34544568530951997,0.014602894180841054,0.014602894180841054,-0.014602894180841054,18015
PuertoBerrio,Puerto Berrío,169,0.348509687378413,0.014602894180841054,0.014602894180841054,-0.014602894180841054,18015
PuertoBerrio,Puerto Berrío,170,0.3505690581438799,0.014602894180841054,0.014602894180841054,-0.014602894180841054,18015
PuertoBerrio,Puerto Berrío,171,0.35227438653211,0.014602894180841054,0.014602894180841054,-0.014602894180841054,18015
PuertoBerrio,Puerto Berrío,172,0.35381584402124255,0.014602894180841054,0.014602894180841054,-0.014602894180841054,18015
PuertoBerrio,Puerto Berrío,173,0.35443902633079166,0.014602894180841054,0.014602894180841054,-0.014602894180841054,18015
PuertoBerrio,Puerto Berrío,174,0.3551314011094761,0.014602894180841054,0.014602894180841054,-0.014602894180841054,18015
PuertoBerrio,Puerto Berrío,175,0.3558687577954324,0.014602894180841054,0.014602894180841054,-0.014602894180841054,18015
PuertoBerrio,Puerto Berrío,176,0.3556005302400905,0.014602894180841054,0.014602894180841054,-0.014602894180841054,18015
PuertoBerrio,Puerto Berrío,177,0.3554162658266812,0.014602894180841054,0.014602894180841054,-0.014602894180841054,18015
PuertoBerrio,Puerto Berrío,178,0.35509269108377434,0.014602894180841054,0.014602894180841054,-0.014602894180841054,18015
PuertoBerrio,Puerto Berrío,179,0.35400710703793387,0.014602894180841054,0.014602894180841054,-0.014602894180841054,18015
PuertoBerrio,Puerto Berrío,180,0.35246057221589205,0.014602894180841054,0.014602894180841054,-0.014602894180841054,18015
PuertoBerrio,Puerto Berrío,181,0.3512089922529226,0.014602894180841054,0.014602894180841054,-0.014602894180841054,18015
PuertoBerrio,Puerto Berrío,182,0.3507975324506551,0.014602894180841054,0.014602894180841054,-0.014602894180841054,18015
PuertoBerrio,Puerto Berrío,183,0.35089270550947727,0.014602894180841054,0.014602894180841054,-0.014602894180841054,18015
PuertoBerrio,Puerto Berrío,184,0.35018077040450035,0.014602894180841054,0.014602894180841054,-0.014602894180841054,18015
PuertoBerrio,Puerto Berrío,185,0.34963583010533617,0.014602894180841054,0.014602894180841054,-0.014602894180841054,18015
PuertoBerrio,Puerto Berrío,186,0.3492027246718472,0.014602894180841054,0.014602894180841054,-0.014602894180841054,18015
PuertoBerrio,Puerto Berrío,187,0.3485703950964037,0.014602894180841054,0.014602894180841054,-0.014602894180841054,18015
PuertoBerrio,Puerto Berrío,188,0.34719810506830534,0.014602894180841054,0.014602894180841054,-0.014602894180841054,18015
PuertoBerrio,Puerto Berrío,189,0.3448054720176093,0.014602894180841054,0.014602894180841054,-0.014602894180841054,18015
PuertoBerrio,Puerto Berrío,190,0.3417488821213801,0.014602894180841054,0.014602894180841054,-0.014602894180841054,18015
PuertoBerrio,Puerto Berrío,191,0.337823877539465,0.014602894180841054,0.014602894180841054,-0.014602894180841054,18015
PuertoBerrio,Puerto Berrío,192,0.3326861284812815,0.014602894180841054,0.014602894180841054,-0.014602894180841054,18015
PuertoBerrio,Puerto Berrío,193,0.3272921706214192,0.014602894180841054,0.014602894180841054,-0.014602894180841054,18015
PuertoBerrio,Puerto Berrío,194,0.32259631043911785,0.014602894180841054,0.014602894180841054,-0.014602894180841054,18015
PuertoBerrio,Puerto Berrío,195,0.3178781523294333,0.014602894180841054,0.014602894180841054,-0.014602894180841054,18015
PuertoBerrio,Puerto Berrío,196,0.3128284465818777,0.014602894180841054,0.014602894180841054,-0.014602894180841054,18015
PuertoBerrio,Puerto Berrío,197,0.30691963121434407,0.014602894180841054,0.014602894180841054,-0.014602894180841054,18015
PuertoBerrio,Puerto Berrío,198,0.3011193728677371,0.014602894180841054,0.014602894180841054,-0.014602894180841054,18015
PuertoBerrio,Puerto Berrío,199,0.29477020563487194,0.014602894180841054,0.014602894180841054,-0.014602894180841054,18015
PuertoBerrio,Puerto Berrío,200,0.2881607478157066,0.014602894180841054,0.014602894180841054,-0.014602894180841054,18015
PuertoBerrio,Puerto Berrío,201,0.2803305668628738,0.014602894180841054,0.014602894180841054,-0.014602894180841054,18015
PuertoBerrio,Puerto Berrío,202,0.2729083368769714,0.014602894180841054,0.014602894180841054,-0.014602894180841054,18015
PuertoBerrio,Puerto Berrío,203,0.2667692885334265,0.014602894180841054,0.014602894180841054,-0.014602894180841054,18015
PuertoBerrio,Puerto Berrío,204,0.2610926420113132,0.014602894180841054,0.014602894180841054,-0.014602894180841054,18015
PuertoBerrio,Puerto Berrío,205,0.255290709206216,0.014602894180841054,0.014602894180841054,-0.014602894180841054,18015
PuertoBerrio,Puerto Berrío,206,0.24901118158549726,0.014602894180841054,0.014602894180841054,-0.014602894180841054,18015
PuertoBerrio,Puerto Berrío,207,0.2421805272898733,0.014602894180841054,0.014602894180841054,-0.014602894180841054,18015
PuertoBerrio,Puerto Berrío,208,0.23525349757455047,0.014602894180841054,0.014602894180841054,-0.014602894180841054,18015
PuertoBerrio,Puerto Berrío,209,0.22767400773964194,0.014602894180841054,0.014602894180841054,-0.014602894180841054,18015
PuertoBerrio,Puerto Berrío,210,0.21962192827171642,0.014602894180841054,0.014602894180841054,-0.014602894180841054,18015
PuertoBerrio,Puerto Berrío,211,0.21083256116200147,0.014602894180841054,0.014602894180841054,-0.014602894180841054,18015
PuertoBerrio,Puerto Berrío,212,0.20181424981881563,0.014602894180841054,0.014602894180841054,-0.014602894180841054,18015
PuertoBerrio,Puerto Berrío,213,0.19242924758049468,0.014602894180841054,0.014602894180841054,-0.014602894180841054,18015
PuertoBerrio,Puerto Berrío,214,0.1834684105373591,0.014602894180841054,0.014602894180841054,-0.014602894180841054,18015
PuertoBerrio,Puerto Berrío,215,0.1748317436806608,0.014602894180841054,0.014602894180841054,-0.014602894180841054,18015
PuertoBerrio,Puerto Berrío,216,0.16616798967269295,0.014602894180841054,0.014602894180841054,-0.014602894180841054,18015
PuertoBerrio,Puerto Berrío,217,0.15672236206509776,0.014602894180841054,0.014602894180841054,-0.014602894180841054,18015
PuertoBerrio,Puerto Berrío,218,0.146295989228465,0.014602894180841054,0.014602894180841054,-0.014602894180841054,18015
PuertoBerrio,Puerto Berrío,219,0.1360447367490854,0.014602894180841054,0.014602894180841054,-0.014602894180841054,18015
PuertoBerrio,Puerto Berrío,220,0.12651555229426797,0.014602894180841054,0.014602894180841054,-0.014602894180841054,18015
PuertoBerrio,Puerto Berrío,221,0.11738655483173047,0.014602894180841054,0.014602894180841054,-0.014602894180841054,18015
PuertoBerrio,Puerto Berrío,222,0.10746080658410388,0.014602894180841054,0.014602894180841054,-0.014602894180841054,18015
PuertoBerrio,Puerto Berrío,223,0.09802737905042742,0.014602894180841054,0.014602894180841054,-0.014602894180841054,18015
PuertoBerrio,Puerto Berrío,224,0.08821290072005909,0.014602894180841054,0.014602894180841054,-0.014602894180841054,18015
PuertoBerrio,Puerto Berrío,225,0.07890883711917436,0.014602894180841054,0.014602894180841054,-0.014602894180841054,18015
PuertoBerrio,Puerto Berrío,226,0.07030803277143911,0.014602894180841054,0.014602894180841054,-0.014602894180841054,18015
PuertoBerrio,Puerto Berrío,227,0.06109201936796645,0.014602894180841054,0.014602894180841054,-0.014602894180841054,18015
PuertoBerrio,Puerto Berrío,228,0.05271727924316029,0.014602894180841054,0.014602894180841054,-0.014602894180841054,18015
PuertoBerrio,Puerto Berrío,229,0.04280781335519597,0.014602894180841054,0.014602894180841054,-0.014602894180841054,18015
PuertoBerrio,Puerto Berrío,230,0.03372277881614731,0.014602894180841054,0.014602894180841054,-0.014602894180841054,18015
PuertoBerrio,Puerto Berrío,231,0.025177921867226203,0.014602894180841054,0.014602894180841054,-0.014602894180841054,18015
PuertoBerrio,Puerto Berrío,232,0.01655754667837801,0.014602894180841054,0.014602894180841054,-0.014602894180841054,18015
PuertoBerrio,Puerto Berrío,233,0.00786545655172107,0.014602894180841054,0.014602894180841054,-0.014602894180841054,18015
PuertoBerrio,Puerto Berrío,234,-0.00098821759881449,0.014602894180841054,0.014602894180841054,-0.014602894180841054,18015
PuertoBerrio,Puerto Berrío,235,-0.010644010200494766,0.014602894180841054,0.014602894180841054,-0.014602894180841054,18015
PuertoBerrio,Puerto Berrío,236,-0.020673348343533963,0.014602894180841054,0.014602894180841054,-0.014602894180841054,18015
PuertoBerrio,Puerto Berrío,237,-0.030027700570881957,0.014602894180841054,0.014602894180841054,-0.014602894180841054,18015
PuertoBerrio,Puerto Berrío,238,-0.03883769341885184,0.014602894180841054,0.014602894180841054,-0.014602894180841054,18015
PuertoBerrio,Puerto Berrío,239,-0.04689009801595828,0.014602894180841054,0.014602894180841054,-0.014602894180841054,18015
PuertoBerrio,Puerto Berrío,240,-0.05424500747846847,0.014602894180841054,0.014602894180841054,-0.014602894180841054,18015
PuertoBerrio,Puerto Berrío,241,-0.06218648366625044,0.014602894180841054,0.014602894180841054,-0.014602894180841054,18015
PuertoBerrio,Puerto Berrío,242,-0.07029153685974909,0.014602894180841054,0.014602894180841054,-0.014602894180841054,18015
PuertoBerrio,Puerto Berrío,243,-0.0777977537512491,0.014602894180841054,0.014602894180841054,-0.014602894180841054,18015
PuertoBerrio,Puerto Berrío,244,-0.08462470569665961,0.014602894180841054,0.014602894180841054,-0.014602894180841054,18015
PuertoBerrio,Puerto Berrío,245,-0.09139180859066522,0.014602894180841054,0.014602894180841054,-0.014602894180841054,18015
PuertoBerrio,Puerto Berrío,246,-0.09840951768299112,0.014602894180841054,0.014602894180841054,-0.014602894180841054,18015
PuertoBerrio,Puerto Berrío,247,-0.10510262012841198,0.014602894180841054,0.014602894180841054,-0.014602894180841054,18015
PuertoBerrio,Puerto Berrío,248,-0.11185422445010793,0.014602894180841054,0.014602894180841054,-0.014602894180841054,18015
PuertoBerrio,Puerto Berrío,249,-0.11741857873012715,0.014602894180841054,0.014602894180841054,-0.014602894180841054,18015
PuertoBerrio,Puerto Berrío,250,-0.1225850139028348,0.014602894180841054,0.014602894180841054,-0.014602894180841054,18015
PuertoBerrio,Puerto Berrío,251,-0.12734692535562256,0.014602894180841054,0.014602894180841054,-0.014602894180841054,18015
PuertoBerrio,Puerto Berrío,252,-0.13256273235813074,0.014602894180841054,0.014602894180841054,-0.014602894180841054,18015
PuertoBerrio,Puerto Berrío,253,-0.13892646877662643,0.014602894180841054,0.014602894180841054,-0.014602894180841054,18015
PuertoBerrio,Puerto Berrío,254,-0.14563686975239326,0.014602894180841054,0.014602894180841054,-0.014602894180841054,18015
PuertoBerrio,Puerto Berrío,255,-0.15138259631446194,0.014602894180841054,0.014602894180841054,-0.014602894180841054,18015
PuertoBerrio,Puerto Berrío,256,-0.157541075493598,0.014602894180841054,0.014602894180841054,-0.014602894180841054,18015
PuertoBerrio,Puerto Berrío,257,-0.16331516057498854,0.014602894180841054,0.014602894180841054,-0.014602894180841054,18015
PuertoBerrio,Puerto Berrío,258,-0.16952797557537805,0.014602894180841054,0.014602894180841054,-0.014602894180841054,18015
PuertoBerrio,Puerto Berrío,259,-0.17629152398272346,0.014602894180841054,0.014602894180841054,-0.014602894180841054,18015
PuertoBerrio,Puerto Berrío,260,-0.18306145796364934,0.014602894180841054,0.014602894180841054,-0.014602894180841054,18015
PuertoBerrio,Puerto Berrío,261,-0.18870438825000915,0.014602894180841054,0.014602894180841054,-0.014602894180841054,18015
PuertoBerrio,Puerto Berrío,262,-0.1934992637341161,0.014602894180841054,0.014602894180841054,-0.014602894180841054,18015
PuertoBerrio,Puerto Berrío,263,-0.19842138756875666,0.014602894180841054,0.014602894180841054,-0.014602894180841054,18015
PuertoBerrio,Puerto Berrío,264,-0.20396764753546373,0.014602894180841054,0.014602894180841054,-0.014602894180841054,18015
PuertoBerrio,Puerto Berrío,265,-0.20823025126352068,0.014602894180841054,0.014602894180841054,-0.014602894180841054,18015
PuertoBerrio,Puerto Berrío,266,-0.21030371303788564,0.014602894180841054,0.014602894180841054,-0.014602894180841054,18015
PuertoBerrio,Puerto Berrío,267,-0.2121832018798843,0.014602894180841054,0.014602894180841054,-0.014602894180841054,18015
PuertoBerrio,Puerto Berrío,268,-0.21361267203877773,0.014602894180841054,0.014602894180841054,-0.014602894180841054,18015
PuertoBerrio,Puerto Berrío,269,-0.2153830522751311,0.014602894180841054,0.014602894180841054,-0.014602894180841054,18015
PuertoBerrio,Puerto Berrío,270,-0.21702878944437023,0.014602894180841054,0.014602894180841054,-0.014602894180841054,18015
PuertoBerrio,Puerto Berrío,271,-0.21845984933216842,0.014602894180841054,0.014602894180841054,-0.014602894180841054,18015
PuertoBerrio,Puerto Berrío,272,-0.21878820513458014,0.014602894180841054,0.014602894180841054,-0.014602894180841054,18015
PuertoBerrio,Puerto Berrío,273,-0.21884985022469497,0.014602894180841054,0.014602894180841054,-0.014602894180841054,18015
PuertoBerrio,Puerto Berrío,274,-0.219233851449986,0.014602894180841054,0.014602894180841054,-0.014602894180841054,18015
PuertoBerrio,Puerto Berrío,275,-0.21926642967657228,0.014602894180841054,0.014602894180841054,-0.014602894180841054,18015
PuertoBerrio,Puerto Berrío,276,-0.21765992651603686,0.014602894180841054,0.014602894180841054,-0.014602894180841054,18015
PuertoBerrio,Puerto Berrío,277,-0.21696798518724847,0.014602894180841054,0.014602894180841054,-0.014602894180841054,18015
PuertoBerrio,Puerto Berrío,278,-0.21537953320415837,0.014602894180841054,0.014602894180841054,-0.014602894180841054,18015
PuertoBerrio,Puerto Berrío,279,-0.2134240827014998,0.014602894180841054,0.014602894180841054,-0.014602894180841054,18015
PuertoBerrio,Puerto Berrío,280,-0.2119657207819113,0.014602894180841054,0.014602894180841054,-0.014602894180841054,18015
PuertoBerrio,Puerto Berrío,281,-0.2102136513207331,0.014602894180841054,0.014602894180841054,-0.014602894180841054,18015
PuertoBerrio,Puerto Berrío,282,-0.20850565726992953,0.014602894180841054,0.014602894180841054,-0.014602894180841054,18015
PuertoBerrio,Puerto Berrío,283,-0.205700308170223,0.014602894180841054,0.014602894180841054,-0.014602894180841054,18015
PuertoBerrio,Puerto Berrío,284,-0.20331482659785277,0.014602894180841054,0.014602894180841054,-0.014602894180841054,18015
PuertoBerrio,Puerto Berrío,285,-0.20078731669152408,0.014602894180841054,0.014602894180841054,-0.014602894180841054,18015
PuertoBerrio,Puerto Berrío,286,-0.1970578213533561,0.014602894180841054,0.014602894180841054,-0.014602894180841054,18015
PuertoBerrio,Puerto Berrío,287,-0.19432047537357025,0.014602894180841054,0.014602894180841054,-0.014602894180841054,18015
PuertoBerrio,Puerto Berrío,288,-0.1930362426829523,0.014602894180841054,0.014602894180841054,-0.014602894180841054,18015
PuertoBerrio,Puerto Berrío,289,-0.1910360024618436,0.014602894180841054,0.014602894180841054,-0.014602894180841054,18015
PuertoBerrio,Puerto Berrío,290,-0.18905099100990738,0.014602894180841054,0.014602894180841054,-0.014602894180841054,18015
PuertoBerrio,Puerto Berrío,291,-0.18583904378989496,0.014602894180841054,0.014602894180841054,-0.014602894180841054,18015
PuertoBerrio,Puerto Berrío,292,-0.18288792474494686,0.014602894180841054,0.014602894180841054,-0.014602894180841054,18015
PuertoBerrio,Puerto Berrío,293,-0.1796546682184818,0.014602894180841054,0.014602894180841054,-0.014602894180841054,18015
PuertoBerrio,Puerto Berrío,294,-0.17632859424237116,0.014602894180841054,0.014602894180841054,-0.014602894180841054,18015
PuertoBerrio,Puerto Berrío,295,-0.1734732462529905,0.014602894180841054,0.014602894180841054,-0.014602894180841054,18015
PuertoBerrio,Puerto Berrío,296,-0.17055691820414928,0.014602894180841054,0.014602894180841054,-0.014602894180841054,18015
PuertoBerrio,Puerto Berrío,297,-0.1669393987563508,0.014602894180841054,0.014602894180841054,-0.014602894180841054,18015
PuertoBerrio,Puerto Berrío,298,-0.16283678036737675,0.014602894180841054,0.014602894180841054,-0.014602894180841054,18015
PuertoBerrio,Puerto Berrío,299,-0.15771810235156364,0.014602894180841054,0.014602894180841054,-0.014602894180841054,18015
PuertoBerrio,Puerto Berrío,300,-0.15244731262551767,0.014602894180841054,0.014602894180841054,-0.014602894180841054,18015
PuertoBerrio,Puerto Berrío,301,-0.14676196917754766,0.014602894180841054,0.014602894180841054,-0.014602894180841054,18015
PuertoBerrio,Puerto Berrío,302,-0.14110391186473054,0.014602894180841054,0.014602894180841054,-0.014602894180841054,18015
PuertoBerrio,Puerto Berrío,303,-0.1357383410961623,0.014602894180841054,0.014602894180841054,-0.014602894180841054,18015
PuertoBerrio,Puerto Berrío,304,-0.12851507465763598,0.014602894180841054,0.014602894180841054,-0.014602894180841054,18015
PuertoBerrio,Puerto Berrío,305,-0.11991038873878251,0.014602894180841054,0.014602894180841054,-0.014602894180841054,18015
PuertoBerrio,Puerto Berrío,306,-0.11136916592565778,0.014602894180841054,0.014602894180841054,-0.014602894180841054,18015
PuertoBerrio,Puerto Berrío,307,-0.10228665723821559,0.014602894180841054,0.014602894180841054,-0.014602894180841054,18015
PuertoBerrio,Puerto Berrío,308,-0.09297605439840737,0.014602894180841054,0.014602894180841054,-0.014602894180841054,18015
PuertoBerrio,Puerto Berrío,309,-0.08327925200734472,0.014602894180841054,0.014602894180841054,-0.014602894180841054,18015
PuertoBerrio,Puerto Berrío,310,-0.07391038525699468,0.014602894180841054,0.014602894180841054,-0.014602894180841054,18015
PuertoBerrio,Puerto Berrío,311,-0.06532396410513767,0.014602894180841054,0.014602894180841054,-0.014602894180841054,18015
PuertoBerrio,Puerto Berrío,312,-0.05662022173038746,0.014602894180841054,0.014602894180841054,-0.014602894180841054,18015
PuertoBerrio,Puerto Berrío,313,-0.04751130750267346,0.014602894180841054,0.014602894180841054,-0.014602894180841054,18015
PuertoBerrio,Puerto Berrío,314,-0.03786461358013924,0.014602894180841054,0.014602894180841054,-0.014602894180841054,18015
PuertoBerrio,Puerto Berrío,315,-0.027903591065713263,0.014602894180841054,0.014602894180841054,-0.014602894180841054,18015
PuertoBerrio,Puerto Berrío,316,-0.017560644819000822,0.014602894180841054,0.014602894180841054,-0.014602894180841054,18015
PuertoBerrio,Puerto Berrío,317,-0.0078966882235965,0.014602894180841054,0.014602894180841054,-0.014602894180841054,18015
PuertoBerrio,Puerto Berrío,318,0.0018604267908809383,0.014602894180841054,0.014602894180841054,-0.014602894180841054,18015
PuertoBerrio,Puerto Berrío,319,0.01112872635266384,0.014602894180841054,0.014602894180841054,-0.014602894180841054,18015
PuertoBerrio,Puerto Berrío,320,0.02022961458735442,0.014602894180841054,0.014602894180841054,-0.014602894180841054,18015
PuertoBerrio,Puerto Berrío,321,0.029390953538318217,0.014602894180841054,0.014602894180841054,-0.014602894180841054,18015
PuertoBerrio,Puerto Berrío,322,0.03906594860647777,0.014602894180841054,0.014602894180841054,-0.014602894180841054,18015
PuertoBerrio,Puerto Berrío,323,0.04824132481151356,0.014602894180841054,0.014602894180841054,-0.014602894180841054,18015
PuertoBerrio,Puerto Berrío,324,0.05821235946487823,0.014602894180841054,0.014602894180841054,-0.014602894180841054,18015
PuertoBerrio,Puerto Berrío,325,0.06785086567323954,0.014602894180841054,0.014602894180841054,-0.014602894180841054,18015
PuertoBerrio,Puerto Berrío,326,0.07700917642504172,0.014602894180841054,0.014602894180841054,-0.014602894180841054,18015
PuertoBerrio,Puerto Berrío,327,0.08648381114315741,0.014602894180841054,0.014602894180841054,-0.014602894180841054,18015
PuertoBerrio,Puerto Berrío,328,0.09636246949263498,0.014602894180841054,0.014602894180841054,-0.014602894180841054,18015
PuertoBerrio,Puerto Berrío,329,0.10652566545756705,0.014602894180841054,0.014602894180841054,-0.014602894180841054,18015
PuertoBerrio,Puerto Berrío,330,0.11623518956969771,0.014602894180841054,0.014602894180841054,-0.014602894180841054,18015
PuertoBerrio,Puerto Berrío,331,0.12514190349901125,0.014602894180841054,0.014602894180841054,-0.014602894180841054,18015
PuertoBerrio,Puerto Berrío,332,0.1333921097182785,0.014602894180841054,0.014602894180841054,-0.014602894180841054,18015
PuertoBerrio,Puerto Berrío,333,0.14142127060146853,0.014602894180841054,0.014602894180841054,-0.014602894180841054,18015
PuertoBerrio,Puerto Berrío,334,0.15047318800953946,0.014602894180841054,0.014602894180841054,-0.014602894180841054,18015
PuertoBerrio,Puerto Berrío,335,0.15803766037984623,0.014602894180841054,0.014602894180841054,-0.014602894180841054,18015
PuertoBerrio,Puerto Berrío,336,0.16511196230674877,0.014602894180841054,0.014602894180841054,-0.014602894180841054,18015
PuertoBerrio,Puerto Berrío,337,0.1714514724099965,0.014602894180841054,0.014602894180841054,-0.014602894180841054,18015
PuertoBerrio,Puerto Berrío,338,0.17775817577007827,0.014602894180841054,0.014602894180841054,-0.014602894180841054,18015
PuertoBerrio,Puerto Berrío,339,0.1830575187842537,0.014602894180841054,0.014602894180841054,-0.014602894180841054,18015
PuertoBerrio,Puerto Berrío,340,0.1880721933862202,0.014602894180841054,0.014602894180841054,-0.014602894180841054,18015
PuertoBerrio,Puerto Berrío,341,0.19283695090734404,0.014602894180841054,0.014602894180841054,-0.014602894180841054,18015
PuertoBerrio,Puerto Berrío,342,0.1962059286307655,0.014602894180841054,0.014602894180841054,-0.014602894180841054,18015
PuertoBerrio,Puerto Berrío,343,0.19945173070149544,0.014602894180841054,0.014602894180841054,-0.014602894180841054,18015
PuertoBerrio,Puerto Berrío,344,0.2021555854129391,0.014602894180841054,0.014602894180841054,-0.014602894180841054,18015
PuertoBerrio,Puerto Berrío,345,0.20417877862129866,0.014602894180841054,0.014602894180841054,-0.014602894180841054,18015
PuertoBerrio,Puerto Berrío,346,0.20702114486757667,0.014602894180841054,0.014602894180841054,-0.014602894180841054,18015
PuertoBerrio,Puerto Berrío,347,0.21029325102295704,0.014602894180841054,0.014602894180841054,-0.014602894180841054,18015
PuertoBerrio,Puerto Berrío,348,0.21231991397098915,0.014602894180841054,0.014602894180841054,-0.014602894180841054,18015
PuertoBerrio,Puerto Berrío,349,0.21516718505044588,0.014602894180841054,0.014602894180841054,-0.014602894180841054,18015
PuertoBerrio,Puerto Berrío,350,0.21926326251530437,0.014602894180841054,0.014602894180841054,-0.014602894180841054,18015
PuertoBerrio,Puerto Berrío,351,0.22414594296830823,0.014602894180841054,0.014602894180841054,-0.014602894180841054,18015
PuertoBerrio,Puerto Berrío,352,0.2279310367507193,0.014602894180841054,0.014602894180841054,-0.014602894180841054,18015
PuertoBerrio,Puerto Berrío,353,0.23243662972013648,0.014602894180841054,0.014602894180841054,-0.014602894180841054,18015
PuertoBerrio,Puerto Berrío,354,0.23621833695998048,0.014602894180841054,0.014602894180841054,-0.014602894180841054,18015
PuertoBerrio,Puerto Berrío,355,0.2397182928303524,0.014602894180841054,0.014602894180841054,-0.014602894180841054,18015
PuertoBerrio,Puerto Berrío,356,0.24403389778545867,0.014602894180841054,0.014602894180841054,-0.014602894180841054,18015
PuertoBerrio,Puerto Berrío,357,0.24777557540973894,0.014602894180841054,0.014602894180841054,-0.014602894180841054,18015
PuertoBerrio,Puerto Berrío,358,0.2513225774011093,0.014602894180841054,0.014602894180841054,-0.014602894180841054,18015
PuertoBerrio,Puerto Berrío,359,0.2535712163881209,0.014602894180841054,0.014602894180841054,-0.014602894180841054,18015
PuertoBerrio,Puerto Berrío,360,0.25656619206914444,0.014602894180841054,0.014602894180841054,-0.014602894180841054,18015
Barrancabermeja,Barrancabermeja,0,1.0,0.014832744475919927,0.014832744475919927,-0.014832744475919927,17461
Barrancabermeja,Barrancabermeja,1,0.9615675001029215,0.014832744475919927,0.014832744475919927,-0.014832744475919927,17461
Barrancabermeja,Barrancabermeja,2,0.9199322363994207,0.014832744475919927,0.014832744475919927,-0.014832744475919927,17461
Barrancabermeja,Barrancabermeja,3,0.8838745212761235,0.014832744475919927,0.014832744475919927,-0.014832744475919927,17461
Barrancabermeja,Barrancabermeja,4,0.8489311588358209,0.014832744475919927,0.014832744475919927,-0.014832744475919927,17461
Barrancabermeja,Barrancabermeja,5,0.8158521188345671,0.014832744475919927,0.014832744475919927,-0.014832744475919927,17461
Barrancabermeja,Barrancabermeja,6,0.785188885753137,0.014832744475919927,0.014832744475919927,-0.014832744475919927,17461
Barrancabermeja,Barrancabermeja,7,0.7563646202006248,0.014832744475919927,0.014832744475919927,-0.014832744475919927,17461
Barrancabermeja,Barrancabermeja,8,0.7301479039123913,0.014832744475919927,0.014832744475919927,-0.014832744475919927,17461
Barrancabermeja,Barrancabermeja,9,0.7066213729384566,0.014832744475919927,0.014832744475919927,-0.014832744475919927,17461
Barrancabermeja,Barrancabermeja,10,0.6851996439128258,0.014832744475919927,0.014832744475919927,-0.014832744475919927,17461
Barrancabermeja,Barrancabermeja,11,0.6653192797958585,0.014832744475919927,0.014832744475919927,-0.014832744475919927,17461
Barrancabermeja,Barrancabermeja,12,0.6470332402773148,0.014832744475919927,0.014832744475919927,-0.014832744475919927,17461
Barrancabermeja,Barrancabermeja,13,0.6303800641557105,0.014832744475919927,0.014832744475919927,-0.014832744475919927,17461
Barrancabermeja,Barrancabermeja,14,0.6143211944888917,0.014832744475919927,0.014832744475919927,-0.014832744475919927,17461
Barrancabermeja,Barrancabermeja,15,0.5994053501065285,0.014832744475919927,0.014832744475919927,-0.014832744475919927,17461
Barrancabermeja,Barrancabermeja,16,0.5861904160845319,0.014832744475919927,0.014832744475919927,-0.014832744475919927,17461
Barrancabermeja,Barrancabermeja,17,0.5744502781210966,0.014832744475919927,0.014832744475919927,-0.014832744475919927,17461
Barrancabermeja,Barrancabermeja,18,0.5621383966248498,0.014832744475919927,0.014832744475919927,-0.014832744475919927,17461
Barrancabermeja,Barrancabermeja,19,0.5489933644585069,0.014832744475919927,0.014832744475919927,-0.014832744475919927,17461
Barrancabermeja,Barrancabermeja,20,0.5356330872773334,0.014832744475919927,0.014832744475919927,-0.014832744475919927,17461
Barrancabermeja,Barrancabermeja,21,0.5223995802964675,0.014832744475919927,0.014832744475919927,-0.014832744475919927,17461
Barrancabermeja,Barrancabermeja,22,0.5091575808025735,0.014832744475919927,0.014832744475919927,-0.014832744475919927,17461
Barrancabermeja,Barrancabermeja,23,0.49576165140137923,0.014832744475919927,0.014832744475919927,-0.014832744475919927,17461
Barrancabermeja,Barrancabermeja,24,0.48260663284834227,0.014832744475919927,0.014832744475919927,-0.014832744475919927,17461
Barrancabermeja,Barrancabermeja,25,0.4695286825691421,0.014832744475919927,0.014832744475919927,-0.014832744475919927,17461
Barrancabermeja,Barrancabermeja,26,0.45749420888395903,0.014832744475919927,0.014832744475919927,-0.014832744475919927,17461
Barrancabermeja,Barrancabermeja,27,0.44577704002125873,0.014832744475919927,0.014832744475919927,-0.014832744475919927,17461
Barrancabermeja,Barrancabermeja,28,0.43401239814080395,0.014832744475919927,0.014832744475919927,-0.014832744475919927,17461
Barrancabermeja,Barrancabermeja,29,0.4216782784507455,0.014832744475919927,0.014832744475919927,-0.014832744475919927,17461
Barrancabermeja,Barrancabermeja,30,0.4094864337108958,0.014832744475919927,0.014832744475919927,-0.014832744475919927,17461
Barrancabermeja,Barrancabermeja,31,0.3969016954610442,0.014832744475919927,0.014832744475919927,-0.014832744475919927,17461
Barrancabermeja,Barrancabermeja,32,0.38449764993394264,0.014832744475919927,0.014832744475919927,-0.014832744475919927,17461
Barrancabermeja,Barrancabermeja,33,0.3730696200098033,0.014832744475919927,0.014832744475919927,-0.014832744475919927,17461
Barrancabermeja,Barrancabermeja,34,0.3622313303927567,0.014832744475919927,0.014832744475919927,-0.014832744475919927,17461
Barrancabermeja,Barrancabermeja,35,0.35268013950040333,0.014832744475919927,0.014832744475919927,-0.014832744475919927,17461
Barrancabermeja,Barrancabermeja,36,0.3431465174492831,0.014832744475919927,0.014832744475919927,-0.014832744475919927,17461
Barrancabermeja,Barrancabermeja,37,0.3330894539007853,0.014832744475919927,0.014832744475919927,-0.014832744475919927,17461
Barrancabermeja,Barrancabermeja,38,0.3220639734109919,0.014832744475919927,0.014832744475919927,-0.014832744475919927,17461
Barrancabermeja,Barrancabermeja,39,0.31093675350903677,0.014832744475919927,0.014832744475919927,-0.014832744475919927,17461
Barrancabermeja,Barrancabermeja,40,0.2997761822661752,0.014832744475919927,0.014832744475919927,-0.014832744475919927,17461
Barrancabermeja,Barrancabermeja,41,0.28866251643685475,0.014832744475919927,0.014832744475919927,-0.014832744475919927,17461
Barrancabermeja,Barrancabermeja,42,0.27691737150059564,0.014832744475919927,0.014832744475919927,-0.014832744475919927,17461
Barrancabermeja,Barrancabermeja,43,0.26526906299708786,0.014832744475919927,0.014832744475919927,-0.014832744475919927,17461
Barrancabermeja,Barrancabermeja,44,0.25319844855336027,0.014832744475919927,0.014832744475919927,-0.014832744475919927,17461
Barrancabermeja,Barrancabermeja,45,0.2419114852484339,0.014832744475919927,0.014832744475919927,-0.014832744475919927,17461
Barrancabermeja,Barrancabermeja,46,0.23097365620820615,0.014832744475919927,0.014832744475919927,-0.014832744475919927,17461
Barrancabermeja,Barrancabermeja,47,0.22028733365991665,0.014832744475919927,0.014832744475919927,-0.014832744475919927,17461
Barrancabermeja,Barrancabermeja,48,0.20913822957030082,0.014832744475919927,0.014832744475919927,-0.014832744475919927,17461
Barrancabermeja,Barrancabermeja,49,0.19727754528377084,0.014832744475919927,0.014832744475919927,-0.014832744475919927,17461
Barrancabermeja,Barrancabermeja,50,0.18625694857565533,0.014832744475919927,0.014832744475919927,-0.014832744475919927,17461
Barrancabermeja,Barrancabermeja,51,0.1748113355424156,0.014832744475919927,0.014832744475919927,-0.014832744475919927,17461
Barrancabermeja,Barrancabermeja,52,0.16255391462755014,0.014832744475919927,0.014832744475919927,-0.014832744475919927,17461
Barrancabermeja,Barrancabermeja,53,0.15031878466243412,0.014832744475919927,0.014832744475919927,-0.014832744475919927,17461
Barrancabermeja,Barrancabermeja,54,0.13802009175546595,0.014832744475919927,0.014832744475919927,-0.014832744475919927,17461
Barrancabermeja,Barrancabermeja,55,0.12556313614085252,0.014832744475919927,0.014832744475919927,-0.014832744475919927,17461
Barrancabermeja,Barrancabermeja,56,0.11372969170358634,0.014832744475919927,0.014832744475919927,-0.014832744475919927,17461
Barrancabermeja,Barrancabermeja,57,0.1017322329190755,0.014832744475919927,0.014832744475919927,-0.014832744475919927,17461
Barrancabermeja,Barrancabermeja,58,0.0904970730367326,0.014832744475919927,0.014832744475919927,-0.014832744475919927,17461
Barrancabermeja,Barrancabermeja,59,0.07933453991944524,0.014832744475919927,0.014832744475919927,-0.014832744475919927,17461
Barrancabermeja,Barrancabermeja,60,0.06868509231617637,0.014832744475919927,0.014832744475919927,-0.014832744475919927,17461
Barrancabermeja,Barrancabermeja,61,0.058770918033587624,0.014832744475919927,0.014832744475919927,-0.014832744475919927,17461
Barrancabermeja,Barrancabermeja,62,0.04865588257951565,0.014832744475919927,0.014832744475919927,-0.014832744475919927,17461
Barrancabermeja,Barrancabermeja,63,0.03872531694376065,0.014832744475919927,0.014832744475919927,-0.014832744475919927,17461
Barrancabermeja,Barrancabermeja,64,0.02840715634233976,0.014832744475919927,0.014832744475919927,-0.014832744475919927,17461
Barrancabermeja,Barrancabermeja,65,0.01939289367741344,0.014832744475919927,0.014832744475919927,-0.014832744475919927,17461
Barrancabermeja,Barrancabermeja,66,0.009973551473631746,0.014832744475919927,0.014832744475919927,-0.014832744475919927,17461
Barrancabermeja,Barrancabermeja,67,0.0013781838445995518,0.014832744475919927,0.014832744475919927,-0.014832744475919927,17461
Barrancabermeja,Barrancabermeja,68,-0.006549985224956936,0.014832744475919927,0.014832744475919927,-0.014832744475919927,17461
Barrancabermeja,Barrancabermeja,69,-0.014808616401504052,0.014832744475919927,0.014832744475919927,-0.014832744475919927,17461
Barrancabermeja,Barrancabermeja,70,-0.022303671058956642,0.014832744475919927,0.014832744475919927,-0.014832744475919927,17461
Barrancabermeja,Barrancabermeja,71,-0.02967187636580538,0.014832744475919927,0.014832744475919927,-0.014832744475919927,17461
Barrancabermeja,Barrancabermeja,72,-0.036468968281339206,0.014832744475919927,0.014832744475919927,-0.014832744475919927,17461
Barrancabermeja,Barrancabermeja,73,-0.04299916339171761,0.014832744475919927,0.014832744475919927,-0.014832744475919927,17461
Barrancabermeja,Barrancabermeja,74,-0.04908186522360711,0.014832744475919927,0.014832744475919927,-0.014832744475919927,17461
Barrancabermeja,Barrancabermeja,75,-0.05483161552811382,0.014832744475919927,0.014832744475919927,-0.014832744475919927,17461
Barrancabermeja,Barrancabermeja,76,-0.05917726777827496,0.014832744475919927,0.014832744475919927,-0.014832744475919927,17461
Barrancabermeja,Barrancabermeja,77,-0.06342518743921807,0.014832744475919927,0.014832744475919927,-0.014832744475919927,17461
Barrancabermeja,Barrancabermeja,78,-0.06666953461122416,0.014832744475919927,0.014832744475919927,-0.014832744475919927,17461
Barrancabermeja,Barrancabermeja,79,-0.06938699000901363,0.014832744475919927,0.014832744475919927,-0.014832744475919927,17461
Barrancabermeja,Barrancabermeja,80,-0.072405815264256,0.014832744475919927,0.014832744475919927,-0.014832744475919927,17461
Barrancabermeja,Barrancabermeja,81,-0.07410377270535232,0.014832744475919927,0.014832744475919927,-0.014832744475919927,17461
Barrancabermeja,Barrancabermeja,82,-0.07542462902174801,0.014832744475919927,0.014832744475919927,-0.014832744475919927,17461
Barrancabermeja,Barrancabermeja,83,-0.07627623445254482,0.014832744475919927,0.014832744475919927,-0.014832744475919927,17461
Barrancabermeja,Barrancabermeja,84,-0.07777128683622807,0.014832744475919927,0.014832744475919927,-0.014832744475919927,17461
Barrancabermeja,Barrancabermeja,85,-0.07896939507232363,0.014832744475919927,0.014832744475919927,-0.014832744475919927,17461
Barrancabermeja,Barrancabermeja,86,-0.08105281511899212,0.014832744475919927,0.014832744475919927,-0.014832744475919927,17461
Barrancabermeja,Barrancabermeja,87,-0.08313394596857661,0.014832744475919927,0.014832744475919927,-0.014832744475919927,17461
Barrancabermeja,Barrancabermeja,88,-0.08430544805501797,0.014832744475919927,0.014832744475919927,-0.014832744475919927,17461
Barrancabermeja,Barrancabermeja,89,-0.08506486995006358,0.014832744475919927,0.014832744475919927,-0.014832744475919927,17461
Barrancabermeja,Barrancabermeja,90,-0.08670639804913452,0.014832744475919927,0.014832744475919927,-0.014832744475919927,17461
Barrancabermeja,Barrancabermeja,91,-0.08787387818583814,0.014832744475919927,0.014832744475919927,-0.014832744475919927,17461
Barrancabermeja,Barrancabermeja,92,-0.08896619819796034,0.014832744475919927,0.014832744475919927,-0.014832744475919927,17461
Barrancabermeja,Barrancabermeja,93,-0.09031232131460172,0.014832744475919927,0.014832744475919927,-0.014832744475919927,17461
Barrancabermeja,Barrancabermeja,94,-0.09107948932685551,0.014832744475919927,0.014832744475919927,-0.014832744475919927,17461
Barrancabermeja,Barrancabermeja,95,-0.09140604710794277,0.014832744475919927,0.014832744475919927,-0.014832744475919927,17461
Barrancabermeja,Barrancabermeja,96,-0.09037529913177321,0.014832744475919927,0.014832744475919927,-0.014832744475919927,17461
Barrancabermeja,Barrancabermeja,97,-0.08911468626326687,0.014832744475919927,0.014832744475919927,-0.014832744475919927,17461
Barrancabermeja,Barrancabermeja,98,-0.08786959690058448,0.014832744475919927,0.014832744475919927,-0.014832744475919927,17461
Barrancabermeja,Barrancabermeja,99,-0.08716417020731365,0.014832744475919927,0.014832744475919927,-0.014832744475919927,17461
Barrancabermeja,Barrancabermeja,100,-0.08602223416245648,0.014832744475919927,0.014832744475919927,-0.014832744475919927,17461
Barrancabermeja,Barrancabermeja,101,-0.08354868777391553,0.014832744475919927,0.014832744475919927,-0.014832744475919927,17461
Barrancabermeja,Barrancabermeja,102,-0.08058100970954474,0.014832744475919927,0.014832744475919927,-0.014832744475919927,17461
Barrancabermeja,Barrancabermeja,103,-0.07659539162102555,0.014832744475919927,0.014832744475919927,-0.014832744475919927,17461
Barrancabermeja,Barrancabermeja,104,-0.07248982181584362,0.014832744475919927,0.014832744475919927,-0.014832744475919927,17461
Barrancabermeja,Barrancabermeja,105,-0.06785393245479707,0.014832744475919927,0.014832744475919927,-0.014832744475919927,17461
Barrancabermeja,Barrancabermeja,106,-0.06188418419929595,0.014832744475919927,0.014832744475919927,-0.014832744475919927,17461
Barrancabermeja,Barrancabermeja,107,-0.05579575651509067,0.014832744475919927,0.014832744475919927,-0.014832744475919927,17461
Barrancabermeja,Barrancabermeja,108,-0.04934753609164543,0.014832744475919927,0.014832744475919927,-0.014832744475919927,17461
Barrancabermeja,Barrancabermeja,109,-0.042236680927825496,0.014832744475919927,0.014832744475919927,-0.014832744475919927,17461
Barrancabermeja,Barrancabermeja,110,-0.03504915765926306,0.014832744475919927,0.014832744475919927,-0.014832744475919927,17461
Barrancabermeja,Barrancabermeja,111,-0.02720295981191544,0.014832744475919927,0.014832744475919927,-0.014832744475919927,17461
Barrancabermeja,Barrancabermeja,112,-0.01938973043740452,0.014832744475919927,0.014832744475919927,-0.014832744475919927,17461
Barrancabermeja,Barrancabermeja,113,-0.01120508376237085,0.014832744475919927,0.014832744475919927,-0.014832744475919927,17461
Barrancabermeja,Barrancabermeja,114,-0.003470010124273447,0.014832744475919927,0.014832744475919927,-0.014832744475919927,17461
Barrancabermeja,Barrancabermeja,115,0.004823379131901248,0.014832744475919927,0.014832744475919927,-0.014832744475919927,17461
Barrancabermeja,Barrancabermeja,116,0.01330111676880707,0.014832744475919927,0.014832744475919927,-0.014832744475919927,17461
Barrancabermeja,Barrancabermeja,117,0.021972319198571174,0.014832744475919927,0.014832744475919927,-0.014832744475919927,17461
Barrancabermeja,Barrancabermeja,118,0.03208690830519765,0.014832744475919927,0.014832744475919927,-0.014832744475919927,17461
Barrancabermeja,Barrancabermeja,119,0.04300410223357873,0.014832744475919927,0.014832744475919927,-0.014832744475919927,17461
Barrancabermeja,Barrancabermeja,120,0.05417256458497928,0.014832744475919927,0.014832744475919927,-0.014832744475919927,17461
Barrancabermeja,Barrancabermeja,121,0.06386236630048588,0.014832744475919927,0.014832744475919927,-0.014832744475919927,17461
Barrancabermeja,Barrancabermeja,122,0.07198830633018773,0.014832744475919927,0.014832744475919927,-0.014832744475919927,17461
Barrancabermeja,Barrancabermeja,123,0.07968217067761775,0.014832744475919927,0.014832744475919927,-0.014832744475919927,17461
Barrancabermeja,Barrancabermeja,124,0.08685690924959732,0.014832744475919927,0.014832744475919927,-0.014832744475919927,17461
Barrancabermeja,Barrancabermeja,125,0.09377366011661106,0.014832744475919927,0.014832744475919927,-0.014832744475919927,17461
Barrancabermeja,Barrancabermeja,126,0.10032574898925971,0.014832744475919927,0.014832744475919927,-0.014832744475919927,17461
Barrancabermeja,Barrancabermeja,127,0.10723843675299974,0.014832744475919927,0.014832744475919927,-0.014832744475919927,17461
Barrancabermeja,Barrancabermeja,128,0.11484832009894849,0.014832744475919927,0.014832744475919927,-0.014832744475919927,17461
Barrancabermeja,Barrancabermeja,129,0.12336093988949981,0.014832744475919927,0.014832744475919927,-0.014832744475919927,17461
Barrancabermeja,Barrancabermeja,130,0.13246845557404602,0.014832744475919927,0.014832744475919927,-0.014832744475919927,17461
Barrancabermeja,Barrancabermeja,131,0.14056466871716686,0.014832744475919927,0.014832744475919927,-0.014832744475919927,17461
Barrancabermeja,Barrancabermeja,132,0.1490263010629729,0.014832744475919927,0.014832744475919927,-0.014832744475919927,17461
Barrancabermeja,Barrancabermeja,133,0.15715508620681434,0.014832744475919927,0.014832744475919927,-0.014832744475919927,17461
Barrancabermeja,Barrancabermeja,134,0.1644747858547071,0.014832744475919927,0.014832744475919927,-0.014832744475919927,17461
Barrancabermeja,Barrancabermeja,135,0.17198609054567732,0.014832744475919927,0.014832744475919927,-0.014832744475919927,17461
Barrancabermeja,Barrancabermeja,136,0.17960821505720687,0.014832744475919927,0.014832744475919927,-0.014832744475919927,17461
Barrancabermeja,Barrancabermeja,137,0.18812888775170863,0.014832744475919927,0.014832744475919927,-0.014832744475919927,17461
Barrancabermeja,Barrancabermeja,138,0.1966520576156305,0.014832744475919927,0.014832744475919927,-0.014832744475919927,17461
Barrancabermeja,Barrancabermeja,139,0.20545542931416858,0.014832744475919927,0.014832744475919927,-0.014832744475919927,17461
Barrancabermeja,Barrancabermeja,140,0.21452592431977824,0.014832744475919927,0.014832744475919927,-0.014832744475919927,17461
Barrancabermeja,Barrancabermeja,141,0.22280145633591691,0.014832744475919927,0.014832744475919927,-0.014832744475919927,17461
Barrancabermeja,Barrancabermeja,142,0.23137295231122737,0.014832744475919927,0.014832744475919927,-0.014832744475919927,17461
Barrancabermeja,Barrancabermeja,143,0.2398431423542995,0.014832744475919927,0.014832744475919927,-0.014832744475919927,17461
Barrancabermeja,Barrancabermeja,144,0.24749098499652294,0.014832744475919927,0.014832744475919927,-0.014832744475919927,17461
Barrancabermeja,Barrancabermeja,145,0.2551455700850455,0.014832744475919927,0.014832744475919927,-0.014832744475919927,17461
Barrancabermeja,Barrancabermeja,146,0.2639089594902434,0.014832744475919927,0.014832744475919927,-0.014832744475919927,17461
Barrancabermeja,Barrancabermeja,147,0.2729172165125448,0.014832744475919927,0.014832744475919927,-0.014832744475919927,17461
Barrancabermeja,Barrancabermeja,148,0.28131181417281204,0.014832744475919927,0.014832744475919927,-0.014832744475919927,17461
Barrancabermeja,Barrancabermeja,149,0.2898883100817251,0.014832744475919927,0.014832744475919927,-0.014832744475919927,17461
Barrancabermeja,Barrancabermeja,150,0.29794488444833217,0.014832744475919927,0.014832744475919927,-0.014832744475919927,17461
Barrancabermeja,Barrancabermeja,151,0.3059738488782492,0.014832744475919927,0.014832744475919927,-0.014832744475919927,17461
Barrancabermeja,Barrancabermeja,152,0.31331856128539304,0.014832744475919927,0.014832744475919927,-0.014832744475919927,17461
Barrancabermeja,Barrancabermeja,153,0.3199671045801623,0.014832744475919927,0.014832744475919927,-0.014832744475919927,17461
Barrancabermeja,Barrancabermeja,154,0.3261110893432731,0.014832744475919927,0.014832744475919927,-0.014832744475919927,17461
Barrancabermeja,Barrancabermeja,155,0.3319515120227804,0.014832744475919927,0.014832744475919927,-0.014832744475919927,17461
Barrancabermeja,Barrancabermeja,156,0.3377118075810579,0.014832744475919927,0.014832744475919927,-0.014832744475919927,17461
Barrancabermeja,Barrancabermeja,157,0.3432473948680556,0.014832744475919927,0.014832744475919927,-0.014832744475919927,17461
Barrancabermeja,Barrancabermeja,158,0.3472430294369643,0.014832744475919927,0.014832744475919927,-0.014832744475919927,17461
Barrancabermeja,Barrancabermeja,159,0.35184902632507814,0.014832744475919927,0.014832744475919927,-0.014832744475919927,17461
Barrancabermeja,Barrancabermeja,160,0.3565750452968126,0.014832744475919927,0.014832744475919927,-0.014832744475919927,17461
Barrancabermeja,Barrancabermeja,161,0.36168701159598216,0.014832744475919927,0.014832744475919927,-0.014832744475919927,17461
Barrancabermeja,Barrancabermeja,162,0.3667047924472228,0.014832744475919927,0.014832744475919927,-0.014832744475919927,17461
Barrancabermeja,Barrancabermeja,163,0.3718444644741946,0.014832744475919927,0.014832744475919927,-0.014832744475919927,17461
Barrancabermeja,Barrancabermeja,164,0.3771009695889087,0.014832744475919927,0.014832744475919927,-0.014832744475919927,17461
Barrancabermeja,Barrancabermeja,165,0.3820892679382144,0.014832744475919927,0.014832744475919927,-0.014832744475919927,17461
Barrancabermeja,Barrancabermeja,166,0.38654221788589327,0.014832744475919927,0.014832744475919927,-0.014832744475919927,17461
Barrancabermeja,Barrancabermeja,167,0.39013045534422813,0.014832744475919927,0.014832744475919927,-0.014832744475919927,17461
Barrancabermeja,Barrancabermeja,168,0.39307658142380286,0.014832744475919927,0.014832744475919927,-0.014832744475919927,17461
Barrancabermeja,Barrancabermeja,169,0.39536789762618885,0.014832744475919927,0.014832744475919927,-0.014832744475919927,17461
Barrancabermeja,Barrancabermeja,170,0.39742433190380105,0.014832744475919927,0.014832744475919927,-0.014832744475919927,17461
Barrancabermeja,Barrancabermeja,171,0.3990429782910427,0.014832744475919927,0.014832744475919927,-0.014832744475919927,17461
Barrancabermeja,Barrancabermeja,172,0.3998149596418628,0.014832744475919927,0.014832744475919927,-0.014832744475919927,17461
Barrancabermeja,Barrancabermeja,173,0.3997141853277784,0.014832744475919927,0.014832744475919927,-0.014832744475919927,17461
Barrancabermeja,Barrancabermeja,174,0.398765208655146,0.014832744475919927,0.014832744475919927,-0.014832744475919927,17461
Barrancabermeja,Barrancabermeja,175,0.39761846398185735,0.014832744475919927,0.014832744475919927,-0.014832744475919927,17461
Barrancabermeja,Barrancabermeja,176,0.3976604347451159,0.014832744475919927,0.014832744475919927,-0.014832744475919927,17461
Barrancabermeja,Barrancabermeja,177,0.3977150919792956,0.014832744475919927,0.014832744475919927,-0.014832744475919927,17461
Barrancabermeja,Barrancabermeja,178,0.3977174401934716,0.014832744475919927,0.014832744475919927,-0.014832744475919927,17461
Barrancabermeja,Barrancabermeja,179,0.39732721906028484,0.014832744475919927,0.014832744475919927,-0.014832744475919927,17461
Barrancabermeja,Barrancabermeja,180,0.3959810391605234,0.014832744475919927,0.014832744475919927,-0.014832744475919927,17461
Barrancabermeja,Barrancabermeja,181,0.3954061525203412,0.014832744475919927,0.014832744475919927,-0.014832744475919927,17461
Barrancabermeja,Barrancabermeja,182,0.39506794956808844,0.014832744475919927,0.014832744475919927,-0.014832744475919927,17461
Barrancabermeja,Barrancabermeja,183,0.3936548992337705,0.014832744475919927,0.014832744475919927,-0.014832744475919927,17461
Barrancabermeja,Barrancabermeja,184,0.39210676817788515,0.014832744475919927,0.014832744475919927,-0.014832744475919927,17461
Barrancabermeja,Barrancabermeja,185,0.3901821160292645,0.014832744475919927,0.014832744475919927,-0.014832744475919927,17461
Barrancabermeja,Barrancabermeja,186,0.3878762766086104,0.014832744475919927,0.014832744475919927,-0.014832744475919927,17461
Barrancabermeja,Barrancabermeja,187,0.38435924868233473,0.014832744475919927,0.014832744475919927,-0.014832744475919927,17461
Barrancabermeja,Barrancabermeja,188,0.3800953243183926,0.014832744475919927,0.014832744475919927,-0.014832744475919927,17461
Barrancabermeja,Barrancabermeja,189,0.37595315381335054,0.014832744475919927,0.014832744475919927,-0.014832744475919927,17461
Barrancabermeja,Barrancabermeja,190,0.3724259985891754,0.014832744475919927,0.014832744475919927,-0.014832744475919927,17461
Barrancabermeja,Barrancabermeja,191,0.3684226019905604,0.014832744475919927,0.014832744475919927,-0.014832744475919927,17461
Barrancabermeja,Barrancabermeja,192,0.3632820240849128,0.014832744475919927,0.014832744475919927,-0.014832744475919927,17461
Barrancabermeja,Barrancabermeja,193,0.35792427244331826,0.014832744475919927,0.014832744475919927,-0.014832744475919927,17461
Barrancabermeja,Barrancabermeja,194,0.3525599153322921,0.014832744475919927,0.014832744475919927,-0.014832744475919927,17461
Barrancabermeja,Barrancabermeja,195,0.3477293189856047,0.014832744475919927,0.014832744475919927,-0.014832744475919927,17461
Barrancabermeja,Barrancabermeja,196,0.3426443434660183,0.014832744475919927,0.014832744475919927,-0.014832744475919927,17461
Barrancabermeja,Barrancabermeja,197,0.3365933171433461,0.014832744475919927,0.014832744475919927,-0.014832744475919927,17461
Barrancabermeja,Barrancabermeja,198,0.33014228854170774,0.014832744475919927,0.014832744475919927,-0.014832744475919927,17461
Barrancabermeja,Barrancabermeja,199,0.32342138232088374,0.014832744475919927,0.014832744475919927,-0.014832744475919927,17461
Barrancabermeja,Barrancabermeja,200,0.31649707132377974,0.014832744475919927,0.014832744475919927,-0.014832744475919927,17461
Barrancabermeja,Barrancabermeja,201,0.30895915171786126,0.014832744475919927,0.014832744475919927,-0.014832744475919927,17461
Barrancabermeja,Barrancabermeja,202,0.3015985301477011,0.014832744475919927,0.014832744475919927,-0.014832744475919927,17461
Barrancabermeja,Barrancabermeja,203,0.2938496215463984,0.014832744475919927,0.014832744475919927,-0.014832744475919927,17461
Barrancabermeja,Barrancabermeja,204,0.28559863838911537,0.014832744475919927,0.014832744475919927,-0.014832744475919927,17461
Barrancabermeja,Barrancabermeja,205,0.27820671168879,0.014832744475919927,0.014832744475919927,-0.014832744475919927,17461
Barrancabermeja,Barrancabermeja,206,0.2697515866849841,0.014832744475919927,0.014832744475919927,-0.014832744475919927,17461
Barrancabermeja,Barrancabermeja,207,0.2615086327450765,0.014832744475919927,0.014832744475919927,-0.014832744475919927,17461
Barrancabermeja,Barrancabermeja,208,0.2528614151554735,0.014832744475919927,0.014832744475919927,-0.014832744475919927,17461
Barrancabermeja,Barrancabermeja,209,0.2445527704605996,0.014832744475919927,0.014832744475919927,-0.014832744475919927,17461
Barrancabermeja,Barrancabermeja,210,0.23545476882693478,0.014832744475919927,0.014832744475919927,-0.014832744475919927,17461
Barrancabermeja,Barrancabermeja,211,0.22551883593924188,0.014832744475919927,0.014832744475919927,-0.014832744475919927,17461
Barrancabermeja,Barrancabermeja,212,0.21522840687869185,0.014832744475919927,0.014832744475919927,-0.014832744475919927,17461
Barrancabermeja,Barrancabermeja,213,0.20520974656141594,0.014832744475919927,0.014832744475919927,-0.014832744475919927,17461
Barrancabermeja,Barrancabermeja,214,0.1945084863019271,0.014832744475919927,0.014832744475919927,-0.014832744475919927,17461
Barrancabermeja,Barrancabermeja,215,0.18321587572535525,0.014832744475919927,0.014832744475919927,-0.014832744475919927,17461
Barrancabermeja,Barrancabermeja,216,0.17229829484774506,0.014832744475919927,0.014832744475919927,-0.014832744475919927,17461
Barrancabermeja,Barrancabermeja,217,0.16238945181818068,0.014832744475919927,0.014832744475919927,-0.014832744475919927,17461
Barrancabermeja,Barrancabermeja,218,0.1526991025090513,0.014832744475919927,0.014832744475919927,-0.014832744475919927,17461
Barrancabermeja,Barrancabermeja,219,0.14296652080358987,0.014832744475919927,0.014832744475919927,-0.014832744475919927,17461
Barrancabermeja,Barrancabermeja,220,0.13352404688663894,0.014832744475919927,0.014832744475919927,-0.014832744475919927,17461
Barrancabermeja,Barrancabermeja,221,0.12312533769007612,0.014832744475919927,0.014832744475919927,-0.014832744475919927,17461
Barrancabermeja,Barrancabermeja,222,0.11282099498148694,0.014832744475919927,0.014832744475919927,-0.014832744475919927,17461
Barrancabermeja,Barrancabermeja,223,0.10205757948758093,0.014832744475919927,0.014832744475919927,-0.014832744475919927,17461
Barrancabermeja,Barrancabermeja,224,0.0908740996577519,0.014832744475919927,0.014832744475919927,-0.014832744475919927,17461
Barrancabermeja,Barrancabermeja,225,0.0806157808683715,0.014832744475919927,0.014832744475919927,-0.014832744475919927,17461
Barrancabermeja,Barrancabermeja,226,0.0707584535942813,0.014832744475919927,0.014832744475919927,-0.014832744475919927,17461
Barrancabermeja,Barrancabermeja,227,0.061483834093569036,0.014832744475919927,0.014832744475919927,-0.014832744475919927,17461
Barrancabermeja,Barrancabermeja,228,0.05166043143887098,0.014832744475919927,0.014832744475919927,-0.014832744475919927,17461
Barrancabermeja,Barrancabermeja,229,0.0418616145170467,0.014832744475919927,0.014832744475919927,-0.014832744475919927,17461
Barrancabermeja,Barrancabermeja,230,0.03263346343164516,0.014832744475919927,0.014832744475919927,-0.014832744475919927,17461
Barrancabermeja,Barrancabermeja,231,0.02463679546285138,0.014832744475919927,0.014832744475919927,-0.014832744475919927,17461
Barrancabermeja,Barrancabermeja,232,0.01697149057306495,0.014832744475919927,0.014832744475919927,-0.014832744475919927,17461
Barrancabermeja,Barrancabermeja,233,0.008523642812822897,0.014832744475919927,0.014832744475919927,-0.014832744475919927,17461
Barrancabermeja,Barrancabermeja,234,-0.0003420310489308918,0.014832744475919927,0.014832744475919927,-0.014832744475919927,17461
Barrancabermeja,Barrancabermeja,235,-0.008797348841049726,0.014832744475919927,0.014832744475919927,-0.014832744475919927,17461
Barrancabermeja,Barrancabermeja,236,-0.017935258644508515,0.014832744475919927,0.014832744475919927,-0.014832744475919927,17461
Barrancabermeja,Barrancabermeja,237,-0.0270333792736445,0.014832744475919927,0.014832744475919927,-0.014832744475919927,17461
Barrancabermeja,Barrancabermeja,238,-0.035223740911326254,0.014832744475919927,0.014832744475919927,-0.014832744475919927,17461
Barrancabermeja,Barrancabermeja,239,-0.04252384203530544,0.014832744475919927,0.014832744475919927,-0.014832744475919927,17461
Barrancabermeja,Barrancabermeja,240,-0.0495838025558419,0.014832744475919927,0.014832744475919927,-0.014832744475919927,17461
Barrancabermeja,Barrancabermeja,241,-0.056424694080012015,0.014832744475919927,0.014832744475919927,-0.014832744475919927,17461
Barrancabermeja,Barrancabermeja,242,-0.06277756972480857,0.014832744475919927,0.014832744475919927,-0.014832744475919927,17461
Barrancabermeja,Barrancabermeja,243,-0.06872678871947115,0.014832744475919927,0.014832744475919927,-0.014832744475919927,17461
Barrancabermeja,Barrancabermeja,244,-0.07417863034314333,0.014832744475919927,0.014832744475919927,-0.014832744475919927,17461
Barrancabermeja,Barrancabermeja,245,-0.07954536340523012,0.014832744475919927,0.014832744475919927,-0.014832744475919927,17461
Barrancabermeja,Barrancabermeja,246,-0.08568983682127984,0.014832744475919927,0.014832744475919927,-0.014832744475919927,17461
Barrancabermeja,Barrancabermeja,247,-0.0912549500396013,0.014832744475919927,0.014832744475919927,-0.014832744475919927,17461
Barrancabermeja,Barrancabermeja,248,-0.09614772047682782,0.014832744475919927,0.014832744475919927,-0.014832744475919927,17461
Barrancabermeja,Barrancabermeja,249,-0.10114340967590867,0.014832744475919927,0.014832744475919927,-0.014832744475919927,17461
Barrancabermeja,Barrancabermeja,250,-0.1069906869192209,0.014832744475919927,0.014832744475919927,-0.014832744475919927,17461
Barrancabermeja,Barrancabermeja,251,-0.11235691206873805,0.014832744475919927,0.014832744475919927,-0.014832744475919927,17461
Barrancabermeja,Barrancabermeja,252,-0.11703280884610252,0.014832744475919927,0.014832744475919927,-0.014832744475919927,17461
Barrancabermeja,Barrancabermeja,253,-0.1215866345248424,0.014832744475919927,0.014832744475919927,-0.014832744475919927,17461
Barrancabermeja,Barrancabermeja,254,-0.12667458099518056,0.014832744475919927,0.014832744475919927,-0.014832744475919927,17461
Barrancabermeja,Barrancabermeja,255,-0.1325358302189159,0.014832744475919927,0.014832744475919927,-0.014832744475919927,17461
Barrancabermeja,Barrancabermeja,256,-0.1382965269975744,0.014832744475919927,0.014832744475919927,-0.014832744475919927,17461
Barrancabermeja,Barrancabermeja,257,-0.14388511704301118,0.014832744475919927,0.014832744475919927,-0.014832744475919927,17461
Barrancabermeja,Barrancabermeja,258,-0.1487767539867189,0.014832744475919927,0.014832744475919927,-0.014832744475919927,17461
Barrancabermeja,Barrancabermeja,259,-0.1532210096506289,0.014832744475919927,0.014832744475919927,-0.014832744475919927,17461
Barrancabermeja,Barrancabermeja,260,-0.1576062695258065,0.014832744475919927,0.014832744475919927,-0.014832744475919927,17461
Barrancabermeja,Barrancabermeja,261,-0.16174290609404632,0.014832744475919927,0.014832744475919927,-0.014832744475919927,17461
Barrancabermeja,Barrancabermeja,262,-0.1652975700487015,0.014832744475919927,0.014832744475919927,-0.014832744475919927,17461
Barrancabermeja,Barrancabermeja,263,-0.1682315983884386,0.014832744475919927,0.014832744475919927,-0.014832744475919927,17461
Barrancabermeja,Barrancabermeja,264,-0.17144618859613903,0.014832744475919927,0.014832744475919927,-0.014832744475919927,17461
Barrancabermeja,Barrancabermeja,265,-0.17433774285510345,0.014832744475919927,0.014832744475919927,-0.014832744475919927,17461
Barrancabermeja,Barrancabermeja,266,-0.1762310053535729,0.014832744475919927,0.014832744475919927,-0.014832744475919927,17461
Barrancabermeja,Barrancabermeja,267,-0.1777249741178647,0.014832744475919927,0.014832744475919927,-0.014832744475919927,17461
Barrancabermeja,Barrancabermeja,268,-0.1783202224252152,0.014832744475919927,0.014832744475919927,-0.014832744475919927,17461
Barrancabermeja,Barrancabermeja,269,-0.17852077529145452,0.014832744475919927,0.014832744475919927,-0.014832744475919927,17461
Barrancabermeja,Barrancabermeja,270,-0.17811977192625705,0.014832744475919927,0.014832744475919927,-0.014832744475919927,17461
Barrancabermeja,Barrancabermeja,271,-0.17705687448981328,0.014832744475919927,0.014832744475919927,-0.014832744475919927,17461
Barrancabermeja,Barrancabermeja,272,-0.17519851801942996,0.014832744475919927,0.014832744475919927,-0.014832744475919927,17461
Barrancabermeja,Barrancabermeja,273,-0.17301687133275462,0.014832744475919927,0.014832744475919927,-0.014832744475919927,17461
Barrancabermeja,Barrancabermeja,274,-0.1694282584301498,0.014832744475919927,0.014832744475919927,-0.014832744475919927,17461
Barrancabermeja,Barrancabermeja,275,-0.16584546202525405,0.014832744475919927,0.014832744475919927,-0.014832744475919927,17461
Barrancabermeja,Barrancabermeja,276,-0.16144554392163635,0.014832744475919927,0.014832744475919927,-0.014832744475919927,17461
Barrancabermeja,Barrancabermeja,277,-0.1580819633311695,0.014832744475919927,0.014832744475919927,-0.014832744475919927,17461
Barrancabermeja,Barrancabermeja,278,-0.15481035886163,0.014832744475919927,0.014832744475919927,-0.014832744475919927,17461
Barrancabermeja,Barrancabermeja,279,-0.15226320738974808,0.014832744475919927,0.014832744475919927,-0.014832744475919927,17461
Barrancabermeja,Barrancabermeja,280,-0.15054009570818522,0.014832744475919927,0.014832744475919927,-0.014832744475919927,17461
Barrancabermeja,Barrancabermeja,281,-0.14869121003159652,0.014832744475919927,0.014832744475919927,-0.014832744475919927,17461
Barrancabermeja,Barrancabermeja,282,-0.14621796591835493,0.014832744475919927,0.014832744475919927,-0.014832744475919927,17461
Barrancabermeja,Barrancabermeja,283,-0.1432720417479388,0.014832744475919927,0.014832744475919927,-0.014832744475919927,17461
Barrancabermeja,Barrancabermeja,284,-0.1394407718395367,0.014832744475919927,0.014832744475919927,-0.014832744475919927,17461
Barrancabermeja,Barrancabermeja,285,-0.13447092976763092,0.014832744475919927,0.014832744475919927,-0.014832744475919927,17461
Barrancabermeja,Barrancabermeja,286,-0.12832884901467856,0.014832744475919927,0.014832744475919927,-0.014832744475919927,17461
Barrancabermeja,Barrancabermeja,287,-0.12290773497076561,0.014832744475919927,0.014832744475919927,-0.014832744475919927,17461
Barrancabermeja,Barrancabermeja,288,-0.11929738563347438,0.014832744475919927,0.014832744475919927,-0.014832744475919927,17461
Barrancabermeja,Barrancabermeja,289,-0.11588589341930339,0.014832744475919927,0.014832744475919927,-0.014832744475919927,17461
Barrancabermeja,Barrancabermeja,290,-0.11134089338696977,0.014832744475919927,0.014832744475919927,-0.014832744475919927,17461
Barrancabermeja,Barrancabermeja,291,-0.10619208548264411,0.014832744475919927,0.014832744475919927,-0.014832744475919927,17461
Barrancabermeja,Barrancabermeja,292,-0.1013031224489964,0.014832744475919927,0.014832744475919927,-0.014832744475919927,17461
Barrancabermeja,Barrancabermeja,293,-0.09563031985650731,0.014832744475919927,0.014832744475919927,-0.014832744475919927,17461
Barrancabermeja,Barrancabermeja,294,-0.08959903603246669,0.014832744475919927,0.014832744475919927,-0.014832744475919927,17461
Barrancabermeja,Barrancabermeja,295,-0.08380031464551778,0.014832744475919927,0.014832744475919927,-0.014832744475919927,17461
Barrancabermeja,Barrancabermeja,296,-0.07816978146217918,0.014832744475919927,0.014832744475919927,-0.014832744475919927,17461
Barrancabermeja,Barrancabermeja,297,-0.07298543485240536,0.014832744475919927,0.014832744475919927,-0.014832744475919927,17461
Barrancabermeja,Barrancabermeja,298,-0.06691166796534115,0.014832744475919927,0.014832744475919927,-0.014832744475919927,17461
Barrancabermeja,Barrancabermeja,299,-0.060403289730626246,0.014832744475919927,0.014832744475919927,-0.014832744475919927,17461
Barrancabermeja,Barrancabermeja,300,-0.05439773070946413,0.014832744475919927,0.014832744475919927,-0.014832744475919927,17461
Barrancabermeja,Barrancabermeja,301,-0.04791994382478986,0.014832744475919927,0.014832744475919927,-0.014832744475919927,17461
Barrancabermeja,Barrancabermeja,302,-0.04094765285812095,0.014832744475919927,0.014832744475919927,-0.014832744475919927,17461
Barrancabermeja,Barrancabermeja,303,-0.03407158382190156,0.014832744475919927,0.014832744475919927,-0.014832744475919927,17461
Barrancabermeja,Barrancabermeja,304,-0.02630391028402587,0.014832744475919927,0.014832744475919927,-0.014832744475919927,17461
Barrancabermeja,Barrancabermeja,305,-0.01764604882797553,0.014832744475919927,0.014832744475919927,-0.014832744475919927,17461
Barrancabermeja,Barrancabermeja,306,-0.008779111055494298,0.014832744475919927,0.014832744475919927,-0.014832744475919927,17461
Barrancabermeja,Barrancabermeja,307,0.0001428049193976018,0.014832744475919927,0.014832744475919927,-0.014832744475919927,17461
Barrancabermeja,Barrancabermeja,308,0.009102999546453123,0.014832744475919927,0.014832744475919927,-0.014832744475919927,17461
Barrancabermeja,Barrancabermeja,309,0.017540043417844813,0.014832744475919927,0.014832744475919927,-0.014832744475919927,17461
Barrancabermeja,Barrancabermeja,310,0.025358531808714647,0.014832744475919927,0.014832744475919927,-0.014832744475919927,17461
Barrancabermeja,Barrancabermeja,311,0.033671734950164796,0.014832744475919927,0.014832744475919927,-0.014832744475919927,17461
Barrancabermeja,Barrancabermeja,312,0.042782192161950165,0.014832744475919927,0.014832744475919927,-0.014832744475919927,17461
Barrancabermeja,Barrancabermeja,313,0.051808071897603315,0.014832744475919927,0.014832744475919927,-0.014832744475919927,17461
Barrancabermeja,Barrancabermeja,314,0.061933281059972714,0.014832744475919927,0.014832744475919927,-0.014832744475919927,17461
Barrancabermeja,Barrancabermeja,315,0.07208556179709315,0.014832744475919927,0.014832744475919927,-0.014832744475919927,17461
Barrancabermeja,Barrancabermeja,316,0.08252992404865196,0.014832744475919927,0.014832744475919927,-0.014832744475919927,17461
Barrancabermeja,Barrancabermeja,317,0.09279405344380394,0.014832744475919927,0.014832744475919927,-0.014832744475919927,17461
Barrancabermeja,Barrancabermeja,318,0.10239110936566778,0.014832744475919927,0.014832744475919927,-0.014832744475919927,17461
Barrancabermeja,Barrancabermeja,319,0.11154687404165159,0.014832744475919927,0.014832744475919927,-0.014832744475919927,17461
Barrancabermeja,Barrancabermeja,320,0.11992441053041526,0.014832744475919927,0.014832744475919927,-0.014832744475919927,17461
Barrancabermeja,Barrancabermeja,321,0.12889615947250427,0.014832744475919927,0.014832744475919927,-0.014832744475919927,17461
Barrancabermeja,Barrancabermeja,322,0.13740341693795521,0.014832744475919927,0.014832744475919927,-0.014832744475919927,17461
Barrancabermeja,Barrancabermeja,323,0.14608928228033946,0.014832744475919927,0.014832744475919927,-0.014832744475919927,17461
Barrancabermeja,Barrancabermeja,324,0.15589722730435757,0.014832744475919927,0.014832744475919927,-0.014832744475919927,17461
Barrancabermeja,Barrancabermeja,325,0.16666738972415168,0.014832744475919927,0.014832744475919927,-0.014832744475919927,17461
Barrancabermeja,Barrancabermeja,326,0.17692154050750408,0.014832744475919927,0.014832744475919927,-0.014832744475919927,17461
Barrancabermeja,Barrancabermeja,327,0.18606770041202375,0.014832744475919927,0.014832744475919927,-0.014832744475919927,17461
Barrancabermeja,Barrancabermeja,328,0.19367248529460743,0.014832744475919927,0.014832744475919927,-0.014832744475919927,17461
Barrancabermeja,Barrancabermeja,329,0.20007766227117518,0.014832744475919927,0.014832744475919927,-0.014832744475919927,17461
Barrancabermeja,Barrancabermeja,330,0.20630794288279597,0.014832744475919927,0.014832744475919927,-0.014832744475919927,17461
Barrancabermeja,Barrancabermeja,331,0.21304014765560433,0.014832744475919927,0.014832744475919927,-0.014832744475919927,17461
Barrancabermeja,Barrancabermeja,332,0.2194213388046479,0.014832744475919927,0.014832744475919927,-0.014832744475919927,17461
Barrancabermeja,Barrancabermeja,333,0.22542475252962496,0.014832744475919927,0.014832744475919927,-0.014832744475919927,17461
Barrancabermeja,Barrancabermeja,334,0.23068971814145617,0.014832744475919927,0.014832744475919927,-0.014832744475919927,17461
Barrancabermeja,Barrancabermeja,335,0.23467989648409013,0.014832744475919927,0.014832744475919927,-0.014832744475919927,17461
Barrancabermeja,Barrancabermeja,336,0.23950495187864088,0.014832744475919927,0.014832744475919927,-0.014832744475919927,17461
Barrancabermeja,Barrancabermeja,337,0.24531397356061568,0.014832744475919927,0.014832744475919927,-0.014832744475919927,17461
Barrancabermeja,Barrancabermeja,338,0.25026761336445563,0.014832744475919927,0.014832744475919927,-0.014832744475919927,17461
Barrancabermeja,Barrancabermeja,339,0.25488403839095464,0.014832744475919927,0.014832744475919927,-0.014832744475919927,17461
Barrancabermeja,Barrancabermeja,340,0.2596802457932861,0.014832744475919927,0.014832744475919927,-0.014832744475919927,17461
Barrancabermeja,Barrancabermeja,341,0.2648452757857738,0.014832744475919927,0.014832744475919927,-0.014832744475919927,17461
Barrancabermeja,Barrancabermeja,342,0.2699869265387897,0.014832744475919927,0.014832744475919927,-0.014832744475919927,17461
Barrancabermeja,Barrancabermeja,343,0.2743434914607808,0.014832744475919927,0.014832744475919927,-0.014832744475919927,17461
Barrancabermeja,Barrancabermeja,344,0.27707861555763635,0.014832744475919927,0.014832744475919927,-0.014832744475919927,17461
Barrancabermeja,Barrancabermeja,345,0.27865838281560745,0.014832744475919927,0.014832744475919927,-0.014832744475919927,17461
Barrancabermeja,Barrancabermeja,346,0.28057315459149634,0.014832744475919927,0.014832744475919927,-0.014832744475919927,17461
Barrancabermeja,Barrancabermeja,347,0.2819517126150565,0.014832744475919927,0.014832744475919927,-0.014832744475919927,17461
Barrancabermeja,Barrancabermeja,348,0.28244677160937176,0.014832744475919927,0.014832744475919927,-0.014832744475919927,17461
Barrancabermeja,Barrancabermeja,349,0.2834522632684301,0.014832744475919927,0.014832744475919927,-0.014832744475919927,17461
Barrancabermeja,Barrancabermeja,350,0.2847364317571348,0.014832744475919927,0.014832744475919927,-0.014832744475919927,17461
Barrancabermeja,Barrancabermeja,351,0.28600388337299,0.014832744475919927,0.014832744475919927,-0.014832744475919927,17461
Barrancabermeja,Barrancabermeja,352,0.2871918673368122,0.014832744475919927,0.014832744475919927,-0.014832744475919927,17461
Barrancabermeja,Barrancabermeja,353,0.28953494127004564,0.014832744475919927,0.014832744475919927,-0.014832744475919927,17461
Barrancabermeja,Barrancabermeja,354,0.2924938772796776,0.014832744475919927,0.014832744475919927,-0.014832744475919927,17461
Barrancabermeja,Barrancabermeja,355,0.293968592455867,0.014832744475919927,0.014832744475919927,-0.014832744475919927,17461
Barrancabermeja,Barrancabermeja,356,0.29393448415882195,0.014832744475919927,0.014832744475919927,-0.014832744475919927,17461
Barrancabermeja,Barrancabermeja,357,0.29373535522648014,0.014832744475919927,0.014832744475919927,-0.014832744475919927,17461
Barrancabermeja,Barrancabermeja,358,0.29322577206088896,0.014832744475919927,0.014832744475919927,-0.014832744475919927,17461
Barrancabermeja,Barrancabermeja,359,0.29258863399557666,0.014832744475919927,0.014832744475919927,-0.014832744475919927,17461
Barrancabermeja,Barrancabermeja,360,0.2923561601839839,0.014832744475919927,0.014832744475919927,-0.014832744475919927,17461
