epoch,loss_train,loss_val,mae_train,mae_val,mse_train,mse_val,gap_abs_val_train_loss,fold,modelo,numInputs,units,dropout,learning_rate,batch_size,scaler,patience,epochs_max,early_stopping_monitor,best_epoch_val_loss_fold,best_val_loss_fold,epochs_usados_fold
1,0.04837551340460777,0.010003951378166676,0.14728417992591858,0.07774226367473602,0.04837551340460777,0.010003951378166676,0.0383715620264411,0,RNN,15,64,0.1,0.0005,32,"MinMaxScaler(-1,1)",20,150,val_loss,69,0.003502202220261097,89
2,0.013888952322304249,0.00743053900077939,0.08853191882371902,0.06652244925498962,0.013888952322304249,0.00743053900077939,0.0064584133215248585,0,RNN,15,64,0.1,0.0005,32,"MinMaxScaler(-1,1)",20,150,val_loss,69,0.003502202220261097,89
3,0.011459015309810638,0.006226920522749424,0.08027481287717819,0.05902108550071716,0.011459015309810638,0.006226920522749424,0.0052320947870612144,0,RNN,15,64,0.1,0.0005,32,"MinMaxScaler(-1,1)",20,150,val_loss,69,0.003502202220261097,89
4,0.009736626408994198,0.006019855383783579,0.073615662753582,0.058642372488975525,0.009736626408994198,0.006019855383783579,0.003716771025210619,0,RNN,15,64,0.1,0.0005,32,"MinMaxScaler(-1,1)",20,150,val_loss,69,0.003502202220261097,89
5,0.008995654992759228,0.005262242164462805,0.07069512456655502,0.052462298423051834,0.008995654992759228,0.005262242164462805,0.003733412828296423,0,RNN,15,64,0.1,0.0005,32,"MinMaxScaler(-1,1)",20,150,val_loss,69,0.003502202220261097,89
6,0.008473922498524189,0.005079249385744333,0.06800546497106552,0.05139921233057976,0.008473922498524189,0.005079249385744333,0.0033946731127798557,0,RNN,15,64,0.1,0.0005,32,"MinMaxScaler(-1,1)",20,150,val_loss,69,0.003502202220261097,89
7,0.00804473552852869,0.00488990917801857,0.06602000445127487,0.05004379153251648,0.00804473552852869,0.00488990917801857,0.0031548263505101204,0,RNN,15,64,0.1,0.0005,32,"MinMaxScaler(-1,1)",20,150,val_loss,69,0.003502202220261097,89
8,0.007470067590475082,0.004765935707837343,0.06416424363851547,0.04949948191642761,0.007470067590475082,0.004765935707837343,0.002704131882637739,0,RNN,15,64,0.1,0.0005,32,"MinMaxScaler(-1,1)",20,150,val_loss,69,0.003502202220261097,89
9,0.007272951304912567,0.0048780604265630245,0.0626756027340889,0.05075826868414879,0.007272951304912567,0.0048780604265630245,0.0023948908783495426,0,RNN,15,64,0.1,0.0005,32,"MinMaxScaler(-1,1)",20,150,val_loss,69,0.003502202220261097,89
10,0.007036762312054634,0.004514576867222786,0.0616905651986599,0.0475379079580307,0.007036762312054634,0.004514576867222786,0.002522185444831848,0,RNN,15,64,0.1,0.0005,32,"MinMaxScaler(-1,1)",20,150,val_loss,69,0.003502202220261097,89
11,0.0067428904585540295,0.004397520795464516,0.060450226068496704,0.04666529595851898,0.0067428904585540295,0.004397520795464516,0.0023453696630895138,0,RNN,15,64,0.1,0.0005,32,"MinMaxScaler(-1,1)",20,150,val_loss,69,0.003502202220261097,89
12,0.0065558599308133125,0.004352012649178505,0.05929586663842201,0.046372801065444946,0.0065558599308133125,0.004352012649178505,0.0022038472816348076,0,RNN,15,64,0.1,0.0005,32,"MinMaxScaler(-1,1)",20,150,val_loss,69,0.003502202220261097,89
13,0.006278325337916613,0.00425649294629693,0.057921260595321655,0.04539884254336357,0.006278325337916613,0.00425649294629693,0.0020218323916196823,0,RNN,15,64,0.1,0.0005,32,"MinMaxScaler(-1,1)",20,150,val_loss,69,0.003502202220261097,89
14,0.006355591118335724,0.004203801974654198,0.058384429663419724,0.04532337188720703,0.006355591118335724,0.004203801974654198,0.002151789143681526,0,RNN,15,64,0.1,0.0005,32,"MinMaxScaler(-1,1)",20,150,val_loss,69,0.003502202220261097,89
15,0.006320573389530182,0.004122037906199694,0.05817278474569321,0.04385339096188545,0.006320573389530182,0.004122037906199694,0.002198535483330488,0,RNN,15,64,0.1,0.0005,32,"MinMaxScaler(-1,1)",20,150,val_loss,69,0.003502202220261097,89
16,0.006110474932938814,0.004055718891322613,0.05692484974861145,0.04371453449130058,0.006110474932938814,0.004055718891322613,0.0020547560416162014,0,RNN,15,64,0.1,0.0005,32,"MinMaxScaler(-1,1)",20,150,val_loss,69,0.003502202220261097,89
17,0.005920469760894775,0.004048661328852177,0.05600740760564804,0.04363488778471947,0.005920469760894775,0.004048661328852177,0.0018718084320425987,0,RNN,15,64,0.1,0.0005,32,"MinMaxScaler(-1,1)",20,150,val_loss,69,0.003502202220261097,89
18,0.005781539250165224,0.0040406733751297,0.05531959980726242,0.04430445656180382,0.005781539250165224,0.0040406733751297,0.0017408658750355244,0,RNN,15,64,0.1,0.0005,32,"MinMaxScaler(-1,1)",20,150,val_loss,69,0.003502202220261097,89
19,0.005797515623271465,0.003980003297328949,0.05544871464371681,0.043432895094156265,0.005797515623271465,0.003980003297328949,0.0018175123259425163,0,RNN,15,64,0.1,0.0005,32,"MinMaxScaler(-1,1)",20,150,val_loss,69,0.003502202220261097,89
20,0.0056032151915133,0.003975957632064819,0.054506365209817886,0.04264961555600166,0.0056032151915133,0.003975957632064819,0.0016272575594484806,0,RNN,15,64,0.1,0.0005,32,"MinMaxScaler(-1,1)",20,150,val_loss,69,0.003502202220261097,89
21,0.0055406345054507256,0.003880301723256707,0.054164495319128036,0.04224085807800293,0.0055406345054507256,0.003880301723256707,0.0016603327821940184,0,RNN,15,64,0.1,0.0005,32,"MinMaxScaler(-1,1)",20,150,val_loss,69,0.003502202220261097,89
22,0.005538031924515963,0.003895167028531432,0.054019030183553696,0.042072173207998276,0.005538031924515963,0.003895167028531432,0.0016428648959845304,0,RNN,15,64,0.1,0.0005,32,"MinMaxScaler(-1,1)",20,150,val_loss,69,0.003502202220261097,89
23,0.005537590477615595,0.0038465596735477448,0.05388743802905083,0.04175389185547829,0.005537590477615595,0.0038465596735477448,0.0016910308040678501,0,RNN,15,64,0.1,0.0005,32,"MinMaxScaler(-1,1)",20,150,val_loss,69,0.003502202220261097,89
24,0.005416541360318661,0.0038067088462412357,0.05301479995250702,0.04148085415363312,0.005416541360318661,0.0038067088462412357,0.001609832514077425,0,RNN,15,64,0.1,0.0005,32,"MinMaxScaler(-1,1)",20,150,val_loss,69,0.003502202220261097,89
25,0.005420684348791838,0.0038388799875974655,0.053068432956933975,0.04213913902640343,0.005420684348791838,0.0038388799875974655,0.0015818043611943722,0,RNN,15,64,0.1,0.0005,32,"MinMaxScaler(-1,1)",20,150,val_loss,69,0.003502202220261097,89
26,0.0053781005553901196,0.003762440290302038,0.05296386778354645,0.041394174098968506,0.0053781005553901196,0.003762440290302038,0.0016156602650880814,0,RNN,15,64,0.1,0.0005,32,"MinMaxScaler(-1,1)",20,150,val_loss,69,0.003502202220261097,89
27,0.005176730453968048,0.003779555903747678,0.05214066058397293,0.04126015305519104,0.005176730453968048,0.003779555903747678,0.0013971745502203703,0,RNN,15,64,0.1,0.0005,32,"MinMaxScaler(-1,1)",20,150,val_loss,69,0.003502202220261097,89
28,0.005122821312397718,0.003774522338062525,0.051681287586688995,0.04176494851708412,0.005122821312397718,0.003774522338062525,0.0013482989743351936,0,RNN,15,64,0.1,0.0005,32,"MinMaxScaler(-1,1)",20,150,val_loss,69,0.003502202220261097,89
29,0.005147317424416542,0.0037308987230062485,0.05176372453570366,0.041130371391773224,0.005147317424416542,0.0037308987230062485,0.0014164187014102936,0,RNN,15,64,0.1,0.0005,32,"MinMaxScaler(-1,1)",20,150,val_loss,69,0.003502202220261097,89
30,0.005042201839387417,0.003704686416313052,0.050931625068187714,0.04076165333390236,0.005042201839387417,0.003704686416313052,0.0013375154230743647,0,RNN,15,64,0.1,0.0005,32,"MinMaxScaler(-1,1)",20,150,val_loss,69,0.003502202220261097,89
31,0.005007164552807808,0.003733587684109807,0.05101843923330307,0.04084265977144241,0.005007164552807808,0.003733587684109807,0.001273576868698001,0,RNN,15,64,0.1,0.0005,32,"MinMaxScaler(-1,1)",20,150,val_loss,69,0.003502202220261097,89
32,0.00494771171361208,0.0036869400646537542,0.05043533444404602,0.04027996212244034,0.00494771171361208,0.0036869400646537542,0.0012607716489583254,0,RNN,15,64,0.1,0.0005,32,"MinMaxScaler(-1,1)",20,150,val_loss,69,0.003502202220261097,89
33,0.005036520306020975,0.003718004794791341,0.05084338039159775,0.04101180657744408,0.005036520306020975,0.003718004794791341,0.0013185155112296343,0,RNN,15,64,0.1,0.0005,32,"MinMaxScaler(-1,1)",20,150,val_loss,69,0.003502202220261097,89
34,0.00506014097481966,0.003651459002867341,0.05082843452692032,0.040058378130197525,0.00506014097481966,0.003651459002867341,0.0014086819719523191,0,RNN,15,64,0.1,0.0005,32,"MinMaxScaler(-1,1)",20,150,val_loss,69,0.003502202220261097,89
35,0.004845070652663708,0.003627300728112459,0.04993642866611481,0.03994611278176308,0.004845070652663708,0.003627300728112459,0.0012177699245512486,0,RNN,15,64,0.1,0.0005,32,"MinMaxScaler(-1,1)",20,150,val_loss,69,0.003502202220261097,89
36,0.0047669196501374245,0.0036259687040001154,0.049542296677827835,0.040300462394952774,0.0047669196501374245,0.0036259687040001154,0.001140950946137309,0,RNN,15,64,0.1,0.0005,32,"MinMaxScaler(-1,1)",20,150,val_loss,69,0.003502202220261097,89
37,0.004923850763589144,0.0036386405117809772,0.05027519538998604,0.0399947389960289,0.004923850763589144,0.0036386405117809772,0.0012852102518081665,0,RNN,15,64,0.1,0.0005,32,"MinMaxScaler(-1,1)",20,150,val_loss,69,0.003502202220261097,89
38,0.004840714391320944,0.003619189839810133,0.049911852926015854,0.039683133363723755,0.004840714391320944,0.003619189839810133,0.0012215245515108109,0,RNN,15,64,0.1,0.0005,32,"MinMaxScaler(-1,1)",20,150,val_loss,69,0.003502202220261097,89
39,0.004789426457136869,0.003653640393167734,0.049561820924282074,0.04019546136260033,0.004789426457136869,0.003653640393167734,0.0011357860639691353,0,RNN,15,64,0.1,0.0005,32,"MinMaxScaler(-1,1)",20,150,val_loss,69,0.003502202220261097,89
40,0.0047901710495352745,0.0036298860795795918,0.04939054697751999,0.04007292166352272,0.0047901710495352745,0.0036298860795795918,0.0011602849699556828,0,RNN,15,64,0.1,0.0005,32,"MinMaxScaler(-1,1)",20,150,val_loss,69,0.003502202220261097,89
41,0.004731571301817894,0.00358147663064301,0.049159154295921326,0.03939855843782425,0.004731571301817894,0.00358147663064301,0.0011500946711748838,0,RNN,15,64,0.1,0.0005,32,"MinMaxScaler(-1,1)",20,150,val_loss,69,0.003502202220261097,89
42,0.004671517759561539,0.003570377826690674,0.04871836304664612,0.03941036015748978,0.004671517759561539,0.003570377826690674,0.0011011399328708649,0,RNN,15,64,0.1,0.0005,32,"MinMaxScaler(-1,1)",20,150,val_loss,69,0.003502202220261097,89
43,0.004774573724716902,0.0035591230262070894,0.0494299978017807,0.0394468791782856,0.004774573724716902,0.0035591230262070894,0.0012154506985098124,0,RNN,15,64,0.1,0.0005,32,"MinMaxScaler(-1,1)",20,150,val_loss,69,0.003502202220261097,89
44,0.004696371033787727,0.003654880914837122,0.048885881900787354,0.04039981961250305,0.004696371033787727,0.003654880914837122,0.0010414901189506054,0,RNN,15,64,0.1,0.0005,32,"MinMaxScaler(-1,1)",20,150,val_loss,69,0.003502202220261097,89
45,0.004706603474915028,0.0035859346389770508,0.04890422895550728,0.03938949853181839,0.004706603474915028,0.0035859346389770508,0.0011206688359379768,0,RNN,15,64,0.1,0.0005,32,"MinMaxScaler(-1,1)",20,150,val_loss,69,0.003502202220261097,89
46,0.004528990481048822,0.003540837438777089,0.04757751524448395,0.03909468278288841,0.004528990481048822,0.003540837438777089,0.0009881530422717333,0,RNN,15,64,0.1,0.0005,32,"MinMaxScaler(-1,1)",20,150,val_loss,69,0.003502202220261097,89
47,0.004401391372084618,0.003570716828107834,0.04726456478238106,0.03971901163458824,0.004401391372084618,0.003570716828107834,0.0008306745439767838,0,RNN,15,64,0.1,0.0005,32,"MinMaxScaler(-1,1)",20,150,val_loss,69,0.003502202220261097,89
48,0.004534966312348843,0.0035394567530602217,0.047937385737895966,0.03914615139365196,0.004534966312348843,0.0035394567530602217,0.000995509559288621,0,RNN,15,64,0.1,0.0005,32,"MinMaxScaler(-1,1)",20,150,val_loss,69,0.003502202220261097,89
49,0.004520532675087452,0.0035311782266944647,0.04759639874100685,0.03891940787434578,0.004520532675087452,0.0035311782266944647,0.0009893544483929873,0,RNN,15,64,0.1,0.0005,32,"MinMaxScaler(-1,1)",20,150,val_loss,69,0.003502202220261097,89
50,0.0045665567740798,0.003537887940183282,0.04781344160437584,0.039151523262262344,0.0045665567740798,0.003537887940183282,0.0010286688338965178,0,RNN,15,64,0.1,0.0005,32,"MinMaxScaler(-1,1)",20,150,val_loss,69,0.003502202220261097,89
51,0.004450059961527586,0.003543566446751356,0.04720195382833481,0.03919598460197449,0.004450059961527586,0.003543566446751356,0.0009064935147762299,0,RNN,15,64,0.1,0.0005,32,"MinMaxScaler(-1,1)",20,150,val_loss,69,0.003502202220261097,89
52,0.004488800652325153,0.0035811010748147964,0.04737135022878647,0.03971763700246811,0.004488800652325153,0.0035811010748147964,0.0009076995775103569,0,RNN,15,64,0.1,0.0005,32,"MinMaxScaler(-1,1)",20,150,val_loss,69,0.003502202220261097,89
53,0.004341642837971449,0.003554772352799773,0.047048769891262054,0.03949415311217308,0.004341642837971449,0.003554772352799773,0.0007868704851716757,0,RNN,15,64,0.1,0.0005,32,"MinMaxScaler(-1,1)",20,150,val_loss,69,0.003502202220261097,89
54,0.004513743333518505,0.0035499895457178354,0.047443099319934845,0.03929191455245018,0.004513743333518505,0.0035499895457178354,0.0009637537878006697,0,RNN,15,64,0.1,0.0005,32,"MinMaxScaler(-1,1)",20,150,val_loss,69,0.003502202220261097,89
55,0.0044438899494707584,0.0035381424240767956,0.04725829139351845,0.0391610786318779,0.0044438899494707584,0.0035381424240767956,0.0009057475253939629,0,RNN,15,64,0.1,0.0005,32,"MinMaxScaler(-1,1)",20,150,val_loss,69,0.003502202220261097,89
56,0.004453214351087809,0.0035269504878669977,0.04704577475786209,0.03906925395131111,0.004453214351087809,0.0035269504878669977,0.0009262638632208109,0,RNN,15,64,0.1,0.0005,32,"MinMaxScaler(-1,1)",20,150,val_loss,69,0.003502202220261097,89
57,0.004369620233774185,0.0035316171124577522,0.04663408547639847,0.03913614898920059,0.004369620233774185,0.0035316171124577522,0.000838003121316433,0,RNN,15,64,0.1,0.0005,32,"MinMaxScaler(-1,1)",20,150,val_loss,69,0.003502202220261097,89
58,0.0043212478049099445,0.003517511999234557,0.04668278247117996,0.03890104964375496,0.0043212478049099445,0.003517511999234557,0.0008037358056753874,0,RNN,15,64,0.1,0.0005,32,"MinMaxScaler(-1,1)",20,150,val_loss,69,0.003502202220261097,89
59,0.004349561408162117,0.0035232354421168566,0.04656577482819557,0.0390179380774498,0.004349561408162117,0.0035232354421168566,0.0008263259660452604,0,RNN,15,64,0.1,0.0005,32,"MinMaxScaler(-1,1)",20,150,val_loss,69,0.003502202220261097,89
60,0.004423608537763357,0.003549890359863639,0.04705042392015457,0.03959568217396736,0.004423608537763357,0.003549890359863639,0.0008737181778997183,0,RNN,15,64,0.1,0.0005,32,"MinMaxScaler(-1,1)",20,150,val_loss,69,0.003502202220261097,89
61,0.004308062139898539,0.003533371724188328,0.04632847011089325,0.03912469744682312,0.004308062139898539,0.003533371724188328,0.0007746904157102108,0,RNN,15,64,0.1,0.0005,32,"MinMaxScaler(-1,1)",20,150,val_loss,69,0.003502202220261097,89
62,0.00436645932495594,0.003514079377055168,0.04654240980744362,0.038796260952949524,0.00436645932495594,0.003514079377055168,0.0008523799479007721,0,RNN,15,64,0.1,0.0005,32,"MinMaxScaler(-1,1)",20,150,val_loss,69,0.003502202220261097,89
63,0.0043860930018126965,0.003529907902702689,0.046898189932107925,0.03911701217293739,0.0043860930018126965,0.003529907902702689,0.0008561850991100073,0,RNN,15,64,0.1,0.0005,32,"MinMaxScaler(-1,1)",20,150,val_loss,69,0.003502202220261097,89
64,0.004449816886335611,0.0035235995892435312,0.04697102680802345,0.03910914063453674,0.004449816886335611,0.0035235995892435312,0.0009262172970920801,0,RNN,15,64,0.1,0.0005,32,"MinMaxScaler(-1,1)",20,150,val_loss,69,0.003502202220261097,89
65,0.004212258383631706,0.003517717821523547,0.04606339707970619,0.03892592340707779,0.004212258383631706,0.003517717821523547,0.0006945405621081591,0,RNN,15,64,0.1,0.0005,32,"MinMaxScaler(-1,1)",20,150,val_loss,69,0.003502202220261097,89
66,0.004404051695019007,0.00354486214928329,0.046761758625507355,0.03939924016594887,0.004404051695019007,0.00354486214928329,0.0008591895457357168,0,RNN,15,64,0.1,0.0005,32,"MinMaxScaler(-1,1)",20,150,val_loss,69,0.003502202220261097,89
67,0.00430593965575099,0.00351388705894351,0.04630361497402191,0.038922056555747986,0.00430593965575099,0.00351388705894351,0.0007920525968074799,0,RNN,15,64,0.1,0.0005,32,"MinMaxScaler(-1,1)",20,150,val_loss,69,0.003502202220261097,89
68,0.004283233545720577,0.0035114246420562267,0.04616605117917061,0.03892318531870842,0.004283233545720577,0.0035114246420562267,0.0007718089036643505,0,RNN,15,64,0.1,0.0005,32,"MinMaxScaler(-1,1)",20,150,val_loss,69,0.003502202220261097,89
69,0.004308060742914677,0.003502202220261097,0.046450965106487274,0.03857170045375824,0.004308060742914677,0.003502202220261097,0.0008058585226535797,0,RNN,15,64,0.1,0.0005,32,"MinMaxScaler(-1,1)",20,150,val_loss,69,0.003502202220261097,89
70,0.004319002386182547,0.0035080474335700274,0.046131160110235214,0.03871813789010048,0.004319002386182547,0.0035080474335700274,0.0008109549526125193,0,RNN,15,64,0.1,0.0005,32,"MinMaxScaler(-1,1)",20,150,val_loss,69,0.003502202220261097,89
71,0.004305563867092133,0.0035232475493103266,0.04647788032889366,0.0391375906765461,0.004305563867092133,0.0035232475493103266,0.000782316317781806,0,RNN,15,64,0.1,0.0005,32,"MinMaxScaler(-1,1)",20,150,val_loss,69,0.003502202220261097,89
72,0.0042252507992088795,0.003527035005390644,0.04590331390500069,0.03930996358394623,0.0042252507992088795,0.003527035005390644,0.0006982157938182354,0,RNN,15,64,0.1,0.0005,32,"MinMaxScaler(-1,1)",20,150,val_loss,69,0.003502202220261097,89
73,0.004197211470454931,0.0035111785400658846,0.04552138224244118,0.03893481567502022,0.004197211470454931,0.0035111785400658846,0.0006860329303890467,0,RNN,15,64,0.1,0.0005,32,"MinMaxScaler(-1,1)",20,150,val_loss,69,0.003502202220261097,89
74,0.004284555558115244,0.0035267253406345844,0.04615240916609764,0.03932790458202362,0.004284555558115244,0.0035267253406345844,0.0007578302174806595,0,RNN,15,64,0.1,0.0005,32,"MinMaxScaler(-1,1)",20,150,val_loss,69,0.003502202220261097,89
75,0.004266149364411831,0.0035075447522103786,0.04621194303035736,0.038765355944633484,0.004266149364411831,0.0035075447522103786,0.0007586046122014523,0,RNN,15,64,0.1,0.0005,32,"MinMaxScaler(-1,1)",20,150,val_loss,69,0.003502202220261097,89
76,0.004356469959020615,0.003506068605929613,0.046507224440574646,0.03870681673288345,0.004356469959020615,0.003506068605929613,0.0008504013530910015,0,RNN,15,64,0.1,0.0005,32,"MinMaxScaler(-1,1)",20,150,val_loss,69,0.003502202220261097,89
77,0.00427418015897274,0.0035038848873227835,0.04606792703270912,0.03862195089459419,0.00427418015897274,0.0035038848873227835,0.0007702952716499567,0,RNN,15,64,0.1,0.0005,32,"MinMaxScaler(-1,1)",20,150,val_loss,69,0.003502202220261097,89
78,0.004327697213739157,0.0035086413845419884,0.046422313898801804,0.038823485374450684,0.004327697213739157,0.0035086413845419884,0.0008190558291971684,0,RNN,15,64,0.1,0.0005,32,"MinMaxScaler(-1,1)",20,150,val_loss,69,0.003502202220261097,89
79,0.004243458155542612,0.003508331486955285,0.045651644468307495,0.03880370408296585,0.004243458155542612,0.003508331486955285,0.000735126668587327,0,RNN,15,64,0.1,0.0005,32,"MinMaxScaler(-1,1)",20,150,val_loss,69,0.003502202220261097,89
80,0.004296956583857536,0.0035126940347254276,0.04604586958885193,0.03893141821026802,0.004296956583857536,0.0035126940347254276,0.0007842625491321087,0,RNN,15,64,0.1,0.0005,32,"MinMaxScaler(-1,1)",20,150,val_loss,69,0.003502202220261097,89
81,0.004247291944921017,0.003507465124130249,0.046088919043540955,0.03861985728144646,0.004247291944921017,0.003507465124130249,0.0007398268207907677,0,RNN,15,64,0.1,0.0005,32,"MinMaxScaler(-1,1)",20,150,val_loss,69,0.003502202220261097,89
82,0.00413576839491725,0.0035063191317021847,0.04522943124175072,0.038688596338033676,0.00413576839491725,0.0035063191317021847,0.000629449263215065,0,RNN,15,64,0.1,0.0005,32,"MinMaxScaler(-1,1)",20,150,val_loss,69,0.003502202220261097,89
83,0.004223016556352377,0.003503431100398302,0.04593856632709503,0.03849531710147858,0.004223016556352377,0.003503431100398302,0.0007195854559540749,0,RNN,15,64,0.1,0.0005,32,"MinMaxScaler(-1,1)",20,150,val_loss,69,0.003502202220261097,89
84,0.004165634047240019,0.0035024001263082027,0.04554828628897667,0.03855569288134575,0.004165634047240019,0.0035024001263082027,0.0006632339209318161,0,RNN,15,64,0.1,0.0005,32,"MinMaxScaler(-1,1)",20,150,val_loss,69,0.003502202220261097,89
85,0.004266807343810797,0.0035077857319265604,0.04590592533349991,0.038786888122558594,0.004266807343810797,0.0035077857319265604,0.0007590216118842363,0,RNN,15,64,0.1,0.0005,32,"MinMaxScaler(-1,1)",20,150,val_loss,69,0.003502202220261097,89
86,0.004226188641041517,0.003503920743241906,0.04564216732978821,0.03859131038188934,0.004226188641041517,0.003503920743241906,0.0007222678977996111,0,RNN,15,64,0.1,0.0005,32,"MinMaxScaler(-1,1)",20,150,val_loss,69,0.003502202220261097,89
87,0.004234684631228447,0.0035023351665586233,0.04585149511694908,0.03841591626405716,0.004234684631228447,0.0035023351665586233,0.0007323494646698236,0,RNN,15,64,0.1,0.0005,32,"MinMaxScaler(-1,1)",20,150,val_loss,69,0.003502202220261097,89
88,0.004294324666261673,0.0035073580220341682,0.04596656188368797,0.03828846663236618,0.004294324666261673,0.0035073580220341682,0.0007869666442275047,0,RNN,15,64,0.1,0.0005,32,"MinMaxScaler(-1,1)",20,150,val_loss,69,0.003502202220261097,89
89,0.004196088295429945,0.0035034772008657455,0.0457172617316246,0.038438402116298676,0.004196088295429945,0.0035034772008657455,0.0006926110945641994,0,RNN,15,64,0.1,0.0005,32,"MinMaxScaler(-1,1)",20,150,val_loss,69,0.003502202220261097,89
1,0.05471966788172722,0.01779581792652607,0.1685890108346939,0.1025984063744545,0.05471966788172722,0.01779581792652607,0.03692384995520115,1,RNN,15,64,0.1,0.0005,32,"MinMaxScaler(-1,1)",20,150,val_loss,106,0.0031848836224526167,126
2,0.01658959873020649,0.007489976938813925,0.09723684936761856,0.06650077551603317,0.01658959873020649,0.007489976938813925,0.009099621791392565,1,RNN,15,64,0.1,0.0005,32,"MinMaxScaler(-1,1)",20,150,val_loss,106,0.0031848836224526167,126
3,0.011321157217025757,0.006377529352903366,0.07948494702577591,0.06052210181951523,0.011321157217025757,0.006377529352903366,0.004943627864122391,1,RNN,15,64,0.1,0.0005,32,"MinMaxScaler(-1,1)",20,150,val_loss,106,0.0031848836224526167,126
4,0.009853008203208447,0.005652847234159708,0.07370556145906448,0.05506300553679466,0.009853008203208447,0.005652847234159708,0.0042001609690487385,1,RNN,15,64,0.1,0.0005,32,"MinMaxScaler(-1,1)",20,150,val_loss,106,0.0031848836224526167,126
5,0.009130716323852539,0.005434008315205574,0.07089236378669739,0.053628697991371155,0.009130716323852539,0.005434008315205574,0.003696708008646965,1,RNN,15,64,0.1,0.0005,32,"MinMaxScaler(-1,1)",20,150,val_loss,106,0.0031848836224526167,126
6,0.008489586412906647,0.005116221494972706,0.06778890639543533,0.05120375007390976,0.008489586412906647,0.005116221494972706,0.003373364917933941,1,RNN,15,64,0.1,0.0005,32,"MinMaxScaler(-1,1)",20,150,val_loss,106,0.0031848836224526167,126
7,0.008094239048659801,0.005017921794205904,0.06620536744594574,0.050620999187231064,0.008094239048659801,0.005017921794205904,0.0030763172544538975,1,RNN,15,64,0.1,0.0005,32,"MinMaxScaler(-1,1)",20,150,val_loss,106,0.0031848836224526167,126
8,0.007775661535561085,0.004696792922914028,0.06462282687425613,0.047961119562387466,0.007775661535561085,0.004696792922914028,0.0030788686126470566,1,RNN,15,64,0.1,0.0005,32,"MinMaxScaler(-1,1)",20,150,val_loss,106,0.0031848836224526167,126
9,0.007133965380489826,0.004672922194004059,0.062119487673044205,0.048486288636922836,0.007133965380489826,0.004672922194004059,0.0024610431864857674,1,RNN,15,64,0.1,0.0005,32,"MinMaxScaler(-1,1)",20,150,val_loss,106,0.0031848836224526167,126
10,0.0069703287445008755,0.004569557961076498,0.06119322031736374,0.047852061688899994,0.0069703287445008755,0.004569557961076498,0.0024007707834243774,1,RNN,15,64,0.1,0.0005,32,"MinMaxScaler(-1,1)",20,150,val_loss,106,0.0031848836224526167,126
11,0.006711840629577637,0.0044328924268484116,0.05988089367747307,0.04666997864842415,0.006711840629577637,0.0044328924268484116,0.002278948202729225,1,RNN,15,64,0.1,0.0005,32,"MinMaxScaler(-1,1)",20,150,val_loss,106,0.0031848836224526167,126
12,0.006621352396905422,0.004467057529836893,0.05927862226963043,0.04754847288131714,0.006621352396905422,0.004467057529836893,0.002154294867068529,1,RNN,15,64,0.1,0.0005,32,"MinMaxScaler(-1,1)",20,150,val_loss,106,0.0031848836224526167,126
13,0.006483517587184906,0.004245904739946127,0.059032734483480453,0.04549584165215492,0.006483517587184906,0.004245904739946127,0.002237612847238779,1,RNN,15,64,0.1,0.0005,32,"MinMaxScaler(-1,1)",20,150,val_loss,106,0.0031848836224526167,126
14,0.00632055476307869,0.004164370242506266,0.05810347571969032,0.045036472380161285,0.00632055476307869,0.004164370242506266,0.002156184520572424,1,RNN,15,64,0.1,0.0005,32,"MinMaxScaler(-1,1)",20,150,val_loss,106,0.0031848836224526167,126
15,0.006217757239937782,0.004217129200696945,0.05719974637031555,0.04545147344470024,0.006217757239937782,0.004217129200696945,0.002000628039240837,1,RNN,15,64,0.1,0.0005,32,"MinMaxScaler(-1,1)",20,150,val_loss,106,0.0031848836224526167,126
16,0.006095203571021557,0.004238598048686981,0.05684364214539528,0.04631635546684265,0.006095203571021557,0.004238598048686981,0.0018566055223345757,1,RNN,15,64,0.1,0.0005,32,"MinMaxScaler(-1,1)",20,150,val_loss,106,0.0031848836224526167,126
17,0.006048617418855429,0.0040079141035676,0.056569963693618774,0.043732836842536926,0.006048617418855429,0.0040079141035676,0.0020407033152878284,1,RNN,15,64,0.1,0.0005,32,"MinMaxScaler(-1,1)",20,150,val_loss,106,0.0031848836224526167,126
18,0.005851471330970526,0.003940078895539045,0.055476486682891846,0.043172549456357956,0.005851471330970526,0.003940078895539045,0.0019113924354314804,1,RNN,15,64,0.1,0.0005,32,"MinMaxScaler(-1,1)",20,150,val_loss,106,0.0031848836224526167,126
19,0.0058013033121824265,0.004050818271934986,0.05512610077857971,0.045026179403066635,0.0058013033121824265,0.004050818271934986,0.0017504850402474403,1,RNN,15,64,0.1,0.0005,32,"MinMaxScaler(-1,1)",20,150,val_loss,106,0.0031848836224526167,126
20,0.005672870669513941,0.003938330803066492,0.05464380979537964,0.04295004531741142,0.005672870669513941,0.003938330803066492,0.0017345398664474487,1,RNN,15,64,0.1,0.0005,32,"MinMaxScaler(-1,1)",20,150,val_loss,106,0.0031848836224526167,126
21,0.005626259371638298,0.003845925908535719,0.054198216646909714,0.042073577642440796,0.005626259371638298,0.003845925908535719,0.0017803334631025791,1,RNN,15,64,0.1,0.0005,32,"MinMaxScaler(-1,1)",20,150,val_loss,106,0.0031848836224526167,126
22,0.0057280706241726875,0.003828480141237378,0.05447760969400406,0.041803475469350815,0.0057280706241726875,0.003828480141237378,0.0018995904829353094,1,RNN,15,64,0.1,0.0005,32,"MinMaxScaler(-1,1)",20,150,val_loss,106,0.0031848836224526167,126
23,0.005628775339573622,0.003752805758267641,0.054226353764534,0.041546545922756195,0.005628775339573622,0.003752805758267641,0.0018759695813059807,1,RNN,15,64,0.1,0.0005,32,"MinMaxScaler(-1,1)",20,150,val_loss,106,0.0031848836224526167,126
24,0.0053466735407710075,0.003738753730431199,0.05281347036361694,0.04131514951586723,0.0053466735407710075,0.003738753730431199,0.0016079198103398085,1,RNN,15,64,0.1,0.0005,32,"MinMaxScaler(-1,1)",20,150,val_loss,106,0.0031848836224526167,126
25,0.005372333340346813,0.003733891760930419,0.052604902535676956,0.041038885712623596,0.005372333340346813,0.003733891760930419,0.0016384415794163942,1,RNN,15,64,0.1,0.0005,32,"MinMaxScaler(-1,1)",20,150,val_loss,106,0.0031848836224526167,126
26,0.005252630449831486,0.0037008696235716343,0.05198530852794647,0.040607016533613205,0.005252630449831486,0.0037008696235716343,0.0015517608262598515,1,RNN,15,64,0.1,0.0005,32,"MinMaxScaler(-1,1)",20,150,val_loss,106,0.0031848836224526167,126
27,0.005280453246086836,0.003675800049677491,0.05215609818696976,0.04030400514602661,0.005280453246086836,0.003675800049677491,0.0016046531964093447,1,RNN,15,64,0.1,0.0005,32,"MinMaxScaler(-1,1)",20,150,val_loss,106,0.0031848836224526167,126
28,0.0052331858314573765,0.00363689917139709,0.05203843116760254,0.04087376594543457,0.0052331858314573765,0.00363689917139709,0.0015962866600602865,1,RNN,15,64,0.1,0.0005,32,"MinMaxScaler(-1,1)",20,150,val_loss,106,0.0031848836224526167,126
29,0.0050707305781543255,0.0036076835822314024,0.051489751785993576,0.040359992533922195,0.0050707305781543255,0.0036076835822314024,0.001463046995922923,1,RNN,15,64,0.1,0.0005,32,"MinMaxScaler(-1,1)",20,150,val_loss,106,0.0031848836224526167,126
30,0.004990430548787117,0.0035814973525702953,0.050968486815690994,0.04030563309788704,0.004990430548787117,0.0035814973525702953,0.0014089331962168217,1,RNN,15,64,0.1,0.0005,32,"MinMaxScaler(-1,1)",20,150,val_loss,106,0.0031848836224526167,126
31,0.005017222836613655,0.0035795820876955986,0.050744038075208664,0.039912570267915726,0.005017222836613655,0.0035795820876955986,0.0014376407489180565,1,RNN,15,64,0.1,0.0005,32,"MinMaxScaler(-1,1)",20,150,val_loss,106,0.0031848836224526167,126
32,0.004898699466139078,0.003524579107761383,0.05029936879873276,0.039919622242450714,0.004898699466139078,0.003524579107761383,0.001374120358377695,1,RNN,15,64,0.1,0.0005,32,"MinMaxScaler(-1,1)",20,150,val_loss,106,0.0031848836224526167,126
33,0.004838890396058559,0.0035226596519351006,0.04993494227528572,0.03945719078183174,0.004838890396058559,0.0035226596519351006,0.0013162307441234589,1,RNN,15,64,0.1,0.0005,32,"MinMaxScaler(-1,1)",20,150,val_loss,106,0.0031848836224526167,126
34,0.00498361699283123,0.003497960278764367,0.050805382430553436,0.03934994712471962,0.00498361699283123,0.003497960278764367,0.001485656714066863,1,RNN,15,64,0.1,0.0005,32,"MinMaxScaler(-1,1)",20,150,val_loss,106,0.0031848836224526167,126
35,0.004912670701742172,0.0035028120037168264,0.05028510093688965,0.03921671584248543,0.004912670701742172,0.0035028120037168264,0.0014098586980253458,1,RNN,15,64,0.1,0.0005,32,"MinMaxScaler(-1,1)",20,150,val_loss,106,0.0031848836224526167,126
36,0.004734713118523359,0.003497975179925561,0.04915648326277733,0.0397501178085804,0.004734713118523359,0.003497975179925561,0.0012367379385977983,1,RNN,15,64,0.1,0.0005,32,"MinMaxScaler(-1,1)",20,150,val_loss,106,0.0031848836224526167,126
37,0.0047180550172924995,0.0035065803676843643,0.04940925911068916,0.039209816604852676,0.0047180550172924995,0.0035065803676843643,0.0012114746496081352,1,RNN,15,64,0.1,0.0005,32,"MinMaxScaler(-1,1)",20,150,val_loss,106,0.0031848836224526167,126
38,0.004616514779627323,0.003497794270515442,0.04839475452899933,0.038955897092819214,0.004616514779627323,0.003497794270515442,0.0011187205091118813,1,RNN,15,64,0.1,0.0005,32,"MinMaxScaler(-1,1)",20,150,val_loss,106,0.0031848836224526167,126
39,0.004711678717285395,0.003434927901253104,0.0487709678709507,0.039031583815813065,0.004711678717285395,0.003434927901253104,0.0012767508160322905,1,RNN,15,64,0.1,0.0005,32,"MinMaxScaler(-1,1)",20,150,val_loss,106,0.0031848836224526167,126
40,0.004748244304209948,0.003445114241912961,0.04897591099143028,0.03869730606675148,0.004748244304209948,0.003445114241912961,0.0013031300622969866,1,RNN,15,64,0.1,0.0005,32,"MinMaxScaler(-1,1)",20,150,val_loss,106,0.0031848836224526167,126
41,0.004719216842204332,0.0034639874938875437,0.04882585629820824,0.03887428343296051,0.004719216842204332,0.0034639874938875437,0.0012552293483167887,1,RNN,15,64,0.1,0.0005,32,"MinMaxScaler(-1,1)",20,150,val_loss,106,0.0031848836224526167,126
42,0.0046739839017391205,0.0034166094847023487,0.04860760271549225,0.03900890424847603,0.0046739839017391205,0.0034166094847023487,0.0012573744170367718,1,RNN,15,64,0.1,0.0005,32,"MinMaxScaler(-1,1)",20,150,val_loss,106,0.0031848836224526167,126
43,0.00460700923576951,0.0034030680544674397,0.04832405969500542,0.03843151405453682,0.00460700923576951,0.0034030680544674397,0.0012039411813020706,1,RNN,15,64,0.1,0.0005,32,"MinMaxScaler(-1,1)",20,150,val_loss,106,0.0031848836224526167,126
44,0.004530059173703194,0.003359633032232523,0.047929227352142334,0.0384482778608799,0.004530059173703194,0.003359633032232523,0.0011704261414706707,1,RNN,15,64,0.1,0.0005,32,"MinMaxScaler(-1,1)",20,150,val_loss,106,0.0031848836224526167,126
45,0.004690922796726227,0.0034410320222377777,0.048631321638822556,0.038536954671144485,0.004690922796726227,0.0034410320222377777,0.001249890774488449,1,RNN,15,64,0.1,0.0005,32,"MinMaxScaler(-1,1)",20,150,val_loss,106,0.0031848836224526167,126
46,0.00458147656172514,0.003404456190764904,0.047761496156454086,0.03832261264324188,0.00458147656172514,0.003404456190764904,0.0011770203709602356,1,RNN,15,64,0.1,0.0005,32,"MinMaxScaler(-1,1)",20,150,val_loss,106,0.0031848836224526167,126
47,0.004542457405477762,0.003385655814781785,0.04768506810069084,0.03808518126606941,0.004542457405477762,0.003385655814781785,0.0011568015906959772,1,RNN,15,64,0.1,0.0005,32,"MinMaxScaler(-1,1)",20,150,val_loss,106,0.0031848836224526167,126
48,0.0045814248733222485,0.0033402584958821535,0.047849949449300766,0.038055822253227234,0.0045814248733222485,0.0033402584958821535,0.001241166377440095,1,RNN,15,64,0.1,0.0005,32,"MinMaxScaler(-1,1)",20,150,val_loss,106,0.0031848836224526167,126
49,0.004585552494972944,0.0033931592479348183,0.04818858951330185,0.038195423781871796,0.004585552494972944,0.0033931592479348183,0.001192393247038126,1,RNN,15,64,0.1,0.0005,32,"MinMaxScaler(-1,1)",20,150,val_loss,106,0.0031848836224526167,126
50,0.004482502117753029,0.003323070704936981,0.04716653749346733,0.03771050274372101,0.004482502117753029,0.003323070704936981,0.0011594314128160477,1,RNN,15,64,0.1,0.0005,32,"MinMaxScaler(-1,1)",20,150,val_loss,106,0.0031848836224526167,126
51,0.0044687180779874325,0.003305877558887005,0.047246940433979034,0.03774449974298477,0.0044687180779874325,0.003305877558887005,0.0011628405191004276,1,RNN,15,64,0.1,0.0005,32,"MinMaxScaler(-1,1)",20,150,val_loss,106,0.0031848836224526167,126
52,0.00444733165204525,0.003323797369375825,0.04722847416996956,0.03771883621811867,0.00444733165204525,0.003323797369375825,0.001123534282669425,1,RNN,15,64,0.1,0.0005,32,"MinMaxScaler(-1,1)",20,150,val_loss,106,0.0031848836224526167,126
53,0.004565051756799221,0.003296774113550782,0.04776587709784508,0.03766412287950516,0.004565051756799221,0.003296774113550782,0.0012682776432484388,1,RNN,15,64,0.1,0.0005,32,"MinMaxScaler(-1,1)",20,150,val_loss,106,0.0031848836224526167,126
54,0.004432227928191423,0.0033175558783113956,0.04723832383751869,0.03768491372466087,0.004432227928191423,0.0033175558783113956,0.0011146720498800278,1,RNN,15,64,0.1,0.0005,32,"MinMaxScaler(-1,1)",20,150,val_loss,106,0.0031848836224526167,126
55,0.0043413364328444,0.003312448738142848,0.04607713967561722,0.03754059225320816,0.0043413364328444,0.003312448738142848,0.0010288876947015524,1,RNN,15,64,0.1,0.0005,32,"MinMaxScaler(-1,1)",20,150,val_loss,106,0.0031848836224526167,126
56,0.004427948500961065,0.0033120254520326853,0.047190625220537186,0.03789009153842926,0.004427948500961065,0.0033120254520326853,0.00111592304892838,1,RNN,15,64,0.1,0.0005,32,"MinMaxScaler(-1,1)",20,150,val_loss,106,0.0031848836224526167,126
57,0.004348034504801035,0.0032854140736162663,0.04638199135661125,0.03746490180492401,0.004348034504801035,0.0032854140736162663,0.0010626204311847687,1,RNN,15,64,0.1,0.0005,32,"MinMaxScaler(-1,1)",20,150,val_loss,106,0.0031848836224526167,126
58,0.0043121809139847755,0.003276946023106575,0.046468909829854965,0.03782998397946358,0.0043121809139847755,0.003276946023106575,0.0010352348908782005,1,RNN,15,64,0.1,0.0005,32,"MinMaxScaler(-1,1)",20,150,val_loss,106,0.0031848836224526167,126
59,0.004257976543158293,0.0032606241293251514,0.04595433175563812,0.03727210685610771,0.004257976543158293,0.0032606241293251514,0.0009973524138331413,1,RNN,15,64,0.1,0.0005,32,"MinMaxScaler(-1,1)",20,150,val_loss,106,0.0031848836224526167,126
60,0.0043540773913264275,0.0032509625889360905,0.04641832411289215,0.03722182288765907,0.0043540773913264275,0.0032509625889360905,0.001103114802390337,1,RNN,15,64,0.1,0.0005,32,"MinMaxScaler(-1,1)",20,150,val_loss,106,0.0031848836224526167,126
61,0.004330032505095005,0.0033129719085991383,0.046328432857990265,0.03773429989814758,0.004330032505095005,0.0033129719085991383,0.0010170605964958668,1,RNN,15,64,0.1,0.0005,32,"MinMaxScaler(-1,1)",20,150,val_loss,106,0.0031848836224526167,126
62,0.004230462480336428,0.0032645189203321934,0.04588499292731285,0.03820807859301567,0.004230462480336428,0.0032645189203321934,0.0009659435600042343,1,RNN,15,64,0.1,0.0005,32,"MinMaxScaler(-1,1)",20,150,val_loss,106,0.0031848836224526167,126
63,0.004282438196241856,0.0032951210159808397,0.04568062350153923,0.03887534141540527,0.004282438196241856,0.0032951210159808397,0.000987317180261016,1,RNN,15,64,0.1,0.0005,32,"MinMaxScaler(-1,1)",20,150,val_loss,106,0.0031848836224526167,126
64,0.004191261716187,0.0032440025825053453,0.04539432376623154,0.03785661607980728,0.004191261716187,0.0032440025825053453,0.0009472591336816549,1,RNN,15,64,0.1,0.0005,32,"MinMaxScaler(-1,1)",20,150,val_loss,106,0.0031848836224526167,126
65,0.004209516569972038,0.003231822047382593,0.04535660147666931,0.037752557545900345,0.004209516569972038,0.003231822047382593,0.0009776945225894451,1,RNN,15,64,0.1,0.0005,32,"MinMaxScaler(-1,1)",20,150,val_loss,106,0.0031848836224526167,126
66,0.004151264205574989,0.003233203897252679,0.04497130587697029,0.03777635842561722,0.004151264205574989,0.003233203897252679,0.0009180603083223104,1,RNN,15,64,0.1,0.0005,32,"MinMaxScaler(-1,1)",20,150,val_loss,106,0.0031848836224526167,126
67,0.004206768702715635,0.0032387617975473404,0.04545348510146141,0.03800929710268974,0.004206768702715635,0.0032387617975473404,0.0009680069051682949,1,RNN,15,64,0.1,0.0005,32,"MinMaxScaler(-1,1)",20,150,val_loss,106,0.0031848836224526167,126
68,0.004198020324110985,0.003244578605517745,0.045235130935907364,0.03790636360645294,0.004198020324110985,0.003244578605517745,0.0009534417185932398,1,RNN,15,64,0.1,0.0005,32,"MinMaxScaler(-1,1)",20,150,val_loss,106,0.0031848836224526167,126
69,0.004188224207609892,0.003240121528506279,0.04512173309922218,0.0379447415471077,0.004188224207609892,0.003240121528506279,0.0009481026791036129,1,RNN,15,64,0.1,0.0005,32,"MinMaxScaler(-1,1)",20,150,val_loss,106,0.0031848836224526167,126
70,0.004183495417237282,0.0032164277508854866,0.04519128054380417,0.03754492104053497,0.004183495417237282,0.0032164277508854866,0.0009670676663517952,1,RNN,15,64,0.1,0.0005,32,"MinMaxScaler(-1,1)",20,150,val_loss,106,0.0031848836224526167,126
71,0.0042029982432723045,0.003203165717422962,0.045033976435661316,0.037164222449064255,0.0042029982432723045,0.003203165717422962,0.0009998325258493423,1,RNN,15,64,0.1,0.0005,32,"MinMaxScaler(-1,1)",20,150,val_loss,106,0.0031848836224526167,126
72,0.004145768005400896,0.003233351046219468,0.04506013169884682,0.03783826157450676,0.004145768005400896,0.003233351046219468,0.000912416959181428,1,RNN,15,64,0.1,0.0005,32,"MinMaxScaler(-1,1)",20,150,val_loss,106,0.0031848836224526167,126
73,0.004123034421354532,0.0032325873617082834,0.04456467553973198,0.03770453482866287,0.004123034421354532,0.0032325873617082834,0.0008904470596462488,1,RNN,15,64,0.1,0.0005,32,"MinMaxScaler(-1,1)",20,150,val_loss,106,0.0031848836224526167,126
74,0.004123765509575605,0.003214872209355235,0.04471916705369949,0.03745020180940628,0.004123765509575605,0.003214872209355235,0.0009088933002203703,1,RNN,15,64,0.1,0.0005,32,"MinMaxScaler(-1,1)",20,150,val_loss,106,0.0031848836224526167,126
75,0.00421710591763258,0.0032204706221818924,0.04541860520839691,0.03765910491347313,0.00421710591763258,0.0032204706221818924,0.0009966352954506874,1,RNN,15,64,0.1,0.0005,32,"MinMaxScaler(-1,1)",20,150,val_loss,106,0.0031848836224526167,126
76,0.004165092017501593,0.003201630199328065,0.04502628743648529,0.037222810089588165,0.004165092017501593,0.003201630199328065,0.0009634618181735277,1,RNN,15,64,0.1,0.0005,32,"MinMaxScaler(-1,1)",20,150,val_loss,106,0.0031848836224526167,126
77,0.004141733981668949,0.0032293268013745546,0.044805146753787994,0.03761148080229759,0.004141733981668949,0.0032293268013745546,0.0009124071802943945,1,RNN,15,64,0.1,0.0005,32,"MinMaxScaler(-1,1)",20,150,val_loss,106,0.0031848836224526167,126
78,0.004091912880539894,0.003197003621608019,0.04456526041030884,0.03704404458403587,0.004091912880539894,0.003197003621608019,0.0008949092589318752,1,RNN,15,64,0.1,0.0005,32,"MinMaxScaler(-1,1)",20,150,val_loss,106,0.0031848836224526167,126
79,0.004100169986486435,0.0031939041800796986,0.04489535465836525,0.03685244545340538,0.004100169986486435,0.0031939041800796986,0.0009062658064067364,1,RNN,15,64,0.1,0.0005,32,"MinMaxScaler(-1,1)",20,150,val_loss,106,0.0031848836224526167,126
80,0.004046730697154999,0.003216586308553815,0.04442010447382927,0.03736106678843498,0.004046730697154999,0.003216586308553815,0.0008301443886011839,1,RNN,15,64,0.1,0.0005,32,"MinMaxScaler(-1,1)",20,150,val_loss,106,0.0031848836224526167,126
81,0.004018697887659073,0.003189163515344262,0.0441950298845768,0.0369253046810627,0.004018697887659073,0.003189163515344262,0.0008295343723148108,1,RNN,15,64,0.1,0.0005,32,"MinMaxScaler(-1,1)",20,150,val_loss,106,0.0031848836224526167,126
82,0.004096280317753553,0.003208372974768281,0.04434312507510185,0.03756311908364296,0.004096280317753553,0.003208372974768281,0.0008879073429852724,1,RNN,15,64,0.1,0.0005,32,"MinMaxScaler(-1,1)",20,150,val_loss,106,0.0031848836224526167,126
83,0.004037843551486731,0.0031995177268981934,0.044050343334674835,0.03725815936923027,0.004037843551486731,0.0031995177268981934,0.0008383258245885372,1,RNN,15,64,0.1,0.0005,32,"MinMaxScaler(-1,1)",20,150,val_loss,106,0.0031848836224526167,126
84,0.004023673478513956,0.003197230864316225,0.04384613782167435,0.03727490082383156,0.004023673478513956,0.003197230864316225,0.000826442614197731,1,RNN,15,64,0.1,0.0005,32,"MinMaxScaler(-1,1)",20,150,val_loss,106,0.0031848836224526167,126
85,0.0039773983880877495,0.0032093748450279236,0.04358294606208801,0.0375843271613121,0.0039773983880877495,0.0032093748450279236,0.0007680235430598259,1,RNN,15,64,0.1,0.0005,32,"MinMaxScaler(-1,1)",20,150,val_loss,106,0.0031848836224526167,126
86,0.004006808623671532,0.0032046993728727102,0.044066499918699265,0.037357624620199203,0.004006808623671532,0.0032046993728727102,0.0008021092507988214,1,RNN,15,64,0.1,0.0005,32,"MinMaxScaler(-1,1)",20,150,val_loss,106,0.0031848836224526167,126
87,0.004094076808542013,0.003192310454323888,0.04442892223596573,0.03702075034379959,0.004094076808542013,0.003192310454323888,0.0009017663542181253,1,RNN,15,64,0.1,0.0005,32,"MinMaxScaler(-1,1)",20,150,val_loss,106,0.0031848836224526167,126
88,0.004096212796866894,0.0031885276548564434,0.0444597452878952,0.03710458427667618,0.004096212796866894,0.0031885276548564434,0.0009076851420104504,1,RNN,15,64,0.1,0.0005,32,"MinMaxScaler(-1,1)",20,150,val_loss,106,0.0031848836224526167,126
89,0.003958866000175476,0.0032307617366313934,0.04357576370239258,0.037880294024944305,0.003958866000175476,0.0032307617366313934,0.0007281042635440826,1,RNN,15,64,0.1,0.0005,32,"MinMaxScaler(-1,1)",20,150,val_loss,106,0.0031848836224526167,126
90,0.004053707234561443,0.003208789275959134,0.04408716782927513,0.03751673549413681,0.004053707234561443,0.003208789275959134,0.0008449179586023092,1,RNN,15,64,0.1,0.0005,32,"MinMaxScaler(-1,1)",20,150,val_loss,106,0.0031848836224526167,126
91,0.004098719917237759,0.0032080153468996286,0.04398217424750328,0.03752979263663292,0.004098719917237759,0.0032080153468996286,0.00089070457033813,1,RNN,15,64,0.1,0.0005,32,"MinMaxScaler(-1,1)",20,150,val_loss,106,0.0031848836224526167,126
92,0.004065186250954866,0.0031968140974640846,0.044053301215171814,0.03734244033694267,0.004065186250954866,0.0031968140974640846,0.0008683721534907818,1,RNN,15,64,0.1,0.0005,32,"MinMaxScaler(-1,1)",20,150,val_loss,106,0.0031848836224526167,126
93,0.004040190018713474,0.0032065282575786114,0.04371853917837143,0.037611957639455795,0.004040190018713474,0.0032065282575786114,0.0008336617611348629,1,RNN,15,64,0.1,0.0005,32,"MinMaxScaler(-1,1)",20,150,val_loss,106,0.0031848836224526167,126
94,0.00400568637996912,0.0032054397743195295,0.043860048055648804,0.037598006427288055,0.00400568637996912,0.0032054397743195295,0.0008002466056495905,1,RNN,15,64,0.1,0.0005,32,"MinMaxScaler(-1,1)",20,150,val_loss,106,0.0031848836224526167,126
95,0.003934334497898817,0.003187650116160512,0.043558914214372635,0.03706797957420349,0.003934334497898817,0.003187650116160512,0.0007466843817383051,1,RNN,15,64,0.1,0.0005,32,"MinMaxScaler(-1,1)",20,150,val_loss,106,0.0031848836224526167,126
96,0.004061541520059109,0.0031930417753756046,0.04387690871953964,0.03720464929938316,0.004061541520059109,0.0031930417753756046,0.0008684997446835041,1,RNN,15,64,0.1,0.0005,32,"MinMaxScaler(-1,1)",20,150,val_loss,106,0.0031848836224526167,126
97,0.003953297156840563,0.003199405036866665,0.04355044662952423,0.037490613758563995,0.003953297156840563,0.003199405036866665,0.0007538921199738979,1,RNN,15,64,0.1,0.0005,32,"MinMaxScaler(-1,1)",20,150,val_loss,106,0.0031848836224526167,126
98,0.004010834265500307,0.0031864012125879526,0.04394526779651642,0.0369720421731472,0.004010834265500307,0.0031864012125879526,0.0008244330529123545,1,RNN,15,64,0.1,0.0005,32,"MinMaxScaler(-1,1)",20,150,val_loss,106,0.0031848836224526167,126
99,0.004000839311629534,0.0031932361889630556,0.043758194893598557,0.03727902099490166,0.004000839311629534,0.0031932361889630556,0.0008076031226664782,1,RNN,15,64,0.1,0.0005,32,"MinMaxScaler(-1,1)",20,150,val_loss,106,0.0031848836224526167,126
100,0.003989944700151682,0.0031998378690332174,0.04369092360138893,0.037482138723134995,0.003989944700151682,0.0031998378690332174,0.0007901068311184645,1,RNN,15,64,0.1,0.0005,32,"MinMaxScaler(-1,1)",20,150,val_loss,106,0.0031848836224526167,126
101,0.0038846516981720924,0.003193173324689269,0.043133608996868134,0.03726278245449066,0.0038846516981720924,0.003193173324689269,0.0006914783734828234,1,RNN,15,64,0.1,0.0005,32,"MinMaxScaler(-1,1)",20,150,val_loss,106,0.0031848836224526167,126
102,0.0040329378098249435,0.003188755828887224,0.044015973806381226,0.03716539964079857,0.0040329378098249435,0.003188755828887224,0.0008441819809377193,1,RNN,15,64,0.1,0.0005,32,"MinMaxScaler(-1,1)",20,150,val_loss,106,0.0031848836224526167,126
103,0.003959284164011478,0.0031856251880526543,0.043634478002786636,0.036886222660541534,0.003959284164011478,0.0031856251880526543,0.0007736589759588242,1,RNN,15,64,0.1,0.0005,32,"MinMaxScaler(-1,1)",20,150,val_loss,106,0.0031848836224526167,126
104,0.0039808619767427444,0.0031868754886090755,0.04378436878323555,0.03702104464173317,0.0039808619767427444,0.0031868754886090755,0.0007939864881336689,1,RNN,15,64,0.1,0.0005,32,"MinMaxScaler(-1,1)",20,150,val_loss,106,0.0031848836224526167,126
105,0.003955060616135597,0.003185624023899436,0.04344290494918823,0.03694191202521324,0.003955060616135597,0.003185624023899436,0.0007694365922361612,1,RNN,15,64,0.1,0.0005,32,"MinMaxScaler(-1,1)",20,150,val_loss,106,0.0031848836224526167,126
106,0.003954230807721615,0.0031848836224526167,0.04351351782679558,0.036894842982292175,0.003954230807721615,0.0031848836224526167,0.0007693471852689981,1,RNN,15,64,0.1,0.0005,32,"MinMaxScaler(-1,1)",20,150,val_loss,106,0.0031848836224526167,126
107,0.00398984644562006,0.003185090608894825,0.04357649385929108,0.03685830533504486,0.00398984644562006,0.003185090608894825,0.000804755836725235,1,RNN,15,64,0.1,0.0005,32,"MinMaxScaler(-1,1)",20,150,val_loss,106,0.0031848836224526167,126
108,0.004040518309921026,0.0031856908462941647,0.04383152350783348,0.03689859062433243,0.004040518309921026,0.0031856908462941647,0.0008548274636268616,1,RNN,15,64,0.1,0.0005,32,"MinMaxScaler(-1,1)",20,150,val_loss,106,0.0031848836224526167,126
109,0.003909202758222818,0.0031875118147581816,0.04317007213830948,0.03703757002949715,0.003909202758222818,0.0031875118147581816,0.0007216909434646368,1,RNN,15,64,0.1,0.0005,32,"MinMaxScaler(-1,1)",20,150,val_loss,106,0.0031848836224526167,126
110,0.003931688144803047,0.003191710915416479,0.043350089341402054,0.037222638726234436,0.003931688144803047,0.003191710915416479,0.0007399772293865681,1,RNN,15,64,0.1,0.0005,32,"MinMaxScaler(-1,1)",20,150,val_loss,106,0.0031848836224526167,126
111,0.0039001198019832373,0.003189553041011095,0.04310854896903038,0.036793798208236694,0.0039001198019832373,0.003189553041011095,0.0007105667609721422,1,RNN,15,64,0.1,0.0005,32,"MinMaxScaler(-1,1)",20,150,val_loss,106,0.0031848836224526167,126
112,0.003982226829975843,0.0031901795882731676,0.04351627454161644,0.03684712201356888,0.003982226829975843,0.0031901795882731676,0.0007920472417026758,1,RNN,15,64,0.1,0.0005,32,"MinMaxScaler(-1,1)",20,150,val_loss,106,0.0031848836224526167,126
113,0.003991363104432821,0.003190881572663784,0.0436817891895771,0.0370243564248085,0.003991363104432821,0.003190881572663784,0.0008004815317690372,1,RNN,15,64,0.1,0.0005,32,"MinMaxScaler(-1,1)",20,150,val_loss,106,0.0031848836224526167,126
114,0.003987287636846304,0.0031892627011984587,0.04393637552857399,0.03674951568245888,0.003987287636846304,0.0031892627011984587,0.0007980249356478453,1,RNN,15,64,0.1,0.0005,32,"MinMaxScaler(-1,1)",20,150,val_loss,106,0.0031848836224526167,126
115,0.0038851210847496986,0.0031905146315693855,0.043031033128499985,0.03668615594506264,0.0038851210847496986,0.0031905146315693855,0.0006946064531803131,1,RNN,15,64,0.1,0.0005,32,"MinMaxScaler(-1,1)",20,150,val_loss,106,0.0031848836224526167,126
116,0.003851336892694235,0.003191163530573249,0.04306071251630783,0.03668125718832016,0.003851336892694235,0.003191163530573249,0.000660173362120986,1,RNN,15,64,0.1,0.0005,32,"MinMaxScaler(-1,1)",20,150,val_loss,106,0.0031848836224526167,126
117,0.003914974629878998,0.003187668975442648,0.04296184331178665,0.03681333363056183,0.003914974629878998,0.003187668975442648,0.0007273056544363499,1,RNN,15,64,0.1,0.0005,32,"MinMaxScaler(-1,1)",20,150,val_loss,106,0.0031848836224526167,126
118,0.003949478734284639,0.0031890778336673975,0.04348581284284592,0.03662758320569992,0.003949478734284639,0.0031890778336673975,0.0007604009006172419,1,RNN,15,64,0.1,0.0005,32,"MinMaxScaler(-1,1)",20,150,val_loss,106,0.0031848836224526167,126
119,0.0038912969175726175,0.003189787035807967,0.04314810037612915,0.03673560172319412,0.0038912969175726175,0.003189787035807967,0.0007015098817646503,1,RNN,15,64,0.1,0.0005,32,"MinMaxScaler(-1,1)",20,150,val_loss,106,0.0031848836224526167,126
120,0.0038957870565354824,0.0031876193825155497,0.04319234937429428,0.036761581897735596,0.0038957870565354824,0.0031876193825155497,0.0007081676740199327,1,RNN,15,64,0.1,0.0005,32,"MinMaxScaler(-1,1)",20,150,val_loss,106,0.0031848836224526167,126
121,0.00393702881410718,0.0031902194023132324,0.04306471347808838,0.03694426640868187,0.00393702881410718,0.0031902194023132324,0.0007468094117939472,1,RNN,15,64,0.1,0.0005,32,"MinMaxScaler(-1,1)",20,150,val_loss,106,0.0031848836224526167,126
122,0.003896034089848399,0.003188900649547577,0.043401122093200684,0.03680192679166794,0.003896034089848399,0.003188900649547577,0.0007071334403008223,1,RNN,15,64,0.1,0.0005,32,"MinMaxScaler(-1,1)",20,150,val_loss,106,0.0031848836224526167,126
123,0.003944773226976395,0.0031897888984531164,0.043310392647981644,0.03678280860185623,0.003944773226976395,0.0031897888984531164,0.0007549843285232782,1,RNN,15,64,0.1,0.0005,32,"MinMaxScaler(-1,1)",20,150,val_loss,106,0.0031848836224526167,126
124,0.003927063196897507,0.0031905232463032007,0.04332165792584419,0.03678895905613899,0.003927063196897507,0.0031905232463032007,0.000736539950594306,1,RNN,15,64,0.1,0.0005,32,"MinMaxScaler(-1,1)",20,150,val_loss,106,0.0031848836224526167,126
125,0.003939529415220022,0.003189499955624342,0.04325444623827934,0.03685421496629715,0.003939529415220022,0.003189499955624342,0.0007500294595956802,1,RNN,15,64,0.1,0.0005,32,"MinMaxScaler(-1,1)",20,150,val_loss,106,0.0031848836224526167,126
126,0.003922490403056145,0.0031890522222965956,0.04329950362443924,0.0367550328373909,0.003922490403056145,0.0031890522222965956,0.0007334381807595491,1,RNN,15,64,0.1,0.0005,32,"MinMaxScaler(-1,1)",20,150,val_loss,106,0.0031848836224526167,126
1,0.0460943728685379,0.010446038097143173,0.15106278657913208,0.07936831563711166,0.0460943728685379,0.010446038097143173,0.03564833477139473,2,RNN,15,64,0.1,0.0005,32,"MinMaxScaler(-1,1)",20,150,val_loss,53,0.0035740502644330263,73
2,0.013787513598799706,0.006984413135796785,0.08752427250146866,0.06312104314565659,0.013787513598799706,0.006984413135796785,0.00680310046300292,2,RNN,15,64,0.1,0.0005,32,"MinMaxScaler(-1,1)",20,150,val_loss,53,0.0035740502644330263,73
3,0.011403273791074753,0.006336621008813381,0.07924077659845352,0.059335194528102875,0.011403273791074753,0.006336621008813381,0.005066652782261372,2,RNN,15,64,0.1,0.0005,32,"MinMaxScaler(-1,1)",20,150,val_loss,53,0.0035740502644330263,73
4,0.010399855673313141,0.006124550476670265,0.07509314268827438,0.057566381990909576,0.010399855673313141,0.006124550476670265,0.004275305196642876,2,RNN,15,64,0.1,0.0005,32,"MinMaxScaler(-1,1)",20,150,val_loss,53,0.0035740502644330263,73
5,0.009589249268174171,0.005732841789722443,0.07171283662319183,0.05422254651784897,0.009589249268174171,0.005732841789722443,0.003856407478451729,2,RNN,15,64,0.1,0.0005,32,"MinMaxScaler(-1,1)",20,150,val_loss,53,0.0035740502644330263,73
6,0.008810111321508884,0.005636379588395357,0.06862304359674454,0.053980752825737,0.008810111321508884,0.005636379588395357,0.0031737317331135273,2,RNN,15,64,0.1,0.0005,32,"MinMaxScaler(-1,1)",20,150,val_loss,53,0.0035740502644330263,73
7,0.008526795543730259,0.005404222756624222,0.06731939315795898,0.05166085436940193,0.008526795543730259,0.005404222756624222,0.003122572787106037,2,RNN,15,64,0.1,0.0005,32,"MinMaxScaler(-1,1)",20,150,val_loss,53,0.0035740502644330263,73
8,0.00804161187261343,0.005340534262359142,0.06529895216226578,0.051029399037361145,0.00804161187261343,0.005340534262359142,0.0027010776102542877,2,RNN,15,64,0.1,0.0005,32,"MinMaxScaler(-1,1)",20,150,val_loss,53,0.0035740502644330263,73
9,0.007622524164617062,0.00530994450673461,0.06301797926425934,0.05057603493332863,0.007622524164617062,0.00530994450673461,0.002312579657882452,2,RNN,15,64,0.1,0.0005,32,"MinMaxScaler(-1,1)",20,150,val_loss,53,0.0035740502644330263,73
10,0.007429858203977346,0.005118913948535919,0.06245465576648712,0.04932067543268204,0.007429858203977346,0.005118913948535919,0.0023109442554414272,2,RNN,15,64,0.1,0.0005,32,"MinMaxScaler(-1,1)",20,150,val_loss,53,0.0035740502644330263,73
11,0.0072266533970832825,0.005005167331546545,0.06125019118189812,0.0484602190554142,0.0072266533970832825,0.005005167331546545,0.0022214860655367374,2,RNN,15,64,0.1,0.0005,32,"MinMaxScaler(-1,1)",20,150,val_loss,53,0.0035740502644330263,73
12,0.007144768722355366,0.004958176985383034,0.061086710542440414,0.0478304922580719,0.007144768722355366,0.004958176985383034,0.002186591736972332,2,RNN,15,64,0.1,0.0005,32,"MinMaxScaler(-1,1)",20,150,val_loss,53,0.0035740502644330263,73
13,0.0067739239893853664,0.005073838401585817,0.0595661997795105,0.04953835904598236,0.0067739239893853664,0.005073838401585817,0.001700085587799549,2,RNN,15,64,0.1,0.0005,32,"MinMaxScaler(-1,1)",20,150,val_loss,53,0.0035740502644330263,73
14,0.00671290373429656,0.004879000596702099,0.05905171111226082,0.04760052636265755,0.00671290373429656,0.004879000596702099,0.0018339031375944614,2,RNN,15,64,0.1,0.0005,32,"MinMaxScaler(-1,1)",20,150,val_loss,53,0.0035740502644330263,73
15,0.006493502762168646,0.004846562165766954,0.057752467691898346,0.04772484675049782,0.006493502762168646,0.004846562165766954,0.0016469405964016914,2,RNN,15,64,0.1,0.0005,32,"MinMaxScaler(-1,1)",20,150,val_loss,53,0.0035740502644330263,73
16,0.006515794433653355,0.004867734387516975,0.05785452947020531,0.04793069511651993,0.006515794433653355,0.004867734387516975,0.0016480600461363792,2,RNN,15,64,0.1,0.0005,32,"MinMaxScaler(-1,1)",20,150,val_loss,53,0.0035740502644330263,73
17,0.006150284316390753,0.004792329855263233,0.05628029257059097,0.04736997187137604,0.006150284316390753,0.004792329855263233,0.0013579544611275196,2,RNN,15,64,0.1,0.0005,32,"MinMaxScaler(-1,1)",20,150,val_loss,53,0.0035740502644330263,73
18,0.006201506592333317,0.004652008879929781,0.05647014081478119,0.04629409313201904,0.006201506592333317,0.004652008879929781,0.0015494977124035358,2,RNN,15,64,0.1,0.0005,32,"MinMaxScaler(-1,1)",20,150,val_loss,53,0.0035740502644330263,73
19,0.006036132108420134,0.004672280512750149,0.05547215789556503,0.0465286523103714,0.006036132108420134,0.004672280512750149,0.0013638515956699848,2,RNN,15,64,0.1,0.0005,32,"MinMaxScaler(-1,1)",20,150,val_loss,53,0.0035740502644330263,73
20,0.0059087336994707584,0.004549008794128895,0.05519230291247368,0.04577863961458206,0.0059087336994707584,0.004549008794128895,0.0013597249053418636,2,RNN,15,64,0.1,0.0005,32,"MinMaxScaler(-1,1)",20,150,val_loss,53,0.0035740502644330263,73
21,0.005895140580832958,0.0044930181466042995,0.054552529007196426,0.04545125737786293,0.005895140580832958,0.0044930181466042995,0.0014021224342286587,2,RNN,15,64,0.1,0.0005,32,"MinMaxScaler(-1,1)",20,150,val_loss,53,0.0035740502644330263,73
22,0.0059182229451835155,0.00436791218817234,0.0551932267844677,0.044392891228199005,0.0059182229451835155,0.00436791218817234,0.0015503107570111752,2,RNN,15,64,0.1,0.0005,32,"MinMaxScaler(-1,1)",20,150,val_loss,53,0.0035740502644330263,73
23,0.005615194793790579,0.004336722660809755,0.053373489528894424,0.04428030177950859,0.005615194793790579,0.004336722660809755,0.0012784721329808235,2,RNN,15,64,0.1,0.0005,32,"MinMaxScaler(-1,1)",20,150,val_loss,53,0.0035740502644330263,73
24,0.005702437367290258,0.004235518630594015,0.05393577739596367,0.043154314160346985,0.005702437367290258,0.004235518630594015,0.0014669187366962433,2,RNN,15,64,0.1,0.0005,32,"MinMaxScaler(-1,1)",20,150,val_loss,53,0.0035740502644330263,73
25,0.005392647814005613,0.004195764195173979,0.052584391087293625,0.04329825937747955,0.005392647814005613,0.004195764195173979,0.0011968836188316345,2,RNN,15,64,0.1,0.0005,32,"MinMaxScaler(-1,1)",20,150,val_loss,53,0.0035740502644330263,73
26,0.005500071216374636,0.004185730125755072,0.05291392654180527,0.04367806017398834,0.005500071216374636,0.004185730125755072,0.001314341090619564,2,RNN,15,64,0.1,0.0005,32,"MinMaxScaler(-1,1)",20,150,val_loss,53,0.0035740502644330263,73
27,0.005402422044426203,0.004230090416967869,0.05245469510555267,0.044516053050756454,0.005402422044426203,0.004230090416967869,0.001172331627458334,2,RNN,15,64,0.1,0.0005,32,"MinMaxScaler(-1,1)",20,150,val_loss,53,0.0035740502644330263,73
28,0.005377802066504955,0.004091495182365179,0.05204438418149948,0.042479369789361954,0.005377802066504955,0.004091495182365179,0.0012863068841397762,2,RNN,15,64,0.1,0.0005,32,"MinMaxScaler(-1,1)",20,150,val_loss,53,0.0035740502644330263,73
29,0.005407118238508701,0.004054900724440813,0.05237133055925369,0.042064182460308075,0.005407118238508701,0.004054900724440813,0.0013522175140678883,2,RNN,15,64,0.1,0.0005,32,"MinMaxScaler(-1,1)",20,150,val_loss,53,0.0035740502644330263,73
30,0.005318553186953068,0.0039967624470591545,0.0516834482550621,0.04165666550397873,0.005318553186953068,0.0039967624470591545,0.0013217907398939133,2,RNN,15,64,0.1,0.0005,32,"MinMaxScaler(-1,1)",20,150,val_loss,53,0.0035740502644330263,73
31,0.0052430760115385056,0.003998103551566601,0.051202259957790375,0.04237792268395424,0.0052430760115385056,0.003998103551566601,0.0012449724599719048,2,RNN,15,64,0.1,0.0005,32,"MinMaxScaler(-1,1)",20,150,val_loss,53,0.0035740502644330263,73
32,0.005226898938417435,0.003919336479157209,0.050974395126104355,0.041329462081193924,0.005226898938417435,0.003919336479157209,0.0013075624592602253,2,RNN,15,64,0.1,0.0005,32,"MinMaxScaler(-1,1)",20,150,val_loss,53,0.0035740502644330263,73
33,0.00519898347556591,0.0038920356892049313,0.051121387630701065,0.04095492884516716,0.00519898347556591,0.0038920356892049313,0.001306947786360979,2,RNN,15,64,0.1,0.0005,32,"MinMaxScaler(-1,1)",20,150,val_loss,53,0.0035740502644330263,73
34,0.005071674473583698,0.003868171712383628,0.05029831826686859,0.04081561416387558,0.005071674473583698,0.003868171712383628,0.0012035027612000704,2,RNN,15,64,0.1,0.0005,32,"MinMaxScaler(-1,1)",20,150,val_loss,53,0.0035740502644330263,73
35,0.004995658993721008,0.0038544703274965286,0.05024593695998192,0.04090718552470207,0.004995658993721008,0.0038544703274965286,0.0011411886662244797,2,RNN,15,64,0.1,0.0005,32,"MinMaxScaler(-1,1)",20,150,val_loss,53,0.0035740502644330263,73
36,0.004957280587404966,0.003831571899354458,0.049793388694524765,0.040578458458185196,0.004957280587404966,0.003831571899354458,0.0011257086880505085,2,RNN,15,64,0.1,0.0005,32,"MinMaxScaler(-1,1)",20,150,val_loss,53,0.0035740502644330263,73
37,0.005028184037655592,0.0037749323528259993,0.050116345286369324,0.04011981561779976,0.005028184037655592,0.0037749323528259993,0.0012532516848295927,2,RNN,15,64,0.1,0.0005,32,"MinMaxScaler(-1,1)",20,150,val_loss,53,0.0035740502644330263,73
38,0.004842840600758791,0.0037864232435822487,0.0491328090429306,0.040166378021240234,0.004842840600758791,0.0037864232435822487,0.0010564173571765423,2,RNN,15,64,0.1,0.0005,32,"MinMaxScaler(-1,1)",20,150,val_loss,53,0.0035740502644330263,73
39,0.004833179991692305,0.0037661229725927114,0.048957932740449905,0.03990769386291504,0.004833179991692305,0.0037661229725927114,0.0010670570190995932,2,RNN,15,64,0.1,0.0005,32,"MinMaxScaler(-1,1)",20,150,val_loss,53,0.0035740502644330263,73
40,0.004933184012770653,0.003715990576893091,0.04969751089811325,0.039597999304533005,0.004933184012770653,0.003715990576893091,0.0012171934358775616,2,RNN,15,64,0.1,0.0005,32,"MinMaxScaler(-1,1)",20,150,val_loss,53,0.0035740502644330263,73
41,0.004955310840159655,0.003718460211530328,0.049584418535232544,0.03976716846227646,0.004955310840159655,0.003718460211530328,0.0012368506286293268,2,RNN,15,64,0.1,0.0005,32,"MinMaxScaler(-1,1)",20,150,val_loss,53,0.0035740502644330263,73
42,0.00481308251619339,0.00371346203610301,0.04912552237510681,0.03999504819512367,0.00481308251619339,0.00371346203610301,0.0010996204800903797,2,RNN,15,64,0.1,0.0005,32,"MinMaxScaler(-1,1)",20,150,val_loss,53,0.0035740502644330263,73
43,0.004699208308011293,0.0037251287139952183,0.04822976142168045,0.04000699520111084,0.004699208308011293,0.0037251287139952183,0.0009740795940160751,2,RNN,15,64,0.1,0.0005,32,"MinMaxScaler(-1,1)",20,150,val_loss,53,0.0035740502644330263,73
44,0.004665101878345013,0.0036785800475627184,0.04827338829636574,0.039154767990112305,0.004665101878345013,0.0036785800475627184,0.0009865218307822943,2,RNN,15,64,0.1,0.0005,32,"MinMaxScaler(-1,1)",20,150,val_loss,53,0.0035740502644330263,73
45,0.004660699516534805,0.0037380207795649767,0.04806967079639435,0.039863016456365585,0.004660699516534805,0.0037380207795649767,0.0009226787369698286,2,RNN,15,64,0.1,0.0005,32,"MinMaxScaler(-1,1)",20,150,val_loss,53,0.0035740502644330263,73
46,0.004582438617944717,0.003679805900901556,0.047621916979551315,0.039721932262182236,0.004582438617944717,0.003679805900901556,0.0009026327170431614,2,RNN,15,64,0.1,0.0005,32,"MinMaxScaler(-1,1)",20,150,val_loss,53,0.0035740502644330263,73
47,0.004631870426237583,0.003634203225374222,0.04757484793663025,0.039171252399683,0.004631870426237583,0.003634203691035509,0.0009976672008633614,2,RNN,15,64,0.1,0.0005,32,"MinMaxScaler(-1,1)",20,150,val_loss,53,0.0035740502644330263,73
48,0.004568667616695166,0.0036522510927170515,0.04739522561430931,0.03879081457853317,0.004568667616695166,0.0036522510927170515,0.0009164165239781141,2,RNN,15,64,0.1,0.0005,32,"MinMaxScaler(-1,1)",20,150,val_loss,53,0.0035740502644330263,73
49,0.004607798531651497,0.0036714000161737204,0.04756040498614311,0.03935372456908226,0.004607798531651497,0.0036714000161737204,0.0009363985154777765,2,RNN,15,64,0.1,0.0005,32,"MinMaxScaler(-1,1)",20,150,val_loss,53,0.0035740502644330263,73
50,0.004613138269633055,0.003643560688942671,0.04772643744945526,0.03930274024605751,0.004613138269633055,0.003643560688942671,0.0009695775806903839,2,RNN,15,64,0.1,0.0005,32,"MinMaxScaler(-1,1)",20,150,val_loss,53,0.0035740502644330263,73
51,0.004488416016101837,0.0036629601381719112,0.04716325178742409,0.03945927321910858,0.004488416016101837,0.0036629601381719112,0.0008254558779299259,2,RNN,15,64,0.1,0.0005,32,"MinMaxScaler(-1,1)",20,150,val_loss,53,0.0035740502644330263,73
52,0.004429698456078768,0.003647029399871826,0.04662025347352028,0.03914143145084381,0.004429698456078768,0.003647029399871826,0.0007826690562069416,2,RNN,15,64,0.1,0.0005,32,"MinMaxScaler(-1,1)",20,150,val_loss,53,0.0035740502644330263,73
53,0.00449710339307785,0.0035740502644330263,0.04708024486899376,0.0384313203394413,0.00449710339307785,0.0035740502644330263,0.000923053128644824,2,RNN,15,64,0.1,0.0005,32,"MinMaxScaler(-1,1)",20,150,val_loss,53,0.0035740502644330263,73
54,0.004501088056713343,0.003635336644947529,0.04714953154325485,0.03882227838039398,0.004501088056713343,0.003635336644947529,0.0008657514117658138,2,RNN,15,64,0.1,0.0005,32,"MinMaxScaler(-1,1)",20,150,val_loss,53,0.0035740502644330263,73
55,0.0044125099666416645,0.0036124505568295717,0.04653264954686165,0.0386798158288002,0.0044125099666416645,0.0036124505568295717,0.0008000594098120928,2,RNN,15,64,0.1,0.0005,32,"MinMaxScaler(-1,1)",20,150,val_loss,53,0.0035740502644330263,73
56,0.004482205491513014,0.0035913479514420033,0.046459395438432693,0.03891723230481148,0.004482205491513014,0.0035913479514420033,0.0008908575400710106,2,RNN,15,64,0.1,0.0005,32,"MinMaxScaler(-1,1)",20,150,val_loss,53,0.0035740502644330263,73
57,0.00457126647233963,0.0035990257747471333,0.047491781413555145,0.03879750892519951,0.00457126647233963,0.0035990257747471333,0.0009722406975924969,2,RNN,15,64,0.1,0.0005,32,"MinMaxScaler(-1,1)",20,150,val_loss,53,0.0035740502644330263,73
58,0.004286303650587797,0.0036240830086171627,0.04555266350507736,0.039315272122621536,0.004286303650587797,0.0036240830086171627,0.0006622206419706345,2,RNN,15,64,0.1,0.0005,32,"MinMaxScaler(-1,1)",20,150,val_loss,53,0.0035740502644330263,73
59,0.004445729777216911,0.0036766687408089638,0.046322066336870193,0.03991799056529999,0.004445729777216911,0.0036766687408089638,0.0007690610364079475,2,RNN,15,64,0.1,0.0005,32,"MinMaxScaler(-1,1)",20,150,val_loss,53,0.0035740502644330263,73
60,0.004364923108369112,0.003620804287493229,0.04602441564202309,0.03924693539738655,0.004364923108369112,0.003620804287493229,0.0007441188208758831,2,RNN,15,64,0.1,0.0005,32,"MinMaxScaler(-1,1)",20,150,val_loss,53,0.0035740502644330263,73
61,0.00419641612097621,0.0036583528853952885,0.04499797150492668,0.03976445272564888,0.00419641612097621,0.0036583528853952885,0.0005380632355809212,2,RNN,15,64,0.1,0.0005,32,"MinMaxScaler(-1,1)",20,150,val_loss,53,0.0035740502644330263,73
62,0.004261794500052929,0.0036217295564711094,0.04569438099861145,0.03909126669168472,0.004261794500052929,0.0036217295564711094,0.0006400649435818195,2,RNN,15,64,0.1,0.0005,32,"MinMaxScaler(-1,1)",20,150,val_loss,53,0.0035740502644330263,73
63,0.00430867075920105,0.003581649623811245,0.04573012888431549,0.038454774767160416,0.00430867075920105,0.003581649623811245,0.0007270211353898048,2,RNN,15,64,0.1,0.0005,32,"MinMaxScaler(-1,1)",20,150,val_loss,53,0.0035740502644330263,73
64,0.004320287145674229,0.0036081376019865274,0.04554443806409836,0.03871786221861839,0.004320287145674229,0.0036081376019865274,0.0007121495436877012,2,RNN,15,64,0.1,0.0005,32,"MinMaxScaler(-1,1)",20,150,val_loss,53,0.0035740502644330263,73
65,0.004309260752052069,0.0036130452062934637,0.045477014034986496,0.038697678595781326,0.004309260752052069,0.0036130452062934637,0.000696215545758605,2,RNN,15,64,0.1,0.0005,32,"MinMaxScaler(-1,1)",20,150,val_loss,53,0.0035740502644330263,73
66,0.004217888694256544,0.00364937842823565,0.04504790157079697,0.03930099308490753,0.004217888694256544,0.00364937842823565,0.000568510266020894,2,RNN,15,64,0.1,0.0005,32,"MinMaxScaler(-1,1)",20,150,val_loss,53,0.0035740502644330263,73
67,0.004247807431966066,0.003672272665426135,0.0452614463865757,0.03942032530903816,0.004247807431966066,0.003672272665426135,0.0005755347665399313,2,RNN,15,64,0.1,0.0005,32,"MinMaxScaler(-1,1)",20,150,val_loss,53,0.0035740502644330263,73
68,0.004263091366738081,0.003609631210565567,0.04503864049911499,0.0388738214969635,0.004263091366738081,0.003609631210565567,0.000653460156172514,2,RNN,15,64,0.1,0.0005,32,"MinMaxScaler(-1,1)",20,150,val_loss,53,0.0035740502644330263,73
69,0.004195906687527895,0.0036143879406154156,0.04471687227487564,0.038890060037374496,0.004195906687527895,0.0036143879406154156,0.0005815187469124794,2,RNN,15,64,0.1,0.0005,32,"MinMaxScaler(-1,1)",20,150,val_loss,53,0.0035740502644330263,73
70,0.0042288401164114475,0.0036294537130743265,0.0450330413877964,0.03915165364742279,0.0042288401164114475,0.0036294537130743265,0.000599386403337121,2,RNN,15,64,0.1,0.0005,32,"MinMaxScaler(-1,1)",20,150,val_loss,53,0.0035740502644330263,73
71,0.004202987067401409,0.0036403369158506393,0.04506027325987816,0.03912966698408127,0.004202987067401409,0.0036403369158506393,0.0005626501515507698,2,RNN,15,64,0.1,0.0005,32,"MinMaxScaler(-1,1)",20,150,val_loss,53,0.0035740502644330263,73
72,0.004110818263143301,0.0036474899388849735,0.04423469305038452,0.03938708081841469,0.004110818263143301,0.0036474899388849735,0.0004633283242583275,2,RNN,15,64,0.1,0.0005,32,"MinMaxScaler(-1,1)",20,150,val_loss,53,0.0035740502644330263,73
73,0.0042024897411465645,0.00364591833204031,0.04468581825494766,0.03925812244415283,0.0042024897411465645,0.00364591833204031,0.0005565714091062546,2,RNN,15,64,0.1,0.0005,32,"MinMaxScaler(-1,1)",20,150,val_loss,53,0.0035740502644330263,73
1,0.05607900395989418,0.01783706806600094,0.1720338761806488,0.10349033027887344,0.05607900395989418,0.01783706806600094,0.03824193589389324,3,RNN,15,64,0.1,0.0005,32,"MinMaxScaler(-1,1)",20,150,val_loss,81,0.00325376377440989,101
2,0.017092503607273102,0.008350965566933155,0.09928448498249054,0.07223742455244064,0.017092503607273102,0.008350965566933155,0.008741538040339947,3,RNN,15,64,0.1,0.0005,32,"MinMaxScaler(-1,1)",20,150,val_loss,81,0.00325376377440989,101
3,0.011591621674597263,0.0067412517964839935,0.08044420182704926,0.06391488015651703,0.011591621674597263,0.0067412517964839935,0.00485036987811327,3,RNN,15,64,0.1,0.0005,32,"MinMaxScaler(-1,1)",20,150,val_loss,81,0.00325376377440989,101
4,0.01027010753750801,0.0060103400610387325,0.07516203075647354,0.05885466933250427,0.01027010753750801,0.0060103400610387325,0.004259767476469278,3,RNN,15,64,0.1,0.0005,32,"MinMaxScaler(-1,1)",20,150,val_loss,81,0.00325376377440989,101
5,0.00920010358095169,0.005781705025583506,0.07087922096252441,0.05683266371488571,0.00920010358095169,0.005781705025583506,0.003418398555368185,3,RNN,15,64,0.1,0.0005,32,"MinMaxScaler(-1,1)",20,150,val_loss,81,0.00325376377440989,101
6,0.008685246109962463,0.00565787497907877,0.06842745095491409,0.0562916025519371,0.008685246109962463,0.00565787497907877,0.0030273711308836937,3,RNN,15,64,0.1,0.0005,32,"MinMaxScaler(-1,1)",20,150,val_loss,81,0.00325376377440989,101
7,0.008161462843418121,0.00543151656165719,0.06578021496534348,0.05427655577659607,0.008161462843418121,0.00543151656165719,0.002729946281760931,3,RNN,15,64,0.1,0.0005,32,"MinMaxScaler(-1,1)",20,150,val_loss,81,0.00325376377440989,101
8,0.00761169008910656,0.005398198962211609,0.06364728510379791,0.053905948996543884,0.00761169008910656,0.005398198962211609,0.002213491126894951,3,RNN,15,64,0.1,0.0005,32,"MinMaxScaler(-1,1)",20,150,val_loss,81,0.00325376377440989,101
9,0.0073530348017811775,0.005264719016849995,0.062146786600351334,0.05211261287331581,0.0073530348017811775,0.005264719016849995,0.002088315784931183,3,RNN,15,64,0.1,0.0005,32,"MinMaxScaler(-1,1)",20,150,val_loss,81,0.00325376377440989,101
10,0.0071246810257434845,0.00536695821210742,0.060759127140045166,0.05280739814043045,0.0071246810257434845,0.00536695821210742,0.0017577228136360645,3,RNN,15,64,0.1,0.0005,32,"MinMaxScaler(-1,1)",20,150,val_loss,81,0.00325376377440989,101
11,0.0069663976319134235,0.005001776851713657,0.06065523624420166,0.04936748370528221,0.0069663976319134235,0.005001776851713657,0.001964620780199766,3,RNN,15,64,0.1,0.0005,32,"MinMaxScaler(-1,1)",20,150,val_loss,81,0.00325376377440989,101
12,0.006720422767102718,0.004901091568171978,0.058672189712524414,0.048922888934612274,0.006720422767102718,0.004901091568171978,0.0018193311989307404,3,RNN,15,64,0.1,0.0005,32,"MinMaxScaler(-1,1)",20,150,val_loss,81,0.00325376377440989,101
13,0.006565484218299389,0.004878743086010218,0.05824113264679909,0.04833422601222992,0.006565484218299389,0.004878743086010218,0.0016867411322891712,3,RNN,15,64,0.1,0.0005,32,"MinMaxScaler(-1,1)",20,150,val_loss,81,0.00325376377440989,101
14,0.006308781914412975,0.004849006421864033,0.056853413581848145,0.04863733425736427,0.006308781914412975,0.004849006421864033,0.0014597754925489426,3,RNN,15,64,0.1,0.0005,32,"MinMaxScaler(-1,1)",20,150,val_loss,81,0.00325376377440989,101
15,0.006424815859645605,0.004775484558194876,0.057470645755529404,0.04760771244764328,0.006424815859645605,0.004775484558194876,0.0016493313014507294,3,RNN,15,64,0.1,0.0005,32,"MinMaxScaler(-1,1)",20,150,val_loss,81,0.00325376377440989,101
16,0.006187606602907181,0.005004109814763069,0.056275978684425354,0.049981217831373215,0.006187606602907181,0.005004109814763069,0.0011834967881441116,3,RNN,15,64,0.1,0.0005,32,"MinMaxScaler(-1,1)",20,150,val_loss,81,0.00325376377440989,101
17,0.006190286483615637,0.004700289107859135,0.056180600076913834,0.04779936373233795,0.006190286483615637,0.004700289107859135,0.0014899973757565022,3,RNN,15,64,0.1,0.0005,32,"MinMaxScaler(-1,1)",20,150,val_loss,81,0.00325376377440989,101
18,0.0059258765541017056,0.004752517212182283,0.05466118082404137,0.04824356362223625,0.0059258765541017056,0.004752517212182283,0.0011733593419194221,3,RNN,15,64,0.1,0.0005,32,"MinMaxScaler(-1,1)",20,150,val_loss,81,0.00325376377440989,101
19,0.0060205524787306786,0.004535311367362738,0.055185891687870026,0.04592696577310562,0.0060205524787306786,0.004535311367362738,0.001485241111367941,3,RNN,15,64,0.1,0.0005,32,"MinMaxScaler(-1,1)",20,150,val_loss,81,0.00325376377440989,101
20,0.005966439843177795,0.004452630877494812,0.055193886160850525,0.044993747025728226,0.005966439843177795,0.004452630877494812,0.0015138089656829834,3,RNN,15,64,0.1,0.0005,32,"MinMaxScaler(-1,1)",20,150,val_loss,81,0.00325376377440989,101
21,0.005759227089583874,0.004352974705398083,0.05382479354739189,0.04431130737066269,0.005759227089583874,0.004352974705398083,0.001406252384185791,3,RNN,15,64,0.1,0.0005,32,"MinMaxScaler(-1,1)",20,150,val_loss,81,0.00325376377440989,101
22,0.0056229932233691216,0.0043402621522545815,0.053291160613298416,0.04485531523823738,0.0056229932233691216,0.0043402621522545815,0.00128273107111454,3,RNN,15,64,0.1,0.0005,32,"MinMaxScaler(-1,1)",20,150,val_loss,81,0.00325376377440989,101
23,0.005616528447717428,0.004357409663498402,0.05330459773540497,0.044673968106508255,0.005616528447717428,0.004357409663498402,0.0012591187842190266,3,RNN,15,64,0.1,0.0005,32,"MinMaxScaler(-1,1)",20,150,val_loss,81,0.00325376377440989,101
24,0.005482861306518316,0.004303082823753357,0.05241555720567703,0.04430954530835152,0.005482861306518316,0.004303082823753357,0.0011797784827649593,3,RNN,15,64,0.1,0.0005,32,"MinMaxScaler(-1,1)",20,150,val_loss,81,0.00325376377440989,101
25,0.0055169640108942986,0.004201881121844053,0.05275017023086548,0.043564602732658386,0.0055169640108942986,0.004201881121844053,0.0013150828890502453,3,RNN,15,64,0.1,0.0005,32,"MinMaxScaler(-1,1)",20,150,val_loss,81,0.00325376377440989,101
26,0.005629300139844418,0.004176039714366198,0.05300024151802063,0.04318573698401451,0.005629300139844418,0.004176039714366198,0.00145326042547822,3,RNN,15,64,0.1,0.0005,32,"MinMaxScaler(-1,1)",20,150,val_loss,81,0.00325376377440989,101
27,0.0054306089878082275,0.004125548992305994,0.0521850511431694,0.04324799403548241,0.0054306089878082275,0.004125548992305994,0.0013050599955022335,3,RNN,15,64,0.1,0.0005,32,"MinMaxScaler(-1,1)",20,150,val_loss,81,0.00325376377440989,101
28,0.005298621952533722,0.004140577744692564,0.05149213969707489,0.04334602504968643,0.005298621952533722,0.004140577744692564,0.001158044207841158,3,RNN,15,64,0.1,0.0005,32,"MinMaxScaler(-1,1)",20,150,val_loss,81,0.00325376377440989,101
29,0.0053475648164749146,0.004066404886543751,0.051654648035764694,0.042646437883377075,0.0053475648164749146,0.004066404886543751,0.0012811599299311638,3,RNN,15,64,0.1,0.0005,32,"MinMaxScaler(-1,1)",20,150,val_loss,81,0.00325376377440989,101
30,0.0052284011617302895,0.0040169949643313885,0.05115722492337227,0.04251654073596001,0.0052284011617302895,0.0040169949643313885,0.001211406197398901,3,RNN,15,64,0.1,0.0005,32,"MinMaxScaler(-1,1)",20,150,val_loss,81,0.00325376377440989,101
31,0.00515446811914444,0.003995632752776146,0.05064653232693672,0.04240746796131134,0.00515446811914444,0.003995632752776146,0.0011588353663682938,3,RNN,15,64,0.1,0.0005,32,"MinMaxScaler(-1,1)",20,150,val_loss,81,0.00325376377440989,101
32,0.005081199109554291,0.003965537063777447,0.05015178397297859,0.04232264682650566,0.005081199109554291,0.003965537063777447,0.001115662045776844,3,RNN,15,64,0.1,0.0005,32,"MinMaxScaler(-1,1)",20,150,val_loss,81,0.00325376377440989,101
33,0.005175563041120768,0.003954782150685787,0.05044175311923027,0.04183117672801018,0.005175563041120768,0.003954782150685787,0.0012207808904349804,3,RNN,15,64,0.1,0.0005,32,"MinMaxScaler(-1,1)",20,150,val_loss,81,0.00325376377440989,101
34,0.005109286401420832,0.003901683259755373,0.05042169615626335,0.04161199927330017,0.005109286401420832,0.003901683259755373,0.0012076031416654587,3,RNN,15,64,0.1,0.0005,32,"MinMaxScaler(-1,1)",20,150,val_loss,81,0.00325376377440989,101
35,0.004978090059012175,0.0038561304099857807,0.04958515614271164,0.04141713306307793,0.004978090059012175,0.0038561304099857807,0.0011219596490263939,3,RNN,15,64,0.1,0.0005,32,"MinMaxScaler(-1,1)",20,150,val_loss,81,0.00325376377440989,101
36,0.004935038276016712,0.004018591716885567,0.049349039793014526,0.04370890185236931,0.004935038276016712,0.004018591716885567,0.0009164465591311455,3,RNN,15,64,0.1,0.0005,32,"MinMaxScaler(-1,1)",20,150,val_loss,81,0.00325376377440989,101
37,0.004949475638568401,0.003881709184497595,0.049268923699855804,0.042049191892147064,0.004949475638568401,0.003881709184497595,0.0010677664540708065,3,RNN,15,64,0.1,0.0005,32,"MinMaxScaler(-1,1)",20,150,val_loss,81,0.00325376377440989,101
38,0.004982048645615578,0.00389420916326344,0.04939812794327736,0.04258909076452255,0.004982048645615578,0.00389420916326344,0.0010878394823521376,3,RNN,15,64,0.1,0.0005,32,"MinMaxScaler(-1,1)",20,150,val_loss,81,0.00325376377440989,101
39,0.004929243586957455,0.003773017320781946,0.049142662435770035,0.04114661365747452,0.004929243586957455,0.003773017320781946,0.0011562262661755085,3,RNN,15,64,0.1,0.0005,32,"MinMaxScaler(-1,1)",20,150,val_loss,81,0.00325376377440989,101
40,0.00480290874838829,0.003754143603146076,0.04873223975300789,0.04125116765499115,0.00480290874838829,0.003754143603146076,0.0010487651452422142,3,RNN,15,64,0.1,0.0005,32,"MinMaxScaler(-1,1)",20,150,val_loss,81,0.00325376377440989,101
41,0.00476662814617157,0.003738496685400605,0.048252277076244354,0.04099895432591438,0.00476662814617157,0.003738496685400605,0.0010281314607709646,3,RNN,15,64,0.1,0.0005,32,"MinMaxScaler(-1,1)",20,150,val_loss,81,0.00325376377440989,101
42,0.00492335157468915,0.0037685094866901636,0.04891863465309143,0.04158738628029823,0.00492335157468915,0.0037685094866901636,0.0011548420879989862,3,RNN,15,64,0.1,0.0005,32,"MinMaxScaler(-1,1)",20,150,val_loss,81,0.00325376377440989,101
43,0.004756278824061155,0.0036933121737092733,0.04831664264202118,0.04063248261809349,0.004756278824061155,0.0036933121737092733,0.001062966650351882,3,RNN,15,64,0.1,0.0005,32,"MinMaxScaler(-1,1)",20,150,val_loss,81,0.00325376377440989,101
44,0.004776718560606241,0.003723585046827793,0.048015251755714417,0.04139436036348343,0.004776718560606241,0.003723585046827793,0.001053133513778448,3,RNN,15,64,0.1,0.0005,32,"MinMaxScaler(-1,1)",20,150,val_loss,81,0.00325376377440989,101
45,0.004619913641363382,0.0036581645254045725,0.04758225381374359,0.04061736911535263,0.004619913641363382,0.0036581645254045725,0.0009617491159588099,3,RNN,15,64,0.1,0.0005,32,"MinMaxScaler(-1,1)",20,150,val_loss,81,0.00325376377440989,101
46,0.004782482981681824,0.0036365934647619724,0.048218194395303726,0.04005816951394081,0.004782482981681824,0.0036365934647619724,0.0011458895169198513,3,RNN,15,64,0.1,0.0005,32,"MinMaxScaler(-1,1)",20,150,val_loss,81,0.00325376377440989,101
47,0.004780241288244724,0.003698269370943308,0.04798852279782295,0.04144308343529701,0.004780241288244724,0.003698269370943308,0.0010819719173014164,3,RNN,15,64,0.1,0.0005,32,"MinMaxScaler(-1,1)",20,150,val_loss,81,0.00325376377440989,101
48,0.004711988382041454,0.0035909065045416355,0.0480295866727829,0.04010742902755737,0.004711988382041454,0.0035909065045416355,0.0011210818774998188,3,RNN,15,64,0.1,0.0005,32,"MinMaxScaler(-1,1)",20,150,val_loss,81,0.00325376377440989,101
49,0.004614186007529497,0.0036011948250234127,0.04749292507767677,0.039968643337488174,0.004614186007529497,0.0036011948250234127,0.0010129911825060844,3,RNN,15,64,0.1,0.0005,32,"MinMaxScaler(-1,1)",20,150,val_loss,81,0.00325376377440989,101
50,0.004592095501720905,0.0036117725539952517,0.04741033539175987,0.04064154997467995,0.004592095501720905,0.0036117725539952517,0.0009803229477256536,3,RNN,15,64,0.1,0.0005,32,"MinMaxScaler(-1,1)",20,150,val_loss,81,0.00325376377440989,101
51,0.0045736804604530334,0.0035633626393973827,0.04680715501308441,0.03941936790943146,0.0045736804604530334,0.0035633626393973827,0.0010103178210556507,3,RNN,15,64,0.1,0.0005,32,"MinMaxScaler(-1,1)",20,150,val_loss,81,0.00325376377440989,101
52,0.0046683200635015965,0.003547046100720763,0.047438737004995346,0.03991276025772095,0.0046683200635015965,0.003547046100720763,0.0011212739627808332,3,RNN,15,64,0.1,0.0005,32,"MinMaxScaler(-1,1)",20,150,val_loss,81,0.00325376377440989,101
53,0.0045688943937420845,0.003578261937946081,0.047074489295482635,0.03972814232110977,0.0045688943937420845,0.003578261937946081,0.0009906324557960033,3,RNN,15,64,0.1,0.0005,32,"MinMaxScaler(-1,1)",20,150,val_loss,81,0.00325376377440989,101
54,0.004606710746884346,0.0035141962580382824,0.04737028479576111,0.039683807641267776,0.004606710746884346,0.0035141962580382824,0.0010925144888460636,3,RNN,15,64,0.1,0.0005,32,"MinMaxScaler(-1,1)",20,150,val_loss,81,0.00325376377440989,101
55,0.004601271823048592,0.0034961686469614506,0.047280602157115936,0.039071422070264816,0.004601271823048592,0.0034961686469614506,0.001105103176087141,3,RNN,15,64,0.1,0.0005,32,"MinMaxScaler(-1,1)",20,150,val_loss,81,0.00325376377440989,101
56,0.004503925796598196,0.0035102779511362314,0.04641011357307434,0.03943523392081261,0.004503925796598196,0.0035102779511362314,0.0009936478454619646,3,RNN,15,64,0.1,0.0005,32,"MinMaxScaler(-1,1)",20,150,val_loss,81,0.00325376377440989,101
57,0.004567795433104038,0.003453616052865982,0.04663711413741112,0.038976605981588364,0.004567795433104038,0.003453616052865982,0.0011141793802380562,3,RNN,15,64,0.1,0.0005,32,"MinMaxScaler(-1,1)",20,150,val_loss,81,0.00325376377440989,101
58,0.004560987465083599,0.0034278270322829485,0.04630440101027489,0.03870974853634834,0.004560987465083599,0.0034278270322829485,0.0011331604328006506,3,RNN,15,64,0.1,0.0005,32,"MinMaxScaler(-1,1)",20,150,val_loss,81,0.00325376377440989,101
59,0.0044414387084543705,0.00344083528034389,0.04625473544001579,0.038970090448856354,0.0044414387084543705,0.00344083528034389,0.0010006034281104803,3,RNN,15,64,0.1,0.0005,32,"MinMaxScaler(-1,1)",20,150,val_loss,81,0.00325376377440989,101
60,0.004506949335336685,0.0034755358938127756,0.04605981707572937,0.0393812321126461,0.004506949335336685,0.0034755358938127756,0.0010314134415239096,3,RNN,15,64,0.1,0.0005,32,"MinMaxScaler(-1,1)",20,150,val_loss,81,0.00325376377440989,101
61,0.004530230537056923,0.0034134178422391415,0.046473704278469086,0.03864143788814545,0.004530230537056923,0.0034134178422391415,0.0011168126948177814,3,RNN,15,64,0.1,0.0005,32,"MinMaxScaler(-1,1)",20,150,val_loss,81,0.00325376377440989,101
62,0.004527283366769552,0.0033871070481836796,0.046816010028123856,0.03810393810272217,0.004527283366769552,0.0033871070481836796,0.0011401763185858727,3,RNN,15,64,0.1,0.0005,32,"MinMaxScaler(-1,1)",20,150,val_loss,81,0.00325376377440989,101
63,0.004458301234990358,0.0033992230892181396,0.045786302536726,0.03820706158876419,0.004458301234990358,0.0033992230892181396,0.0010590781457722187,3,RNN,15,64,0.1,0.0005,32,"MinMaxScaler(-1,1)",20,150,val_loss,81,0.00325376377440989,101
64,0.00451919948682189,0.0034118471667170525,0.04656359925866127,0.03842347860336304,0.00451919948682189,0.0034118471667170525,0.0011073523201048374,3,RNN,15,64,0.1,0.0005,32,"MinMaxScaler(-1,1)",20,150,val_loss,81,0.00325376377440989,101
65,0.004389261361211538,0.0033466313034296036,0.045519135892391205,0.0380590483546257,0.004389261361211538,0.0033466313034296036,0.0010426300577819347,3,RNN,15,64,0.1,0.0005,32,"MinMaxScaler(-1,1)",20,150,val_loss,81,0.00325376377440989,101
66,0.004300205502659082,0.0033749155700206757,0.04522470757365227,0.03843224421143532,0.004300205502659082,0.0033749155700206757,0.0009252899326384068,3,RNN,15,64,0.1,0.0005,32,"MinMaxScaler(-1,1)",20,150,val_loss,81,0.00325376377440989,101
67,0.004453370347619057,0.003355253953486681,0.046056754887104034,0.03807252272963524,0.004453370347619057,0.003355253953486681,0.0010981163941323757,3,RNN,15,64,0.1,0.0005,32,"MinMaxScaler(-1,1)",20,150,val_loss,81,0.00325376377440989,101
68,0.004519015550613403,0.0033293869346380234,0.04631410911679268,0.037929240614175797,0.004519015550613403,0.0033293869346380234,0.00118962861597538,3,RNN,15,64,0.1,0.0005,32,"MinMaxScaler(-1,1)",20,150,val_loss,81,0.00325376377440989,101
69,0.004410415887832642,0.003320199204608798,0.04584253206849098,0.03781500458717346,0.004410415887832642,0.003320199204608798,0.0010902166832238436,3,RNN,15,64,0.1,0.0005,32,"MinMaxScaler(-1,1)",20,150,val_loss,81,0.00325376377440989,101
70,0.004343890119343996,0.003335755318403244,0.04531516507267952,0.03838391229510307,0.004343890119343996,0.003335755318403244,0.001008134800940752,3,RNN,15,64,0.1,0.0005,32,"MinMaxScaler(-1,1)",20,150,val_loss,81,0.00325376377440989,101
71,0.004443955607712269,0.003311004489660263,0.045864515006542206,0.03816472738981247,0.004443955607712269,0.003311004489660263,0.0011329511180520058,3,RNN,15,64,0.1,0.0005,32,"MinMaxScaler(-1,1)",20,150,val_loss,81,0.00325376377440989,101
72,0.004321426153182983,0.0033231517300009727,0.04533741623163223,0.037838250398635864,0.004321426153182983,0.0033231517300009727,0.0009982744231820107,3,RNN,15,64,0.1,0.0005,32,"MinMaxScaler(-1,1)",20,150,val_loss,81,0.00325376377440989,101
73,0.004385773092508316,0.003320288145914674,0.04577571898698807,0.038051653653383255,0.004385773092508316,0.003320288145914674,0.0010654849465936422,3,RNN,15,64,0.1,0.0005,32,"MinMaxScaler(-1,1)",20,150,val_loss,81,0.00325376377440989,101
74,0.004362320527434349,0.003311341628432274,0.04564076289534569,0.037516795098781586,0.004362320527434349,0.003311341628432274,0.0010509788990020752,3,RNN,15,64,0.1,0.0005,32,"MinMaxScaler(-1,1)",20,150,val_loss,81,0.00325376377440989,101
75,0.004237696994096041,0.0033008733298629522,0.04476378113031387,0.03764688968658447,0.004237696994096041,0.0033008733298629522,0.0009368236642330885,3,RNN,15,64,0.1,0.0005,32,"MinMaxScaler(-1,1)",20,150,val_loss,81,0.00325376377440989,101
76,0.004281694535166025,0.003269679145887494,0.04494447261095047,0.03776063770055771,0.004281694535166025,0.003269679145887494,0.001012015389278531,3,RNN,15,64,0.1,0.0005,32,"MinMaxScaler(-1,1)",20,150,val_loss,81,0.00325376377440989,101
77,0.004357168450951576,0.003292936598882079,0.04503033310174942,0.0375392809510231,0.004357168450951576,0.003292936598882079,0.0010642318520694971,3,RNN,15,64,0.1,0.0005,32,"MinMaxScaler(-1,1)",20,150,val_loss,81,0.00325376377440989,101
78,0.004263686016201973,0.0032736421562731266,0.04499131813645363,0.037389881908893585,0.004263686016201973,0.0032736421562731266,0.0009900438599288464,3,RNN,15,64,0.1,0.0005,32,"MinMaxScaler(-1,1)",20,150,val_loss,81,0.00325376377440989,101
79,0.004354917909950018,0.003272842848673463,0.0453370027244091,0.037359513342380524,0.004354917909950018,0.003272842848673463,0.001082075061276555,3,RNN,15,64,0.1,0.0005,32,"MinMaxScaler(-1,1)",20,150,val_loss,81,0.00325376377440989,101
80,0.004237893503159285,0.003262629033997655,0.04440135508775711,0.03728745877742767,0.004237893503159285,0.003262629033997655,0.0009752644691616297,3,RNN,15,64,0.1,0.0005,32,"MinMaxScaler(-1,1)",20,150,val_loss,81,0.00325376377440989,101
81,0.0043663629330694675,0.00325376377440989,0.04549405351281166,0.037227410823106766,0.0043663629330694675,0.00325376377440989,0.0011125991586595774,3,RNN,15,64,0.1,0.0005,32,"MinMaxScaler(-1,1)",20,150,val_loss,81,0.00325376377440989,101
82,0.004163808189332485,0.0032953782938420773,0.0436769537627697,0.038441263139247894,0.004163808189332485,0.0032953782938420773,0.0008684298954904079,3,RNN,15,64,0.1,0.0005,32,"MinMaxScaler(-1,1)",20,150,val_loss,81,0.00325376377440989,101
83,0.004161024000495672,0.0033369623124599457,0.04391985014081001,0.03892170637845993,0.004161024000495672,0.0033369623124599457,0.0008240616880357265,3,RNN,15,64,0.1,0.0005,32,"MinMaxScaler(-1,1)",20,150,val_loss,81,0.00325376377440989,101
84,0.004117660224437714,0.0033862704876810312,0.043767400085926056,0.039448123425245285,0.004117660224437714,0.0033862704876810312,0.0007313897367566824,3,RNN,15,64,0.1,0.0005,32,"MinMaxScaler(-1,1)",20,150,val_loss,81,0.00325376377440989,101
85,0.004088142886757851,0.0033781223464757204,0.04341105371713638,0.03928804770112038,0.004088142886757851,0.0033781223464757204,0.0007100205402821302,3,RNN,15,64,0.1,0.0005,32,"MinMaxScaler(-1,1)",20,150,val_loss,81,0.00325376377440989,101
86,0.003999129869043827,0.0034021520987153053,0.042879752814769745,0.03975962847471237,0.003999129869043827,0.0034021520987153053,0.0005969777703285217,3,RNN,15,64,0.1,0.0005,32,"MinMaxScaler(-1,1)",20,150,val_loss,81,0.00325376377440989,101
87,0.004036040045320988,0.0033325999975204468,0.043291959911584854,0.03850710391998291,0.004036040045320988,0.0033325999975204468,0.0007034400478005409,3,RNN,15,64,0.1,0.0005,32,"MinMaxScaler(-1,1)",20,150,val_loss,81,0.00325376377440989,101
88,0.004076911602169275,0.003324078395962715,0.04349949583411217,0.03842134028673172,0.004076911602169275,0.003324078395962715,0.0007528332062065601,3,RNN,15,64,0.1,0.0005,32,"MinMaxScaler(-1,1)",20,150,val_loss,81,0.00325376377440989,101
89,0.004057491198182106,0.0033395197242498398,0.04321810603141785,0.03845216706395149,0.004057491198182106,0.0033395197242498398,0.0007179714739322662,3,RNN,15,64,0.1,0.0005,32,"MinMaxScaler(-1,1)",20,150,val_loss,81,0.00325376377440989,101
90,0.004006194416433573,0.0033740235958248377,0.04301811009645462,0.03912699222564697,0.004006194416433573,0.0033740235958248377,0.0006321708206087351,3,RNN,15,64,0.1,0.0005,32,"MinMaxScaler(-1,1)",20,150,val_loss,81,0.00325376377440989,101
91,0.004046493675559759,0.0032790466211736202,0.04319209232926369,0.037746720016002655,0.004046493675559759,0.0032790466211736202,0.0007674470543861389,3,RNN,15,64,0.1,0.0005,32,"MinMaxScaler(-1,1)",20,150,val_loss,81,0.00325376377440989,101
92,0.004071021918207407,0.0033474371302872896,0.043225158005952835,0.03882685676217079,0.004071021918207407,0.0033474371302872896,0.0007235847879201174,3,RNN,15,64,0.1,0.0005,32,"MinMaxScaler(-1,1)",20,150,val_loss,81,0.00325376377440989,101
93,0.0040501439943909645,0.0032604902517050505,0.04333636537194252,0.03759002313017845,0.0040501439943909645,0.0032604902517050505,0.000789653742685914,3,RNN,15,64,0.1,0.0005,32,"MinMaxScaler(-1,1)",20,150,val_loss,81,0.00325376377440989,101
94,0.004000804387032986,0.003308175364509225,0.04266548156738281,0.03828693553805351,0.004000804387032986,0.003308175364509225,0.0006926290225237608,3,RNN,15,64,0.1,0.0005,32,"MinMaxScaler(-1,1)",20,150,val_loss,81,0.00325376377440989,101
95,0.003991211298853159,0.0033415474463254213,0.04275821894407272,0.03855697065591812,0.003991211298853159,0.0033415474463254213,0.0006496638525277376,3,RNN,15,64,0.1,0.0005,32,"MinMaxScaler(-1,1)",20,150,val_loss,81,0.00325376377440989,101
96,0.003962039947509766,0.003332796273753047,0.042682696133852005,0.038707707077264786,0.003962039947509766,0.003332796273753047,0.0006292436737567186,3,RNN,15,64,0.1,0.0005,32,"MinMaxScaler(-1,1)",20,150,val_loss,81,0.00325376377440989,101
97,0.0040924870409071445,0.003302658209577203,0.04310949891805649,0.0382973812520504,0.0040924870409071445,0.003302658209577203,0.0007898288313299417,3,RNN,15,64,0.1,0.0005,32,"MinMaxScaler(-1,1)",20,150,val_loss,81,0.00325376377440989,101
98,0.004024091642349958,0.003288619453087449,0.042721398174762726,0.03812741860747337,0.004024091642349958,0.003288619453087449,0.0007354721892625093,3,RNN,15,64,0.1,0.0005,32,"MinMaxScaler(-1,1)",20,150,val_loss,81,0.00325376377440989,101
99,0.003996663261204958,0.003380862530320883,0.04294204339385033,0.03924126550555229,0.003996663261204958,0.003380862530320883,0.0006158007308840752,3,RNN,15,64,0.1,0.0005,32,"MinMaxScaler(-1,1)",20,150,val_loss,81,0.00325376377440989,101
100,0.003983320668339729,0.00332175986841321,0.042688872665166855,0.038438308984041214,0.003983320668339729,0.00332175986841321,0.0006615607999265194,3,RNN,15,64,0.1,0.0005,32,"MinMaxScaler(-1,1)",20,150,val_loss,81,0.00325376377440989,101
101,0.004014226142317057,0.003343017539009452,0.04258159175515175,0.03877270594239235,0.004014226142317057,0.003343017539009452,0.0006712086033076048,3,RNN,15,64,0.1,0.0005,32,"MinMaxScaler(-1,1)",20,150,val_loss,81,0.00325376377440989,101
1,0.06047288700938225,0.02376578189432621,0.17987768352031708,0.11981965601444244,0.06047288700938225,0.02376578189432621,0.03670710511505604,4,RNN,15,64,0.1,0.0005,32,"MinMaxScaler(-1,1)",20,150,val_loss,93,0.003769742790609598,113
2,0.020544709637761116,0.01012194063514471,0.10993146896362305,0.07432142645120621,0.020544709637761116,0.01012194063514471,0.010422769002616405,4,RNN,15,64,0.1,0.0005,32,"MinMaxScaler(-1,1)",20,150,val_loss,93,0.003769742790609598,113
3,0.01229651365429163,0.007422333117574453,0.08452336490154266,0.06410690397024155,0.01229651365429163,0.007422333117574453,0.0048741805367171764,4,RNN,15,64,0.1,0.0005,32,"MinMaxScaler(-1,1)",20,150,val_loss,93,0.003769742790609598,113
4,0.010357591323554516,0.0066672880202531815,0.07704690098762512,0.05969860777258873,0.010357591323554516,0.0066672880202531815,0.0036903033033013344,4,RNN,15,64,0.1,0.0005,32,"MinMaxScaler(-1,1)",20,150,val_loss,93,0.003769742790609598,113
5,0.009286529384553432,0.006621058564633131,0.07277249544858932,0.05793948471546173,0.009286529384553432,0.006621058564633131,0.0026654708199203014,4,RNN,15,64,0.1,0.0005,32,"MinMaxScaler(-1,1)",20,150,val_loss,93,0.003769742790609598,113
6,0.00895041786134243,0.0059379348531365395,0.07119367271661758,0.0551876425743103,0.00895041786134243,0.0059379348531365395,0.0030124830082058907,4,RNN,15,64,0.1,0.0005,32,"MinMaxScaler(-1,1)",20,150,val_loss,93,0.003769742790609598,113
7,0.008158760145306587,0.005640783347189426,0.06791550666093826,0.053966082632541656,0.008158760145306587,0.005640783347189426,0.002517976798117161,4,RNN,15,64,0.1,0.0005,32,"MinMaxScaler(-1,1)",20,150,val_loss,93,0.003769742790609598,113
8,0.007910424843430519,0.005970275029540062,0.06670991331338882,0.05445937067270279,0.007910424843430519,0.005970275029540062,0.0019401498138904572,4,RNN,15,64,0.1,0.0005,32,"MinMaxScaler(-1,1)",20,150,val_loss,93,0.003769742790609598,113
9,0.007575511001050472,0.005271528847515583,0.06524132192134857,0.05206073448061943,0.007575511001050472,0.005271528847515583,0.0023039821535348892,4,RNN,15,64,0.1,0.0005,32,"MinMaxScaler(-1,1)",20,150,val_loss,93,0.003769742790609598,113
10,0.007285528816282749,0.0051384554244577885,0.06340707093477249,0.050852756947278976,0.007285528816282749,0.0051384554244577885,0.0021470733918249607,4,RNN,15,64,0.1,0.0005,32,"MinMaxScaler(-1,1)",20,150,val_loss,93,0.003769742790609598,113
11,0.007009256165474653,0.00493750162422657,0.06205982714891434,0.05026679486036301,0.007009256165474653,0.00493750162422657,0.002071754541248083,4,RNN,15,64,0.1,0.0005,32,"MinMaxScaler(-1,1)",20,150,val_loss,93,0.003769742790609598,113
12,0.006700160913169384,0.004851688165217638,0.06077611446380615,0.049901995807886124,0.006700160913169384,0.004851688165217638,0.001848472747951746,4,RNN,15,64,0.1,0.0005,32,"MinMaxScaler(-1,1)",20,150,val_loss,93,0.003769742790609598,113
13,0.006587076932191849,0.00485885888338089,0.059954334050416946,0.048732779920101166,0.006587076932191849,0.00485885888338089,0.0017282180488109589,4,RNN,15,64,0.1,0.0005,32,"MinMaxScaler(-1,1)",20,150,val_loss,93,0.003769742790609598,113
14,0.006343344692140818,0.00461987778544426,0.058979377150535583,0.04755384102463722,0.006343344692140818,0.00461987778544426,0.001723466906696558,4,RNN,15,64,0.1,0.0005,32,"MinMaxScaler(-1,1)",20,150,val_loss,93,0.003769742790609598,113
15,0.006242808420211077,0.0045479475520551205,0.058075759559869766,0.047995079308748245,0.006242808420211077,0.0045479475520551205,0.0016948608681559563,4,RNN,15,64,0.1,0.0005,32,"MinMaxScaler(-1,1)",20,150,val_loss,93,0.003769742790609598,113
16,0.006255193613469601,0.004513867665082216,0.05813007801771164,0.04724380746483803,0.006255193613469601,0.004513867665082216,0.0017413259483873844,4,RNN,15,64,0.1,0.0005,32,"MinMaxScaler(-1,1)",20,150,val_loss,93,0.003769742790609598,113
17,0.006016029976308346,0.00448193633928895,0.05653602257370949,0.04705064743757248,0.006016029976308346,0.00448193633928895,0.0015340936370193958,4,RNN,15,64,0.1,0.0005,32,"MinMaxScaler(-1,1)",20,150,val_loss,93,0.003769742790609598,113
18,0.005909967236220837,0.004458579234778881,0.05636991187930107,0.04694846644997597,0.005909967236220837,0.004458579234778881,0.0014513880014419556,4,RNN,15,64,0.1,0.0005,32,"MinMaxScaler(-1,1)",20,150,val_loss,93,0.003769742790609598,113
19,0.005719330627471209,0.0043968199752271175,0.05496146157383919,0.04535166174173355,0.005719330627471209,0.0043968199752271175,0.001322510652244091,4,RNN,15,64,0.1,0.0005,32,"MinMaxScaler(-1,1)",20,150,val_loss,93,0.003769742790609598,113
20,0.005669351667165756,0.0043189493007957935,0.054627224802970886,0.04509972408413887,0.005669351667165756,0.0043189493007957935,0.0013504023663699627,4,RNN,15,64,0.1,0.0005,32,"MinMaxScaler(-1,1)",20,150,val_loss,93,0.003769742790609598,113
21,0.005657648667693138,0.004331052303314209,0.0545000284910202,0.04596373438835144,0.005657648667693138,0.004331052303314209,0.0013265963643789291,4,RNN,15,64,0.1,0.0005,32,"MinMaxScaler(-1,1)",20,150,val_loss,93,0.003769742790609598,113
22,0.0054091801866889,0.004217217676341534,0.05337589606642723,0.045480336993932724,0.0054091801866889,0.004217217676341534,0.0011919625103473663,4,RNN,15,64,0.1,0.0005,32,"MinMaxScaler(-1,1)",20,150,val_loss,93,0.003769742790609598,113
23,0.0054412479512393475,0.004275389481335878,0.053408797830343246,0.04607390984892845,0.0054412479512393475,0.004275389481335878,0.001165858469903469,4,RNN,15,64,0.1,0.0005,32,"MinMaxScaler(-1,1)",20,150,val_loss,93,0.003769742790609598,113
24,0.005414895247668028,0.004183074459433556,0.05351589247584343,0.044398125261068344,0.005414895247668028,0.004183074459433556,0.0012318207882344723,4,RNN,15,64,0.1,0.0005,32,"MinMaxScaler(-1,1)",20,150,val_loss,93,0.003769742790609598,113
25,0.005414529703557491,0.004197420086711645,0.05337437614798546,0.045186422765254974,0.005414529703557491,0.004197420086711645,0.0012171096168458462,4,RNN,15,64,0.1,0.0005,32,"MinMaxScaler(-1,1)",20,150,val_loss,93,0.003769742790609598,113
26,0.005286902654916048,0.004143320024013519,0.05250075086951256,0.04364448040723801,0.005286902654916048,0.004143320024013519,0.0011435826309025288,4,RNN,15,64,0.1,0.0005,32,"MinMaxScaler(-1,1)",20,150,val_loss,93,0.003769742790609598,113
27,0.005259163212031126,0.004130418878048658,0.05222269892692566,0.04407328739762306,0.005259163212031126,0.004130418878048658,0.0011287443339824677,4,RNN,15,64,0.1,0.0005,32,"MinMaxScaler(-1,1)",20,150,val_loss,93,0.003769742790609598,113
28,0.005251887254416943,0.004064347594976425,0.052120234817266464,0.04324034973978996,0.005251887254416943,0.004064347594976425,0.0011875396594405174,4,RNN,15,64,0.1,0.0005,32,"MinMaxScaler(-1,1)",20,150,val_loss,93,0.003769742790609598,113
29,0.00510661443695426,0.004252237733453512,0.05119120329618454,0.04659686237573624,0.00510661443695426,0.004252237733453512,0.0008543767035007477,4,RNN,15,64,0.1,0.0005,32,"MinMaxScaler(-1,1)",20,150,val_loss,93,0.003769742790609598,113
30,0.0050772614777088165,0.0040535335429012775,0.05121246352791786,0.043938808143138885,0.0050772614777088165,0.0040535335429012775,0.001023727934807539,4,RNN,15,64,0.1,0.0005,32,"MinMaxScaler(-1,1)",20,150,val_loss,93,0.003769742790609598,113
31,0.0050646839663386345,0.00407490786164999,0.05099187791347504,0.04415255784988403,0.0050646839663386345,0.00407490786164999,0.0009897761046886444,4,RNN,15,64,0.1,0.0005,32,"MinMaxScaler(-1,1)",20,150,val_loss,93,0.003769742790609598,113
32,0.00502177607268095,0.004025175701826811,0.050669558346271515,0.043263114988803864,0.00502177607268095,0.004025175701826811,0.0009966003708541393,4,RNN,15,64,0.1,0.0005,32,"MinMaxScaler(-1,1)",20,150,val_loss,93,0.003769742790609598,113
33,0.004854345694184303,0.003969760145992041,0.04981306567788124,0.042417094111442566,0.004854345694184303,0.003969760145992041,0.0008845855481922626,4,RNN,15,64,0.1,0.0005,32,"MinMaxScaler(-1,1)",20,150,val_loss,93,0.003769742790609598,113
34,0.0048335762694478035,0.003999871667474508,0.04991360381245613,0.04364291578531265,0.0048335762694478035,0.003999871667474508,0.0008337046019732952,4,RNN,15,64,0.1,0.0005,32,"MinMaxScaler(-1,1)",20,150,val_loss,93,0.003769742790609598,113
35,0.004771805368363857,0.004045650362968445,0.049749866127967834,0.04383820667862892,0.004771805368363857,0.004045650362968445,0.0007261550053954124,4,RNN,15,64,0.1,0.0005,32,"MinMaxScaler(-1,1)",20,150,val_loss,93,0.003769742790609598,113
36,0.004720436409115791,0.003974314779043198,0.04903930053114891,0.04208113253116608,0.004720436409115791,0.003974314779043198,0.0007461216300725937,4,RNN,15,64,0.1,0.0005,32,"MinMaxScaler(-1,1)",20,150,val_loss,93,0.003769742790609598,113
37,0.004715538118034601,0.0039856103248894215,0.04886268824338913,0.04327018931508064,0.004715538118034601,0.0039856103248894215,0.0007299277931451797,4,RNN,15,64,0.1,0.0005,32,"MinMaxScaler(-1,1)",20,150,val_loss,93,0.003769742790609598,113
38,0.004675016272813082,0.003992349840700626,0.04868024215102196,0.043230585753917694,0.004675016272813082,0.003992349840700626,0.0006826664321124554,4,RNN,15,64,0.1,0.0005,32,"MinMaxScaler(-1,1)",20,150,val_loss,93,0.003769742790609598,113
39,0.0045172986574471,0.003901747753843665,0.0478665791451931,0.04161674529314041,0.0045172986574471,0.003901747753843665,0.0006155509036034346,4,RNN,15,64,0.1,0.0005,32,"MinMaxScaler(-1,1)",20,150,val_loss,93,0.003769742790609598,113
40,0.0045844633132219315,0.003922486212104559,0.04814080521464348,0.041868485510349274,0.0045844633132219315,0.003922486212104559,0.0006619771011173725,4,RNN,15,64,0.1,0.0005,32,"MinMaxScaler(-1,1)",20,150,val_loss,93,0.003769742790609598,113
41,0.004590855445712805,0.0039246585220098495,0.04788067564368248,0.04180082306265831,0.004590855445712805,0.0039246585220098495,0.0006661969237029552,4,RNN,15,64,0.1,0.0005,32,"MinMaxScaler(-1,1)",20,150,val_loss,93,0.003769742790609598,113
42,0.0045937709510326385,0.003884033067151904,0.047784991562366486,0.04129500687122345,0.0045937709510326385,0.003884033067151904,0.0007097378838807344,4,RNN,15,64,0.1,0.0005,32,"MinMaxScaler(-1,1)",20,150,val_loss,93,0.003769742790609598,113
43,0.0044820536859333515,0.0038644715677946806,0.04714784026145935,0.04163417965173721,0.0044820536859333515,0.0038644715677946806,0.0006175821181386709,4,RNN,15,64,0.1,0.0005,32,"MinMaxScaler(-1,1)",20,150,val_loss,93,0.003769742790609598,113
44,0.0044906106777489185,0.0038950867019593716,0.04720200225710869,0.04143792390823364,0.0044906106777489185,0.0038950867019593716,0.000595523975789547,4,RNN,15,64,0.1,0.0005,32,"MinMaxScaler(-1,1)",20,150,val_loss,93,0.003769742790609598,113
45,0.004430421628057957,0.0038945970591157675,0.047130364924669266,0.04148036986589432,0.004430421628057957,0.0038945970591157675,0.0005358245689421892,4,RNN,15,64,0.1,0.0005,32,"MinMaxScaler(-1,1)",20,150,val_loss,93,0.003769742790609598,113
46,0.004445826634764671,0.003869726089760661,0.04693279787898064,0.04147624969482422,0.004445826634764671,0.003869726089760661,0.0005761005450040102,4,RNN,15,64,0.1,0.0005,32,"MinMaxScaler(-1,1)",20,150,val_loss,93,0.003769742790609598,113
47,0.00441346550360322,0.0038330131210386753,0.0470401793718338,0.041207991540431976,0.00441346550360322,0.0038330131210386753,0.0005804523825645447,4,RNN,15,64,0.1,0.0005,32,"MinMaxScaler(-1,1)",20,150,val_loss,93,0.003769742790609598,113
48,0.00445706769824028,0.0038651914801448584,0.047094907611608505,0.041167814284563065,0.00445706769824028,0.0038651914801448584,0.0005918762180954218,4,RNN,15,64,0.1,0.0005,32,"MinMaxScaler(-1,1)",20,150,val_loss,93,0.003769742790609598,113
49,0.004459091927856207,0.0038521084934473038,0.047049108892679214,0.041170090436935425,0.004459091927856207,0.0038521084934473038,0.0006069834344089031,4,RNN,15,64,0.1,0.0005,32,"MinMaxScaler(-1,1)",20,150,val_loss,93,0.003769742790609598,113
50,0.004316545091569424,0.0038327204529196024,0.04630453512072563,0.04119494557380676,0.004316545091569424,0.0038327204529196024,0.0004838246386498213,4,RNN,15,64,0.1,0.0005,32,"MinMaxScaler(-1,1)",20,150,val_loss,93,0.003769742790609598,113
51,0.004368531983345747,0.003820301964879036,0.046612389385700226,0.04098176583647728,0.004368531983345747,0.003820301964879036,0.000548230018466711,4,RNN,15,64,0.1,0.0005,32,"MinMaxScaler(-1,1)",20,150,val_loss,93,0.003769742790609598,113
52,0.0044759344309568405,0.0038477061316370964,0.04692072421312332,0.04149799421429634,0.0044759344309568405,0.0038477061316370964,0.0006282282993197441,4,RNN,15,64,0.1,0.0005,32,"MinMaxScaler(-1,1)",20,150,val_loss,93,0.003769742790609598,113
53,0.004414020571857691,0.0038204402662813663,0.04655111953616142,0.040878698229789734,0.004414020571857691,0.0038204402662813663,0.0005935803055763245,4,RNN,15,64,0.1,0.0005,32,"MinMaxScaler(-1,1)",20,150,val_loss,93,0.003769742790609598,113
54,0.004382207989692688,0.003830929519608617,0.046509671956300735,0.04112895950675011,0.004382207989692688,0.003830929519608617,0.0005512784700840712,4,RNN,15,64,0.1,0.0005,32,"MinMaxScaler(-1,1)",20,150,val_loss,93,0.003769742790609598,113
55,0.0042960322462022305,0.003806004300713539,0.04611067846417427,0.0408770851790905,0.0042960322462022305,0.003806004300713539,0.0004900279454886913,4,RNN,15,64,0.1,0.0005,32,"MinMaxScaler(-1,1)",20,150,val_loss,93,0.003769742790609598,113
56,0.004377432633191347,0.0038133682683110237,0.04626380652189255,0.04078618809580803,0.004377432633191347,0.0038133682683110237,0.0005640643648803234,4,RNN,15,64,0.1,0.0005,32,"MinMaxScaler(-1,1)",20,150,val_loss,93,0.003769742790609598,113
57,0.004379234742373228,0.0038145205471664667,0.046532999724149704,0.04108629748225212,0.004379234742373228,0.0038145205471664667,0.0005647141952067614,4,RNN,15,64,0.1,0.0005,32,"MinMaxScaler(-1,1)",20,150,val_loss,93,0.003769742790609598,113
58,0.004354005213826895,0.003807717701420188,0.04631451889872551,0.04089188575744629,0.004354005213826895,0.003807717701420188,0.0005462875124067068,4,RNN,15,64,0.1,0.0005,32,"MinMaxScaler(-1,1)",20,150,val_loss,93,0.003769742790609598,113
59,0.004325607791543007,0.003828662447631359,0.04605747014284134,0.04117588326334953,0.004325607791543007,0.003828662447631359,0.0004969453439116478,4,RNN,15,64,0.1,0.0005,32,"MinMaxScaler(-1,1)",20,150,val_loss,93,0.003769742790609598,113
60,0.004271408077329397,0.0038013472221791744,0.046288713812828064,0.04086326062679291,0.004271408077329397,0.0038013472221791744,0.0004700608551502228,4,RNN,15,64,0.1,0.0005,32,"MinMaxScaler(-1,1)",20,150,val_loss,93,0.003769742790609598,113
61,0.004343876615166664,0.0038098343648016453,0.046471308916807175,0.04106689244508743,0.004343876615166664,0.0038098343648016453,0.0005340422503650188,4,RNN,15,64,0.1,0.0005,32,"MinMaxScaler(-1,1)",20,150,val_loss,93,0.003769742790609598,113
62,0.004196602385491133,0.003820860292762518,0.04532720893621445,0.04123125970363617,0.004196602385491133,0.003820860292762518,0.0003757420927286148,4,RNN,15,64,0.1,0.0005,32,"MinMaxScaler(-1,1)",20,150,val_loss,93,0.003769742790609598,113
63,0.00426149507984519,0.0038271043449640274,0.045789383351802826,0.04115324094891548,0.00426149507984519,0.0038271043449640274,0.00043439073488116264,4,RNN,15,64,0.1,0.0005,32,"MinMaxScaler(-1,1)",20,150,val_loss,93,0.003769742790609598,113
64,0.004182875156402588,0.0038367705419659615,0.045579612255096436,0.04139106720685959,0.004182875156402588,0.0038367705419659615,0.00034610461443662643,4,RNN,15,64,0.1,0.0005,32,"MinMaxScaler(-1,1)",20,150,val_loss,93,0.003769742790609598,113
65,0.004232004284858704,0.003812724957242608,0.04542765021324158,0.04102776199579239,0.004232004284858704,0.003812724957242608,0.00041927932761609554,4,RNN,15,64,0.1,0.0005,32,"MinMaxScaler(-1,1)",20,150,val_loss,93,0.003769742790609598,113
66,0.00429938780143857,0.003800565842539072,0.046065814793109894,0.04083334654569626,0.00429938780143857,0.003800565842539072,0.000498821958899498,4,RNN,15,64,0.1,0.0005,32,"MinMaxScaler(-1,1)",20,150,val_loss,93,0.003769742790609598,113
67,0.004355331417173147,0.0038138385862112045,0.046138226985931396,0.04113943502306938,0.004355331417173147,0.0038138385862112045,0.0005414928309619427,4,RNN,15,64,0.1,0.0005,32,"MinMaxScaler(-1,1)",20,150,val_loss,93,0.003769742790609598,113
68,0.004222332965582609,0.003817280987277627,0.045566584914922714,0.041359562426805496,0.004222332965582609,0.003817280987277627,0.0004050519783049822,4,RNN,15,64,0.1,0.0005,32,"MinMaxScaler(-1,1)",20,150,val_loss,93,0.003769742790609598,113
69,0.004307745490223169,0.0037973402068018913,0.04586981609463692,0.04075102135539055,0.004307745490223169,0.0037973402068018913,0.000510405283421278,4,RNN,15,64,0.1,0.0005,32,"MinMaxScaler(-1,1)",20,150,val_loss,93,0.003769742790609598,113
70,0.004271484445780516,0.0038063188549131155,0.045667096972465515,0.04113514721393585,0.004271484445780516,0.0038063188549131155,0.00046516559086740017,4,RNN,15,64,0.1,0.0005,32,"MinMaxScaler(-1,1)",20,150,val_loss,93,0.003769742790609598,113
71,0.004177317954599857,0.003790654707700014,0.04531547427177429,0.040719158947467804,0.004177317954599857,0.003790654707700014,0.0003866632468998432,4,RNN,15,64,0.1,0.0005,32,"MinMaxScaler(-1,1)",20,150,val_loss,93,0.003769742790609598,113
72,0.004257977474480867,0.0038122860714793205,0.04556868597865105,0.041079774498939514,0.004257977474480867,0.0038122860714793205,0.00044569140300154686,4,RNN,15,64,0.1,0.0005,32,"MinMaxScaler(-1,1)",20,150,val_loss,93,0.003769742790609598,113
73,0.0041267299093306065,0.0038153089117258787,0.04523658752441406,0.04116980358958244,0.0041267299093306065,0.0038153089117258787,0.00031142099760472775,4,RNN,15,64,0.1,0.0005,32,"MinMaxScaler(-1,1)",20,150,val_loss,93,0.003769742790609598,113
74,0.004189402796328068,0.003845473285764456,0.04550173506140709,0.04167706146836281,0.004189402796328068,0.003845473285764456,0.000343929510563612,4,RNN,15,64,0.1,0.0005,32,"MinMaxScaler(-1,1)",20,150,val_loss,93,0.003769742790609598,113
75,0.004278371576219797,0.0038240819703787565,0.045522402971982956,0.041294217109680176,0.004278371576219797,0.0038240819703787565,0.0004542896058410406,4,RNN,15,64,0.1,0.0005,32,"MinMaxScaler(-1,1)",20,150,val_loss,93,0.003769742790609598,113
76,0.00432201661169529,0.003798582823947072,0.045761026442050934,0.040736276656389236,0.00432201661169529,0.003798582823947072,0.0005234337877482176,4,RNN,15,64,0.1,0.0005,32,"MinMaxScaler(-1,1)",20,150,val_loss,93,0.003769742790609598,113
77,0.004367731977254152,0.0038058876525610685,0.046276044100522995,0.040932826697826385,0.004367731977254152,0.0038058876525610685,0.0005618443246930838,4,RNN,15,64,0.1,0.0005,32,"MinMaxScaler(-1,1)",20,150,val_loss,93,0.003769742790609598,113
78,0.004286205396056175,0.0038134800270199776,0.04598015174269676,0.04110143333673477,0.004286205396056175,0.0038134800270199776,0.00047272536903619766,4,RNN,15,64,0.1,0.0005,32,"MinMaxScaler(-1,1)",20,150,val_loss,93,0.003769742790609598,113
79,0.004225550219416618,0.0038164942525327206,0.04548999294638634,0.04122563824057579,0.004225550219416618,0.0038164942525327206,0.0004090559668838978,4,RNN,15,64,0.1,0.0005,32,"MinMaxScaler(-1,1)",20,150,val_loss,93,0.003769742790609598,113
80,0.0041879769414663315,0.003822402795776725,0.04509354382753372,0.041494544595479965,0.0041879769414663315,0.003822402795776725,0.00036557414568960667,4,RNN,15,64,0.1,0.0005,32,"MinMaxScaler(-1,1)",20,150,val_loss,93,0.003769742790609598,113
81,0.0043201204389333725,0.0037927720695734024,0.046038635075092316,0.040860507637262344,0.0043201204389333725,0.0037927720695734024,0.0005273483693599701,4,RNN,15,64,0.1,0.0005,32,"MinMaxScaler(-1,1)",20,150,val_loss,93,0.003769742790609598,113
82,0.004113154485821724,0.0037889943923801184,0.044953811913728714,0.040767423808574677,0.004113154485821724,0.0037889943923801184,0.00032416009344160557,4,RNN,15,64,0.1,0.0005,32,"MinMaxScaler(-1,1)",20,150,val_loss,93,0.003769742790609598,113
83,0.004271851386874914,0.0037866816855967045,0.04561571404337883,0.04069487005472183,0.004271851386874914,0.0037866816855967045,0.0004851697012782097,4,RNN,15,64,0.1,0.0005,32,"MinMaxScaler(-1,1)",20,150,val_loss,93,0.003769742790609598,113
84,0.004148194100707769,0.0037876558490097523,0.04491695389151573,0.040659766644239426,0.004148194100707769,0.0037876558490097523,0.0003605382516980171,4,RNN,15,64,0.1,0.0005,32,"MinMaxScaler(-1,1)",20,150,val_loss,93,0.003769742790609598,113
85,0.004101000726222992,0.0037998505868017673,0.045004356652498245,0.04084501788020134,0.004101000726222992,0.0037998505868017673,0.0003011501394212246,4,RNN,15,64,0.1,0.0005,32,"MinMaxScaler(-1,1)",20,150,val_loss,93,0.003769742790609598,113
86,0.004170243628323078,0.0037838916759938,0.04523107409477234,0.04054087772965431,0.004170243628323078,0.0037838916759938,0.000386351952329278,4,RNN,15,64,0.1,0.0005,32,"MinMaxScaler(-1,1)",20,150,val_loss,93,0.003769742790609598,113
87,0.004233452957123518,0.003795226104557514,0.04521354287862778,0.04071361944079399,0.004233452957123518,0.003795226104557514,0.0004382268525660038,4,RNN,15,64,0.1,0.0005,32,"MinMaxScaler(-1,1)",20,150,val_loss,93,0.003769742790609598,113
88,0.00429875822737813,0.003780983155593276,0.045625779777765274,0.04050833359360695,0.00429875822737813,0.003780983155593276,0.0005177750717848539,4,RNN,15,64,0.1,0.0005,32,"MinMaxScaler(-1,1)",20,150,val_loss,93,0.003769742790609598,113
89,0.00425396952778101,0.003776688128709793,0.04576723277568817,0.04039880260825157,0.00425396952778101,0.0037766885943710804,0.0004772813990712166,4,RNN,15,64,0.1,0.0005,32,"MinMaxScaler(-1,1)",20,150,val_loss,93,0.003769742790609598,113
90,0.004133687820285559,0.0037811067886650562,0.04510148987174034,0.040575359016656876,0.004133687820285559,0.0037811067886650562,0.00035258103162050247,4,RNN,15,64,0.1,0.0005,32,"MinMaxScaler(-1,1)",20,150,val_loss,93,0.003769742790609598,113
91,0.00412573991343379,0.00378137337975204,0.04507843032479286,0.04057024046778679,0.00412573991343379,0.00378137337975204,0.0003443665336817503,4,RNN,15,64,0.1,0.0005,32,"MinMaxScaler(-1,1)",20,150,val_loss,93,0.003769742790609598,113
92,0.004272615537047386,0.003777719335630536,0.045816823840141296,0.04053094983100891,0.004272615537047386,0.003777719335630536,0.0004948962014168501,4,RNN,15,64,0.1,0.0005,32,"MinMaxScaler(-1,1)",20,150,val_loss,93,0.003769742790609598,113
93,0.004193400964140892,0.003769742790609598,0.04546802490949631,0.04035770893096924,0.004193400964140892,0.003769742790609598,0.00042365817353129387,4,RNN,15,64,0.1,0.0005,32,"MinMaxScaler(-1,1)",20,150,val_loss,93,0.003769742790609598,113
94,0.00423269672319293,0.003770838025957346,0.045441243797540665,0.040391840040683746,0.00423269672319293,0.003770838025957346,0.00046185869723558426,4,RNN,15,64,0.1,0.0005,32,"MinMaxScaler(-1,1)",20,150,val_loss,93,0.003769742790609598,113
95,0.004175600595772266,0.0037752510979771614,0.04531044885516167,0.04047900810837746,0.004175600595772266,0.0037752510979771614,0.000400349497795105,4,RNN,15,64,0.1,0.0005,32,"MinMaxScaler(-1,1)",20,150,val_loss,93,0.003769742790609598,113
96,0.004092085175216198,0.0037753877695649862,0.04472168907523155,0.04049133509397507,0.004092085175216198,0.0037753877695649862,0.00031669740565121174,4,RNN,15,64,0.1,0.0005,32,"MinMaxScaler(-1,1)",20,150,val_loss,93,0.003769742790609598,113
97,0.0042261527851223946,0.003781885839998722,0.04534607380628586,0.0406435951590538,0.0042261527851223946,0.003781885839998722,0.0004442669451236725,4,RNN,15,64,0.1,0.0005,32,"MinMaxScaler(-1,1)",20,150,val_loss,93,0.003769742790609598,113
98,0.004179210402071476,0.0037766508758068085,0.04528924450278282,0.04052857309579849,0.004179210402071476,0.0037766508758068085,0.0004025595262646675,4,RNN,15,64,0.1,0.0005,32,"MinMaxScaler(-1,1)",20,150,val_loss,93,0.003769742790609598,113
99,0.004083629697561264,0.0037771379575133324,0.045023638755083084,0.04051252827048302,0.004083629697561264,0.0037771379575133324,0.00030649174004793167,4,RNN,15,64,0.1,0.0005,32,"MinMaxScaler(-1,1)",20,150,val_loss,93,0.003769742790609598,113
100,0.00423843041062355,0.003779276041314006,0.04521412402391434,0.04055728390812874,0.00423843041062355,0.003779276041314006,0.00045915436930954456,4,RNN,15,64,0.1,0.0005,32,"MinMaxScaler(-1,1)",20,150,val_loss,93,0.003769742790609598,113
101,0.004232156556099653,0.003778628772124648,0.04556981846690178,0.04050378128886223,0.004232156556099653,0.003778628772124648,0.00045352778397500515,4,RNN,15,64,0.1,0.0005,32,"MinMaxScaler(-1,1)",20,150,val_loss,93,0.003769742790609598,113
102,0.004144538659602404,0.0037764364387840033,0.04481447488069534,0.04041542485356331,0.004144538659602404,0.0037764364387840033,0.0003681022208184004,4,RNN,15,64,0.1,0.0005,32,"MinMaxScaler(-1,1)",20,150,val_loss,93,0.003769742790609598,113
103,0.004230658523738384,0.003779761493206024,0.04549018666148186,0.04050666093826294,0.004230658523738384,0.003779761493206024,0.0004508970305323601,4,RNN,15,64,0.1,0.0005,32,"MinMaxScaler(-1,1)",20,150,val_loss,93,0.003769742790609598,113
104,0.004217977169901133,0.0037813032977283,0.04551681503653526,0.040538154542446136,0.004217977169901133,0.0037813032977283,0.0004366738721728325,4,RNN,15,64,0.1,0.0005,32,"MinMaxScaler(-1,1)",20,150,val_loss,93,0.003769742790609598,113
105,0.004252262879163027,0.0037738787941634655,0.045642536133527756,0.04033973813056946,0.004252262879163027,0.0037738787941634655,0.0004783840849995613,4,RNN,15,64,0.1,0.0005,32,"MinMaxScaler(-1,1)",20,150,val_loss,93,0.003769742790609598,113
106,0.004175445064902306,0.0037801419384777546,0.04510238394141197,0.040526989847421646,0.004175445064902306,0.0037801419384777546,0.000395303126424551,4,RNN,15,64,0.1,0.0005,32,"MinMaxScaler(-1,1)",20,150,val_loss,93,0.003769742790609598,113
107,0.004234451800584793,0.003777927253395319,0.045389123260974884,0.040508054196834564,0.004234451800584793,0.003777927253395319,0.0004565245471894741,4,RNN,15,64,0.1,0.0005,32,"MinMaxScaler(-1,1)",20,150,val_loss,93,0.003769742790609598,113
108,0.004187733866274357,0.003780527738854289,0.04512207582592964,0.04054851457476616,0.004187733866274357,0.003780527738854289,0.0004072061274200678,4,RNN,15,64,0.1,0.0005,32,"MinMaxScaler(-1,1)",20,150,val_loss,93,0.003769742790609598,113
109,0.004155832342803478,0.003784849075600505,0.045203663408756256,0.04063395410776138,0.004155832342803478,0.003784849075600505,0.00037098326720297337,4,RNN,15,64,0.1,0.0005,32,"MinMaxScaler(-1,1)",20,150,val_loss,93,0.003769742790609598,113
110,0.004185324534773827,0.0037823973689228296,0.045218512415885925,0.04057615250349045,0.004185324534773827,0.0037823973689228296,0.00040292716585099697,4,RNN,15,64,0.1,0.0005,32,"MinMaxScaler(-1,1)",20,150,val_loss,93,0.003769742790609598,113
111,0.004130515269935131,0.0037790099158883095,0.045053545385599136,0.04049535095691681,0.004130515269935131,0.0037790099158883095,0.0003515053540468216,4,RNN,15,64,0.1,0.0005,32,"MinMaxScaler(-1,1)",20,150,val_loss,93,0.003769742790609598,113
112,0.004295813385397196,0.003776292083784938,0.04581206664443016,0.040418922901153564,0.004295813385397196,0.003776292083784938,0.000519521301612258,4,RNN,15,64,0.1,0.0005,32,"MinMaxScaler(-1,1)",20,150,val_loss,93,0.003769742790609598,113
113,0.004189488012343645,0.0037779470440000296,0.0453379787504673,0.04046439379453659,0.004189488012343645,0.0037779470440000296,0.00041154096834361553,4,RNN,15,64,0.1,0.0005,32,"MinMaxScaler(-1,1)",20,150,val_loss,93,0.003769742790609598,113
1,0.029731925576925278,0.00875331461429596,0.12583622336387634,0.07093583047389984,0.029731925576925278,0.00875331461429596,0.020978610962629318,0,RNN,15,128,0.1,0.0005,32,"MinMaxScaler(-1,1)",20,150,val_loss,61,0.0033906414173543453,81
2,0.011047400534152985,0.00705153401941061,0.0794697105884552,0.06535333395004272,0.011047400534152985,0.00705153401941061,0.003995866514742374,0,RNN,15,128,0.1,0.0005,32,"MinMaxScaler(-1,1)",20,150,val_loss,61,0.0033906414173543453,81
3,0.009325899183750153,0.006207029800862074,0.07260353118181229,0.0604422390460968,0.009325899183750153,0.006207029800862074,0.0031188693828880787,0,RNN,15,128,0.1,0.0005,32,"MinMaxScaler(-1,1)",20,150,val_loss,61,0.0033906414173543453,81
4,0.007969522848725319,0.00546627352014184,0.06674497574567795,0.0549967885017395,0.007969522848725319,0.00546627352014184,0.002503249328583479,0,RNN,15,128,0.1,0.0005,32,"MinMaxScaler(-1,1)",20,150,val_loss,61,0.0033906414173543453,81
5,0.007458839099854231,0.005715201608836651,0.06466270983219147,0.05807428061962128,0.007458839099854231,0.005715201608836651,0.00174363749101758,0,RNN,15,128,0.1,0.0005,32,"MinMaxScaler(-1,1)",20,150,val_loss,61,0.0033906414173543453,81
6,0.006856764666736126,0.004817895125597715,0.061627864837646484,0.05015476793050766,0.006856764666736126,0.004817895125597715,0.0020388695411384106,0,RNN,15,128,0.1,0.0005,32,"MinMaxScaler(-1,1)",20,150,val_loss,61,0.0033906414173543453,81
7,0.006560974754393101,0.004593044053763151,0.06001860275864601,0.04755274951457977,0.006560974754393101,0.004593044053763151,0.0019679307006299496,0,RNN,15,128,0.1,0.0005,32,"MinMaxScaler(-1,1)",20,150,val_loss,61,0.0033906414173543453,81
8,0.006323235109448433,0.004599486943334341,0.058619219809770584,0.04837992414832115,0.006323235109448433,0.004599486943334341,0.0017237481661140919,0,RNN,15,128,0.1,0.0005,32,"MinMaxScaler(-1,1)",20,150,val_loss,61,0.0033906414173543453,81
9,0.0062058959156274796,0.0044173807837069035,0.05787372961640358,0.04699742794036865,0.0062058959156274796,0.0044173807837069035,0.001788515131920576,0,RNN,15,128,0.1,0.0005,32,"MinMaxScaler(-1,1)",20,150,val_loss,61,0.0033906414173543453,81
10,0.005964441224932671,0.004417748190462589,0.057001858949661255,0.046410396695137024,0.005964441224932671,0.004417748190462589,0.0015466930344700813,0,RNN,15,128,0.1,0.0005,32,"MinMaxScaler(-1,1)",20,150,val_loss,61,0.0033906414173543453,81
11,0.005891260225325823,0.004294939339160919,0.056403469294309616,0.045182835310697556,0.005891260225325823,0.004294939339160919,0.0015963208861649036,0,RNN,15,128,0.1,0.0005,32,"MinMaxScaler(-1,1)",20,150,val_loss,61,0.0033906414173543453,81
12,0.0057893055491149426,0.004140093922615051,0.055963724851608276,0.043811675161123276,0.0057893055491149426,0.004140093922615051,0.0016492116264998913,0,RNN,15,128,0.1,0.0005,32,"MinMaxScaler(-1,1)",20,150,val_loss,61,0.0033906414173543453,81
13,0.005734654609113932,0.004113416187465191,0.05515207350254059,0.043691448867321014,0.005734654609113932,0.004113416187465191,0.0016212384216487408,0,RNN,15,128,0.1,0.0005,32,"MinMaxScaler(-1,1)",20,150,val_loss,61,0.0033906414173543453,81
14,0.005533440038561821,0.004056715872138739,0.054159801453351974,0.04362478852272034,0.005533440038561821,0.004056715872138739,0.0014767241664230824,0,RNN,15,128,0.1,0.0005,32,"MinMaxScaler(-1,1)",20,150,val_loss,61,0.0033906414173543453,81
15,0.005303593818098307,0.003919442184269428,0.052791863679885864,0.04252973198890686,0.005303593818098307,0.003919442184269428,0.0013841516338288784,0,RNN,15,128,0.1,0.0005,32,"MinMaxScaler(-1,1)",20,150,val_loss,61,0.0033906414173543453,81
16,0.005210860166698694,0.003996158950030804,0.0523630790412426,0.042689159512519836,0.005210860166698694,0.003996158950030804,0.0012147012166678905,0,RNN,15,128,0.1,0.0005,32,"MinMaxScaler(-1,1)",20,150,val_loss,61,0.0033906414173543453,81
17,0.005289922934025526,0.0038698234129697084,0.05273503437638283,0.041800081729888916,0.005289922934025526,0.0038698234129697084,0.0014200995210558176,0,RNN,15,128,0.1,0.0005,32,"MinMaxScaler(-1,1)",20,150,val_loss,61,0.0033906414173543453,81
18,0.005147276911884546,0.003837134689092636,0.051815733313560486,0.0419325977563858,0.005147276911884546,0.003837134689092636,0.0013101422227919102,0,RNN,15,128,0.1,0.0005,32,"MinMaxScaler(-1,1)",20,150,val_loss,61,0.0033906414173543453,81
19,0.004968214314430952,0.003774980315938592,0.05072687938809395,0.04108696058392525,0.004968214314430952,0.003774980315938592,0.0011932339984923601,0,RNN,15,128,0.1,0.0005,32,"MinMaxScaler(-1,1)",20,150,val_loss,61,0.0033906414173543453,81
20,0.005021039862185717,0.003739856882020831,0.050916463136672974,0.04080188646912575,0.005021039862185717,0.003739856882020831,0.0012811829801648855,0,RNN,15,128,0.1,0.0005,32,"MinMaxScaler(-1,1)",20,150,val_loss,61,0.0033906414173543453,81
21,0.004848223179578781,0.0037601469084620476,0.05025157704949379,0.04081537947058678,0.004848223179578781,0.0037601469084620476,0.0010880762711167336,0,RNN,15,128,0.1,0.0005,32,"MinMaxScaler(-1,1)",20,150,val_loss,61,0.0033906414173543453,81
22,0.004923687782138586,0.0037585380487143993,0.050217803567647934,0.040794238448143005,0.004923687782138586,0.0037585380487143993,0.0011651497334241867,0,RNN,15,128,0.1,0.0005,32,"MinMaxScaler(-1,1)",20,150,val_loss,61,0.0033906414173543453,81
23,0.004837872926145792,0.0036899447441101074,0.049619998782873154,0.04040547460317612,0.004837872926145792,0.0036899447441101074,0.0011479281820356846,0,RNN,15,128,0.1,0.0005,32,"MinMaxScaler(-1,1)",20,150,val_loss,61,0.0033906414173543453,81
24,0.0047149364836514,0.0037230171728879213,0.04905727133154869,0.04069564491510391,0.0047149364836514,0.0037230171728879213,0.0009919193107634783,0,RNN,15,128,0.1,0.0005,32,"MinMaxScaler(-1,1)",20,150,val_loss,61,0.0033906414173543453,81
25,0.004758079070597887,0.0037142736837267876,0.049289729446172714,0.04059198126196861,0.004758079070597887,0.0037142736837267876,0.0010438053868710995,0,RNN,15,128,0.1,0.0005,32,"MinMaxScaler(-1,1)",20,150,val_loss,61,0.0033906414173543453,81
26,0.004576715640723705,0.0036127811763435602,0.04813309758901596,0.03976001217961311,0.004576715640723705,0.0036127811763435602,0.0009639344643801451,0,RNN,15,128,0.1,0.0005,32,"MinMaxScaler(-1,1)",20,150,val_loss,61,0.0033906414173543453,81
27,0.004620410967618227,0.003672373481094837,0.04838234558701515,0.04031713306903839,0.004620410967618227,0.003672373481094837,0.0009480374865233898,0,RNN,15,128,0.1,0.0005,32,"MinMaxScaler(-1,1)",20,150,val_loss,61,0.0033906414173543453,81
28,0.004673033021390438,0.003605517093092203,0.048686522990465164,0.03983770310878754,0.004673033021390438,0.003605517093092203,0.001067515928298235,0,RNN,15,128,0.1,0.0005,32,"MinMaxScaler(-1,1)",20,150,val_loss,61,0.0033906414173543453,81
29,0.004504344891756773,0.0036822163965553045,0.04774593561887741,0.04049988090991974,0.004504344891756773,0.0036822163965553045,0.0008221284952014685,0,RNN,15,128,0.1,0.0005,32,"MinMaxScaler(-1,1)",20,150,val_loss,61,0.0033906414173543453,81
30,0.004609210882335901,0.003629423677921295,0.04826487600803375,0.040009044110774994,0.004609210882335901,0.003629423677921295,0.000979787204414606,0,RNN,15,128,0.1,0.0005,32,"MinMaxScaler(-1,1)",20,150,val_loss,61,0.0033906414173543453,81
31,0.004552576225250959,0.003603750839829445,0.047936078161001205,0.03955649957060814,0.004552576225250959,0.003603750839829445,0.0009488253854215145,0,RNN,15,128,0.1,0.0005,32,"MinMaxScaler(-1,1)",20,150,val_loss,61,0.0033906414173543453,81
32,0.0045261075720191,0.0036214401479810476,0.04767690598964691,0.03994681313633919,0.0045261075720191,0.0036214401479810476,0.0009046674240380526,0,RNN,15,128,0.1,0.0005,32,"MinMaxScaler(-1,1)",20,150,val_loss,61,0.0033906414173543453,81
33,0.004449791740626097,0.0035373831633478403,0.04723628982901573,0.03898238390684128,0.004449791740626097,0.0035373831633478403,0.0009124085772782564,0,RNN,15,128,0.1,0.0005,32,"MinMaxScaler(-1,1)",20,150,val_loss,61,0.0033906414173543453,81
34,0.004440439399331808,0.0034891825634986162,0.04700062796473503,0.0385696142911911,0.004440439399331808,0.0034891825634986162,0.0009512568358331919,0,RNN,15,128,0.1,0.0005,32,"MinMaxScaler(-1,1)",20,150,val_loss,61,0.0033906414173543453,81
35,0.004373440518975258,0.003560043405741453,0.046689584851264954,0.038998913019895554,0.004373440518975258,0.003560043405741453,0.0008133971132338047,0,RNN,15,128,0.1,0.0005,32,"MinMaxScaler(-1,1)",20,150,val_loss,61,0.0033906414173543453,81
36,0.004476040136069059,0.003553074086084962,0.04716230183839798,0.039193958044052124,0.004476040136069059,0.003553074086084962,0.0009229660499840975,0,RNN,15,128,0.1,0.0005,32,"MinMaxScaler(-1,1)",20,150,val_loss,61,0.0033906414173543453,81
37,0.004422653932124376,0.00354974833317101,0.04687817767262459,0.03915975242853165,0.004422653932124376,0.00354974833317101,0.0008729055989533663,0,RNN,15,128,0.1,0.0005,32,"MinMaxScaler(-1,1)",20,150,val_loss,61,0.0033906414173543453,81
38,0.004337923601269722,0.00354362977668643,0.04643280804157257,0.03896096348762512,0.004337923601269722,0.00354362977668643,0.000794293824583292,0,RNN,15,128,0.1,0.0005,32,"MinMaxScaler(-1,1)",20,150,val_loss,61,0.0033906414173543453,81
39,0.004441305063664913,0.0035141482949256897,0.04691994562745094,0.03879600018262863,0.004441305063664913,0.0035141482949256897,0.0009271567687392235,0,RNN,15,128,0.1,0.0005,32,"MinMaxScaler(-1,1)",20,150,val_loss,61,0.0033906414173543453,81
40,0.004274599254131317,0.0034798849374055862,0.04588278383016586,0.038503602147102356,0.004274599254131317,0.0034798849374055862,0.0007947143167257309,0,RNN,15,128,0.1,0.0005,32,"MinMaxScaler(-1,1)",20,150,val_loss,61,0.0033906414173543453,81
41,0.004316356498748064,0.003482406260445714,0.046217843890190125,0.03835863992571831,0.004316356498748064,0.003482406260445714,0.00083395023830235,0,RNN,15,128,0.1,0.0005,32,"MinMaxScaler(-1,1)",20,150,val_loss,61,0.0033906414173543453,81
42,0.004249920602887869,0.0034444506745785475,0.04570314660668373,0.038274429738521576,0.004249920602887869,0.0034444506745785475,0.0008054699283093214,0,RNN,15,128,0.1,0.0005,32,"MinMaxScaler(-1,1)",20,150,val_loss,61,0.0033906414173543453,81
43,0.004255734849721193,0.0034642883110791445,0.04566654562950134,0.038013920187950134,0.004255734849721193,0.0034642883110791445,0.0007914465386420488,0,RNN,15,128,0.1,0.0005,32,"MinMaxScaler(-1,1)",20,150,val_loss,61,0.0033906414173543453,81
44,0.0042666965164244175,0.0034900852479040623,0.04583745077252388,0.03816836699843407,0.0042666965164244175,0.0034900852479040623,0.0007766112685203552,0,RNN,15,128,0.1,0.0005,32,"MinMaxScaler(-1,1)",20,150,val_loss,61,0.0033906414173543453,81
45,0.004062427673488855,0.0034266533330082893,0.04453183338046074,0.037770893424749374,0.004062427673488855,0.0034266533330082893,0.000635774340480566,0,RNN,15,128,0.1,0.0005,32,"MinMaxScaler(-1,1)",20,150,val_loss,61,0.0033906414173543453,81
46,0.004054851830005646,0.003444936126470566,0.044400375336408615,0.03813515603542328,0.004054851830005646,0.003444936126470566,0.00060991570353508,0,RNN,15,128,0.1,0.0005,32,"MinMaxScaler(-1,1)",20,150,val_loss,61,0.0033906414173543453,81
47,0.004032861907035112,0.003430775133892894,0.04424352943897247,0.037716444581747055,0.004032861907035112,0.003430775133892894,0.0006020867731422186,0,RNN,15,128,0.1,0.0005,32,"MinMaxScaler(-1,1)",20,150,val_loss,61,0.0033906414173543453,81
48,0.004012956749647856,0.0034207431599497795,0.04423755034804344,0.03775299713015556,0.004012956749647856,0.0034207431599497795,0.0005922135896980762,0,RNN,15,128,0.1,0.0005,32,"MinMaxScaler(-1,1)",20,150,val_loss,61,0.0033906414173543453,81
49,0.004086025524884462,0.0034283085260540247,0.044673509895801544,0.03771539404988289,0.004086025524884462,0.0034283085260540247,0.0006577169988304377,0,RNN,15,128,0.1,0.0005,32,"MinMaxScaler(-1,1)",20,150,val_loss,61,0.0033906414173543453,81
50,0.003981744404882193,0.0034363551530987024,0.04381873458623886,0.0380338691174984,0.003981744404882193,0.0034363551530987024,0.0005453892517834902,0,RNN,15,128,0.1,0.0005,32,"MinMaxScaler(-1,1)",20,150,val_loss,61,0.0033906414173543453,81
51,0.004015856422483921,0.003409517463296652,0.044202230870723724,0.03751674294471741,0.004015856422483921,0.003409517463296652,0.0006063389591872692,0,RNN,15,128,0.1,0.0005,32,"MinMaxScaler(-1,1)",20,150,val_loss,61,0.0033906414173543453,81
52,0.004007633775472641,0.0034211750607937574,0.04410528764128685,0.037613607943058014,0.004007633775472641,0.003421174827963114,0.0005864587146788836,0,RNN,15,128,0.1,0.0005,32,"MinMaxScaler(-1,1)",20,150,val_loss,61,0.0033906414173543453,81
53,0.0040055857971310616,0.0034193433821201324,0.044018231332302094,0.037476103752851486,0.0040055857971310616,0.0034193433821201324,0.0005862424150109291,0,RNN,15,128,0.1,0.0005,32,"MinMaxScaler(-1,1)",20,150,val_loss,61,0.0033906414173543453,81
54,0.003965936601161957,0.003412868594750762,0.044014085084199905,0.0375143438577652,0.003965936601161957,0.003412868594750762,0.0005530680064111948,0,RNN,15,128,0.1,0.0005,32,"MinMaxScaler(-1,1)",20,150,val_loss,61,0.0033906414173543453,81
55,0.003965677227824926,0.0033952926751226187,0.043635621666908264,0.037497758865356445,0.003965677227824926,0.0033952926751226187,0.0005703845527023077,0,RNN,15,128,0.1,0.0005,32,"MinMaxScaler(-1,1)",20,150,val_loss,61,0.0033906414173543453,81
56,0.003873686771839857,0.003412200603634119,0.0429198257625103,0.03806323558092117,0.003873686771839857,0.003412200603634119,0.00046148616820573807,0,RNN,15,128,0.1,0.0005,32,"MinMaxScaler(-1,1)",20,150,val_loss,61,0.0033906414173543453,81
57,0.0038554060738533735,0.0033958919811993837,0.043001074343919754,0.03761705383658409,0.0038554060738533735,0.0033958919811993837,0.0004595140926539898,0,RNN,15,128,0.1,0.0005,32,"MinMaxScaler(-1,1)",20,150,val_loss,61,0.0033906414173543453,81
58,0.003912253305315971,0.003396039828658104,0.0433221235871315,0.03763282299041748,0.003912253305315971,0.003396039828658104,0.0005162134766578674,0,RNN,15,128,0.1,0.0005,32,"MinMaxScaler(-1,1)",20,150,val_loss,61,0.0033906414173543453,81
59,0.0038545457646250725,0.003399426117539406,0.04303489252924919,0.037658363580703735,0.0038545457646250725,0.003399426117539406,0.00045511964708566666,0,RNN,15,128,0.1,0.0005,32,"MinMaxScaler(-1,1)",20,150,val_loss,61,0.0033906414173543453,81
60,0.0039541395381093025,0.0033917834516614676,0.04332119971513748,0.037444066256284714,0.0039541395381093025,0.0033917834516614676,0.000562356086447835,0,RNN,15,128,0.1,0.0005,32,"MinMaxScaler(-1,1)",20,150,val_loss,61,0.0033906414173543453,81
61,0.0038995936047285795,0.0033906414173543453,0.04313655197620392,0.0374922938644886,0.0038995936047285795,0.0033906414173543453,0.0005089521873742342,0,RNN,15,128,0.1,0.0005,32,"MinMaxScaler(-1,1)",20,150,val_loss,61,0.0033906414173543453,81
62,0.003928929101675749,0.003418790642172098,0.043361932039260864,0.037903424352407455,0.003928929101675749,0.003418790642172098,0.0005101384595036507,0,RNN,15,128,0.1,0.0005,32,"MinMaxScaler(-1,1)",20,150,val_loss,61,0.0033906414173543453,81
63,0.003904324257746339,0.003408147720620036,0.043323151767253876,0.03773067146539688,0.003904324257746339,0.003408147720620036,0.0004961765371263027,0,RNN,15,128,0.1,0.0005,32,"MinMaxScaler(-1,1)",20,150,val_loss,61,0.0033906414173543453,81
64,0.003956898115575314,0.003414013423025608,0.04338658228516579,0.03791964799165726,0.003956898115575314,0.003414013423025608,0.0005428846925497055,0,RNN,15,128,0.1,0.0005,32,"MinMaxScaler(-1,1)",20,150,val_loss,61,0.0033906414173543453,81
65,0.003834111848846078,0.0034046254586428404,0.04279778152704239,0.03785683587193489,0.003834111848846078,0.0034046254586428404,0.00042948639020323753,0,RNN,15,128,0.1,0.0005,32,"MinMaxScaler(-1,1)",20,150,val_loss,61,0.0033906414173543453,81
66,0.003842893522232771,0.0034167286939918995,0.04253396391868591,0.03800351172685623,0.003842893522232771,0.0034167286939918995,0.00042616482824087143,0,RNN,15,128,0.1,0.0005,32,"MinMaxScaler(-1,1)",20,150,val_loss,61,0.0033906414173543453,81
67,0.0038314620032906532,0.0033910274505615234,0.042781900614500046,0.03745549917221069,0.0038314620032906532,0.0033910274505615234,0.0004404345527291298,0,RNN,15,128,0.1,0.0005,32,"MinMaxScaler(-1,1)",20,150,val_loss,61,0.0033906414173543453,81
68,0.0038514963816851377,0.0034022198524326086,0.04283635690808296,0.03778182342648506,0.0038514963816851377,0.0034022198524326086,0.00044927652925252914,0,RNN,15,128,0.1,0.0005,32,"MinMaxScaler(-1,1)",20,150,val_loss,61,0.0033906414173543453,81
69,0.00382992229424417,0.0033970430959016085,0.042631834745407104,0.03771638870239258,0.00382992229424417,0.0033970430959016085,0.0004328791983425617,0,RNN,15,128,0.1,0.0005,32,"MinMaxScaler(-1,1)",20,150,val_loss,61,0.0033906414173543453,81
70,0.0038143848069012165,0.003401433117687702,0.042243409901857376,0.03774537891149521,0.0038143848069012165,0.003401433117687702,0.00041295168921351433,0,RNN,15,128,0.1,0.0005,32,"MinMaxScaler(-1,1)",20,150,val_loss,61,0.0033906414173543453,81
71,0.0038545923307538033,0.0033934591338038445,0.04272205010056496,0.03744954243302345,0.0038545923307538033,0.0033934591338038445,0.0004611331969499588,0,RNN,15,128,0.1,0.0005,32,"MinMaxScaler(-1,1)",20,150,val_loss,61,0.0033906414173543453,81
72,0.0038568361196666956,0.0033966212067753077,0.04257945343852043,0.03755088523030281,0.0038568361196666956,0.0033966212067753077,0.00046021491289138794,0,RNN,15,128,0.1,0.0005,32,"MinMaxScaler(-1,1)",20,150,val_loss,61,0.0033906414173543453,81
73,0.0038786798249930143,0.003406861564144492,0.04273223876953125,0.037834931164979935,0.0038786798249930143,0.003406861564144492,0.0004718182608485222,0,RNN,15,128,0.1,0.0005,32,"MinMaxScaler(-1,1)",20,150,val_loss,61,0.0033906414173543453,81
74,0.0037609224673360586,0.003404301591217518,0.04233590513467789,0.03781486675143242,0.0037609224673360586,0.003404301591217518,0.00035662087611854076,0,RNN,15,128,0.1,0.0005,32,"MinMaxScaler(-1,1)",20,150,val_loss,61,0.0033906414173543453,81
75,0.003790735499933362,0.003396959975361824,0.04253269359469414,0.037780795246362686,0.003790735499933362,0.003396959975361824,0.00039377552457153797,0,RNN,15,128,0.1,0.0005,32,"MinMaxScaler(-1,1)",20,150,val_loss,61,0.0033906414173543453,81
76,0.003868361236527562,0.0033951355144381523,0.042689695954322815,0.03749117627739906,0.003868361236527562,0.0033951355144381523,0.00047322572208940983,0,RNN,15,128,0.1,0.0005,32,"MinMaxScaler(-1,1)",20,150,val_loss,61,0.0033906414173543453,81
77,0.003781265579164028,0.0034090003464370966,0.04221328720450401,0.03801858797669411,0.003781265579164028,0.0034090003464370966,0.00037226523272693157,0,RNN,15,128,0.1,0.0005,32,"MinMaxScaler(-1,1)",20,150,val_loss,61,0.0033906414173543453,81
78,0.0037971732672303915,0.003395859617739916,0.04243004694581032,0.037575285881757736,0.0037971732672303915,0.003395859617739916,0.00040131364949047565,0,RNN,15,128,0.1,0.0005,32,"MinMaxScaler(-1,1)",20,150,val_loss,61,0.0033906414173543453,81
79,0.0038359523750841618,0.0034064101055264473,0.042738448828458786,0.03790803253650665,0.0038359523750841618,0.0034064101055264473,0.00042954226955771446,0,RNN,15,128,0.1,0.0005,32,"MinMaxScaler(-1,1)",20,150,val_loss,61,0.0033906414173543453,81
80,0.0037923771888017654,0.003398205852136016,0.04252529889345169,0.03769052401185036,0.0037923771888017654,0.003398205852136016,0.00039417133666574955,0,RNN,15,128,0.1,0.0005,32,"MinMaxScaler(-1,1)",20,150,val_loss,61,0.0033906414173543453,81
81,0.0038071919698268175,0.0033956191036850214,0.042391616851091385,0.03757605329155922,0.0038071919698268175,0.0033956191036850214,0.0004115728661417961,0,RNN,15,128,0.1,0.0005,32,"MinMaxScaler(-1,1)",20,150,val_loss,61,0.0033906414173543453,81
1,0.022462228313088417,0.006566931959241629,0.10609371215105057,0.06244666129350662,0.022462228313088417,0.006566931959241629,0.01589529635384679,1,RNN,15,128,0.1,0.0005,32,"MinMaxScaler(-1,1)",20,150,val_loss,69,0.0031824258621782064,89
2,0.00916649866849184,0.005639283452183008,0.07166863977909088,0.056293338537216187,0.00916649866849184,0.005639283452183008,0.003527215216308832,1,RNN,15,128,0.1,0.0005,32,"MinMaxScaler(-1,1)",20,150,val_loss,69,0.0031824258621782064,89
3,0.00786286685615778,0.005745165515691042,0.06590394675731659,0.05711987987160683,0.00786286685615778,0.005745165515691042,0.0021177013404667377,1,RNN,15,128,0.1,0.0005,32,"MinMaxScaler(-1,1)",20,150,val_loss,69,0.0031824258621782064,89
4,0.00715169170871377,0.005483591929078102,0.06273685395717621,0.05485224723815918,0.00715169170871377,0.005483591929078102,0.0016680997796356678,1,RNN,15,128,0.1,0.0005,32,"MinMaxScaler(-1,1)",20,150,val_loss,69,0.0031824258621782064,89
5,0.006734462920576334,0.004948317538946867,0.0606878437101841,0.05145064368844032,0.006734462920576334,0.004948317538946867,0.001786145381629467,1,RNN,15,128,0.1,0.0005,32,"MinMaxScaler(-1,1)",20,150,val_loss,69,0.0031824258621782064,89
6,0.006392931565642357,0.004899040330201387,0.05887826159596443,0.05142906308174133,0.006392931565642357,0.004899040330201387,0.0014938912354409695,1,RNN,15,128,0.1,0.0005,32,"MinMaxScaler(-1,1)",20,150,val_loss,69,0.0031824258621782064,89
7,0.0059844558127224445,0.004447276704013348,0.05663197115063667,0.04654211923480034,0.0059844558127224445,0.004447276704013348,0.001537179108709097,1,RNN,15,128,0.1,0.0005,32,"MinMaxScaler(-1,1)",20,150,val_loss,69,0.0031824258621782064,89
8,0.005713209975510836,0.004328669514507055,0.05525177717208862,0.046247076243162155,0.005713209975510836,0.004328669514507055,0.0013845404610037804,1,RNN,15,128,0.1,0.0005,32,"MinMaxScaler(-1,1)",20,150,val_loss,69,0.0031824258621782064,89
9,0.005752097349613905,0.0042814533226192,0.0552653893828392,0.044944971799850464,0.005752097349613905,0.0042814533226192,0.0014706440269947052,1,RNN,15,128,0.1,0.0005,32,"MinMaxScaler(-1,1)",20,150,val_loss,69,0.0031824258621782064,89
10,0.005501847714185715,0.004081279505044222,0.053746793419122696,0.04377489537000656,0.005501847714185715,0.004081279505044222,0.0014205682091414928,1,RNN,15,128,0.1,0.0005,32,"MinMaxScaler(-1,1)",20,150,val_loss,69,0.0031824258621782064,89
11,0.0054525332525372505,0.004010519478470087,0.05353579297661781,0.04269847273826599,0.0054525332525372505,0.004010519478470087,0.0014420137740671635,1,RNN,15,128,0.1,0.0005,32,"MinMaxScaler(-1,1)",20,150,val_loss,69,0.0031824258621782064,89
12,0.005436992272734642,0.003981012850999832,0.053696706891059875,0.04249446839094162,0.005436992272734642,0.003981012850999832,0.0014559794217348099,1,RNN,15,128,0.1,0.0005,32,"MinMaxScaler(-1,1)",20,150,val_loss,69,0.0031824258621782064,89
13,0.0051906658336520195,0.003856932045891881,0.051924750208854675,0.04158370569348335,0.0051906658336520195,0.003856932045891881,0.0013337337877601385,1,RNN,15,128,0.1,0.0005,32,"MinMaxScaler(-1,1)",20,150,val_loss,69,0.0031824258621782064,89
14,0.005174887832254171,0.0038389121182262897,0.05181106925010681,0.04109879210591316,0.005174887832254171,0.0038389121182262897,0.0013359757140278816,1,RNN,15,128,0.1,0.0005,32,"MinMaxScaler(-1,1)",20,150,val_loss,69,0.0031824258621782064,89
15,0.005091561935842037,0.0037687374278903008,0.05166858807206154,0.04146371781826019,0.005091561935842037,0.0037687374278903008,0.0013228245079517365,1,RNN,15,128,0.1,0.0005,32,"MinMaxScaler(-1,1)",20,150,val_loss,69,0.0031824258621782064,89
16,0.004952507559210062,0.0037791444920003414,0.05064970254898071,0.0408053994178772,0.004952507559210062,0.0037791444920003414,0.0011733630672097206,1,RNN,15,128,0.1,0.0005,32,"MinMaxScaler(-1,1)",20,150,val_loss,69,0.0031824258621782064,89
17,0.005012615118175745,0.003766577458009124,0.05094223469495773,0.041045743972063065,0.005012615118175745,0.003766577458009124,0.0012460376601666212,1,RNN,15,128,0.1,0.0005,32,"MinMaxScaler(-1,1)",20,150,val_loss,69,0.0031824258621782064,89
18,0.004815881140530109,0.0037185372784733772,0.04984767735004425,0.0405491478741169,0.004815881140530109,0.0037185372784733772,0.0010973438620567322,1,RNN,15,128,0.1,0.0005,32,"MinMaxScaler(-1,1)",20,150,val_loss,69,0.0031824258621782064,89
19,0.004761533346027136,0.003642611438408494,0.04951797053217888,0.040053319185972214,0.004761533346027136,0.003642611438408494,0.0011189219076186419,1,RNN,15,128,0.1,0.0005,32,"MinMaxScaler(-1,1)",20,150,val_loss,69,0.0031824258621782064,89
20,0.004882861394435167,0.003643623786047101,0.04991157725453377,0.04002704098820686,0.004882861394435167,0.003643623786047101,0.0012392376083880663,1,RNN,15,128,0.1,0.0005,32,"MinMaxScaler(-1,1)",20,150,val_loss,69,0.0031824258621782064,89
21,0.004694459028542042,0.003674142761155963,0.04883641377091408,0.04010547697544098,0.004694459028542042,0.003674142761155963,0.0010203162673860788,1,RNN,15,128,0.1,0.0005,32,"MinMaxScaler(-1,1)",20,150,val_loss,69,0.0031824258621782064,89
22,0.004740909673273563,0.0035458561033010483,0.04935527592897415,0.039133694022893906,0.004740909673273563,0.0035458561033010483,0.001195053569972515,1,RNN,15,128,0.1,0.0005,32,"MinMaxScaler(-1,1)",20,150,val_loss,69,0.0031824258621782064,89
23,0.004688669927418232,0.0034612875897437334,0.04886077344417572,0.03900712728500366,0.004688669927418232,0.0034612875897437334,0.0012273823376744986,1,RNN,15,128,0.1,0.0005,32,"MinMaxScaler(-1,1)",20,150,val_loss,69,0.0031824258621782064,89
24,0.004626596346497536,0.003576825838536024,0.048116039484739304,0.03943084180355072,0.004626596346497536,0.003576825838536024,0.0010497705079615116,1,RNN,15,128,0.1,0.0005,32,"MinMaxScaler(-1,1)",20,150,val_loss,69,0.0031824258621782064,89
25,0.004648336209356785,0.003526285756379366,0.04846999794244766,0.03935649245977402,0.004648336209356785,0.003526285756379366,0.001122050452977419,1,RNN,15,128,0.1,0.0005,32,"MinMaxScaler(-1,1)",20,150,val_loss,69,0.0031824258621782064,89
26,0.004620432388037443,0.0034726921003311872,0.04853470250964165,0.038638610392808914,0.004620432388037443,0.0034726921003311872,0.001147740287706256,1,RNN,15,128,0.1,0.0005,32,"MinMaxScaler(-1,1)",20,150,val_loss,69,0.0031824258621782064,89
27,0.004576551727950573,0.0035006580874323845,0.04781369864940643,0.03915979340672493,0.004576551727950573,0.0035006580874323845,0.0010758936405181885,1,RNN,15,128,0.1,0.0005,32,"MinMaxScaler(-1,1)",20,150,val_loss,69,0.0031824258621782064,89
28,0.0045016054064035416,0.003399294801056385,0.0475696437060833,0.038401100784540176,0.0045016054064035416,0.003399294801056385,0.0011023106053471565,1,RNN,15,128,0.1,0.0005,32,"MinMaxScaler(-1,1)",20,150,val_loss,69,0.0031824258621782064,89
29,0.004400228150188923,0.0034751358907669783,0.04681866988539696,0.03874899446964264,0.004400228150188923,0.0034751358907669783,0.0009250922594219446,1,RNN,15,128,0.1,0.0005,32,"MinMaxScaler(-1,1)",20,150,val_loss,69,0.0031824258621782064,89
30,0.004456373397260904,0.003434909274801612,0.047344330698251724,0.038513824343681335,0.004456373397260904,0.003434909274801612,0.0010214641224592924,1,RNN,15,128,0.1,0.0005,32,"MinMaxScaler(-1,1)",20,150,val_loss,69,0.0031824258621782064,89
31,0.004408322274684906,0.003428160445764661,0.04675833135843277,0.038246914744377136,0.004408322274684906,0.003428160445764661,0.0009801618289202452,1,RNN,15,128,0.1,0.0005,32,"MinMaxScaler(-1,1)",20,150,val_loss,69,0.0031824258621782064,89
32,0.004390233661979437,0.0034355008974671364,0.046516697853803635,0.03832022100687027,0.004390233661979437,0.0034355008974671364,0.0009547327645123005,1,RNN,15,128,0.1,0.0005,32,"MinMaxScaler(-1,1)",20,150,val_loss,69,0.0031824258621782064,89
33,0.00444308714941144,0.003332661697641015,0.0470123365521431,0.03792872279882431,0.00444308714941144,0.003332661697641015,0.0011104254517704248,1,RNN,15,128,0.1,0.0005,32,"MinMaxScaler(-1,1)",20,150,val_loss,69,0.0031824258621782064,89
34,0.00438639847561717,0.003372747916728258,0.046538032591342926,0.03810903802514076,0.00438639847561717,0.003372747916728258,0.0010136505588889122,1,RNN,15,128,0.1,0.0005,32,"MinMaxScaler(-1,1)",20,150,val_loss,69,0.0031824258621782064,89
35,0.004345202352851629,0.0033475705422461033,0.046433381736278534,0.03763529658317566,0.004345202352851629,0.0033475705422461033,0.000997631810605526,1,RNN,15,128,0.1,0.0005,32,"MinMaxScaler(-1,1)",20,150,val_loss,69,0.0031824258621782064,89
36,0.004331931006163359,0.0033540630247443914,0.046571310609579086,0.037704553455114365,0.004331931006163359,0.0033540630247443914,0.0009778679814189672,1,RNN,15,128,0.1,0.0005,32,"MinMaxScaler(-1,1)",20,150,val_loss,69,0.0031824258621782064,89
37,0.004247923847287893,0.0033513179514557123,0.04584677144885063,0.03793291002511978,0.004247923847287893,0.0033513179514557123,0.000896605895832181,1,RNN,15,128,0.1,0.0005,32,"MinMaxScaler(-1,1)",20,150,val_loss,69,0.0031824258621782064,89
38,0.004337858874350786,0.0033518867567181587,0.046177320182323456,0.037658583372831345,0.004337858874350786,0.0033518867567181587,0.0009859721176326275,1,RNN,15,128,0.1,0.0005,32,"MinMaxScaler(-1,1)",20,150,val_loss,69,0.0031824258621782064,89
39,0.004095103591680527,0.0032524841371923685,0.04478548467159271,0.037290576845407486,0.004095103591680527,0.0032524841371923685,0.0008426194544881582,1,RNN,15,128,0.1,0.0005,32,"MinMaxScaler(-1,1)",20,150,val_loss,69,0.0031824258621782064,89
40,0.004070954397320747,0.003247104352340102,0.044150374829769135,0.037355273962020874,0.004070954397320747,0.003247104352340102,0.0008238500449806452,1,RNN,15,128,0.1,0.0005,32,"MinMaxScaler(-1,1)",20,150,val_loss,69,0.0031824258621782064,89
41,0.004047345835715532,0.0032401634380221367,0.044320493936538696,0.03722140192985535,0.004047345835715532,0.0032401634380221367,0.0008071823976933956,1,RNN,15,128,0.1,0.0005,32,"MinMaxScaler(-1,1)",20,150,val_loss,69,0.0031824258621782064,89
42,0.004082990810275078,0.0032300257589668036,0.0444938987493515,0.037157513201236725,0.004082990810275078,0.0032300257589668036,0.0008529650513082743,1,RNN,15,128,0.1,0.0005,32,"MinMaxScaler(-1,1)",20,150,val_loss,69,0.0031824258621782064,89
43,0.004098511300981045,0.003232355695217848,0.044557422399520874,0.03717372193932533,0.004098511300981045,0.003232355695217848,0.0008661556057631969,1,RNN,15,128,0.1,0.0005,32,"MinMaxScaler(-1,1)",20,150,val_loss,69,0.0031824258621782064,89
44,0.004073533695191145,0.0032309561502188444,0.04429270699620247,0.037251703441143036,0.004073533695191145,0.0032309561502188444,0.0008425775449723005,1,RNN,15,128,0.1,0.0005,32,"MinMaxScaler(-1,1)",20,150,val_loss,69,0.0031824258621782064,89
45,0.004011881072074175,0.0032269353978335857,0.04401025548577309,0.03706641495227814,0.004011881072074175,0.0032269353978335857,0.0007849456742405891,1,RNN,15,128,0.1,0.0005,32,"MinMaxScaler(-1,1)",20,150,val_loss,69,0.0031824258621782064,89
46,0.0041114771738648415,0.003238322213292122,0.04467190057039261,0.03708997741341591,0.0041114771738648415,0.003238322213292122,0.0008731549605727196,1,RNN,15,128,0.1,0.0005,32,"MinMaxScaler(-1,1)",20,150,val_loss,69,0.0031824258621782064,89
47,0.004026769194751978,0.003242199309170246,0.04419692978262901,0.037181418389081955,0.004026769194751978,0.003242199309170246,0.0007845698855817318,1,RNN,15,128,0.1,0.0005,32,"MinMaxScaler(-1,1)",20,150,val_loss,69,0.0031824258621782064,89
48,0.004076917190104723,0.0032133597414940596,0.044465623795986176,0.0367945171892643,0.004076917190104723,0.0032133597414940596,0.0008635574486106634,1,RNN,15,128,0.1,0.0005,32,"MinMaxScaler(-1,1)",20,150,val_loss,69,0.0031824258621782064,89
49,0.003971737809479237,0.0032221986912190914,0.04370133578777313,0.03702908754348755,0.003971737809479237,0.0032221986912190914,0.0007495391182601452,1,RNN,15,128,0.1,0.0005,32,"MinMaxScaler(-1,1)",20,150,val_loss,69,0.0031824258621782064,89
50,0.003928370773792267,0.003206636058166623,0.04323005676269531,0.037261780351400375,0.003928370773792267,0.003206636058166623,0.0007217347156256437,1,RNN,15,128,0.1,0.0005,32,"MinMaxScaler(-1,1)",20,150,val_loss,69,0.0031824258621782064,89
51,0.00396675756201148,0.003210577880963683,0.04362964257597923,0.0373825840651989,0.00396675756201148,0.003210577880963683,0.0007561796810477972,1,RNN,15,128,0.1,0.0005,32,"MinMaxScaler(-1,1)",20,150,val_loss,69,0.0031824258621782064,89
52,0.003922007046639919,0.0032250494696199894,0.04342624172568321,0.03770187124609947,0.003922007046639919,0.0032250494696199894,0.0006969575770199299,1,RNN,15,128,0.1,0.0005,32,"MinMaxScaler(-1,1)",20,150,val_loss,69,0.0031824258621782064,89
53,0.003917512483894825,0.0032089296728372574,0.0435546450316906,0.03729836642742157,0.003917512483894825,0.0032089296728372574,0.0007085828110575676,1,RNN,15,128,0.1,0.0005,32,"MinMaxScaler(-1,1)",20,150,val_loss,69,0.0031824258621782064,89
54,0.003936470951884985,0.0032102472614496946,0.04341501370072365,0.0373866930603981,0.003936470951884985,0.0032102472614496946,0.0007262236904352903,1,RNN,15,128,0.1,0.0005,32,"MinMaxScaler(-1,1)",20,150,val_loss,69,0.0031824258621782064,89
55,0.003908236511051655,0.00324248056858778,0.043315667659044266,0.03797033801674843,0.003908236511051655,0.00324248056858778,0.0006657559424638748,1,RNN,15,128,0.1,0.0005,32,"MinMaxScaler(-1,1)",20,150,val_loss,69,0.0031824258621782064,89
56,0.0038593632634729147,0.0032144703436642885,0.04328358545899391,0.03743617609143257,0.0038593632634729147,0.0032144703436642885,0.0006448929198086262,1,RNN,15,128,0.1,0.0005,32,"MinMaxScaler(-1,1)",20,150,val_loss,69,0.0031824258621782064,89
57,0.003990024793893099,0.0032478475477546453,0.04346144199371338,0.03822803124785423,0.003990024793893099,0.0032478475477546453,0.0007421772461384535,1,RNN,15,128,0.1,0.0005,32,"MinMaxScaler(-1,1)",20,150,val_loss,69,0.0031824258621782064,89
58,0.00394462700933218,0.003217852907255292,0.043399132788181305,0.03745971992611885,0.00394462700933218,0.003217852907255292,0.0007267741020768881,1,RNN,15,128,0.1,0.0005,32,"MinMaxScaler(-1,1)",20,150,val_loss,69,0.0031824258621782064,89
59,0.003922532312572002,0.0032050220761448145,0.04309707507491112,0.037408847361803055,0.003922532312572002,0.0032050220761448145,0.0007175102364271879,1,RNN,15,128,0.1,0.0005,32,"MinMaxScaler(-1,1)",20,150,val_loss,69,0.0031824258621782064,89
60,0.003881379496306181,0.003198967082425952,0.04281157627701759,0.03722866252064705,0.003881379496306181,0.003198967082425952,0.000682412413880229,1,RNN,15,128,0.1,0.0005,32,"MinMaxScaler(-1,1)",20,150,val_loss,69,0.0031824258621782064,89
61,0.003916305024176836,0.0032105515711009502,0.04312716796994209,0.03756246343255043,0.003916305024176836,0.0032105515711009502,0.0007057534530758858,1,RNN,15,128,0.1,0.0005,32,"MinMaxScaler(-1,1)",20,150,val_loss,69,0.0031824258621782064,89
62,0.003818054683506489,0.003202515421435237,0.04252881929278374,0.037369102239608765,0.003818054683506489,0.003202515421435237,0.0006155392620712519,1,RNN,15,128,0.1,0.0005,32,"MinMaxScaler(-1,1)",20,150,val_loss,69,0.0031824258621782064,89
63,0.003841284429654479,0.0032079205848276615,0.04264320433139801,0.037557583302259445,0.003841284429654479,0.0032079205848276615,0.0006333638448268175,1,RNN,15,128,0.1,0.0005,32,"MinMaxScaler(-1,1)",20,150,val_loss,69,0.0031824258621782064,89
64,0.0038937118370085955,0.003193149110302329,0.042872101068496704,0.0370510034263134,0.0038937118370085955,0.003193149110302329,0.0007005627267062664,1,RNN,15,128,0.1,0.0005,32,"MinMaxScaler(-1,1)",20,150,val_loss,69,0.0031824258621782064,89
65,0.0038391754496842623,0.0032208289485424757,0.04260818660259247,0.03781307861208916,0.0038391754496842623,0.0032208289485424757,0.0006183465011417866,1,RNN,15,128,0.1,0.0005,32,"MinMaxScaler(-1,1)",20,150,val_loss,69,0.0031824258621782064,89
66,0.0038934231270104647,0.003197319805622101,0.04290705546736717,0.03740112856030464,0.0038934231270104647,0.003197319805622101,0.0006961033213883638,1,RNN,15,128,0.1,0.0005,32,"MinMaxScaler(-1,1)",20,150,val_loss,69,0.0031824258621782064,89
67,0.0037945082876831293,0.0032041550148278475,0.04230215772986412,0.03754867985844612,0.0037945082876831293,0.0032041550148278475,0.0005903532728552818,1,RNN,15,128,0.1,0.0005,32,"MinMaxScaler(-1,1)",20,150,val_loss,69,0.0031824258621782064,89
68,0.003888083156198263,0.0032062865793704987,0.0426846519112587,0.037515249103307724,0.003888083156198263,0.0032062865793704987,0.0006817965768277645,1,RNN,15,128,0.1,0.0005,32,"MinMaxScaler(-1,1)",20,150,val_loss,69,0.0031824258621782064,89
69,0.003952280152589083,0.0031824258621782064,0.04307599738240242,0.03698129579424858,0.003952280152589083,0.0031824258621782064,0.0007698542904108763,1,RNN,15,128,0.1,0.0005,32,"MinMaxScaler(-1,1)",20,150,val_loss,69,0.0031824258621782064,89
70,0.003837037831544876,0.003186311572790146,0.042654961347579956,0.03715367242693901,0.003837037831544876,0.003186311572790146,0.0006507262587547302,1,RNN,15,128,0.1,0.0005,32,"MinMaxScaler(-1,1)",20,150,val_loss,69,0.0031824258621782064,89
71,0.00378778507001698,0.0031935526058077812,0.04213827848434448,0.03735742345452309,0.00378778507001698,0.0031935526058077812,0.000594232464209199,1,RNN,15,128,0.1,0.0005,32,"MinMaxScaler(-1,1)",20,150,val_loss,69,0.0031824258621782064,89
72,0.003854257520288229,0.0031885001808404922,0.04262912645936012,0.03722201660275459,0.003854257520288229,0.0031885001808404922,0.0006657573394477367,1,RNN,15,128,0.1,0.0005,32,"MinMaxScaler(-1,1)",20,150,val_loss,69,0.0031824258621782064,89
73,0.0038439584895968437,0.0031902287155389786,0.042640265077352524,0.03728237748146057,0.0038439584895968437,0.0031902287155389786,0.0006537297740578651,1,RNN,15,128,0.1,0.0005,32,"MinMaxScaler(-1,1)",20,150,val_loss,69,0.0031824258621782064,89
74,0.003790409304201603,0.0031912620179355145,0.04243260622024536,0.037285517901182175,0.003790409304201603,0.0031912620179355145,0.0005991472862660885,1,RNN,15,128,0.1,0.0005,32,"MinMaxScaler(-1,1)",20,150,val_loss,69,0.0031824258621782064,89
75,0.0038341509643942118,0.003189793089404702,0.04259952902793884,0.0372125618159771,0.0038341509643942118,0.003189793089404702,0.0006443578749895096,1,RNN,15,128,0.1,0.0005,32,"MinMaxScaler(-1,1)",20,150,val_loss,69,0.0031824258621782064,89
76,0.003864752594381571,0.0031891977414488792,0.042768001556396484,0.037231650203466415,0.003864752594381571,0.0031891977414488792,0.0006755548529326916,1,RNN,15,128,0.1,0.0005,32,"MinMaxScaler(-1,1)",20,150,val_loss,69,0.0031824258621782064,89
77,0.0038040487561374903,0.003189501818269491,0.04232662916183472,0.037205394357442856,0.0038040487561374903,0.003189501818269491,0.0006145469378679991,1,RNN,15,128,0.1,0.0005,32,"MinMaxScaler(-1,1)",20,150,val_loss,69,0.0031824258621782064,89
78,0.0038661318831145763,0.003186957910656929,0.0427732840180397,0.03715074434876442,0.0038661318831145763,0.003186957910656929,0.0006791739724576473,1,RNN,15,128,0.1,0.0005,32,"MinMaxScaler(-1,1)",20,150,val_loss,69,0.0031824258621782064,89
79,0.003838751930743456,0.003183106891810894,0.0424848273396492,0.03698810189962387,0.003838751930743456,0.003183106891810894,0.0006556450389325619,1,RNN,15,128,0.1,0.0005,32,"MinMaxScaler(-1,1)",20,150,val_loss,69,0.0031824258621782064,89
80,0.0038457398768514395,0.003184144152328372,0.04257461801171303,0.03683321177959442,0.0038457398768514395,0.003184144152328372,0.0006615957245230675,1,RNN,15,128,0.1,0.0005,32,"MinMaxScaler(-1,1)",20,150,val_loss,69,0.0031824258621782064,89
81,0.003818502649664879,0.0031849604565650225,0.04219916835427284,0.036752503365278244,0.003818502649664879,0.0031849604565650225,0.0006335421930998564,1,RNN,15,128,0.1,0.0005,32,"MinMaxScaler(-1,1)",20,150,val_loss,69,0.0031824258621782064,89
82,0.003807592438533902,0.0031848682556301355,0.04245274141430855,0.03695808723568916,0.003807592438533902,0.0031848682556301355,0.0006227241829037666,1,RNN,15,128,0.1,0.0005,32,"MinMaxScaler(-1,1)",20,150,val_loss,69,0.0031824258621782064,89
83,0.0037784050218760967,0.003184939967468381,0.042267877608537674,0.03692343086004257,0.0037784050218760967,0.003184939967468381,0.0005934650544077158,1,RNN,15,128,0.1,0.0005,32,"MinMaxScaler(-1,1)",20,150,val_loss,69,0.0031824258621782064,89
84,0.003803820116445422,0.0031847350765019655,0.04230128973722458,0.036903318017721176,0.003803820116445422,0.0031847350765019655,0.0006190850399434566,1,RNN,15,128,0.1,0.0005,32,"MinMaxScaler(-1,1)",20,150,val_loss,69,0.0031824258621782064,89
85,0.003764708759263158,0.003185780020430684,0.042041368782520294,0.037070512771606445,0.003764708759263158,0.003185780020430684,0.0005789287388324738,1,RNN,15,128,0.1,0.0005,32,"MinMaxScaler(-1,1)",20,150,val_loss,69,0.0031824258621782064,89
86,0.0037939823232591152,0.003184080356732011,0.04221050441265106,0.03698641434311867,0.0037939823232591152,0.003184080356732011,0.0006099019665271044,1,RNN,15,128,0.1,0.0005,32,"MinMaxScaler(-1,1)",20,150,val_loss,69,0.0031824258621782064,89
87,0.003815810661762953,0.003183480119332671,0.04250050708651543,0.03682680055499077,0.003815810661762953,0.003183480119332671,0.0006323305424302816,1,RNN,15,128,0.1,0.0005,32,"MinMaxScaler(-1,1)",20,150,val_loss,69,0.0031824258621782064,89
88,0.003839825978502631,0.003184259869158268,0.04247492924332619,0.03679177537560463,0.003839825978502631,0.003184259869158268,0.0006555661093443632,1,RNN,15,128,0.1,0.0005,32,"MinMaxScaler(-1,1)",20,150,val_loss,69,0.0031824258621782064,89
89,0.0038278941065073013,0.0031843597535043955,0.04238865152001381,0.03683726117014885,0.0038278941065073013,0.0031843597535043955,0.0006435343530029058,1,RNN,15,128,0.1,0.0005,32,"MinMaxScaler(-1,1)",20,150,val_loss,69,0.0031824258621782064,89
1,0.027138113975524902,0.00773723004385829,0.11860472708940506,0.06732191890478134,0.027138113975524902,0.00773723004385829,0.019400883931666613,2,RNN,15,128,0.1,0.0005,32,"MinMaxScaler(-1,1)",20,150,val_loss,50,0.0035048474092036486,70
2,0.010125336237251759,0.006208173464983702,0.07479293644428253,0.05950325354933739,0.010125336237251759,0.006208173464983702,0.003917162772268057,2,RNN,15,128,0.1,0.0005,32,"MinMaxScaler(-1,1)",20,150,val_loss,50,0.0035048474092036486,70
3,0.008497019298374653,0.005399425979703665,0.06824102997779846,0.05401776731014252,0.008497019298374653,0.005399425979703665,0.003097593318670988,2,RNN,15,128,0.1,0.0005,32,"MinMaxScaler(-1,1)",20,150,val_loss,50,0.0035048474092036486,70
4,0.007444845978170633,0.005122640170156956,0.06335405260324478,0.051150012761354446,0.007444845978170633,0.005122640170156956,0.0023222058080136776,2,RNN,15,128,0.1,0.0005,32,"MinMaxScaler(-1,1)",20,150,val_loss,50,0.0035048474092036486,70
5,0.006983764469623566,0.004868124146014452,0.06104092672467232,0.04867660999298096,0.006983764469623566,0.004868124146014452,0.0021156403236091137,2,RNN,15,128,0.1,0.0005,32,"MinMaxScaler(-1,1)",20,150,val_loss,50,0.0035048474092036486,70
6,0.006608990486711264,0.004960465244948864,0.059494923800230026,0.04998590052127838,0.006608990486711264,0.004960465244948864,0.0016485252417623997,2,RNN,15,128,0.1,0.0005,32,"MinMaxScaler(-1,1)",20,150,val_loss,50,0.0035048474092036486,70
7,0.0061784833669662476,0.004808603785932064,0.056840937584638596,0.048949651420116425,0.0061784833669662476,0.004808603785932064,0.0013698795810341835,2,RNN,15,128,0.1,0.0005,32,"MinMaxScaler(-1,1)",20,150,val_loss,50,0.0035048474092036486,70
8,0.006017142906785011,0.0045774239115417,0.05615346133708954,0.04627078399062157,0.006017142906785011,0.0045774239115417,0.001439718995243311,2,RNN,15,128,0.1,0.0005,32,"MinMaxScaler(-1,1)",20,150,val_loss,50,0.0035048474092036486,70
9,0.005897356662899256,0.004495477303862572,0.05534976348280907,0.04528338089585304,0.005897356662899256,0.004495477303862572,0.001401879359036684,2,RNN,15,128,0.1,0.0005,32,"MinMaxScaler(-1,1)",20,150,val_loss,50,0.0035048474092036486,70
10,0.005737113766372204,0.004410331603139639,0.054410699754953384,0.04476235806941986,0.005737113766372204,0.004410331603139639,0.001326782163232565,2,RNN,15,128,0.1,0.0005,32,"MinMaxScaler(-1,1)",20,150,val_loss,50,0.0035048474092036486,70
11,0.005591113120317459,0.004325964953750372,0.053961776196956635,0.04398933798074722,0.005591113120317459,0.004325964953750372,0.0012651481665670872,2,RNN,15,128,0.1,0.0005,32,"MinMaxScaler(-1,1)",20,150,val_loss,50,0.0035048474092036486,70
12,0.0055875349789857864,0.00426187040284276,0.05340440571308136,0.0433347262442112,0.0055875349789857864,0.00426187040284276,0.0013256645761430264,2,RNN,15,128,0.1,0.0005,32,"MinMaxScaler(-1,1)",20,150,val_loss,50,0.0035048474092036486,70
13,0.005344353150576353,0.004147123079746962,0.052621886134147644,0.04285068437457085,0.005344353150576353,0.004147123079746962,0.0011972300708293915,2,RNN,15,128,0.1,0.0005,32,"MinMaxScaler(-1,1)",20,150,val_loss,50,0.0035048474092036486,70
14,0.005217181518673897,0.004101978614926338,0.0517759770154953,0.042157769203186035,0.005217181518673897,0.004101978614926338,0.0011152029037475586,2,RNN,15,128,0.1,0.0005,32,"MinMaxScaler(-1,1)",20,150,val_loss,50,0.0035048474092036486,70
15,0.005195481237024069,0.004105019383132458,0.051481232047080994,0.04199653118848801,0.005195481237024069,0.004105019383132458,0.001090461853891611,2,RNN,15,128,0.1,0.0005,32,"MinMaxScaler(-1,1)",20,150,val_loss,50,0.0035048474092036486,70
16,0.005260579288005829,0.004011280369013548,0.05179496109485626,0.04160967469215393,0.005260579288005829,0.004011280369013548,0.001249298918992281,2,RNN,15,128,0.1,0.0005,32,"MinMaxScaler(-1,1)",20,150,val_loss,50,0.0035048474092036486,70
17,0.005097485613077879,0.00393579201772809,0.050777584314346313,0.04132843762636185,0.005097485613077879,0.00393579201772809,0.0011616935953497887,2,RNN,15,128,0.1,0.0005,32,"MinMaxScaler(-1,1)",20,150,val_loss,50,0.0035048474092036486,70
18,0.0049384296871721745,0.003977975808084011,0.05008947104215622,0.041672151535749435,0.0049384296871721745,0.003977975808084011,0.0009604538790881634,2,RNN,15,128,0.1,0.0005,32,"MinMaxScaler(-1,1)",20,150,val_loss,50,0.0035048474092036486,70
19,0.004808706697076559,0.0038652129005640745,0.04896251857280731,0.04080493748188019,0.004808706697076559,0.0038652129005640745,0.0009434937965124846,2,RNN,15,128,0.1,0.0005,32,"MinMaxScaler(-1,1)",20,150,val_loss,50,0.0035048474092036486,70
20,0.004864204209297895,0.0038881953805685043,0.049385637044906616,0.0405413843691349,0.004864204209297895,0.0038881953805685043,0.0009760088287293911,2,RNN,15,128,0.1,0.0005,32,"MinMaxScaler(-1,1)",20,150,val_loss,50,0.0035048474092036486,70
21,0.004813441541045904,0.00385769153945148,0.04879060387611389,0.04043998569250107,0.004813441541045904,0.00385769153945148,0.0009557500015944242,2,RNN,15,128,0.1,0.0005,32,"MinMaxScaler(-1,1)",20,150,val_loss,50,0.0035048474092036486,70
22,0.004823740571737289,0.003850515466183424,0.0490076057612896,0.0403934009373188,0.004823740571737289,0.003850515466183424,0.0009732251055538654,2,RNN,15,128,0.1,0.0005,32,"MinMaxScaler(-1,1)",20,150,val_loss,50,0.0035048474092036486,70
23,0.0048001655377447605,0.0038561944384127855,0.04889841005206108,0.04006744921207428,0.0048001655377447605,0.0038561944384127855,0.000943971099331975,2,RNN,15,128,0.1,0.0005,32,"MinMaxScaler(-1,1)",20,150,val_loss,50,0.0035048474092036486,70
24,0.004766787867993116,0.0037704200949519873,0.0485818050801754,0.03961977735161781,0.004766787867993116,0.0037704200949519873,0.0009963677730411291,2,RNN,15,128,0.1,0.0005,32,"MinMaxScaler(-1,1)",20,150,val_loss,50,0.0035048474092036486,70
25,0.004652004223316908,0.003767275484278798,0.04822796583175659,0.03980374336242676,0.004652004223316908,0.003767275484278798,0.0008847287390381098,2,RNN,15,128,0.1,0.0005,32,"MinMaxScaler(-1,1)",20,150,val_loss,50,0.0035048474092036486,70
26,0.004654964432120323,0.003706964198499918,0.04775379225611687,0.03928485885262489,0.004654964432120323,0.003706964198499918,0.0009480002336204052,2,RNN,15,128,0.1,0.0005,32,"MinMaxScaler(-1,1)",20,150,val_loss,50,0.0035048474092036486,70
27,0.00455488683655858,0.0037225682754069567,0.04773063585162163,0.039634428918361664,0.00455488683655858,0.0037225682754069567,0.0008323185611516237,2,RNN,15,128,0.1,0.0005,32,"MinMaxScaler(-1,1)",20,150,val_loss,50,0.0035048474092036486,70
28,0.00464111752808094,0.003729217452928424,0.0477389395236969,0.039316024631261826,0.00464111752808094,0.003729217452928424,0.0009119000751525164,2,RNN,15,128,0.1,0.0005,32,"MinMaxScaler(-1,1)",20,150,val_loss,50,0.0035048474092036486,70
29,0.004560339730232954,0.003656151005998254,0.0471704937517643,0.039041321724653244,0.004560339730232954,0.003656151005998254,0.0009041887242347002,2,RNN,15,128,0.1,0.0005,32,"MinMaxScaler(-1,1)",20,150,val_loss,50,0.0035048474092036486,70
30,0.004473549779504538,0.003754380391910672,0.04702184721827507,0.039411626756191254,0.004473549779504538,0.003754380391910672,0.0007191693875938654,2,RNN,15,128,0.1,0.0005,32,"MinMaxScaler(-1,1)",20,150,val_loss,50,0.0035048474092036486,70
31,0.0045197028666734695,0.0036390959285199642,0.04718216136097908,0.038953717797994614,0.0045197028666734695,0.0036390959285199642,0.0008806069381535053,2,RNN,15,128,0.1,0.0005,32,"MinMaxScaler(-1,1)",20,150,val_loss,50,0.0035048474092036486,70
32,0.004469527862966061,0.003751714015379548,0.046768367290496826,0.03955714404582977,0.004469527862966061,0.003751714015379548,0.0007178138475865126,2,RNN,15,128,0.1,0.0005,32,"MinMaxScaler(-1,1)",20,150,val_loss,50,0.0035048474092036486,70
33,0.004426718223839998,0.0035888836719095707,0.04686940833926201,0.03884413465857506,0.004426718223839998,0.0035888836719095707,0.0008378345519304276,2,RNN,15,128,0.1,0.0005,32,"MinMaxScaler(-1,1)",20,150,val_loss,50,0.0035048474092036486,70
34,0.00436533335596323,0.003614271292462945,0.04621565714478493,0.038747791200876236,0.00436533335596323,0.003614271292462945,0.0007510620635002851,2,RNN,15,128,0.1,0.0005,32,"MinMaxScaler(-1,1)",20,150,val_loss,50,0.0035048474092036486,70
35,0.004418438300490379,0.0036790422163903713,0.046727340668439865,0.038847122341394424,0.004418438300490379,0.0036790422163903713,0.000739396084100008,2,RNN,15,128,0.1,0.0005,32,"MinMaxScaler(-1,1)",20,150,val_loss,50,0.0035048474092036486,70
36,0.004335039760917425,0.003598961979150772,0.04605180025100708,0.03832481428980827,0.004335039760917425,0.003598961979150772,0.0007360777817666531,2,RNN,15,128,0.1,0.0005,32,"MinMaxScaler(-1,1)",20,150,val_loss,50,0.0035048474092036486,70
37,0.004439207259565592,0.003589017316699028,0.04675595089793205,0.03805021941661835,0.004439207259565592,0.003589017316699028,0.0008501899428665638,2,RNN,15,128,0.1,0.0005,32,"MinMaxScaler(-1,1)",20,150,val_loss,50,0.0035048474092036486,70
38,0.00429101986810565,0.003614306915551424,0.04590229317545891,0.038544900715351105,0.00429101986810565,0.003614306915551424,0.0006767129525542259,2,RNN,15,128,0.1,0.0005,32,"MinMaxScaler(-1,1)",20,150,val_loss,50,0.0035048474092036486,70
39,0.004416467621922493,0.003732646582648158,0.0466395802795887,0.03929690644145012,0.004416467621922493,0.003732646582648158,0.0006838210392743349,2,RNN,15,128,0.1,0.0005,32,"MinMaxScaler(-1,1)",20,150,val_loss,50,0.0035048474092036486,70
40,0.004404943902045488,0.0035605186130851507,0.046288151293992996,0.03821628540754318,0.004404943902045488,0.0035605186130851507,0.0008444252889603376,2,RNN,15,128,0.1,0.0005,32,"MinMaxScaler(-1,1)",20,150,val_loss,50,0.0035048474092036486,70
41,0.004292631521821022,0.003590551670640707,0.04564090073108673,0.03807830810546875,0.004292631521821022,0.003590551670640707,0.000702079851180315,2,RNN,15,128,0.1,0.0005,32,"MinMaxScaler(-1,1)",20,150,val_loss,50,0.0035048474092036486,70
42,0.00433091726154089,0.003547817701473832,0.046020567417144775,0.037779103964567184,0.00433091726154089,0.003547817701473832,0.0007830995600670576,2,RNN,15,128,0.1,0.0005,32,"MinMaxScaler(-1,1)",20,150,val_loss,50,0.0035048474092036486,70
43,0.0042495205998420715,0.0035524540580809116,0.04552905261516571,0.0378686860203743,0.0042495205998420715,0.0035524540580809116,0.0006970665417611599,2,RNN,15,128,0.1,0.0005,32,"MinMaxScaler(-1,1)",20,150,val_loss,50,0.0035048474092036486,70
44,0.004092752933502197,0.003611684776842594,0.044033393263816833,0.03939356282353401,0.004092752933502197,0.003611684776842594,0.0004810681566596031,2,RNN,15,128,0.1,0.0005,32,"MinMaxScaler(-1,1)",20,150,val_loss,50,0.0035048474092036486,70
45,0.004021869506686926,0.003537711687386036,0.04392722249031067,0.03804343566298485,0.004021869506686926,0.003537711687386036,0.00048415781930088997,2,RNN,15,128,0.1,0.0005,32,"MinMaxScaler(-1,1)",20,150,val_loss,50,0.0035048474092036486,70
46,0.004059922881424427,0.003530937945470214,0.04388188570737839,0.03798270225524902,0.004059922881424427,0.003530937945470214,0.0005289849359542131,2,RNN,15,128,0.1,0.0005,32,"MinMaxScaler(-1,1)",20,150,val_loss,50,0.0035048474092036486,70
47,0.004101337864995003,0.003528243862092495,0.04413698613643646,0.037876322865486145,0.004101337864995003,0.003528243862092495,0.0005730940029025078,2,RNN,15,128,0.1,0.0005,32,"MinMaxScaler(-1,1)",20,150,val_loss,50,0.0035048474092036486,70
48,0.003979020286351442,0.003523536492139101,0.043445613235235214,0.037867069244384766,0.003979020286351442,0.003523536492139101,0.0004554837942123413,2,RNN,15,128,0.1,0.0005,32,"MinMaxScaler(-1,1)",20,150,val_loss,50,0.0035048474092036486,70
49,0.004039437044411898,0.00355148920789361,0.04377787187695503,0.03827144578099251,0.004039437044411898,0.00355148920789361,0.00048794783651828766,2,RNN,15,128,0.1,0.0005,32,"MinMaxScaler(-1,1)",20,150,val_loss,50,0.0035048474092036486,70
50,0.004016183316707611,0.0035048474092036486,0.043800197541713715,0.037580348551273346,0.004016183316707611,0.0035048474092036486,0.0005113359075039625,2,RNN,15,128,0.1,0.0005,32,"MinMaxScaler(-1,1)",20,150,val_loss,50,0.0035048474092036486,70
51,0.003981983754783869,0.0035050841979682446,0.04341290518641472,0.037651170045137405,0.003981983754783869,0.0035050841979682446,0.00047689955681562424,2,RNN,15,128,0.1,0.0005,32,"MinMaxScaler(-1,1)",20,150,val_loss,50,0.0035048474092036486,70
52,0.003996622748672962,0.0035208510234951973,0.043677546083927155,0.03750692680478096,0.003996622748672962,0.0035208510234951973,0.0004757717251777649,2,RNN,15,128,0.1,0.0005,32,"MinMaxScaler(-1,1)",20,150,val_loss,50,0.0035048474092036486,70
53,0.004091585986316204,0.0035105401184409857,0.04385221749544144,0.03753529489040375,0.004091585986316204,0.0035105401184409857,0.0005810458678752184,2,RNN,15,128,0.1,0.0005,32,"MinMaxScaler(-1,1)",20,150,val_loss,50,0.0035048474092036486,70
54,0.003927705809473991,0.003584911348298192,0.0427318699657917,0.03885343670845032,0.003927705809473991,0.003584911348298192,0.00034279446117579937,2,RNN,15,128,0.1,0.0005,32,"MinMaxScaler(-1,1)",20,150,val_loss,50,0.0035048474092036486,70
55,0.0039303237572312355,0.003630994353443384,0.04285748302936554,0.03938325494527817,0.0039303237572312355,0.003630994353443384,0.00029932940378785133,2,RNN,15,128,0.1,0.0005,32,"MinMaxScaler(-1,1)",20,150,val_loss,50,0.0035048474092036486,70
56,0.003942510578781366,0.0035886415280401707,0.043041590601205826,0.03872545436024666,0.003942510578781366,0.0035886415280401707,0.0003538690507411957,2,RNN,15,128,0.1,0.0005,32,"MinMaxScaler(-1,1)",20,150,val_loss,50,0.0035048474092036486,70
57,0.003955829422920942,0.0036275263410061598,0.042931217700242996,0.039328545331954956,0.003955829422920942,0.0036275263410061598,0.0003283030819147825,2,RNN,15,128,0.1,0.0005,32,"MinMaxScaler(-1,1)",20,150,val_loss,50,0.0035048474092036486,70
58,0.0038563418202102184,0.0035560517571866512,0.04249311983585358,0.03822040930390358,0.0038563418202102184,0.0035560517571866512,0.0003002900630235672,2,RNN,15,128,0.1,0.0005,32,"MinMaxScaler(-1,1)",20,150,val_loss,50,0.0035048474092036486,70
59,0.003910702187567949,0.0035822156351059675,0.04260997474193573,0.0387592576444149,0.003910702187567949,0.0035822156351059675,0.0003284865524619818,2,RNN,15,128,0.1,0.0005,32,"MinMaxScaler(-1,1)",20,150,val_loss,50,0.0035048474092036486,70
60,0.003914678934961557,0.003582361852750182,0.042788684368133545,0.03846535459160805,0.003914678934961557,0.003582361852750182,0.00033231708221137524,2,RNN,15,128,0.1,0.0005,32,"MinMaxScaler(-1,1)",20,150,val_loss,50,0.0035048474092036486,70
61,0.00392258632928133,0.0035932466853410006,0.04281112551689148,0.03876201808452606,0.00392258632928133,0.0035932466853410006,0.00032933964394032955,2,RNN,15,128,0.1,0.0005,32,"MinMaxScaler(-1,1)",20,150,val_loss,50,0.0035048474092036486,70
62,0.003918933216482401,0.0036283829249441624,0.04297658056020737,0.03921252116560936,0.003918933216482401,0.0036283829249441624,0.0002905502915382385,2,RNN,15,128,0.1,0.0005,32,"MinMaxScaler(-1,1)",20,150,val_loss,50,0.0035048474092036486,70
63,0.0038411885034292936,0.003608220024034381,0.04253637045621872,0.03882026672363281,0.0038411885034292936,0.003608220024034381,0.00023296847939491272,2,RNN,15,128,0.1,0.0005,32,"MinMaxScaler(-1,1)",20,150,val_loss,50,0.0035048474092036486,70
64,0.0038847688119858503,0.0035581819247454405,0.04250307381153107,0.038409523665905,0.0038847688119858503,0.0035581819247454405,0.00032658688724040985,2,RNN,15,128,0.1,0.0005,32,"MinMaxScaler(-1,1)",20,150,val_loss,50,0.0035048474092036486,70
65,0.0039036108646541834,0.00354590336792171,0.04245341941714287,0.03814458101987839,0.0039036108646541834,0.00354590336792171,0.0003577074967324734,2,RNN,15,128,0.1,0.0005,32,"MinMaxScaler(-1,1)",20,150,val_loss,50,0.0035048474092036486,70
66,0.0038872836157679558,0.003541085869073868,0.042409420013427734,0.03802184760570526,0.0038872836157679558,0.003541085869073868,0.000346197746694088,2,RNN,15,128,0.1,0.0005,32,"MinMaxScaler(-1,1)",20,150,val_loss,50,0.0035048474092036486,70
67,0.003903493518009782,0.0035682765301316977,0.04247409477829933,0.0384918712079525,0.003903493518009782,0.0035682765301316977,0.0003352169878780842,2,RNN,15,128,0.1,0.0005,32,"MinMaxScaler(-1,1)",20,150,val_loss,50,0.0035048474092036486,70
68,0.0038914578035473824,0.0035779301542788744,0.04232745245099068,0.03875027224421501,0.0038914578035473824,0.0035779301542788744,0.00031352764926850796,2,RNN,15,128,0.1,0.0005,32,"MinMaxScaler(-1,1)",20,150,val_loss,50,0.0035048474092036486,70
69,0.0038845220115035772,0.0035520175006240606,0.04250221699476242,0.03842605650424957,0.0038845220115035772,0.0035520175006240606,0.0003325045108795166,2,RNN,15,128,0.1,0.0005,32,"MinMaxScaler(-1,1)",20,150,val_loss,50,0.0035048474092036486,70
70,0.0038399139884859324,0.0035377470776438713,0.042264726012945175,0.038055457174777985,0.0038399139884859324,0.0035377470776438713,0.00030216691084206104,2,RNN,15,128,0.1,0.0005,32,"MinMaxScaler(-1,1)",20,150,val_loss,50,0.0035048474092036486,70
1,0.039654772728681564,0.00799306109547615,0.1331813633441925,0.06918920576572418,0.039654772728681564,0.00799306109547615,0.031661711633205414,3,RNN,15,128,0.1,0.0005,32,"MinMaxScaler(-1,1)",20,150,val_loss,72,0.003223215928301215,92
2,0.011190010234713554,0.006509718485176563,0.07852362841367722,0.06203436851501465,0.011190010234713554,0.006509718485176563,0.004680291749536991,3,RNN,15,128,0.1,0.0005,32,"MinMaxScaler(-1,1)",20,150,val_loss,72,0.003223215928301215,92
3,0.009635626338422298,0.005858840886503458,0.07211500406265259,0.05795343592762947,0.009635626338422298,0.005858840886503458,0.0037767854519188404,3,RNN,15,128,0.1,0.0005,32,"MinMaxScaler(-1,1)",20,150,val_loss,72,0.003223215928301215,92
4,0.008434358052909374,0.005546418949961662,0.06720104068517685,0.05487861484289169,0.008434358052909374,0.005546418949961662,0.002887939102947712,3,RNN,15,128,0.1,0.0005,32,"MinMaxScaler(-1,1)",20,150,val_loss,72,0.003223215928301215,92
5,0.007878962904214859,0.005304330959916115,0.06424206495285034,0.052835967391729355,0.007878962904214859,0.005304330959916115,0.002574631944298744,3,RNN,15,128,0.1,0.0005,32,"MinMaxScaler(-1,1)",20,150,val_loss,72,0.003223215928301215,92
6,0.007368144113570452,0.0053693377412855625,0.06224675849080086,0.05257883667945862,0.007368144113570452,0.0053693377412855625,0.0019988063722848892,3,RNN,15,128,0.1,0.0005,32,"MinMaxScaler(-1,1)",20,150,val_loss,72,0.003223215928301215,92
7,0.006843197625130415,0.005269572604447603,0.05942092090845108,0.05253012105822563,0.006843197625130415,0.005269572604447603,0.0015736250206828117,3,RNN,15,128,0.1,0.0005,32,"MinMaxScaler(-1,1)",20,150,val_loss,72,0.003223215928301215,92
8,0.006663997657597065,0.004885995294898748,0.05894935876131058,0.04884251579642296,0.006663997657597065,0.004885995294898748,0.0017780023626983166,3,RNN,15,128,0.1,0.0005,32,"MinMaxScaler(-1,1)",20,150,val_loss,72,0.003223215928301215,92
9,0.006459382362663746,0.004870072938501835,0.0577906034886837,0.048793308436870575,0.006459382362663746,0.004870072938501835,0.001589309424161911,3,RNN,15,128,0.1,0.0005,32,"MinMaxScaler(-1,1)",20,150,val_loss,72,0.003223215928301215,92
10,0.00616605207324028,0.0046981521882116795,0.05632363259792328,0.04722118377685547,0.00616605207324028,0.0046981521882116795,0.0014678998850286007,3,RNN,15,128,0.1,0.0005,32,"MinMaxScaler(-1,1)",20,150,val_loss,72,0.003223215928301215,92
11,0.006086837034672499,0.0048550632782280445,0.055585116147994995,0.049017734825611115,0.006086837034672499,0.0048550632782280445,0.0012317737564444542,3,RNN,15,128,0.1,0.0005,32,"MinMaxScaler(-1,1)",20,150,val_loss,72,0.003223215928301215,92
12,0.005897631403058767,0.004555376246571541,0.054881080985069275,0.04604011029005051,0.005897631403058767,0.004555376246571541,0.0013422551564872265,3,RNN,15,128,0.1,0.0005,32,"MinMaxScaler(-1,1)",20,150,val_loss,72,0.003223215928301215,92
13,0.005887271370738745,0.004588667303323746,0.054398853331804276,0.04646172374486923,0.005887271370738745,0.004588667303323746,0.001298604067414999,3,RNN,15,128,0.1,0.0005,32,"MinMaxScaler(-1,1)",20,150,val_loss,72,0.003223215928301215,92
14,0.005769101902842522,0.004393322858959436,0.053576841950416565,0.04471604898571968,0.005769101902842522,0.004393322858959436,0.0013757790438830853,3,RNN,15,128,0.1,0.0005,32,"MinMaxScaler(-1,1)",20,150,val_loss,72,0.003223215928301215,92
15,0.005635057110339403,0.00437581492587924,0.05301256850361824,0.044180698692798615,0.005635057110339403,0.00437581492587924,0.0012592421844601631,3,RNN,15,128,0.1,0.0005,32,"MinMaxScaler(-1,1)",20,150,val_loss,72,0.003223215928301215,92
16,0.0054946159943938255,0.004276427906006575,0.05223081633448601,0.0437091700732708,0.0054946159943938255,0.004276427906006575,0.001218188088387251,3,RNN,15,128,0.1,0.0005,32,"MinMaxScaler(-1,1)",20,150,val_loss,72,0.003223215928301215,92
17,0.005473073106259108,0.00422621751204133,0.05202549695968628,0.04343382269144058,0.005473073106259108,0.00422621751204133,0.0012468555942177773,3,RNN,15,128,0.1,0.0005,32,"MinMaxScaler(-1,1)",20,150,val_loss,72,0.003223215928301215,92
18,0.005402073729783297,0.004178696312010288,0.051546599715948105,0.043143775314092636,0.005402073729783297,0.004178696312010288,0.0012233774177730083,3,RNN,15,128,0.1,0.0005,32,"MinMaxScaler(-1,1)",20,150,val_loss,72,0.003223215928301215,92
19,0.005234807264059782,0.004121542442589998,0.05062001943588257,0.04266519844532013,0.005234807264059782,0.004121542442589998,0.0011132648214697838,3,RNN,15,128,0.1,0.0005,32,"MinMaxScaler(-1,1)",20,150,val_loss,72,0.003223215928301215,92
20,0.005319606512784958,0.004096907563507557,0.05133793130517006,0.042979564517736435,0.005319606512784958,0.004096907563507557,0.001222698949277401,3,RNN,15,128,0.1,0.0005,32,"MinMaxScaler(-1,1)",20,150,val_loss,72,0.003223215928301215,92
21,0.005070078186690807,0.004058477934449911,0.04986709728837013,0.04210633039474487,0.005070078186690807,0.004058477934449911,0.0010116002522408962,3,RNN,15,128,0.1,0.0005,32,"MinMaxScaler(-1,1)",20,150,val_loss,72,0.003223215928301215,92
22,0.005132806953042746,0.00400780001655221,0.049964968115091324,0.0424727126955986,0.005132806953042746,0.00400780001655221,0.0011250069364905357,3,RNN,15,128,0.1,0.0005,32,"MinMaxScaler(-1,1)",20,150,val_loss,72,0.003223215928301215,92
23,0.004921722691506147,0.004009274300187826,0.0491473488509655,0.042284004390239716,0.004921722691506147,0.004009274300187826,0.0009124483913183212,3,RNN,15,128,0.1,0.0005,32,"MinMaxScaler(-1,1)",20,150,val_loss,72,0.003223215928301215,92
24,0.005046474281698465,0.003892697859555483,0.04949367791414261,0.04113869369029999,0.005046474281698465,0.003892697859555483,0.0011537764221429825,3,RNN,15,128,0.1,0.0005,32,"MinMaxScaler(-1,1)",20,150,val_loss,72,0.003223215928301215,92
25,0.005051736254245043,0.0038800963666290045,0.049508560448884964,0.04135958105325699,0.005051736254245043,0.0038800963666290045,0.0011716398876160383,3,RNN,15,128,0.1,0.0005,32,"MinMaxScaler(-1,1)",20,150,val_loss,72,0.003223215928301215,92
26,0.004912540316581726,0.0039012478664517403,0.04878682643175125,0.041197579354047775,0.004912540316581726,0.0039012478664517403,0.0010112924501299858,3,RNN,15,128,0.1,0.0005,32,"MinMaxScaler(-1,1)",20,150,val_loss,72,0.003223215928301215,92
27,0.0049576787278056145,0.0038444267120212317,0.048921164125204086,0.04118121415376663,0.0049576787278056145,0.0038444267120212317,0.0011132520157843828,3,RNN,15,128,0.1,0.0005,32,"MinMaxScaler(-1,1)",20,150,val_loss,72,0.003223215928301215,92
28,0.004703572019934654,0.0037980866618454456,0.04743223264813423,0.04068075120449066,0.004703572019934654,0.0037980866618454456,0.0009054853580892086,3,RNN,15,128,0.1,0.0005,32,"MinMaxScaler(-1,1)",20,150,val_loss,72,0.003223215928301215,92
29,0.004828460980206728,0.003783473512157798,0.048331890255212784,0.04087879881262779,0.004828460980206728,0.003783473512157798,0.0010449874680489302,3,RNN,15,128,0.1,0.0005,32,"MinMaxScaler(-1,1)",20,150,val_loss,72,0.003223215928301215,92
30,0.004850495606660843,0.003736501093953848,0.04829344525933266,0.04019499942660332,0.004850495606660843,0.003736501093953848,0.001113994512706995,3,RNN,15,128,0.1,0.0005,32,"MinMaxScaler(-1,1)",20,150,val_loss,72,0.003223215928301215,92
31,0.004803902935236692,0.00369805796071887,0.048125289380550385,0.0405198335647583,0.004803902935236692,0.00369805796071887,0.0011058449745178223,3,RNN,15,128,0.1,0.0005,32,"MinMaxScaler(-1,1)",20,150,val_loss,72,0.003223215928301215,92
32,0.004618048667907715,0.0036811726167798042,0.046866584569215775,0.040358368307352066,0.004618048667907715,0.0036811726167798042,0.0009368760511279106,3,RNN,15,128,0.1,0.0005,32,"MinMaxScaler(-1,1)",20,150,val_loss,72,0.003223215928301215,92
33,0.004598666448146105,0.003663957118988037,0.04703836515545845,0.040321532636880875,0.004598666448146105,0.003663957118988037,0.0009347093291580677,3,RNN,15,128,0.1,0.0005,32,"MinMaxScaler(-1,1)",20,150,val_loss,72,0.003223215928301215,92
34,0.004619969520717859,0.003636491484940052,0.04709804058074951,0.03988448157906532,0.004619969520717859,0.003636491484940052,0.0009834780357778072,3,RNN,15,128,0.1,0.0005,32,"MinMaxScaler(-1,1)",20,150,val_loss,72,0.003223215928301215,92
35,0.004676240961998701,0.0035884061362594366,0.04733288660645485,0.039497897028923035,0.004676240961998701,0.0035884061362594366,0.0010878348257392645,3,RNN,15,128,0.1,0.0005,32,"MinMaxScaler(-1,1)",20,150,val_loss,72,0.003223215928301215,92
36,0.004520293790847063,0.003557350253686309,0.046291276812553406,0.03920082747936249,0.004520293790847063,0.003557350253686309,0.0009629435371607542,3,RNN,15,128,0.1,0.0005,32,"MinMaxScaler(-1,1)",20,150,val_loss,72,0.003223215928301215,92
37,0.004530429374426603,0.003567606210708618,0.04656348377466202,0.039447106420993805,0.004530429374426603,0.003567606210708618,0.0009628231637179852,3,RNN,15,128,0.1,0.0005,32,"MinMaxScaler(-1,1)",20,150,val_loss,72,0.003223215928301215,92
38,0.004521369002759457,0.0035545541904866695,0.04635054990649223,0.03943526744842529,0.004521369002759457,0.0035545541904866695,0.0009668148122727871,3,RNN,15,128,0.1,0.0005,32,"MinMaxScaler(-1,1)",20,150,val_loss,72,0.003223215928301215,92
39,0.00448848120868206,0.003558977972716093,0.045772336423397064,0.03892708942294121,0.00448848120868206,0.003558977972716093,0.0009295032359659672,3,RNN,15,128,0.1,0.0005,32,"MinMaxScaler(-1,1)",20,150,val_loss,72,0.003223215928301215,92
40,0.004480295814573765,0.00351473200134933,0.04607950896024704,0.03918439522385597,0.004480295814573765,0.00351473200134933,0.0009655638132244349,3,RNN,15,128,0.1,0.0005,32,"MinMaxScaler(-1,1)",20,150,val_loss,72,0.003223215928301215,92
41,0.004452169872820377,0.0035001300275325775,0.04592819884419441,0.038818325847387314,0.004452169872820377,0.0035001300275325775,0.0009520398452877998,3,RNN,15,128,0.1,0.0005,32,"MinMaxScaler(-1,1)",20,150,val_loss,72,0.003223215928301215,92
42,0.00445850845426321,0.0034687689039856195,0.045814983546733856,0.03887149319052696,0.00445850845426321,0.0034687689039856195,0.0009897395502775908,3,RNN,15,128,0.1,0.0005,32,"MinMaxScaler(-1,1)",20,150,val_loss,72,0.003223215928301215,92
43,0.00441798334941268,0.003478739410638809,0.04585977643728256,0.03837444633245468,0.00441798334941268,0.003478739410638809,0.0009392439387738705,3,RNN,15,128,0.1,0.0005,32,"MinMaxScaler(-1,1)",20,150,val_loss,72,0.003223215928301215,92
44,0.004445665515959263,0.0034767179749906063,0.04591554030776024,0.03865833580493927,0.004445665515959263,0.0034767179749906063,0.0009689475409686565,3,RNN,15,128,0.1,0.0005,32,"MinMaxScaler(-1,1)",20,150,val_loss,72,0.003223215928301215,92
45,0.0043670544400811195,0.0034091498237103224,0.045317355543375015,0.038201864808797836,0.0043670544400811195,0.0034091498237103224,0.0009579046163707972,3,RNN,15,128,0.1,0.0005,32,"MinMaxScaler(-1,1)",20,150,val_loss,72,0.003223215928301215,92
46,0.00440944405272603,0.003377550281584263,0.045432157814502716,0.038163598626852036,0.00440944405272603,0.003377550281584263,0.0010318937711417675,3,RNN,15,128,0.1,0.0005,32,"MinMaxScaler(-1,1)",20,150,val_loss,72,0.003223215928301215,92
47,0.004479574039578438,0.0033819025848060846,0.04596008360385895,0.038109179586172104,0.004479574039578438,0.0033819025848060846,0.0010976714547723532,3,RNN,15,128,0.1,0.0005,32,"MinMaxScaler(-1,1)",20,150,val_loss,72,0.003223215928301215,92
48,0.004282675217837095,0.0033952302765101194,0.044879939407110214,0.037945590913295746,0.004282675217837095,0.0033952302765101194,0.0008874449413269758,3,RNN,15,128,0.1,0.0005,32,"MinMaxScaler(-1,1)",20,150,val_loss,72,0.003223215928301215,92
49,0.004477829672396183,0.003355827648192644,0.0459354966878891,0.038146842271089554,0.004477829672396183,0.003355827648192644,0.001122002024203539,3,RNN,15,128,0.1,0.0005,32,"MinMaxScaler(-1,1)",20,150,val_loss,72,0.003223215928301215,92
50,0.004386647138744593,0.003375191241502762,0.04535618796944618,0.03790118545293808,0.004386647138744593,0.003375191241502762,0.0010114558972418308,3,RNN,15,128,0.1,0.0005,32,"MinMaxScaler(-1,1)",20,150,val_loss,72,0.003223215928301215,92
51,0.004391409456729889,0.00333490245975554,0.045117635279893875,0.03770400583744049,0.004391409456729889,0.00333490245975554,0.001056506996974349,3,RNN,15,128,0.1,0.0005,32,"MinMaxScaler(-1,1)",20,150,val_loss,72,0.003223215928301215,92
52,0.004446850158274174,0.003321118652820587,0.04563586786389351,0.03819183632731438,0.004446850158274174,0.003321118652820587,0.0011257315054535866,3,RNN,15,128,0.1,0.0005,32,"MinMaxScaler(-1,1)",20,150,val_loss,72,0.003223215928301215,92
53,0.004362475126981735,0.003337944857776165,0.045225273817777634,0.037539441138505936,0.004362475126981735,0.003337944857776165,0.0010245302692055702,3,RNN,15,128,0.1,0.0005,32,"MinMaxScaler(-1,1)",20,150,val_loss,72,0.003223215928301215,92
54,0.004339425824582577,0.0033371082972735167,0.04503805562853813,0.03766202926635742,0.004339425824582577,0.0033371082972735167,0.00100231752730906,3,RNN,15,128,0.1,0.0005,32,"MinMaxScaler(-1,1)",20,150,val_loss,72,0.003223215928301215,92
55,0.004279118496924639,0.0033044335432350636,0.04470553249120712,0.03756631165742874,0.004279118496924639,0.0033044335432350636,0.0009746849536895752,3,RNN,15,128,0.1,0.0005,32,"MinMaxScaler(-1,1)",20,150,val_loss,72,0.003223215928301215,92
56,0.00430170027539134,0.0032967296428978443,0.04497239738702774,0.03738875687122345,0.00430170027539134,0.0032967296428978443,0.001004970632493496,3,RNN,15,128,0.1,0.0005,32,"MinMaxScaler(-1,1)",20,150,val_loss,72,0.003223215928301215,92
57,0.0042677829042077065,0.003312439192086458,0.044841643422842026,0.037626713514328,0.0042677829042077065,0.003312439192086458,0.0009553437121212482,3,RNN,15,128,0.1,0.0005,32,"MinMaxScaler(-1,1)",20,150,val_loss,72,0.003223215928301215,92
58,0.004351112060248852,0.0032666667830199003,0.04520326480269432,0.03714924305677414,0.004351112060248852,0.0032666667830199003,0.0010844452772289515,3,RNN,15,128,0.1,0.0005,32,"MinMaxScaler(-1,1)",20,150,val_loss,72,0.003223215928301215,92
59,0.004332167562097311,0.00330036086961627,0.0448688343167305,0.037349309772253036,0.004332167562097311,0.00330036086961627,0.001031806692481041,3,RNN,15,128,0.1,0.0005,32,"MinMaxScaler(-1,1)",20,150,val_loss,72,0.003223215928301215,92
60,0.0043013435788452625,0.003267233492806554,0.044674210250377655,0.03748970106244087,0.0043013435788452625,0.003267233492806554,0.0010341100860387087,3,RNN,15,128,0.1,0.0005,32,"MinMaxScaler(-1,1)",20,150,val_loss,72,0.003223215928301215,92
61,0.0042395987547934055,0.0032519216183573008,0.04452592134475708,0.03708243742585182,0.0042395987547934055,0.0032519216183573008,0.0009876771364361048,3,RNN,15,128,0.1,0.0005,32,"MinMaxScaler(-1,1)",20,150,val_loss,72,0.003223215928301215,92
62,0.004270809702575207,0.003281509969383478,0.04455406591296196,0.03700603172183037,0.004270809702575207,0.003281509969383478,0.0009892997331917286,3,RNN,15,128,0.1,0.0005,32,"MinMaxScaler(-1,1)",20,150,val_loss,72,0.003223215928301215,92
63,0.004229069221764803,0.0032494717743247747,0.04424398019909859,0.037079766392707825,0.004229069221764803,0.0032494717743247747,0.0009795974474400282,3,RNN,15,128,0.1,0.0005,32,"MinMaxScaler(-1,1)",20,150,val_loss,72,0.003223215928301215,92
64,0.004274947568774223,0.0033067716285586357,0.044506922364234924,0.03728845715522766,0.004274947568774223,0.0033067716285586357,0.0009681759402155876,3,RNN,15,128,0.1,0.0005,32,"MinMaxScaler(-1,1)",20,150,val_loss,72,0.003223215928301215,92
65,0.004298149608075619,0.0032473530154675245,0.04480379819869995,0.03688349202275276,0.004298149608075619,0.0032473530154675245,0.0010507965926080942,3,RNN,15,128,0.1,0.0005,32,"MinMaxScaler(-1,1)",20,150,val_loss,72,0.003223215928301215,92
66,0.004073294345289469,0.0033066561445593834,0.04258153215050697,0.03842262551188469,0.004073294345289469,0.0033066561445593834,0.0007666382007300854,3,RNN,15,128,0.1,0.0005,32,"MinMaxScaler(-1,1)",20,150,val_loss,72,0.003223215928301215,92
67,0.003947453107684851,0.003250354202464223,0.04249734804034233,0.037322741001844406,0.003947453107684851,0.003250354202464223,0.0006970989052206278,3,RNN,15,128,0.1,0.0005,32,"MinMaxScaler(-1,1)",20,150,val_loss,72,0.003223215928301215,92
68,0.003978578373789787,0.0032539484091103077,0.04230586439371109,0.03741991147398949,0.003978578373789787,0.0032539484091103077,0.0007246299646794796,3,RNN,15,128,0.1,0.0005,32,"MinMaxScaler(-1,1)",20,150,val_loss,72,0.003223215928301215,92
69,0.003991330042481422,0.003265676787123084,0.042397525161504745,0.03730616346001625,0.003991330042481422,0.003265676787123084,0.0007256532553583384,3,RNN,15,128,0.1,0.0005,32,"MinMaxScaler(-1,1)",20,150,val_loss,72,0.003223215928301215,92
70,0.0040196944028139114,0.0032368344254791737,0.042592860758304596,0.03682809695601463,0.0040196944028139114,0.0032368344254791737,0.0007828599773347378,3,RNN,15,128,0.1,0.0005,32,"MinMaxScaler(-1,1)",20,150,val_loss,72,0.003223215928301215,92
71,0.003990603610873222,0.003246704349294305,0.04250945523381233,0.037063248455524445,0.003990603610873222,0.003246704349294305,0.0007438992615789175,3,RNN,15,128,0.1,0.0005,32,"MinMaxScaler(-1,1)",20,150,val_loss,72,0.003223215928301215,92
72,0.003964914940297604,0.003223215928301215,0.04228723421692848,0.0366184301674366,0.003964914940297604,0.003223215928301215,0.0007416990119963884,3,RNN,15,128,0.1,0.0005,32,"MinMaxScaler(-1,1)",20,150,val_loss,72,0.003223215928301215,92
73,0.0039296806789934635,0.0032374337315559387,0.04196386784315109,0.037006836384534836,0.0039296806789934635,0.0032374337315559387,0.0006922469474375248,3,RNN,15,128,0.1,0.0005,32,"MinMaxScaler(-1,1)",20,150,val_loss,72,0.003223215928301215,92
74,0.003987390082329512,0.0032391855493187904,0.04247370734810829,0.03655032068490982,0.003987390082329512,0.0032391855493187904,0.0007482045330107212,3,RNN,15,128,0.1,0.0005,32,"MinMaxScaler(-1,1)",20,150,val_loss,72,0.003223215928301215,92
75,0.0040240162052214146,0.0032257933635264635,0.04275956749916077,0.03679065778851509,0.0040240162052214146,0.0032257933635264635,0.0007982228416949511,3,RNN,15,128,0.1,0.0005,32,"MinMaxScaler(-1,1)",20,150,val_loss,72,0.003223215928301215,92
76,0.0038853432051837444,0.0033127563074231148,0.041306499391794205,0.03826450556516647,0.0038853432051837444,0.0033127563074231148,0.0005725868977606297,3,RNN,15,128,0.1,0.0005,32,"MinMaxScaler(-1,1)",20,150,val_loss,72,0.003223215928301215,92
77,0.003853798843920231,0.003330609295517206,0.04129048436880112,0.03833722323179245,0.003853798843920231,0.003330609295517206,0.0005231895484030247,3,RNN,15,128,0.1,0.0005,32,"MinMaxScaler(-1,1)",20,150,val_loss,72,0.003223215928301215,92
78,0.0038335220888257027,0.003327753394842148,0.041319429874420166,0.038278885185718536,0.0038335220888257027,0.003327753394842148,0.0005057686939835548,3,RNN,15,128,0.1,0.0005,32,"MinMaxScaler(-1,1)",20,150,val_loss,72,0.003223215928301215,92
79,0.003913219086825848,0.003346395678818226,0.04146402329206467,0.03845944628119469,0.003913219086825848,0.003346395678818226,0.0005668234080076218,3,RNN,15,128,0.1,0.0005,32,"MinMaxScaler(-1,1)",20,150,val_loss,72,0.003223215928301215,92
80,0.0038665111642330885,0.0033167237415909767,0.041487131267786026,0.03804657608270645,0.0038665111642330885,0.0033167237415909767,0.0005497874226421118,3,RNN,15,128,0.1,0.0005,32,"MinMaxScaler(-1,1)",20,150,val_loss,72,0.003223215928301215,92
81,0.0038226721808314323,0.003284228267148137,0.04128998890519142,0.0375199094414711,0.0038226721808314323,0.003284228267148137,0.0005384439136832952,3,RNN,15,128,0.1,0.0005,32,"MinMaxScaler(-1,1)",20,150,val_loss,72,0.003223215928301215,92
82,0.00385397975333035,0.003376104636117816,0.04143824800848961,0.03870915248990059,0.00385397975333035,0.003376104636117816,0.00047787511721253395,3,RNN,15,128,0.1,0.0005,32,"MinMaxScaler(-1,1)",20,150,val_loss,72,0.003223215928301215,92
83,0.0038552761543542147,0.003383503993973136,0.04133711755275726,0.038766246289014816,0.0038552761543542147,0.003383503993973136,0.0004717721603810787,3,RNN,15,128,0.1,0.0005,32,"MinMaxScaler(-1,1)",20,150,val_loss,72,0.003223215928301215,92
84,0.0038026059046387672,0.0033585727214813232,0.04110099747776985,0.0385369136929512,0.0038026059046387672,0.0033585727214813232,0.000444033183157444,3,RNN,15,128,0.1,0.0005,32,"MinMaxScaler(-1,1)",20,150,val_loss,72,0.003223215928301215,92
85,0.0038567541632801294,0.0033882674761116505,0.041364919394254684,0.03884975239634514,0.0038567541632801294,0.0033882674761116505,0.00046848668716847897,3,RNN,15,128,0.1,0.0005,32,"MinMaxScaler(-1,1)",20,150,val_loss,72,0.003223215928301215,92
86,0.0038292892277240753,0.003298108233138919,0.041123971343040466,0.03802572935819626,0.0038292892277240753,0.003298108233138919,0.0005311809945851564,3,RNN,15,128,0.1,0.0005,32,"MinMaxScaler(-1,1)",20,150,val_loss,72,0.003223215928301215,92
87,0.0038122255355119705,0.0032892317976802588,0.041052836924791336,0.037759844213724136,0.0038122255355119705,0.0032892317976802588,0.0005229937378317118,3,RNN,15,128,0.1,0.0005,32,"MinMaxScaler(-1,1)",20,150,val_loss,72,0.003223215928301215,92
88,0.003863473189994693,0.003275044495239854,0.04130927473306656,0.03757234290242195,0.003863473189994693,0.003275044495239854,0.0005884286947548389,3,RNN,15,128,0.1,0.0005,32,"MinMaxScaler(-1,1)",20,150,val_loss,72,0.003223215928301215,92
89,0.0038318252190947533,0.0032606925815343857,0.04087081551551819,0.037313345819711685,0.0038318252190947533,0.0032606925815343857,0.0005711326375603676,3,RNN,15,128,0.1,0.0005,32,"MinMaxScaler(-1,1)",20,150,val_loss,72,0.003223215928301215,92
90,0.0038148832973092794,0.003279724158346653,0.04080820456147194,0.03766286000609398,0.0038148832973092794,0.003279724158346653,0.0005351591389626265,3,RNN,15,128,0.1,0.0005,32,"MinMaxScaler(-1,1)",20,150,val_loss,72,0.003223215928301215,92
91,0.0037918956950306892,0.0033038039691746235,0.041230544447898865,0.03796496242284775,0.0037918956950306892,0.0033038039691746235,0.00048809172585606575,3,RNN,15,128,0.1,0.0005,32,"MinMaxScaler(-1,1)",20,150,val_loss,72,0.003223215928301215,92
92,0.003806101391091943,0.003308882936835289,0.04114293307065964,0.03797031193971634,0.003806101391091943,0.003308882936835289,0.0004972184542566538,3,RNN,15,128,0.1,0.0005,32,"MinMaxScaler(-1,1)",20,150,val_loss,72,0.003223215928301215,92
1,0.030683154240250587,0.009239322505891323,0.12681955099105835,0.07244054973125458,0.030683154240250587,0.009239322505891323,0.021443831734359264,4,RNN,15,128,0.1,0.0005,32,"MinMaxScaler(-1,1)",20,150,val_loss,57,0.0037344302982091904,77
2,0.010752292349934578,0.00840782094746828,0.07895878702402115,0.06772612035274506,0.010752292349934578,0.00840782094746828,0.002344471402466297,4,RNN,15,128,0.1,0.0005,32,"MinMaxScaler(-1,1)",20,150,val_loss,57,0.0037344302982091904,77
3,0.008731452748179436,0.006229617167264223,0.07075503468513489,0.05685803294181824,0.008731452748179436,0.006229617167264223,0.0025018355809152126,4,RNN,15,128,0.1,0.0005,32,"MinMaxScaler(-1,1)",20,150,val_loss,57,0.0037344302982091904,77
4,0.007951670326292515,0.005933722015470266,0.06662710756063461,0.05431310087442398,0.007951670326292515,0.005933722015470266,0.0020179483108222485,4,RNN,15,128,0.1,0.0005,32,"MinMaxScaler(-1,1)",20,150,val_loss,57,0.0037344302982091904,77
5,0.007383463904261589,0.005674839485436678,0.06370756775140762,0.05367695167660713,0.007383463904261589,0.005674839485436678,0.0017086244188249111,4,RNN,15,128,0.1,0.0005,32,"MinMaxScaler(-1,1)",20,150,val_loss,57,0.0037344302982091904,77
6,0.006841109599918127,0.005217315629124641,0.06152791157364845,0.051281943917274475,0.006841109599918127,0.005217315629124641,0.0016237939707934856,4,RNN,15,128,0.1,0.0005,32,"MinMaxScaler(-1,1)",20,150,val_loss,57,0.0037344302982091904,77
7,0.006538732443004847,0.004973104223608971,0.05959784612059593,0.049807168543338776,0.006538732443004847,0.004973104223608971,0.001565628219395876,4,RNN,15,128,0.1,0.0005,32,"MinMaxScaler(-1,1)",20,150,val_loss,57,0.0037344302982091904,77
8,0.006204265635460615,0.004985629115253687,0.057741012424230576,0.04926793649792671,0.006204265635460615,0.004985629115253687,0.0012186365202069283,4,RNN,15,128,0.1,0.0005,32,"MinMaxScaler(-1,1)",20,150,val_loss,57,0.0037344302982091904,77
9,0.006027109920978546,0.00468324264511466,0.05671711638569832,0.04750169441103935,0.006027109920978546,0.00468324264511466,0.0013438672758638859,4,RNN,15,128,0.1,0.0005,32,"MinMaxScaler(-1,1)",20,150,val_loss,57,0.0037344302982091904,77
10,0.00571978697553277,0.004573639016598463,0.05517406016588211,0.04699758067727089,0.00571978697553277,0.004573639016598463,0.001146147958934307,4,RNN,15,128,0.1,0.0005,32,"MinMaxScaler(-1,1)",20,150,val_loss,57,0.0037344302982091904,77
11,0.005638375878334045,0.004641832318156958,0.05459034442901611,0.047189291566610336,0.005638375878334045,0.004641832318156958,0.0009965435601770878,4,RNN,15,128,0.1,0.0005,32,"MinMaxScaler(-1,1)",20,150,val_loss,57,0.0037344302982091904,77
12,0.005490783601999283,0.004426951985806227,0.05387009307742119,0.04635586962103844,0.005490783601999283,0.004426951985806227,0.001063831616193056,4,RNN,15,128,0.1,0.0005,32,"MinMaxScaler(-1,1)",20,150,val_loss,57,0.0037344302982091904,77
13,0.005364872980862856,0.004368571564555168,0.05303632840514183,0.045741043984889984,0.005364872980862856,0.004368571564555168,0.0009963014163076878,4,RNN,15,128,0.1,0.0005,32,"MinMaxScaler(-1,1)",20,150,val_loss,57,0.0037344302982091904,77
14,0.0053095826879143715,0.00434939656406641,0.05234837904572487,0.04456236585974693,0.0053095826879143715,0.00434939656406641,0.0009601861238479614,4,RNN,15,128,0.1,0.0005,32,"MinMaxScaler(-1,1)",20,150,val_loss,57,0.0037344302982091904,77
15,0.00512991938740015,0.0043684132397174835,0.05174244940280914,0.04464390128850937,0.00512991938740015,0.0043684132397174835,0.0007615061476826668,4,RNN,15,128,0.1,0.0005,32,"MinMaxScaler(-1,1)",20,150,val_loss,57,0.0037344302982091904,77
16,0.005047918763011694,0.004340640734881163,0.05113236606121063,0.04449618235230446,0.005047918763011694,0.004340640734881163,0.0007072780281305313,4,RNN,15,128,0.1,0.0005,32,"MinMaxScaler(-1,1)",20,150,val_loss,57,0.0037344302982091904,77
17,0.004971482325345278,0.004173685796558857,0.050534170120954514,0.0440862700343132,0.004971482325345278,0.004173685796558857,0.0007977965287864208,4,RNN,15,128,0.1,0.0005,32,"MinMaxScaler(-1,1)",20,150,val_loss,57,0.0037344302982091904,77
18,0.005012609995901585,0.004187067970633507,0.05054434761404991,0.04365617781877518,0.005012609995901585,0.004187067970633507,0.0008255420252680779,4,RNN,15,128,0.1,0.0005,32,"MinMaxScaler(-1,1)",20,150,val_loss,57,0.0037344302982091904,77
19,0.0048641120083630085,0.0041816458106040955,0.0498383454978466,0.044116463512182236,0.0048641120083630085,0.0041816458106040955,0.000682466197758913,4,RNN,15,128,0.1,0.0005,32,"MinMaxScaler(-1,1)",20,150,val_loss,57,0.0037344302982091904,77
20,0.004781155381351709,0.004168376326560974,0.049134958535432816,0.044237636029720306,0.004781155381351709,0.004168376326560974,0.0006127790547907352,4,RNN,15,128,0.1,0.0005,32,"MinMaxScaler(-1,1)",20,150,val_loss,57,0.0037344302982091904,77
21,0.004854906816035509,0.004141253884881735,0.04967635124921799,0.04428565502166748,0.004854906816035509,0.004141253884881735,0.0007136529311537743,4,RNN,15,128,0.1,0.0005,32,"MinMaxScaler(-1,1)",20,150,val_loss,57,0.0037344302982091904,77
22,0.004691928159445524,0.00405914057046175,0.048631999641656876,0.043105803430080414,0.004691928159445524,0.00405914057046175,0.0006327875889837742,4,RNN,15,128,0.1,0.0005,32,"MinMaxScaler(-1,1)",20,150,val_loss,57,0.0037344302982091904,77
23,0.004533912520855665,0.004014348145574331,0.04801168665289879,0.042509518563747406,0.004533912520855665,0.004014348145574331,0.0005195643752813339,4,RNN,15,128,0.1,0.0005,32,"MinMaxScaler(-1,1)",20,150,val_loss,57,0.0037344302982091904,77
24,0.00466369790956378,0.004076497629284859,0.04828584939241409,0.04266490042209625,0.00466369790956378,0.004076497629284859,0.0005872002802789211,4,RNN,15,128,0.1,0.0005,32,"MinMaxScaler(-1,1)",20,150,val_loss,57,0.0037344302982091904,77
25,0.004634696524590254,0.003986151423305273,0.0481196865439415,0.04256495088338852,0.004634696524590254,0.003986151423305273,0.0006485451012849808,4,RNN,15,128,0.1,0.0005,32,"MinMaxScaler(-1,1)",20,150,val_loss,57,0.0037344302982091904,77
26,0.004507102072238922,0.004038777202367783,0.04742637649178505,0.04388972744345665,0.004507102072238922,0.004038777202367783,0.0004683248698711395,4,RNN,15,128,0.1,0.0005,32,"MinMaxScaler(-1,1)",20,150,val_loss,57,0.0037344302982091904,77
27,0.004484314937144518,0.0041129072196781635,0.04719578102231026,0.04448371380567551,0.004484314937144518,0.0041129072196781635,0.00037140771746635437,4,RNN,15,128,0.1,0.0005,32,"MinMaxScaler(-1,1)",20,150,val_loss,57,0.0037344302982091904,77
28,0.004476465750485659,0.00390604673884809,0.047293029725551605,0.041094932705163956,0.004476465750485659,0.00390604673884809,0.0005704190116375685,4,RNN,15,128,0.1,0.0005,32,"MinMaxScaler(-1,1)",20,150,val_loss,57,0.0037344302982091904,77
29,0.004328117705881596,0.003917128313332796,0.04622442275285721,0.04169668257236481,0.004328117705881596,0.003917128313332796,0.0004109893925487995,4,RNN,15,128,0.1,0.0005,32,"MinMaxScaler(-1,1)",20,150,val_loss,57,0.0037344302982091904,77
30,0.004394262097775936,0.0039051957428455353,0.04659412056207657,0.04207173362374306,0.004394262097775936,0.0039051957428455353,0.0004890663549304008,4,RNN,15,128,0.1,0.0005,32,"MinMaxScaler(-1,1)",20,150,val_loss,57,0.0037344302982091904,77
31,0.004366367589682341,0.003925444092601538,0.046522680670022964,0.04118312522768974,0.004366367589682341,0.003925444092601538,0.0004409234970808029,4,RNN,15,128,0.1,0.0005,32,"MinMaxScaler(-1,1)",20,150,val_loss,57,0.0037344302982091904,77
32,0.004387625027447939,0.003992648795247078,0.04643993079662323,0.04404060170054436,0.004387625027447939,0.003992648795247078,0.000394976232200861,4,RNN,15,128,0.1,0.0005,32,"MinMaxScaler(-1,1)",20,150,val_loss,57,0.0037344302982091904,77
33,0.00426253117620945,0.003855837043374777,0.045874595642089844,0.041418515145778656,0.00426253117620945,0.003855837043374777,0.00040669413283467293,4,RNN,15,128,0.1,0.0005,32,"MinMaxScaler(-1,1)",20,150,val_loss,57,0.0037344302982091904,77
34,0.0043270038440823555,0.0038765890058130026,0.04590388387441635,0.04124511778354645,0.0043270038440823555,0.0038765890058130026,0.0004504148382693529,4,RNN,15,128,0.1,0.0005,32,"MinMaxScaler(-1,1)",20,150,val_loss,57,0.0037344302982091904,77
35,0.0043045524507761,0.004008966963738203,0.045726146548986435,0.041525453329086304,0.0043045524507761,0.004008966963738203,0.0002955854870378971,4,RNN,15,128,0.1,0.0005,32,"MinMaxScaler(-1,1)",20,150,val_loss,57,0.0037344302982091904,77
36,0.004230796825140715,0.0038427275139838457,0.045469436794519424,0.0407753624022007,0.004230796825140715,0.0038427275139838457,0.00038806931115686893,4,RNN,15,128,0.1,0.0005,32,"MinMaxScaler(-1,1)",20,150,val_loss,57,0.0037344302982091904,77
37,0.004151893313974142,0.003830266883596778,0.04492628201842308,0.04110519215464592,0.004151893313974142,0.003830266883596778,0.00032162643037736416,4,RNN,15,128,0.1,0.0005,32,"MinMaxScaler(-1,1)",20,150,val_loss,57,0.0037344302982091904,77
38,0.0041458988562226295,0.003835763316601515,0.044865772128105164,0.040716737508773804,0.0041458988562226295,0.003835763316601515,0.00031013553962111473,4,RNN,15,128,0.1,0.0005,32,"MinMaxScaler(-1,1)",20,150,val_loss,57,0.0037344302982091904,77
39,0.004057852551341057,0.0038157382514327765,0.04420647770166397,0.040617458522319794,0.004057852551341057,0.0038157382514327765,0.00024211429990828037,4,RNN,15,128,0.1,0.0005,32,"MinMaxScaler(-1,1)",20,150,val_loss,57,0.0037344302982091904,77
40,0.004039898049086332,0.0038465498946607113,0.04401475936174393,0.04079289361834526,0.004039898049086332,0.0038465498946607113,0.00019334815442562103,4,RNN,15,128,0.1,0.0005,32,"MinMaxScaler(-1,1)",20,150,val_loss,57,0.0037344302982091904,77
41,0.0040071988478302956,0.0037899406161159277,0.043905649334192276,0.040144022554159164,0.0040071988478302956,0.0037899406161159277,0.00021725823171436787,4,RNN,15,128,0.1,0.0005,32,"MinMaxScaler(-1,1)",20,150,val_loss,57,0.0037344302982091904,77
42,0.004051463212817907,0.003786933608353138,0.04403937980532646,0.040075432509183884,0.004051463212817907,0.003786933608353138,0.00026452960446476936,4,RNN,15,128,0.1,0.0005,32,"MinMaxScaler(-1,1)",20,150,val_loss,57,0.0037344302982091904,77
43,0.0040032025426626205,0.0037885550409555435,0.043923601508140564,0.039959169924259186,0.0040032025426626205,0.0037885550409555435,0.00021464750170707703,4,RNN,15,128,0.1,0.0005,32,"MinMaxScaler(-1,1)",20,150,val_loss,57,0.0037344302982091904,77
44,0.00395489577203989,0.0037761367857456207,0.04370025917887688,0.03990880027413368,0.00395489577203989,0.0037761367857456207,0.00017875898629426956,4,RNN,15,128,0.1,0.0005,32,"MinMaxScaler(-1,1)",20,150,val_loss,57,0.0037344302982091904,77
45,0.00400726730003953,0.0037978619802743196,0.04386190325021744,0.04018719494342804,0.00400726730003953,0.0037978619802743196,0.00020940531976521015,4,RNN,15,128,0.1,0.0005,32,"MinMaxScaler(-1,1)",20,150,val_loss,57,0.0037344302982091904,77
46,0.004063787870109081,0.0038281825836747885,0.044228509068489075,0.0403657928109169,0.004063787870109081,0.0038281825836747885,0.0002356052864342928,4,RNN,15,128,0.1,0.0005,32,"MinMaxScaler(-1,1)",20,150,val_loss,57,0.0037344302982091904,77
47,0.003941930830478668,0.003795658005401492,0.043423134833574295,0.03986784443259239,0.003941930830478668,0.003795658005401492,0.0001462728250771761,4,RNN,15,128,0.1,0.0005,32,"MinMaxScaler(-1,1)",20,150,val_loss,57,0.0037344302982091904,77
48,0.003989364020526409,0.0038226263131946325,0.04374466836452484,0.040133196860551834,0.003989364020526409,0.0038226263131946325,0.00016673770733177662,4,RNN,15,128,0.1,0.0005,32,"MinMaxScaler(-1,1)",20,150,val_loss,57,0.0037344302982091904,77
49,0.004029065370559692,0.0037863580510020256,0.044110529124736786,0.03995209559798241,0.004029065370559692,0.0037863580510020256,0.00024270731955766678,4,RNN,15,128,0.1,0.0005,32,"MinMaxScaler(-1,1)",20,150,val_loss,57,0.0037344302982091904,77
50,0.003968140110373497,0.0037728319875895977,0.04356617480516434,0.0397367961704731,0.003968140110373497,0.0037728319875895977,0.0001953081227838993,4,RNN,15,128,0.1,0.0005,32,"MinMaxScaler(-1,1)",20,150,val_loss,57,0.0037344302982091904,77
51,0.004034666810184717,0.0037774795200675726,0.043950144201517105,0.039774324744939804,0.004034666810184717,0.0037774795200675726,0.0002571872901171446,4,RNN,15,128,0.1,0.0005,32,"MinMaxScaler(-1,1)",20,150,val_loss,57,0.0037344302982091904,77
52,0.0038692119996994734,0.003745411289855838,0.04274969920516014,0.03971010819077492,0.0038692119996994734,0.003745411289855838,0.00012380070984363556,4,RNN,15,128,0.1,0.0005,32,"MinMaxScaler(-1,1)",20,150,val_loss,57,0.0037344302982091904,77
53,0.003874297719448805,0.0037569005507975817,0.04275166243314743,0.0398130863904953,0.003874297719448805,0.0037569005507975817,0.00011739716865122318,4,RNN,15,128,0.1,0.0005,32,"MinMaxScaler(-1,1)",20,150,val_loss,57,0.0037344302982091904,77
54,0.003878028364852071,0.0037460180465132,0.042609669268131256,0.03993244096636772,0.003878028364852071,0.0037460180465132,0.000132010318338871,4,RNN,15,128,0.1,0.0005,32,"MinMaxScaler(-1,1)",20,150,val_loss,57,0.0037344302982091904,77
55,0.0038087209686636925,0.0037539147306233644,0.04223276674747467,0.039784952998161316,0.0038087209686636925,0.0037539147306233644,5.4806238040328026e-05,4,RNN,15,128,0.1,0.0005,32,"MinMaxScaler(-1,1)",20,150,val_loss,57,0.0037344302982091904,77
56,0.0038452628068625927,0.003738531842827797,0.042569443583488464,0.039672788232564926,0.0038452628068625927,0.003738531842827797,0.00010673096403479576,4,RNN,15,128,0.1,0.0005,32,"MinMaxScaler(-1,1)",20,150,val_loss,57,0.0037344302982091904,77
57,0.003874146146699786,0.0037344302982091904,0.04265880957245827,0.03952641412615776,0.003874146146699786,0.0037344302982091904,0.00013971584849059582,4,RNN,15,128,0.1,0.0005,32,"MinMaxScaler(-1,1)",20,150,val_loss,57,0.0037344302982091904,77
58,0.0038293779361993074,0.003744155867025256,0.04240141436457634,0.039666298776865005,0.0038293779361993074,0.003744155867025256,8.522206917405128e-05,4,RNN,15,128,0.1,0.0005,32,"MinMaxScaler(-1,1)",20,150,val_loss,57,0.0037344302982091904,77
59,0.0038161638658493757,0.0037880009040236473,0.04210496321320534,0.04011687636375427,0.0038161638658493757,0.0037880009040236473,2.8162961825728416e-05,4,RNN,15,128,0.1,0.0005,32,"MinMaxScaler(-1,1)",20,150,val_loss,57,0.0037344302982091904,77
60,0.0038119193632155657,0.0037579869385808706,0.04225321114063263,0.03969087824225426,0.0038119193632155657,0.0037579869385808706,5.393242463469505e-05,4,RNN,15,128,0.1,0.0005,32,"MinMaxScaler(-1,1)",20,150,val_loss,57,0.0037344302982091904,77
61,0.0037572348956018686,0.003758051199838519,0.04201865568757057,0.03986423462629318,0.0037572348956018686,0.003758051199838519,8.163042366504669e-07,4,RNN,15,128,0.1,0.0005,32,"MinMaxScaler(-1,1)",20,150,val_loss,57,0.0037344302982091904,77
62,0.0038266493938863277,0.003784026950597763,0.04227155074477196,0.04040057957172394,0.0038266493938863277,0.003784026950597763,4.262244328856468e-05,4,RNN,15,128,0.1,0.0005,32,"MinMaxScaler(-1,1)",20,150,val_loss,57,0.0037344302982091904,77
63,0.0037805356550961733,0.0037561666686087847,0.04199500381946564,0.03984413668513298,0.0037805356550961733,0.0037561666686087847,2.436898648738861e-05,4,RNN,15,128,0.1,0.0005,32,"MinMaxScaler(-1,1)",20,150,val_loss,57,0.0037344302982091904,77
64,0.0038045833352953196,0.0037784709129482508,0.04204300045967102,0.04028021916747093,0.0038045833352953196,0.0037784709129482508,2.6112422347068787e-05,4,RNN,15,128,0.1,0.0005,32,"MinMaxScaler(-1,1)",20,150,val_loss,57,0.0037344302982091904,77
65,0.0037894973065704107,0.0037494695279747248,0.04202542081475258,0.0397692434489727,0.0037894973065704107,0.0037494695279747248,4.002777859568596e-05,4,RNN,15,128,0.1,0.0005,32,"MinMaxScaler(-1,1)",20,150,val_loss,57,0.0037344302982091904,77
66,0.0037790597416460514,0.00376342236995697,0.04178743064403534,0.0399613194167614,0.0037790597416460514,0.00376342236995697,1.5637371689081192e-05,4,RNN,15,128,0.1,0.0005,32,"MinMaxScaler(-1,1)",20,150,val_loss,57,0.0037344302982091904,77
67,0.003810996189713478,0.0037739076651632786,0.04194173216819763,0.0401824414730072,0.003810996189713478,0.0037739076651632786,3.708852455019951e-05,4,RNN,15,128,0.1,0.0005,32,"MinMaxScaler(-1,1)",20,150,val_loss,57,0.0037344302982091904,77
68,0.003753780387341976,0.0037528236862272024,0.04187856242060661,0.03979968652129173,0.003753780387341976,0.0037528236862272024,9.567011147737503e-07,4,RNN,15,128,0.1,0.0005,32,"MinMaxScaler(-1,1)",20,150,val_loss,57,0.0037344302982091904,77
69,0.003787013702094555,0.0037626398261636496,0.041770972311496735,0.03996917977929115,0.003787013702094555,0.0037626398261636496,2.4373875930905342e-05,4,RNN,15,128,0.1,0.0005,32,"MinMaxScaler(-1,1)",20,150,val_loss,57,0.0037344302982091904,77
70,0.0037951916456222534,0.0037535554729402065,0.0421353317797184,0.039717189967632294,0.0037951916456222534,0.0037535554729402065,4.163617268204689e-05,4,RNN,15,128,0.1,0.0005,32,"MinMaxScaler(-1,1)",20,150,val_loss,57,0.0037344302982091904,77
71,0.0037338132970035076,0.0037537780590355396,0.041709113866090775,0.03966273367404938,0.0037338132970035076,0.0037537780590355396,1.9964762032032013e-05,4,RNN,15,128,0.1,0.0005,32,"MinMaxScaler(-1,1)",20,150,val_loss,57,0.0037344302982091904,77
72,0.003771230112761259,0.0037688554730266333,0.041754983365535736,0.040056437253952026,0.003771230112761259,0.0037688554730266333,2.3746397346258163e-06,4,RNN,15,128,0.1,0.0005,32,"MinMaxScaler(-1,1)",20,150,val_loss,57,0.0037344302982091904,77
73,0.0036884332075715065,0.0037476506549865007,0.041168589144945145,0.03965305536985397,0.0036884332075715065,0.0037476506549865007,5.921744741499424e-05,4,RNN,15,128,0.1,0.0005,32,"MinMaxScaler(-1,1)",20,150,val_loss,57,0.0037344302982091904,77
74,0.0037048060912638903,0.0037595557514578104,0.04147733002901077,0.03977437689900398,0.0037048060912638903,0.0037595557514578104,5.4749660193920135e-05,4,RNN,15,128,0.1,0.0005,32,"MinMaxScaler(-1,1)",20,150,val_loss,57,0.0037344302982091904,77
75,0.003742942353710532,0.0037701078690588474,0.0414557047188282,0.03998063504695892,0.003742942353710532,0.0037701078690588474,2.716551534831524e-05,4,RNN,15,128,0.1,0.0005,32,"MinMaxScaler(-1,1)",20,150,val_loss,57,0.0037344302982091904,77
76,0.003748973598703742,0.0037559722550213337,0.04177595302462578,0.03971206396818161,0.003748973598703742,0.0037559722550213337,6.998656317591667e-06,4,RNN,15,128,0.1,0.0005,32,"MinMaxScaler(-1,1)",20,150,val_loss,57,0.0037344302982091904,77
77,0.003658110275864601,0.0037565133534371853,0.04148014634847641,0.039820440113544464,0.003658110275864601,0.0037565133534371853,9.840307757258415e-05,4,RNN,15,128,0.1,0.0005,32,"MinMaxScaler(-1,1)",20,150,val_loss,57,0.0037344302982091904,77
1,0.054115600883960724,0.015719767659902573,0.17003342509269714,0.09738551080226898,0.054115600883960724,0.015719767659902573,0.03839583322405815,0,RNN,30,64,0.1,0.0005,32,"MinMaxScaler(-1,1)",20,150,val_loss,94,0.0036091567017138004,114
2,0.016227032989263535,0.008416426368057728,0.09650237113237381,0.06951520591974258,0.016227032989263535,0.008416426368057728,0.007810606621205807,0,RNN,30,64,0.1,0.0005,32,"MinMaxScaler(-1,1)",20,150,val_loss,94,0.0036091567017138004,114
3,0.012487570755183697,0.007447067182511091,0.08310840278863907,0.06347469240427017,0.012487570755183697,0.007447067182511091,0.0050405035726726055,0,RNN,30,64,0.1,0.0005,32,"MinMaxScaler(-1,1)",20,150,val_loss,94,0.0036091567017138004,114
4,0.011260687373578548,0.007020964287221432,0.07928881049156189,0.061025626957416534,0.011260687373578548,0.007020964287221432,0.004239723086357117,0,RNN,30,64,0.1,0.0005,32,"MinMaxScaler(-1,1)",20,150,val_loss,94,0.0036091567017138004,114
5,0.010675949044525623,0.006730133201926947,0.07668207585811615,0.05952462926506996,0.010675949044525623,0.006730133201926947,0.003945815842598677,0,RNN,30,64,0.1,0.0005,32,"MinMaxScaler(-1,1)",20,150,val_loss,94,0.0036091567017138004,114
6,0.010099883191287518,0.006447591353207827,0.07457571476697922,0.05861915647983551,0.010099883191287518,0.006447591353207827,0.003652291838079691,0,RNN,30,64,0.1,0.0005,32,"MinMaxScaler(-1,1)",20,150,val_loss,94,0.0036091567017138004,114
7,0.009259793907403946,0.006098808255046606,0.07198219001293182,0.05717891827225685,0.009259793907403946,0.006098808255046606,0.00316098565235734,0,RNN,30,64,0.1,0.0005,32,"MinMaxScaler(-1,1)",20,150,val_loss,94,0.0036091567017138004,114
8,0.00901961512863636,0.005997121334075928,0.07029007375240326,0.0553073026239872,0.00901961512863636,0.005997121334075928,0.0030224937945604324,0,RNN,30,64,0.1,0.0005,32,"MinMaxScaler(-1,1)",20,150,val_loss,94,0.0036091567017138004,114
9,0.008605094626545906,0.005893212277442217,0.06883782893419266,0.055038079619407654,0.008605094626545906,0.005893212277442217,0.002711882349103689,0,RNN,30,64,0.1,0.0005,32,"MinMaxScaler(-1,1)",20,150,val_loss,94,0.0036091567017138004,114
10,0.008083101361989975,0.005755354650318623,0.06661637127399445,0.054102975875139236,0.008083101361989975,0.005755354650318623,0.0023277467116713524,0,RNN,30,64,0.1,0.0005,32,"MinMaxScaler(-1,1)",20,150,val_loss,94,0.0036091567017138004,114
11,0.008005608804523945,0.0059013343416154385,0.06632936000823975,0.054184142500162125,0.008005608804523945,0.0059013343416154385,0.0021042744629085064,0,RNN,30,64,0.1,0.0005,32,"MinMaxScaler(-1,1)",20,150,val_loss,94,0.0036091567017138004,114
12,0.00772429071366787,0.0056047881953418255,0.06493421643972397,0.05274035409092903,0.00772429071366787,0.0056047881953418255,0.002119502518326044,0,RNN,30,64,0.1,0.0005,32,"MinMaxScaler(-1,1)",20,150,val_loss,94,0.0036091567017138004,114
13,0.0075356666930019855,0.005399496294558048,0.06425723433494568,0.05381898954510689,0.0075356666930019855,0.005399496294558048,0.0021361703984439373,0,RNN,30,64,0.1,0.0005,32,"MinMaxScaler(-1,1)",20,150,val_loss,94,0.0036091567017138004,114
14,0.007154268678277731,0.005458745174109936,0.06239644065499306,0.052493754774332047,0.007154268678277731,0.005458745174109936,0.0016955235041677952,0,RNN,30,64,0.1,0.0005,32,"MinMaxScaler(-1,1)",20,150,val_loss,94,0.0036091567017138004,114
15,0.007135194260627031,0.0052133346907794476,0.062024712562561035,0.05134488269686699,0.007135194260627031,0.0052133346907794476,0.0019218595698475838,0,RNN,30,64,0.1,0.0005,32,"MinMaxScaler(-1,1)",20,150,val_loss,94,0.0036091567017138004,114
16,0.007071159314364195,0.005302922334522009,0.06195949390530586,0.05033416673541069,0.007071159314364195,0.005302922334522009,0.001768236979842186,0,RNN,30,64,0.1,0.0005,32,"MinMaxScaler(-1,1)",20,150,val_loss,94,0.0036091567017138004,114
17,0.006812275853008032,0.005226693581789732,0.0609363317489624,0.049756091088056564,0.006812275853008032,0.005226693581789732,0.0015855822712182999,0,RNN,30,64,0.1,0.0005,32,"MinMaxScaler(-1,1)",20,150,val_loss,94,0.0036091567017138004,114
18,0.00651736231520772,0.005123177543282509,0.059507403522729874,0.04921609163284302,0.00651736231520772,0.005123177543282509,0.001394184771925211,0,RNN,30,64,0.1,0.0005,32,"MinMaxScaler(-1,1)",20,150,val_loss,94,0.0036091567017138004,114
19,0.006891909521073103,0.004902296233922243,0.06107630208134651,0.05066074803471565,0.006891909521073103,0.004902296233922243,0.00198961328715086,0,RNN,30,64,0.1,0.0005,32,"MinMaxScaler(-1,1)",20,150,val_loss,94,0.0036091567017138004,114
20,0.006560247391462326,0.004833950661122799,0.05977500602602959,0.04870925471186638,0.006560247391462326,0.004833950661122799,0.0017262967303395271,0,RNN,30,64,0.1,0.0005,32,"MinMaxScaler(-1,1)",20,150,val_loss,94,0.0036091567017138004,114
21,0.0063406676054000854,0.0048239328898489475,0.05873719975352287,0.04826410487294197,0.0063406676054000854,0.0048239328898489475,0.001516734715551138,0,RNN,30,64,0.1,0.0005,32,"MinMaxScaler(-1,1)",20,150,val_loss,94,0.0036091567017138004,114
22,0.006306285969913006,0.004701418336480856,0.05833401158452034,0.0478157214820385,0.006306285969913006,0.004701418336480856,0.0016048676334321499,0,RNN,30,64,0.1,0.0005,32,"MinMaxScaler(-1,1)",20,150,val_loss,94,0.0036091567017138004,114
23,0.006077541038393974,0.0046779690310359,0.05703353136777878,0.047936663031578064,0.006077541038393974,0.0046779690310359,0.0013995720073580742,0,RNN,30,64,0.1,0.0005,32,"MinMaxScaler(-1,1)",20,150,val_loss,94,0.0036091567017138004,114
24,0.006249597296118736,0.004608227405697107,0.05841856822371483,0.04680641368031502,0.006249597296118736,0.004608227405697107,0.001641369890421629,0,RNN,30,64,0.1,0.0005,32,"MinMaxScaler(-1,1)",20,150,val_loss,94,0.0036091567017138004,114
25,0.006027001887559891,0.004677313379943371,0.05702590197324753,0.04672260954976082,0.006027001887559891,0.004677313379943371,0.00134968850761652,0,RNN,30,64,0.1,0.0005,32,"MinMaxScaler(-1,1)",20,150,val_loss,94,0.0036091567017138004,114
26,0.005906358826905489,0.004559232387691736,0.056346964091062546,0.047133684158325195,0.005906358826905489,0.004559232387691736,0.0013471264392137527,0,RNN,30,64,0.1,0.0005,32,"MinMaxScaler(-1,1)",20,150,val_loss,94,0.0036091567017138004,114
27,0.006067160051316023,0.004575607366859913,0.05685749277472496,0.04608901962637901,0.006067160051316023,0.004575607366859913,0.00149155268445611,0,RNN,30,64,0.1,0.0005,32,"MinMaxScaler(-1,1)",20,150,val_loss,94,0.0036091567017138004,114
28,0.005722277797758579,0.00442757410928607,0.055409759283065796,0.045912615954875946,0.005722277797758579,0.00442757410928607,0.0012947036884725094,0,RNN,30,64,0.1,0.0005,32,"MinMaxScaler(-1,1)",20,150,val_loss,94,0.0036091567017138004,114
29,0.005586196202784777,0.004541364498436451,0.05524180829524994,0.045771997421979904,0.005586196202784777,0.004541364498436451,0.0010448317043483257,0,RNN,30,64,0.1,0.0005,32,"MinMaxScaler(-1,1)",20,150,val_loss,94,0.0036091567017138004,114
30,0.005932921078056097,0.004418238531798124,0.05671537667512894,0.04563380032777786,0.005932921078056097,0.004418238531798124,0.0015146825462579727,0,RNN,30,64,0.1,0.0005,32,"MinMaxScaler(-1,1)",20,150,val_loss,94,0.0036091567017138004,114
31,0.0056396909058094025,0.004335837904363871,0.05513044819235802,0.04558957740664482,0.0056396909058094025,0.004335837904363871,0.0013038530014455318,0,RNN,30,64,0.1,0.0005,32,"MinMaxScaler(-1,1)",20,150,val_loss,94,0.0036091567017138004,114
32,0.00544982124119997,0.004292390774935484,0.05440022051334381,0.045341815799474716,0.00544982124119997,0.004292390774935484,0.0011574304662644863,0,RNN,30,64,0.1,0.0005,32,"MinMaxScaler(-1,1)",20,150,val_loss,94,0.0036091567017138004,114
33,0.00556041719391942,0.004189705941826105,0.05479060858488083,0.04574066400527954,0.00556041719391942,0.004189705941826105,0.0013707112520933151,0,RNN,30,64,0.1,0.0005,32,"MinMaxScaler(-1,1)",20,150,val_loss,94,0.0036091567017138004,114
34,0.00554712163284421,0.004282652400434017,0.054974425584077835,0.04439309611916542,0.00554712163284421,0.004282652400434017,0.0012644692324101925,0,RNN,30,64,0.1,0.0005,32,"MinMaxScaler(-1,1)",20,150,val_loss,94,0.0036091567017138004,114
35,0.0054302942007780075,0.0041627478785812855,0.0541883185505867,0.04448520392179489,0.0054302942007780075,0.0041627478785812855,0.001267546322196722,0,RNN,30,64,0.1,0.0005,32,"MinMaxScaler(-1,1)",20,150,val_loss,94,0.0036091567017138004,114
36,0.005461372435092926,0.004298771265894175,0.05394254997372627,0.044401463121175766,0.005461372435092926,0.004298771265894175,0.0011626011691987514,0,RNN,30,64,0.1,0.0005,32,"MinMaxScaler(-1,1)",20,150,val_loss,94,0.0036091567017138004,114
37,0.005496055819094181,0.004207037389278412,0.05432448908686638,0.04400739446282387,0.005496055819094181,0.004207037389278412,0.0012890184298157692,0,RNN,30,64,0.1,0.0005,32,"MinMaxScaler(-1,1)",20,150,val_loss,94,0.0036091567017138004,114
38,0.005326643120497465,0.0041501582600176334,0.05372566729784012,0.043933428823947906,0.005326643120497465,0.0041501582600176334,0.0011764848604798317,0,RNN,30,64,0.1,0.0005,32,"MinMaxScaler(-1,1)",20,150,val_loss,94,0.0036091567017138004,114
39,0.005204807035624981,0.004112192429602146,0.05281314626336098,0.044335588812828064,0.005204807035624981,0.004112192429602146,0.0010926146060228348,0,RNN,30,64,0.1,0.0005,32,"MinMaxScaler(-1,1)",20,150,val_loss,94,0.0036091567017138004,114
40,0.005115305073559284,0.00404660589993,0.052380096167325974,0.043680574744939804,0.005115305073559284,0.00404660589993,0.001068699173629284,0,RNN,30,64,0.1,0.0005,32,"MinMaxScaler(-1,1)",20,150,val_loss,94,0.0036091567017138004,114
41,0.005107000935822725,0.004002937115728855,0.05251840502023697,0.04311109706759453,0.005107000935822725,0.004002937115728855,0.0011040638200938702,0,RNN,30,64,0.1,0.0005,32,"MinMaxScaler(-1,1)",20,150,val_loss,94,0.0036091567017138004,114
42,0.005051144398748875,0.003987295553088188,0.051618728786706924,0.0432768277823925,0.005051144398748875,0.003987295553088188,0.0010638488456606865,0,RNN,30,64,0.1,0.0005,32,"MinMaxScaler(-1,1)",20,150,val_loss,94,0.0036091567017138004,114
43,0.005034611560404301,0.004033247008919716,0.051703933626413345,0.04328862577676773,0.005034611560404301,0.004033247008919716,0.0010013645514845848,0,RNN,30,64,0.1,0.0005,32,"MinMaxScaler(-1,1)",20,150,val_loss,94,0.0036091567017138004,114
44,0.004973585717380047,0.004028048366308212,0.05179382488131523,0.04296428710222244,0.004973585717380047,0.004028048366308212,0.0009455373510718346,0,RNN,30,64,0.1,0.0005,32,"MinMaxScaler(-1,1)",20,150,val_loss,94,0.0036091567017138004,114
45,0.005191652104258537,0.0039796954952180386,0.05263294279575348,0.04263361543416977,0.005191652104258537,0.0039796954952180386,0.0012119566090404987,0,RNN,30,64,0.1,0.0005,32,"MinMaxScaler(-1,1)",20,150,val_loss,94,0.0036091567017138004,114
46,0.0050574676133692265,0.004007031209766865,0.051831699907779694,0.042618490755558014,0.0050574676133692265,0.004007031209766865,0.0010504364036023617,0,RNN,30,64,0.1,0.0005,32,"MinMaxScaler(-1,1)",20,150,val_loss,94,0.0036091567017138004,114
47,0.004996368661522865,0.0039047179743647575,0.05187945440411568,0.0429963544011116,0.004996368661522865,0.0039047179743647575,0.0010916506871581078,0,RNN,30,64,0.1,0.0005,32,"MinMaxScaler(-1,1)",20,150,val_loss,94,0.0036091567017138004,114
48,0.004965608008205891,0.003838643664494157,0.051206935197114944,0.04256710037589073,0.004965608008205891,0.003838643664494157,0.0011269643437117338,0,RNN,30,64,0.1,0.0005,32,"MinMaxScaler(-1,1)",20,150,val_loss,94,0.0036091567017138004,114
49,0.00489695044234395,0.0039017668459564447,0.05103372782468796,0.04212097078561783,0.00489695044234395,0.0039017668459564447,0.0009951835963875055,0,RNN,30,64,0.1,0.0005,32,"MinMaxScaler(-1,1)",20,150,val_loss,94,0.0036091567017138004,114
50,0.004827428609132767,0.003972896374762058,0.05084772780537605,0.04194498434662819,0.004827428609132767,0.003972896374762058,0.0008545322343707085,0,RNN,30,64,0.1,0.0005,32,"MinMaxScaler(-1,1)",20,150,val_loss,94,0.0036091567017138004,114
51,0.004920393694192171,0.0038323893677443266,0.05142256245017052,0.04222140461206436,0.004920393694192171,0.0038323893677443266,0.0010880043264478445,0,RNN,30,64,0.1,0.0005,32,"MinMaxScaler(-1,1)",20,150,val_loss,94,0.0036091567017138004,114
52,0.004774424247443676,0.0039061179850250483,0.050536226481199265,0.04181107506155968,0.004774424247443676,0.0039061179850250483,0.0008683062624186277,0,RNN,30,64,0.1,0.0005,32,"MinMaxScaler(-1,1)",20,150,val_loss,94,0.0036091567017138004,114
53,0.00479365698993206,0.003938079345971346,0.05044328421354294,0.04158294200897217,0.00479365698993206,0.003938079345971346,0.0008555776439607143,0,RNN,30,64,0.1,0.0005,32,"MinMaxScaler(-1,1)",20,150,val_loss,94,0.0036091567017138004,114
54,0.004689006134867668,0.003883846802636981,0.050013430416584015,0.041511453688144684,0.004689006134867668,0.003883846802636981,0.0008051593322306871,0,RNN,30,64,0.1,0.0005,32,"MinMaxScaler(-1,1)",20,150,val_loss,94,0.0036091567017138004,114
55,0.004713580943644047,0.003827001666650176,0.050083599984645844,0.04206293821334839,0.004713580943644047,0.003827001666650176,0.0008865792769938707,0,RNN,30,64,0.1,0.0005,32,"MinMaxScaler(-1,1)",20,150,val_loss,94,0.0036091567017138004,114
56,0.004821058362722397,0.003882509423419833,0.050565510988235474,0.04175610467791557,0.004821058362722397,0.003882509423419833,0.0009385489393025637,0,RNN,30,64,0.1,0.0005,32,"MinMaxScaler(-1,1)",20,150,val_loss,94,0.0036091567017138004,114
57,0.004725325386971235,0.003831032197922468,0.05028513818979263,0.04228543862700462,0.004725325386971235,0.003831032197922468,0.0008942931890487671,0,RNN,30,64,0.1,0.0005,32,"MinMaxScaler(-1,1)",20,150,val_loss,94,0.0036091567017138004,114
58,0.004565316718071699,0.003834328381344676,0.04935894161462784,0.04075852036476135,0.004565316718071699,0.003834328381344676,0.0007309883367270231,0,RNN,30,64,0.1,0.0005,32,"MinMaxScaler(-1,1)",20,150,val_loss,94,0.0036091567017138004,114
59,0.00448440620675683,0.0038712683599442244,0.04871467128396034,0.040922459214925766,0.00448440620675683,0.0038712683599442244,0.0006131378468126059,0,RNN,30,64,0.1,0.0005,32,"MinMaxScaler(-1,1)",20,150,val_loss,94,0.0036091567017138004,114
60,0.004523740615695715,0.003787413937970996,0.0486481636762619,0.04081037640571594,0.004523740615695715,0.003787413937970996,0.000736326677724719,0,RNN,30,64,0.1,0.0005,32,"MinMaxScaler(-1,1)",20,150,val_loss,94,0.0036091567017138004,114
61,0.004546300042420626,0.003896708833053708,0.04882460832595825,0.04096636176109314,0.004546300042420626,0.003896708833053708,0.0006495912093669176,0,RNN,30,64,0.1,0.0005,32,"MinMaxScaler(-1,1)",20,150,val_loss,94,0.0036091567017138004,114
62,0.0045052445493638515,0.003723800415173173,0.04889354109764099,0.04055551066994667,0.0045052445493638515,0.003723800415173173,0.0007814441341906786,0,RNN,30,64,0.1,0.0005,32,"MinMaxScaler(-1,1)",20,150,val_loss,94,0.0036091567017138004,114
63,0.004636209458112717,0.003792833536863327,0.04951321706175804,0.040303733199834824,0.004636209458112717,0.003792833536863327,0.0008433759212493896,0,RNN,30,64,0.1,0.0005,32,"MinMaxScaler(-1,1)",20,150,val_loss,94,0.0036091567017138004,114
64,0.0043257432989776134,0.0038432287983596325,0.04779467731714249,0.040485624223947525,0.0043257432989776134,0.0038432287983596325,0.00048251450061798096,0,RNN,30,64,0.1,0.0005,32,"MinMaxScaler(-1,1)",20,150,val_loss,94,0.0036091567017138004,114
65,0.0044868579134345055,0.0038285860791802406,0.04851911589503288,0.04041978344321251,0.0044868579134345055,0.0038285860791802406,0.0006582718342542648,0,RNN,30,64,0.1,0.0005,32,"MinMaxScaler(-1,1)",20,150,val_loss,94,0.0036091567017138004,114
66,0.004487058147788048,0.003771815448999405,0.04866352304816246,0.0401596799492836,0.004487058147788048,0.003771815448999405,0.0007152426987886429,0,RNN,30,64,0.1,0.0005,32,"MinMaxScaler(-1,1)",20,150,val_loss,94,0.0036091567017138004,114
67,0.004444095306098461,0.003777294186875224,0.048670727759599686,0.0403868742287159,0.004444095306098461,0.003777294186875224,0.000666801119223237,0,RNN,30,64,0.1,0.0005,32,"MinMaxScaler(-1,1)",20,150,val_loss,94,0.0036091567017138004,114
68,0.004569629207253456,0.003820894518867135,0.04902537912130356,0.040439777076244354,0.004569629207253456,0.003820894518867135,0.0007487346883863211,0,RNN,30,64,0.1,0.0005,32,"MinMaxScaler(-1,1)",20,150,val_loss,94,0.0036091567017138004,114
69,0.004562211688607931,0.003692101687192917,0.04916055500507355,0.04034993052482605,0.004562211688607931,0.003692101687192917,0.0008701100014150143,0,RNN,30,64,0.1,0.0005,32,"MinMaxScaler(-1,1)",20,150,val_loss,94,0.0036091567017138004,114
70,0.004533209837973118,0.0037090578116476536,0.049048151820898056,0.04000962898135185,0.004533209837973118,0.0037090578116476536,0.0008241520263254642,0,RNN,30,64,0.1,0.0005,32,"MinMaxScaler(-1,1)",20,150,val_loss,94,0.0036091567017138004,114
71,0.004307516384869814,0.0037392948288470507,0.04771868884563446,0.04007382318377495,0.004307516384869814,0.0037392948288470507,0.0005682215560227633,0,RNN,30,64,0.1,0.0005,32,"MinMaxScaler(-1,1)",20,150,val_loss,94,0.0036091567017138004,114
72,0.004372820723801851,0.0038161519914865494,0.04776092246174812,0.040203288197517395,0.004372820723801851,0.0038161519914865494,0.0005566687323153019,0,RNN,30,64,0.1,0.0005,32,"MinMaxScaler(-1,1)",20,150,val_loss,94,0.0036091567017138004,114
73,0.004265445750206709,0.0036751485895365477,0.04745732247829437,0.03990606591105461,0.004265445750206709,0.0036751485895365477,0.0005902971606701612,0,RNN,30,64,0.1,0.0005,32,"MinMaxScaler(-1,1)",20,150,val_loss,94,0.0036091567017138004,114
74,0.004343775101006031,0.0036797141656279564,0.047799691557884216,0.03983354568481445,0.004343775101006031,0.0036797141656279564,0.0006640609353780746,0,RNN,30,64,0.1,0.0005,32,"MinMaxScaler(-1,1)",20,150,val_loss,94,0.0036091567017138004,114
75,0.004320940934121609,0.003721161512658,0.04777071624994278,0.0397782064974308,0.004320940934121609,0.003721161512658,0.0005997794214636087,0,RNN,30,64,0.1,0.0005,32,"MinMaxScaler(-1,1)",20,150,val_loss,94,0.0036091567017138004,114
76,0.004318040329962969,0.003723638132214546,0.04791856184601784,0.039786383509635925,0.004318040329962969,0.003723638132214546,0.0005944021977484226,0,RNN,30,64,0.1,0.0005,32,"MinMaxScaler(-1,1)",20,150,val_loss,94,0.0036091567017138004,114
77,0.004435386508703232,0.003736277110874653,0.04855872690677643,0.03975561633706093,0.004435386508703232,0.003736277110874653,0.000699109397828579,0,RNN,30,64,0.1,0.0005,32,"MinMaxScaler(-1,1)",20,150,val_loss,94,0.0036091567017138004,114
78,0.004461129195988178,0.0036593012046068907,0.04823692515492439,0.03962242975831032,0.004461129195988178,0.0036593012046068907,0.0008018279913812876,0,RNN,30,64,0.1,0.0005,32,"MinMaxScaler(-1,1)",20,150,val_loss,94,0.0036091567017138004,114
79,0.00443242909386754,0.003703433321788907,0.04854567348957062,0.039636559784412384,0.00443242909386754,0.003703433321788907,0.0007289957720786333,0,RNN,30,64,0.1,0.0005,32,"MinMaxScaler(-1,1)",20,150,val_loss,94,0.0036091567017138004,114
80,0.004303365480154753,0.003677760949358344,0.04752136766910553,0.039643626660108566,0.004303365480154753,0.003677760949358344,0.0006256045307964087,0,RNN,30,64,0.1,0.0005,32,"MinMaxScaler(-1,1)",20,150,val_loss,94,0.0036091567017138004,114
81,0.004203002899885178,0.003723593195900321,0.04719342663884163,0.03978019952774048,0.004203002899885178,0.003723593195900321,0.0004794097039848566,0,RNN,30,64,0.1,0.0005,32,"MinMaxScaler(-1,1)",20,150,val_loss,94,0.0036091567017138004,114
82,0.004279992543160915,0.00373871554620564,0.04744501784443855,0.03968288376927376,0.004279992543160915,0.00373871554620564,0.0005412769969552755,0,RNN,30,64,0.1,0.0005,32,"MinMaxScaler(-1,1)",20,150,val_loss,94,0.0036091567017138004,114
83,0.004243604373186827,0.0037801540456712246,0.04722798243165016,0.03998150676488876,0.004243604373186827,0.0037801540456712246,0.0004634503275156021,0,RNN,30,64,0.1,0.0005,32,"MinMaxScaler(-1,1)",20,150,val_loss,94,0.0036091567017138004,114
84,0.004244131501764059,0.0036543651949614286,0.04728897288441658,0.039450503885746,0.004244131501764059,0.0036543651949614286,0.0005897663068026304,0,RNN,30,64,0.1,0.0005,32,"MinMaxScaler(-1,1)",20,150,val_loss,94,0.0036091567017138004,114
85,0.0042994339019060135,0.003648600308224559,0.04739264398813248,0.03949688747525215,0.0042994339019060135,0.003648600308224559,0.0006508335936814547,0,RNN,30,64,0.1,0.0005,32,"MinMaxScaler(-1,1)",20,150,val_loss,94,0.0036091567017138004,114
86,0.004271084908396006,0.003678354201838374,0.04741601645946503,0.03945542871952057,0.004271084908396006,0.003678354201838374,0.0005927307065576315,0,RNN,30,64,0.1,0.0005,32,"MinMaxScaler(-1,1)",20,150,val_loss,94,0.0036091567017138004,114
87,0.004423950798809528,0.003646066877990961,0.048242758959531784,0.03939018025994301,0.004423950798809528,0.003646066877990961,0.0007778839208185673,0,RNN,30,64,0.1,0.0005,32,"MinMaxScaler(-1,1)",20,150,val_loss,94,0.0036091567017138004,114
88,0.004155245143920183,0.00362414144910872,0.04683820158243179,0.03949515521526337,0.004155245143920183,0.00362414144910872,0.0005311036948114634,0,RNN,30,64,0.1,0.0005,32,"MinMaxScaler(-1,1)",20,150,val_loss,94,0.0036091567017138004,114
89,0.00430374825373292,0.0036407839506864548,0.04749637842178345,0.039400387555360794,0.00430374825373292,0.0036407839506864548,0.0006629643030464649,0,RNN,30,64,0.1,0.0005,32,"MinMaxScaler(-1,1)",20,150,val_loss,94,0.0036091567017138004,114
90,0.004294610116630793,0.003722646040841937,0.04730428382754326,0.039556652307510376,0.004294610116630793,0.003722646040841937,0.0005719640757888556,0,RNN,30,64,0.1,0.0005,32,"MinMaxScaler(-1,1)",20,150,val_loss,94,0.0036091567017138004,114
91,0.004241114016622305,0.0037145414389669895,0.04702404513955116,0.039594750851392746,0.004241114016622305,0.0037145414389669895,0.0005265725776553154,0,RNN,30,64,0.1,0.0005,32,"MinMaxScaler(-1,1)",20,150,val_loss,94,0.0036091567017138004,114
92,0.004206844139844179,0.0036516746040433645,0.04717293009161949,0.03939870372414589,0.004206844139844179,0.0036516746040433645,0.0005551695358008146,0,RNN,30,64,0.1,0.0005,32,"MinMaxScaler(-1,1)",20,150,val_loss,94,0.0036091567017138004,114
93,0.004188535735011101,0.003644410753622651,0.04700291156768799,0.03940510377287865,0.004188535735011101,0.003644410753622651,0.0005441249813884497,0,RNN,30,64,0.1,0.0005,32,"MinMaxScaler(-1,1)",20,150,val_loss,94,0.0036091567017138004,114
94,0.004334498196840286,0.0036091567017138004,0.04784034192562103,0.03945118188858032,0.004334498196840286,0.0036091567017138004,0.0007253414951264858,0,RNN,30,64,0.1,0.0005,32,"MinMaxScaler(-1,1)",20,150,val_loss,94,0.0036091567017138004,114
95,0.004265130497515202,0.003637159476056695,0.047187790274620056,0.03935728222131729,0.004265130497515202,0.003637159476056695,0.0006279710214585066,0,RNN,30,64,0.1,0.0005,32,"MinMaxScaler(-1,1)",20,150,val_loss,94,0.0036091567017138004,114
96,0.004170658066868782,0.003643116680905223,0.046842463314533234,0.03930306434631348,0.004170658066868782,0.003643116680905223,0.0005275413859635592,0,RNN,30,64,0.1,0.0005,32,"MinMaxScaler(-1,1)",20,150,val_loss,94,0.0036091567017138004,114
97,0.004281459376215935,0.003632961306720972,0.04730014130473137,0.03931478038430214,0.004281459376215935,0.003632961306720972,0.0006484980694949627,0,RNN,30,64,0.1,0.0005,32,"MinMaxScaler(-1,1)",20,150,val_loss,94,0.0036091567017138004,114
98,0.004217715933918953,0.003622631076723337,0.04712016135454178,0.039350129663944244,0.004217715933918953,0.003622631076723337,0.0005950848571956158,0,RNN,30,64,0.1,0.0005,32,"MinMaxScaler(-1,1)",20,150,val_loss,94,0.0036091567017138004,114
99,0.004104258492588997,0.0036463888827711344,0.0466601736843586,0.03930852934718132,0.004104258492588997,0.0036463888827711344,0.0004578696098178625,0,RNN,30,64,0.1,0.0005,32,"MinMaxScaler(-1,1)",20,150,val_loss,94,0.0036091567017138004,114
100,0.004285035654902458,0.003661341266706586,0.04773226007819176,0.03930975869297981,0.004285035654902458,0.003661341266706586,0.0006236943881958723,0,RNN,30,64,0.1,0.0005,32,"MinMaxScaler(-1,1)",20,150,val_loss,94,0.0036091567017138004,114
101,0.004186502657830715,0.0036834310740232468,0.046973519027233124,0.03939516842365265,0.004186502657830715,0.0036834310740232468,0.0005030715838074684,0,RNN,30,64,0.1,0.0005,32,"MinMaxScaler(-1,1)",20,150,val_loss,94,0.0036091567017138004,114
102,0.00427754782140255,0.0036484338343143463,0.047262705862522125,0.03932100906968117,0.00427754782140255,0.0036484338343143463,0.0006291139870882034,0,RNN,30,64,0.1,0.0005,32,"MinMaxScaler(-1,1)",20,150,val_loss,94,0.0036091567017138004,114
103,0.004221162758767605,0.0036139660514891148,0.0472710020840168,0.039283957332372665,0.004221162758767605,0.0036139660514891148,0.0006071967072784901,0,RNN,30,64,0.1,0.0005,32,"MinMaxScaler(-1,1)",20,150,val_loss,94,0.0036091567017138004,114
104,0.004203177988529205,0.003646649420261383,0.047312866896390915,0.039306093007326126,0.004203177988529205,0.003646649420261383,0.0005565285682678223,0,RNN,30,64,0.1,0.0005,32,"MinMaxScaler(-1,1)",20,150,val_loss,94,0.0036091567017138004,114
105,0.00412480253726244,0.0036385473795235157,0.04635976254940033,0.039272964000701904,0.00412480253726244,0.0036385473795235157,0.000486255157738924,0,RNN,30,64,0.1,0.0005,32,"MinMaxScaler(-1,1)",20,150,val_loss,94,0.0036091567017138004,114
106,0.004267087671905756,0.003645950462669134,0.04732971638441086,0.03927048668265343,0.004267087671905756,0.003645950462669134,0.0006211372092366219,0,RNN,30,64,0.1,0.0005,32,"MinMaxScaler(-1,1)",20,150,val_loss,94,0.0036091567017138004,114
107,0.004221791867166758,0.0036609091330319643,0.047127868980169296,0.03929858282208443,0.004221791867166758,0.0036609091330319643,0.0005608827341347933,0,RNN,30,64,0.1,0.0005,32,"MinMaxScaler(-1,1)",20,150,val_loss,94,0.0036091567017138004,114
108,0.004183285403996706,0.003666291944682598,0.04711168259382248,0.039302051067352295,0.004183285403996706,0.003666291944682598,0.0005169934593141079,0,RNN,30,64,0.1,0.0005,32,"MinMaxScaler(-1,1)",20,150,val_loss,94,0.0036091567017138004,114
109,0.004244182258844376,0.0036280490458011627,0.04722653329372406,0.03924807161092758,0.004244182258844376,0.0036280490458011627,0.0006161332130432129,0,RNN,30,64,0.1,0.0005,32,"MinMaxScaler(-1,1)",20,150,val_loss,94,0.0036091567017138004,114
110,0.0041585648432374,0.003645531600341201,0.04657035693526268,0.03926500305533409,0.0041585648432374,0.003645531600341201,0.0005130332428961992,0,RNN,30,64,0.1,0.0005,32,"MinMaxScaler(-1,1)",20,150,val_loss,94,0.0036091567017138004,114
111,0.004211352672427893,0.0036171330139040947,0.04726509004831314,0.039230868220329285,0.004211352672427893,0.0036171330139040947,0.000594219658523798,0,RNN,30,64,0.1,0.0005,32,"MinMaxScaler(-1,1)",20,150,val_loss,94,0.0036091567017138004,114
112,0.004323684144765139,0.003647667821496725,0.04780244454741478,0.03925619274377823,0.004323684144765139,0.003647667821496725,0.0006760163232684135,0,RNN,30,64,0.1,0.0005,32,"MinMaxScaler(-1,1)",20,150,val_loss,94,0.0036091567017138004,114
113,0.004275450482964516,0.0036304579116404057,0.04738098755478859,0.03921641781926155,0.004275450482964516,0.0036304579116404057,0.00064499257132411,0,RNN,30,64,0.1,0.0005,32,"MinMaxScaler(-1,1)",20,150,val_loss,94,0.0036091567017138004,114
114,0.004174773581326008,0.003642404219135642,0.04690760746598244,0.03922613710165024,0.004174773581326008,0.003642404219135642,0.0005323693621903658,0,RNN,30,64,0.1,0.0005,32,"MinMaxScaler(-1,1)",20,150,val_loss,94,0.0036091567017138004,114
1,0.050848305225372314,0.012024328112602234,0.16457046568393707,0.08283920586109161,0.050848305225372314,0.012024328112602234,0.03882397711277008,1,RNN,30,64,0.1,0.0005,32,"MinMaxScaler(-1,1)",20,150,val_loss,110,0.003681180300191045,130
2,0.01600906439125538,0.008144581690430641,0.09515804797410965,0.06894699484109879,0.01600906439125538,0.008144581690430641,0.007864482700824738,1,RNN,30,64,0.1,0.0005,32,"MinMaxScaler(-1,1)",20,150,val_loss,110,0.003681180300191045,130
3,0.012402535416185856,0.0074071213603019714,0.08359113335609436,0.06445430964231491,0.012402535416185856,0.0074071213603019714,0.004995414055883884,1,RNN,30,64,0.1,0.0005,32,"MinMaxScaler(-1,1)",20,150,val_loss,110,0.003681180300191045,130
4,0.011128864251077175,0.006680947262793779,0.07883048057556152,0.060592979192733765,0.011128864251077175,0.006680947262793779,0.004447916988283396,1,RNN,30,64,0.1,0.0005,32,"MinMaxScaler(-1,1)",20,150,val_loss,110,0.003681180300191045,130
5,0.00976620800793171,0.006252613849937916,0.07388828694820404,0.05932518094778061,0.00976620800793171,0.006252613849937916,0.0035135941579937935,1,RNN,30,64,0.1,0.0005,32,"MinMaxScaler(-1,1)",20,150,val_loss,110,0.003681180300191045,130
6,0.009311376139521599,0.0061086793430149555,0.07186565548181534,0.056751761585474014,0.009311376139521599,0.0061086793430149555,0.0032026967965066433,1,RNN,30,64,0.1,0.0005,32,"MinMaxScaler(-1,1)",20,150,val_loss,110,0.003681180300191045,130
7,0.008828974328935146,0.005857422016561031,0.06990864872932434,0.05611434206366539,0.008828974328935146,0.005857422016561031,0.002971552312374115,1,RNN,30,64,0.1,0.0005,32,"MinMaxScaler(-1,1)",20,150,val_loss,110,0.003681180300191045,130
8,0.008226851932704449,0.005743182729929686,0.06765242666006088,0.053583838045597076,0.008226851932704449,0.005743182729929686,0.002483669202774763,1,RNN,30,64,0.1,0.0005,32,"MinMaxScaler(-1,1)",20,150,val_loss,110,0.003681180300191045,130
9,0.007805307861417532,0.005612869746983051,0.06571667641401291,0.05363953858613968,0.007805307861417532,0.005612869746983051,0.0021924381144344807,1,RNN,30,64,0.1,0.0005,32,"MinMaxScaler(-1,1)",20,150,val_loss,110,0.003681180300191045,130
10,0.007649433799088001,0.005463584326207638,0.064796581864357,0.052374374121427536,0.007649433799088001,0.005463584326207638,0.0021858494728803635,1,RNN,30,64,0.1,0.0005,32,"MinMaxScaler(-1,1)",20,150,val_loss,110,0.003681180300191045,130
11,0.007434297353029251,0.005489757750183344,0.06363637000322342,0.051481615751981735,0.007434297353029251,0.005489757750183344,0.0019445396028459072,1,RNN,30,64,0.1,0.0005,32,"MinMaxScaler(-1,1)",20,150,val_loss,110,0.003681180300191045,130
12,0.00736504839733243,0.005310644395649433,0.06369371712207794,0.05091877654194832,0.00736504839733243,0.005310644395649433,0.0020544040016829967,1,RNN,30,64,0.1,0.0005,32,"MinMaxScaler(-1,1)",20,150,val_loss,110,0.003681180300191045,130
13,0.007114549167454243,0.0051393997855484486,0.06244530528783798,0.05078207701444626,0.007114549167454243,0.0051393997855484486,0.001975149381905794,1,RNN,30,64,0.1,0.0005,32,"MinMaxScaler(-1,1)",20,150,val_loss,110,0.003681180300191045,130
14,0.006908572744578123,0.00512855127453804,0.06147883087396622,0.04953060671687126,0.006908572744578123,0.00512855127453804,0.001780021470040083,1,RNN,30,64,0.1,0.0005,32,"MinMaxScaler(-1,1)",20,150,val_loss,110,0.003681180300191045,130
15,0.006673830561339855,0.005103182513266802,0.06002894043922424,0.04957650229334831,0.006673830561339855,0.005103182513266802,0.0015706480480730534,1,RNN,30,64,0.1,0.0005,32,"MinMaxScaler(-1,1)",20,150,val_loss,110,0.003681180300191045,130
16,0.0065810782834887505,0.0048929061740636826,0.059748291969299316,0.049148231744766235,0.0065810782834887505,0.0048929061740636826,0.001688172109425068,1,RNN,30,64,0.1,0.0005,32,"MinMaxScaler(-1,1)",20,150,val_loss,110,0.003681180300191045,130
17,0.006523103453218937,0.004994803108274937,0.059559211134910583,0.048415109515190125,0.006523103453218937,0.004994803108274937,0.0015283003449440002,1,RNN,30,64,0.1,0.0005,32,"MinMaxScaler(-1,1)",20,150,val_loss,110,0.003681180300191045,130
18,0.006340702064335346,0.004784136079251766,0.058312755078077316,0.04836469888687134,0.006340702064335346,0.004784136079251766,0.00155656598508358,1,RNN,30,64,0.1,0.0005,32,"MinMaxScaler(-1,1)",20,150,val_loss,110,0.003681180300191045,130
19,0.006247234996408224,0.004785114899277687,0.05790790915489197,0.047773540019989014,0.006247234996408224,0.004785114899277687,0.001462120097130537,1,RNN,30,64,0.1,0.0005,32,"MinMaxScaler(-1,1)",20,150,val_loss,110,0.003681180300191045,130
20,0.006193643901497126,0.004858936183154583,0.05752132833003998,0.047781698405742645,0.006193643901497126,0.004858936183154583,0.0013347077183425426,1,RNN,30,64,0.1,0.0005,32,"MinMaxScaler(-1,1)",20,150,val_loss,110,0.003681180300191045,130
21,0.006110267713665962,0.004786913748830557,0.05735604837536812,0.0474826954305172,0.006110267713665962,0.004786913748830557,0.0013233539648354053,1,RNN,30,64,0.1,0.0005,32,"MinMaxScaler(-1,1)",20,150,val_loss,110,0.003681180300191045,130
22,0.006159021984785795,0.004794100299477577,0.05737275257706642,0.04734174162149429,0.006159021984785795,0.004794100299477577,0.001364921685308218,1,RNN,30,64,0.1,0.0005,32,"MinMaxScaler(-1,1)",20,150,val_loss,110,0.003681180300191045,130
23,0.00599850807338953,0.004820635542273521,0.05641959607601166,0.04683416709303856,0.00599850807338953,0.004820635542273521,0.0011778725311160088,1,RNN,30,64,0.1,0.0005,32,"MinMaxScaler(-1,1)",20,150,val_loss,110,0.003681180300191045,130
24,0.005911864805966616,0.004603258334100246,0.05601358413696289,0.0463809072971344,0.005911864805966616,0.004603258334100246,0.0013086064718663692,1,RNN,30,64,0.1,0.0005,32,"MinMaxScaler(-1,1)",20,150,val_loss,110,0.003681180300191045,130
25,0.00576215423643589,0.004662926308810711,0.055503107607364655,0.04655281454324722,0.00576215423643589,0.004662926308810711,0.0010992279276251793,1,RNN,30,64,0.1,0.0005,32,"MinMaxScaler(-1,1)",20,150,val_loss,110,0.003681180300191045,130
26,0.005778699181973934,0.0046736146323382854,0.05536453425884247,0.04619753733277321,0.005778699181973934,0.0046736146323382854,0.0011050845496356487,1,RNN,30,64,0.1,0.0005,32,"MinMaxScaler(-1,1)",20,150,val_loss,110,0.003681180300191045,130
27,0.005773174110800028,0.004546039737761021,0.05552154406905174,0.04584090784192085,0.005773174110800028,0.004546039737761021,0.0012271343730390072,1,RNN,30,64,0.1,0.0005,32,"MinMaxScaler(-1,1)",20,150,val_loss,110,0.003681180300191045,130
28,0.0056847077794373035,0.004663571249693632,0.054652731865644455,0.045840874314308167,0.0056847077794373035,0.004663571249693632,0.0010211365297436714,1,RNN,30,64,0.1,0.0005,32,"MinMaxScaler(-1,1)",20,150,val_loss,110,0.003681180300191045,130
29,0.0056070564314723015,0.004675927106291056,0.05435900390148163,0.04590599238872528,0.0056070564314723015,0.004675927106291056,0.0009311293251812458,1,RNN,30,64,0.1,0.0005,32,"MinMaxScaler(-1,1)",20,150,val_loss,110,0.003681180300191045,130
30,0.0054880958050489426,0.00455398578196764,0.05403897911310196,0.04562363773584366,0.0054880958050489426,0.00455398578196764,0.0009341100230813026,1,RNN,30,64,0.1,0.0005,32,"MinMaxScaler(-1,1)",20,150,val_loss,110,0.003681180300191045,130
31,0.005519581027328968,0.004383348394185305,0.05402717739343643,0.04520183429121971,0.005519581027328968,0.004383348394185305,0.0011362326331436634,1,RNN,30,64,0.1,0.0005,32,"MinMaxScaler(-1,1)",20,150,val_loss,110,0.003681180300191045,130
32,0.005425996612757444,0.004428146407008171,0.05364202335476875,0.0451766774058342,0.005425996612757444,0.004428146407008171,0.0009978502057492733,1,RNN,30,64,0.1,0.0005,32,"MinMaxScaler(-1,1)",20,150,val_loss,110,0.003681180300191045,130
33,0.0056064547970891,0.004366149194538593,0.054464180022478104,0.04514668136835098,0.0056064547970891,0.004366149194538593,0.0012403056025505066,1,RNN,30,64,0.1,0.0005,32,"MinMaxScaler(-1,1)",20,150,val_loss,110,0.003681180300191045,130
34,0.005386048927903175,0.0043877908028662205,0.053234875202178955,0.04476397484540939,0.005386048927903175,0.0043877908028662205,0.0009982581250369549,1,RNN,30,64,0.1,0.0005,32,"MinMaxScaler(-1,1)",20,150,val_loss,110,0.003681180300191045,130
35,0.005206582602113485,0.004358143545687199,0.05222171172499657,0.04434148222208023,0.005206582602113485,0.004358143545687199,0.0008484390564262867,1,RNN,30,64,0.1,0.0005,32,"MinMaxScaler(-1,1)",20,150,val_loss,110,0.003681180300191045,130
36,0.005332397297024727,0.004486005753278732,0.05321205407381058,0.04492293298244476,0.005332397297024727,0.004486005753278732,0.0008463915437459946,1,RNN,30,64,0.1,0.0005,32,"MinMaxScaler(-1,1)",20,150,val_loss,110,0.003681180300191045,130
37,0.005287122447043657,0.004306407179683447,0.05273086205124855,0.04398472607135773,0.005287122447043657,0.004306407179683447,0.0009807152673602104,1,RNN,30,64,0.1,0.0005,32,"MinMaxScaler(-1,1)",20,150,val_loss,110,0.003681180300191045,130
38,0.005160038825124502,0.004352513235062361,0.051906660199165344,0.044101979583501816,0.005160038825124502,0.004352513235062361,0.0008075255900621414,1,RNN,30,64,0.1,0.0005,32,"MinMaxScaler(-1,1)",20,150,val_loss,110,0.003681180300191045,130
39,0.005324751604348421,0.004182673990726471,0.05264478176832199,0.04455110430717468,0.005324751604348421,0.004182673990726471,0.0011420776136219501,1,RNN,30,64,0.1,0.0005,32,"MinMaxScaler(-1,1)",20,150,val_loss,110,0.003681180300191045,130
40,0.004936534911394119,0.004338680300861597,0.05088765174150467,0.04412980377674103,0.004936534911394119,0.004338680300861597,0.0005978546105325222,1,RNN,30,64,0.1,0.0005,32,"MinMaxScaler(-1,1)",20,150,val_loss,110,0.003681180300191045,130
41,0.005022143945097923,0.004212650004774332,0.051831621676683426,0.04360039532184601,0.005022143945097923,0.004212650004774332,0.0008094939403235912,1,RNN,30,64,0.1,0.0005,32,"MinMaxScaler(-1,1)",20,150,val_loss,110,0.003681180300191045,130
42,0.004989709239453077,0.004288115072995424,0.051145754754543304,0.043828628957271576,0.004989709239453077,0.004288115072995424,0.000701594166457653,1,RNN,30,64,0.1,0.0005,32,"MinMaxScaler(-1,1)",20,150,val_loss,110,0.003681180300191045,130
43,0.004989188630133867,0.004225823562592268,0.05080724135041237,0.04378663748502731,0.004989188630133867,0.004225823562592268,0.0007633650675415993,1,RNN,30,64,0.1,0.0005,32,"MinMaxScaler(-1,1)",20,150,val_loss,110,0.003681180300191045,130
44,0.005049323663115501,0.004174654837697744,0.05156297981739044,0.04330045357346535,0.005049323663115501,0.004174654837697744,0.000874668825417757,1,RNN,30,64,0.1,0.0005,32,"MinMaxScaler(-1,1)",20,150,val_loss,110,0.003681180300191045,130
45,0.005010897759348154,0.0043260930106043816,0.05109823867678642,0.043709129095077515,0.005010897759348154,0.0043260930106043816,0.0006848047487437725,1,RNN,30,64,0.1,0.0005,32,"MinMaxScaler(-1,1)",20,150,val_loss,110,0.003681180300191045,130
46,0.004745044279843569,0.00400307634845376,0.05013556405901909,0.04340897873044014,0.004745044279843569,0.00400307634845376,0.0007419679313898087,1,RNN,30,64,0.1,0.0005,32,"MinMaxScaler(-1,1)",20,150,val_loss,110,0.003681180300191045,130
47,0.004683676641434431,0.004025556147098541,0.0497821681201458,0.04265135899186134,0.004683676641434431,0.004025556147098541,0.0006581204943358898,1,RNN,30,64,0.1,0.0005,32,"MinMaxScaler(-1,1)",20,150,val_loss,110,0.003681180300191045,130
48,0.004837728105485439,0.004112991038709879,0.05053119361400604,0.04312221333384514,0.004837728105485439,0.004112991038709879,0.0007247370667755604,1,RNN,30,64,0.1,0.0005,32,"MinMaxScaler(-1,1)",20,150,val_loss,110,0.003681180300191045,130
49,0.004805543459951878,0.0041219680570065975,0.05041408911347389,0.042742613703012466,0.004805543459951878,0.0041219680570065975,0.0006835754029452801,1,RNN,30,64,0.1,0.0005,32,"MinMaxScaler(-1,1)",20,150,val_loss,110,0.003681180300191045,130
50,0.004900235217064619,0.004058805759996176,0.05091691017150879,0.04226778447628021,0.004900235217064619,0.004058805759996176,0.0008414294570684433,1,RNN,30,64,0.1,0.0005,32,"MinMaxScaler(-1,1)",20,150,val_loss,110,0.003681180300191045,130
51,0.004773943684995174,0.003999229986220598,0.04999038577079773,0.04284857213497162,0.004773943684995174,0.003999229986220598,0.0007747136987745762,1,RNN,30,64,0.1,0.0005,32,"MinMaxScaler(-1,1)",20,150,val_loss,110,0.003681180300191045,130
52,0.004819284658879042,0.004244564566761255,0.05009092390537262,0.043019961565732956,0.004819284658879042,0.004244564566761255,0.0005747200921177864,1,RNN,30,64,0.1,0.0005,32,"MinMaxScaler(-1,1)",20,150,val_loss,110,0.003681180300191045,130
53,0.004558951128274202,0.004061244428157806,0.04902324452996254,0.04242584481835365,0.004558951128274202,0.004061244428157806,0.000497706700116396,1,RNN,30,64,0.1,0.0005,32,"MinMaxScaler(-1,1)",20,150,val_loss,110,0.003681180300191045,130
54,0.004695805720984936,0.00394694646820426,0.0494544692337513,0.04198804497718811,0.004695805720984936,0.00394694646820426,0.0007488592527806759,1,RNN,30,64,0.1,0.0005,32,"MinMaxScaler(-1,1)",20,150,val_loss,110,0.003681180300191045,130
55,0.004627155605703592,0.004086530301719904,0.04894805699586868,0.04261341691017151,0.004627155605703592,0.004086530301719904,0.0005406253039836884,1,RNN,30,64,0.1,0.0005,32,"MinMaxScaler(-1,1)",20,150,val_loss,110,0.003681180300191045,130
56,0.0046577369794249535,0.003938963636755943,0.04957018792629242,0.042123906314373016,0.0046577369794249535,0.003938963636755943,0.0007187733426690102,1,RNN,30,64,0.1,0.0005,32,"MinMaxScaler(-1,1)",20,150,val_loss,110,0.003681180300191045,130
57,0.004606019705533981,0.004092432092875242,0.049086324870586395,0.042136888951063156,0.004606019705533981,0.004092432092875242,0.0005135876126587391,1,RNN,30,64,0.1,0.0005,32,"MinMaxScaler(-1,1)",20,150,val_loss,110,0.003681180300191045,130
58,0.004489998333156109,0.0041922712698578835,0.04851697385311127,0.042335234582424164,0.004489998333156109,0.0041922712698578835,0.0002977270632982254,1,RNN,30,64,0.1,0.0005,32,"MinMaxScaler(-1,1)",20,150,val_loss,110,0.003681180300191045,130
59,0.004654853604733944,0.004035093355923891,0.04920468106865883,0.041623204946517944,0.004654853604733944,0.004035093355923891,0.0006197602488100529,1,RNN,30,64,0.1,0.0005,32,"MinMaxScaler(-1,1)",20,150,val_loss,110,0.003681180300191045,130
60,0.004481857642531395,0.004026427399367094,0.04851224273443222,0.04150858148932457,0.004481857642531395,0.004026427399367094,0.0004554302431643009,1,RNN,30,64,0.1,0.0005,32,"MinMaxScaler(-1,1)",20,150,val_loss,110,0.003681180300191045,130
61,0.0045252833515405655,0.004290413111448288,0.04810676723718643,0.04322424530982971,0.0045252833515405655,0.004290413111448288,0.00023487024009227753,1,RNN,30,64,0.1,0.0005,32,"MinMaxScaler(-1,1)",20,150,val_loss,110,0.003681180300191045,130
62,0.0044484385289251804,0.004101988859474659,0.04811130091547966,0.041972093284130096,0.0044484385289251804,0.004101988859474659,0.00034644966945052147,1,RNN,30,64,0.1,0.0005,32,"MinMaxScaler(-1,1)",20,150,val_loss,110,0.003681180300191045,130
63,0.004333628807216883,0.0040598176419734955,0.04746317118406296,0.0417931042611599,0.004333628807216883,0.0040598176419734955,0.0002738111652433872,1,RNN,30,64,0.1,0.0005,32,"MinMaxScaler(-1,1)",20,150,val_loss,110,0.003681180300191045,130
64,0.004457412287592888,0.004090308677405119,0.04807372763752937,0.041849467903375626,0.004457412287592888,0.004090308677405119,0.00036710361018776894,1,RNN,30,64,0.1,0.0005,32,"MinMaxScaler(-1,1)",20,150,val_loss,110,0.003681180300191045,130
65,0.004358689766377211,0.004103605169802904,0.04751541465520859,0.04190489649772644,0.004358689766377211,0.004103605169802904,0.0002550845965743065,1,RNN,30,64,0.1,0.0005,32,"MinMaxScaler(-1,1)",20,150,val_loss,110,0.003681180300191045,130
66,0.0044252085499465466,0.00405069999396801,0.04796997830271721,0.04150571674108505,0.0044252085499465466,0.00405069999396801,0.0003745085559785366,1,RNN,30,64,0.1,0.0005,32,"MinMaxScaler(-1,1)",20,150,val_loss,110,0.003681180300191045,130
67,0.004438699688762426,0.0039061468560248613,0.0480814166367054,0.041013769805431366,0.004438699688762426,0.0039061468560248613,0.000532552832737565,1,RNN,30,64,0.1,0.0005,32,"MinMaxScaler(-1,1)",20,150,val_loss,110,0.003681180300191045,130
68,0.004339450970292091,0.004011225886642933,0.04742477834224701,0.041282858699560165,0.004339450970292091,0.004011225886642933,0.0003282250836491585,1,RNN,30,64,0.1,0.0005,32,"MinMaxScaler(-1,1)",20,150,val_loss,110,0.003681180300191045,130
69,0.004280589520931244,0.0039030101615935564,0.04699701443314552,0.040884699672460556,0.004280589520931244,0.0039030101615935564,0.0003775793593376875,1,RNN,30,64,0.1,0.0005,32,"MinMaxScaler(-1,1)",20,150,val_loss,110,0.003681180300191045,130
70,0.004363025538623333,0.0038486062549054623,0.04748216271400452,0.04073478654026985,0.004363025538623333,0.0038486062549054623,0.0005144192837178707,1,RNN,30,64,0.1,0.0005,32,"MinMaxScaler(-1,1)",20,150,val_loss,110,0.003681180300191045,130
71,0.00436568446457386,0.003978376276791096,0.047586966305971146,0.04126788303256035,0.00436568446457386,0.003978376276791096,0.00038730818778276443,1,RNN,30,64,0.1,0.0005,32,"MinMaxScaler(-1,1)",20,150,val_loss,110,0.003681180300191045,130
72,0.00433302903547883,0.0038257779087871313,0.04739672318100929,0.040701691061258316,0.00433302903547883,0.0038257779087871313,0.000507251126691699,1,RNN,30,64,0.1,0.0005,32,"MinMaxScaler(-1,1)",20,150,val_loss,110,0.003681180300191045,130
73,0.004381041973829269,0.0038195622619241476,0.047791220247745514,0.04064778611063957,0.004381041973829269,0.0038195622619241476,0.0005614797119051218,1,RNN,30,64,0.1,0.0005,32,"MinMaxScaler(-1,1)",20,150,val_loss,110,0.003681180300191045,130
74,0.004135207273066044,0.0038477862253785133,0.04638345539569855,0.04064977541565895,0.004135207273066044,0.0038477862253785133,0.0002874210476875305,1,RNN,30,64,0.1,0.0005,32,"MinMaxScaler(-1,1)",20,150,val_loss,110,0.003681180300191045,130
75,0.0043074809946119785,0.003906579688191414,0.04710856452584267,0.04079988971352577,0.0043074809946119785,0.003906579688191414,0.00040090130642056465,1,RNN,30,64,0.1,0.0005,32,"MinMaxScaler(-1,1)",20,150,val_loss,110,0.003681180300191045,130
76,0.004179256036877632,0.0038890400901436806,0.04656444862484932,0.04077665135264397,0.004179256036877632,0.0038890400901436806,0.00029021594673395157,1,RNN,30,64,0.1,0.0005,32,"MinMaxScaler(-1,1)",20,150,val_loss,110,0.003681180300191045,130
77,0.004314559046179056,0.0038162183482199907,0.04742099344730377,0.040472835302352905,0.004314559046179056,0.0038162183482199907,0.0004983406979590654,1,RNN,30,64,0.1,0.0005,32,"MinMaxScaler(-1,1)",20,150,val_loss,110,0.003681180300191045,130
78,0.00430736318230629,0.003831611480563879,0.04702277481555939,0.04045465961098671,0.00430736318230629,0.003831611480563879,0.00047575170174241066,1,RNN,30,64,0.1,0.0005,32,"MinMaxScaler(-1,1)",20,150,val_loss,110,0.003681180300191045,130
79,0.004237427841871977,0.003814144991338253,0.04666566476225853,0.04042646288871765,0.004237427841871977,0.003814144991338253,0.00042328285053372383,1,RNN,30,64,0.1,0.0005,32,"MinMaxScaler(-1,1)",20,150,val_loss,110,0.003681180300191045,130
80,0.004309436772018671,0.0037353048101067543,0.04719565063714981,0.04026468098163605,0.004309436772018671,0.0037353048101067543,0.0005741319619119167,1,RNN,30,64,0.1,0.0005,32,"MinMaxScaler(-1,1)",20,150,val_loss,110,0.003681180300191045,130
81,0.004330917727202177,0.003772868774831295,0.04705357179045677,0.040356334298849106,0.004330917727202177,0.003772868774831295,0.000558048952370882,1,RNN,30,64,0.1,0.0005,32,"MinMaxScaler(-1,1)",20,150,val_loss,110,0.003681180300191045,130
82,0.004348323214799166,0.003799212398007512,0.04727378115057945,0.04036432504653931,0.004348323214799166,0.003799212398007512,0.0005491108167916536,1,RNN,30,64,0.1,0.0005,32,"MinMaxScaler(-1,1)",20,150,val_loss,110,0.003681180300191045,130
83,0.004148989915847778,0.003750765463337302,0.04636024311184883,0.040202606469392776,0.004148989915847778,0.003750765463337302,0.0003982244525104761,1,RNN,30,64,0.1,0.0005,32,"MinMaxScaler(-1,1)",20,150,val_loss,110,0.003681180300191045,130
84,0.004157711751759052,0.0037349106278270483,0.04678358882665634,0.04019539803266525,0.004157711751759052,0.0037349106278270483,0.000422801123932004,1,RNN,30,64,0.1,0.0005,32,"MinMaxScaler(-1,1)",20,150,val_loss,110,0.003681180300191045,130
85,0.00414761109277606,0.0037286572623997927,0.046195365488529205,0.04027422145009041,0.00414761109277606,0.0037286572623997927,0.00041895383037626743,1,RNN,30,64,0.1,0.0005,32,"MinMaxScaler(-1,1)",20,150,val_loss,110,0.003681180300191045,130
86,0.004126197658479214,0.003727665403857827,0.046384572982788086,0.04011989384889603,0.004126197658479214,0.003727665403857827,0.00039853225462138653,1,RNN,30,64,0.1,0.0005,32,"MinMaxScaler(-1,1)",20,150,val_loss,110,0.003681180300191045,130
87,0.0042164926417171955,0.0037224912084639072,0.04678837209939957,0.0402405671775341,0.0042164926417171955,0.0037224912084639072,0.0004940014332532883,1,RNN,30,64,0.1,0.0005,32,"MinMaxScaler(-1,1)",20,150,val_loss,110,0.003681180300191045,130
88,0.00421797065064311,0.0037093055434525013,0.0464465394616127,0.04023021087050438,0.00421797065064311,0.0037093055434525013,0.000508665107190609,1,RNN,30,64,0.1,0.0005,32,"MinMaxScaler(-1,1)",20,150,val_loss,110,0.003681180300191045,130
89,0.004249501042068005,0.003752852324396372,0.046847131103277206,0.04013494402170181,0.004249501042068005,0.003752852324396372,0.0004966487176716328,1,RNN,30,64,0.1,0.0005,32,"MinMaxScaler(-1,1)",20,150,val_loss,110,0.003681180300191045,130
90,0.004253953229635954,0.003726733149960637,0.04706176370382309,0.04009760543704033,0.004253953229635954,0.003726733149960637,0.0005272200796753168,1,RNN,30,64,0.1,0.0005,32,"MinMaxScaler(-1,1)",20,150,val_loss,110,0.003681180300191045,130
91,0.004216379020363092,0.0037155388854444027,0.0465991273522377,0.04002879559993744,0.004216379020363092,0.0037155388854444027,0.0005008401349186897,1,RNN,30,64,0.1,0.0005,32,"MinMaxScaler(-1,1)",20,150,val_loss,110,0.003681180300191045,130
92,0.004200500436127186,0.0037222630344331264,0.04621702432632446,0.0400119386613369,0.004200500436127186,0.0037222630344331264,0.00047823740169405937,1,RNN,30,64,0.1,0.0005,32,"MinMaxScaler(-1,1)",20,150,val_loss,110,0.003681180300191045,130
93,0.004144780337810516,0.0037062098272144794,0.046513915061950684,0.03997783735394478,0.004144780337810516,0.0037062098272144794,0.0004385705105960369,1,RNN,30,64,0.1,0.0005,32,"MinMaxScaler(-1,1)",20,150,val_loss,110,0.003681180300191045,130
94,0.004143137019127607,0.003695873776450753,0.046048425137996674,0.03998193517327309,0.004143137019127607,0.003695873776450753,0.00044726324267685413,1,RNN,30,64,0.1,0.0005,32,"MinMaxScaler(-1,1)",20,150,val_loss,110,0.003681180300191045,130
95,0.004196576774120331,0.0037494362331926823,0.04661573842167854,0.04012628272175789,0.004196576774120331,0.0037494362331926823,0.00044714054092764854,1,RNN,30,64,0.1,0.0005,32,"MinMaxScaler(-1,1)",20,150,val_loss,110,0.003681180300191045,130
96,0.004231634549796581,0.0036826073192059994,0.04682428017258644,0.03999133035540581,0.004231634549796581,0.0036826073192059994,0.0005490272305905819,1,RNN,30,64,0.1,0.0005,32,"MinMaxScaler(-1,1)",20,150,val_loss,110,0.003681180300191045,130
97,0.00418387446552515,0.0037362927105277777,0.04677499085664749,0.040085602551698685,0.00418387446552515,0.0037362927105277777,0.00044758175499737263,1,RNN,30,64,0.1,0.0005,32,"MinMaxScaler(-1,1)",20,150,val_loss,110,0.003681180300191045,130
98,0.004187776241451502,0.0037312174681574106,0.04625959321856499,0.04007389768958092,0.004187776241451502,0.0037312174681574106,0.0004565587732940912,1,RNN,30,64,0.1,0.0005,32,"MinMaxScaler(-1,1)",20,150,val_loss,110,0.003681180300191045,130
99,0.004344265442341566,0.0036838517989963293,0.047462619841098785,0.04003823176026344,0.004344265442341566,0.0036838517989963293,0.0006604136433452368,1,RNN,30,64,0.1,0.0005,32,"MinMaxScaler(-1,1)",20,150,val_loss,110,0.003681180300191045,130
100,0.004298384767025709,0.0037374168168753386,0.047019146382808685,0.040045250207185745,0.004298384767025709,0.0037374168168753386,0.0005609679501503706,1,RNN,30,64,0.1,0.0005,32,"MinMaxScaler(-1,1)",20,150,val_loss,110,0.003681180300191045,130
101,0.004109527915716171,0.0037032118998467922,0.045928407460451126,0.039935383945703506,0.004109527915716171,0.0037032118998467922,0.00040631601586937904,1,RNN,30,64,0.1,0.0005,32,"MinMaxScaler(-1,1)",20,150,val_loss,110,0.003681180300191045,130
102,0.0041239019483327866,0.003683017799630761,0.046325650066137314,0.03991139307618141,0.0041239019483327866,0.003683017799630761,0.0004408841487020254,1,RNN,30,64,0.1,0.0005,32,"MinMaxScaler(-1,1)",20,150,val_loss,110,0.003681180300191045,130
103,0.004215717781335115,0.00371043779887259,0.0466051883995533,0.039961181581020355,0.004215717781335115,0.00371043779887259,0.0005052799824625254,1,RNN,30,64,0.1,0.0005,32,"MinMaxScaler(-1,1)",20,150,val_loss,110,0.003681180300191045,130
104,0.004113772418349981,0.003686007345095277,0.0459541417658329,0.03991739824414253,0.004113772418349981,0.003686007345095277,0.0004277650732547045,1,RNN,30,64,0.1,0.0005,32,"MinMaxScaler(-1,1)",20,150,val_loss,110,0.003681180300191045,130
105,0.004170662723481655,0.0037016442511230707,0.04642109200358391,0.03994939103722572,0.004170662723481655,0.0037016442511230707,0.0004690184723585844,1,RNN,30,64,0.1,0.0005,32,"MinMaxScaler(-1,1)",20,150,val_loss,110,0.003681180300191045,130
106,0.004197293892502785,0.0036975641269236803,0.0470234639942646,0.03995389863848686,0.004197293892502785,0.0036975641269236803,0.0004997297655791044,1,RNN,30,64,0.1,0.0005,32,"MinMaxScaler(-1,1)",20,150,val_loss,110,0.003681180300191045,130
107,0.004135146737098694,0.003700356697663665,0.045832764357328415,0.03996317461133003,0.004135146737098694,0.003700356697663665,0.00043479003943502903,1,RNN,30,64,0.1,0.0005,32,"MinMaxScaler(-1,1)",20,150,val_loss,110,0.003681180300191045,130
108,0.00420251814648509,0.003687045071274042,0.04661800339818001,0.039974719285964966,0.00420251814648509,0.003687045071274042,0.0005154730752110481,1,RNN,30,64,0.1,0.0005,32,"MinMaxScaler(-1,1)",20,150,val_loss,110,0.003681180300191045,130
109,0.004196812864392996,0.003687829477712512,0.04668286442756653,0.039980482310056686,0.004196812864392996,0.003687829477712512,0.0005089833866804838,1,RNN,30,64,0.1,0.0005,32,"MinMaxScaler(-1,1)",20,150,val_loss,110,0.003681180300191045,130
110,0.004141690209507942,0.003681180300191045,0.046228595077991486,0.03995252028107643,0.004141690209507942,0.003681180300191045,0.0004605099093168974,1,RNN,30,64,0.1,0.0005,32,"MinMaxScaler(-1,1)",20,150,val_loss,110,0.003681180300191045,130
111,0.004085729364305735,0.003685958916321397,0.04609615355730057,0.039926912635564804,0.004085729364305735,0.003685958916321397,0.0003997704479843378,1,RNN,30,64,0.1,0.0005,32,"MinMaxScaler(-1,1)",20,150,val_loss,110,0.003681180300191045,130
112,0.004109084140509367,0.003702978603541851,0.046015962958335876,0.039963141083717346,0.004109084140509367,0.003702978603541851,0.00040610553696751595,1,RNN,30,64,0.1,0.0005,32,"MinMaxScaler(-1,1)",20,150,val_loss,110,0.003681180300191045,130
113,0.004170117899775505,0.0037177600897848606,0.046740829944610596,0.03997870907187462,0.004170117899775505,0.0037177600897848606,0.00045235780999064445,1,RNN,30,64,0.1,0.0005,32,"MinMaxScaler(-1,1)",20,150,val_loss,110,0.003681180300191045,130
114,0.00420419592410326,0.003717768704518676,0.04668472707271576,0.03995567187666893,0.00420419592410326,0.003717768704518676,0.00048642721958458424,1,RNN,30,64,0.1,0.0005,32,"MinMaxScaler(-1,1)",20,150,val_loss,110,0.003681180300191045,130
115,0.004185883328318596,0.0037206504493951797,0.046604789793491364,0.039960119873285294,0.004185883328318596,0.0037206504493951797,0.00046523287892341614,1,RNN,30,64,0.1,0.0005,32,"MinMaxScaler(-1,1)",20,150,val_loss,110,0.003681180300191045,130
116,0.004128440283238888,0.003698129439726472,0.04594994708895683,0.03991090878844261,0.004128440283238888,0.003698129439726472,0.0004303108435124159,1,RNN,30,64,0.1,0.0005,32,"MinMaxScaler(-1,1)",20,150,val_loss,110,0.003681180300191045,130
117,0.00408863415941596,0.003684708382934332,0.0459388829767704,0.03988486900925636,0.00408863415941596,0.003684708382934332,0.0004039257764816284,1,RNN,30,64,0.1,0.0005,32,"MinMaxScaler(-1,1)",20,150,val_loss,110,0.003681180300191045,130
118,0.0040939562022686005,0.0037023648619651794,0.04598189517855644,0.03991572558879852,0.0040939562022686005,0.0037023648619651794,0.000391591340303421,1,RNN,30,64,0.1,0.0005,32,"MinMaxScaler(-1,1)",20,150,val_loss,110,0.003681180300191045,130
119,0.004129958339035511,0.00369393453001976,0.04646759852766991,0.03989360108971596,0.004129958339035511,0.00369393453001976,0.0004360238090157509,1,RNN,30,64,0.1,0.0005,32,"MinMaxScaler(-1,1)",20,150,val_loss,110,0.003681180300191045,130
120,0.00419438723474741,0.003690010868012905,0.04691017046570778,0.03988176956772804,0.00419438723474741,0.003690010868012905,0.0005043763667345047,1,RNN,30,64,0.1,0.0005,32,"MinMaxScaler(-1,1)",20,150,val_loss,110,0.003681180300191045,130
121,0.00408827094361186,0.0036923286970704794,0.04585875943303108,0.03988874331116676,0.00408827094361186,0.0036923286970704794,0.0003959422465413809,1,RNN,30,64,0.1,0.0005,32,"MinMaxScaler(-1,1)",20,150,val_loss,110,0.003681180300191045,130
122,0.004129026550799608,0.0036950919311493635,0.04614497721195221,0.03989027813076973,0.004129026550799608,0.0036950919311493635,0.0004339346196502447,1,RNN,30,64,0.1,0.0005,32,"MinMaxScaler(-1,1)",20,150,val_loss,110,0.003681180300191045,130
123,0.004076759330928326,0.00370337744243443,0.04573164880275726,0.03991089016199112,0.004076759330928326,0.00370337744243443,0.00037338188849389553,1,RNN,30,64,0.1,0.0005,32,"MinMaxScaler(-1,1)",20,150,val_loss,110,0.003681180300191045,130
124,0.004163622856140137,0.0036988419014960527,0.04647298902273178,0.039905235171318054,0.004163622856140137,0.0036988419014960527,0.000464780954644084,1,RNN,30,64,0.1,0.0005,32,"MinMaxScaler(-1,1)",20,150,val_loss,110,0.003681180300191045,130
125,0.004132256843149662,0.003701481968164444,0.04633979871869087,0.039901088923215866,0.004132256843149662,0.003701481968164444,0.00043077487498521805,1,RNN,30,64,0.1,0.0005,32,"MinMaxScaler(-1,1)",20,150,val_loss,110,0.003681180300191045,130
126,0.004022449720650911,0.003696264699101448,0.04601167514920235,0.03988414630293846,0.004022449720650911,0.003696264699101448,0.00032618502154946327,1,RNN,30,64,0.1,0.0005,32,"MinMaxScaler(-1,1)",20,150,val_loss,110,0.003681180300191045,130
127,0.004122579004615545,0.0036934528034180403,0.04608617722988129,0.039884746074676514,0.004122579004615545,0.0036934528034180403,0.000429126201197505,1,RNN,30,64,0.1,0.0005,32,"MinMaxScaler(-1,1)",20,150,val_loss,110,0.003681180300191045,130
128,0.004067303147166967,0.0036966525949537754,0.04605269804596901,0.03988577425479889,0.004067303147166967,0.0036966525949537754,0.000370650552213192,1,RNN,30,64,0.1,0.0005,32,"MinMaxScaler(-1,1)",20,150,val_loss,110,0.003681180300191045,130
129,0.004074962809681892,0.0036980225704610348,0.045864250510931015,0.03988829627633095,0.004074962809681892,0.0036980225704610348,0.0003769402392208576,1,RNN,30,64,0.1,0.0005,32,"MinMaxScaler(-1,1)",20,150,val_loss,110,0.003681180300191045,130
130,0.00413450738415122,0.003698758315294981,0.04590517282485962,0.0398840494453907,0.00413450738415122,0.003698758315294981,0.0004357490688562393,1,RNN,30,64,0.1,0.0005,32,"MinMaxScaler(-1,1)",20,150,val_loss,110,0.003681180300191045,130
1,0.10231243818998337,0.025983287021517754,0.23955845832824707,0.12525500357151031,0.10231243818998337,0.025983287021517754,0.07632915116846561,2,RNN,30,64,0.1,0.0005,32,"MinMaxScaler(-1,1)",20,150,val_loss,87,0.004362967796623707,107
2,0.0247445460408926,0.011981703341007233,0.12016132473945618,0.08491992950439453,0.0247445460408926,0.011981703341007233,0.012762842699885368,2,RNN,30,64,0.1,0.0005,32,"MinMaxScaler(-1,1)",20,150,val_loss,87,0.004362967796623707,107
3,0.016466954723000526,0.00980326533317566,0.09782800078392029,0.07684016227722168,0.016466954723000526,0.00980326533317566,0.006663689389824867,2,RNN,30,64,0.1,0.0005,32,"MinMaxScaler(-1,1)",20,150,val_loss,87,0.004362967796623707,107
4,0.013683089055120945,0.008752424269914627,0.08874201774597168,0.07181160151958466,0.013683089055120945,0.008752424269914627,0.004930664785206318,2,RNN,30,64,0.1,0.0005,32,"MinMaxScaler(-1,1)",20,150,val_loss,87,0.004362967796623707,107
5,0.01244400255382061,0.008145914413034916,0.08485947549343109,0.06846414506435394,0.01244400255382061,0.008145914413034916,0.004298088140785694,2,RNN,30,64,0.1,0.0005,32,"MinMaxScaler(-1,1)",20,150,val_loss,87,0.004362967796623707,107
6,0.01156175322830677,0.007649253122508526,0.08155357837677002,0.06605306267738342,0.01156175322830677,0.007649253122508526,0.0039125001057982445,2,RNN,30,64,0.1,0.0005,32,"MinMaxScaler(-1,1)",20,150,val_loss,87,0.004362967796623707,107
7,0.011291956529021263,0.007392531726509333,0.08004247397184372,0.06312207877635956,0.011291956529021263,0.007392531726509333,0.0038994248025119305,2,RNN,30,64,0.1,0.0005,32,"MinMaxScaler(-1,1)",20,150,val_loss,87,0.004362967796623707,107
8,0.010156570002436638,0.007128454279154539,0.07628507912158966,0.06166156753897667,0.010156570002436638,0.007128454279154539,0.0030281157232820988,2,RNN,30,64,0.1,0.0005,32,"MinMaxScaler(-1,1)",20,150,val_loss,87,0.004362967796623707,107
9,0.00919663067907095,0.0067877862602472305,0.0733296275138855,0.06104573607444763,0.00919663067907095,0.0067877862602472305,0.002408844418823719,2,RNN,30,64,0.1,0.0005,32,"MinMaxScaler(-1,1)",20,150,val_loss,87,0.004362967796623707,107
10,0.008977712132036686,0.006708008237183094,0.0717276930809021,0.058951228857040405,0.008977712132036686,0.006708008237183094,0.002269703894853592,2,RNN,30,64,0.1,0.0005,32,"MinMaxScaler(-1,1)",20,150,val_loss,87,0.004362967796623707,107
11,0.008779067546129227,0.00642660865560174,0.07098674774169922,0.05768032744526863,0.008779067546129227,0.00642660865560174,0.002352458890527487,2,RNN,30,64,0.1,0.0005,32,"MinMaxScaler(-1,1)",20,150,val_loss,87,0.004362967796623707,107
12,0.008387013338506222,0.006410462781786919,0.06874945759773254,0.05696725845336914,0.008387013338506222,0.006410462781786919,0.001976550556719303,2,RNN,30,64,0.1,0.0005,32,"MinMaxScaler(-1,1)",20,150,val_loss,87,0.004362967796623707,107
13,0.008089489303529263,0.006323350593447685,0.06791619956493378,0.05640160292387009,0.008089489303529263,0.006323350593447685,0.0017661387100815773,2,RNN,30,64,0.1,0.0005,32,"MinMaxScaler(-1,1)",20,150,val_loss,87,0.004362967796623707,107
14,0.008070391602814198,0.0060967979952692986,0.06748507916927338,0.05542437359690666,0.008070391602814198,0.0060967979952692986,0.001973593607544899,2,RNN,30,64,0.1,0.0005,32,"MinMaxScaler(-1,1)",20,150,val_loss,87,0.004362967796623707,107
15,0.007910816930234432,0.006328343413770199,0.06713805347681046,0.055266764014959335,0.007910816930234432,0.006328343413770199,0.0015824735164642334,2,RNN,30,64,0.1,0.0005,32,"MinMaxScaler(-1,1)",20,150,val_loss,87,0.004362967796623707,107
16,0.007427511736750603,0.00601300410926342,0.06424758583307266,0.05402654409408569,0.007427511736750603,0.00601300410926342,0.0014145076274871826,2,RNN,30,64,0.1,0.0005,32,"MinMaxScaler(-1,1)",20,150,val_loss,87,0.004362967796623707,107
17,0.00745298620313406,0.005855511408299208,0.06428025662899017,0.05312700197100639,0.00745298620313406,0.005855511408299208,0.0015974747948348522,2,RNN,30,64,0.1,0.0005,32,"MinMaxScaler(-1,1)",20,150,val_loss,87,0.004362967796623707,107
18,0.007305188570171595,0.00575083214789629,0.06404950469732285,0.053004615008831024,0.007305188570171595,0.00575083214789629,0.0015543564222753048,2,RNN,30,64,0.1,0.0005,32,"MinMaxScaler(-1,1)",20,150,val_loss,87,0.004362967796623707,107
19,0.007292519323527813,0.005907666869461536,0.0637783333659172,0.05290601775050163,0.007292519323527813,0.005907666869461536,0.0013848524540662766,2,RNN,30,64,0.1,0.0005,32,"MinMaxScaler(-1,1)",20,150,val_loss,87,0.004362967796623707,107
20,0.0070865158922970295,0.0058613186702132225,0.06221973896026611,0.05301947519183159,0.0070865158922970295,0.0058613186702132225,0.001225197222083807,2,RNN,30,64,0.1,0.0005,32,"MinMaxScaler(-1,1)",20,150,val_loss,87,0.004362967796623707,107
21,0.006944352760910988,0.005824991036206484,0.06190059706568718,0.0525299534201622,0.006944352760910988,0.005824991036206484,0.001119361724704504,2,RNN,30,64,0.1,0.0005,32,"MinMaxScaler(-1,1)",20,150,val_loss,87,0.004362967796623707,107
22,0.006974074058234692,0.005747391376644373,0.06207779049873352,0.05184517055749893,0.006974074058234692,0.005747391376644373,0.0012266826815903187,2,RNN,30,64,0.1,0.0005,32,"MinMaxScaler(-1,1)",20,150,val_loss,87,0.004362967796623707,107
23,0.006811088882386684,0.0055362749844789505,0.061215996742248535,0.051111962646245956,0.006811088882386684,0.0055362749844789505,0.001274813897907734,2,RNN,30,64,0.1,0.0005,32,"MinMaxScaler(-1,1)",20,150,val_loss,87,0.004362967796623707,107
24,0.006550410762429237,0.005892861634492874,0.05996706709265709,0.05181589350104332,0.006550410762429237,0.005892861634492874,0.0006575491279363632,2,RNN,30,64,0.1,0.0005,32,"MinMaxScaler(-1,1)",20,150,val_loss,87,0.004362967796623707,107
25,0.006767731159925461,0.00538624869659543,0.06092894822359085,0.050488125532865524,0.006767731159925461,0.00538624869659543,0.0013814824633300304,2,RNN,30,64,0.1,0.0005,32,"MinMaxScaler(-1,1)",20,150,val_loss,87,0.004362967796623707,107
26,0.006507064215838909,0.005485717672854662,0.05960157513618469,0.050628453493118286,0.006507064215838909,0.005485717672854662,0.0010213465429842472,2,RNN,30,64,0.1,0.0005,32,"MinMaxScaler(-1,1)",20,150,val_loss,87,0.004362967796623707,107
27,0.006316055543720722,0.0053581236861646175,0.05862021818757057,0.0504324808716774,0.006316055543720722,0.0053581236861646175,0.0009579318575561047,2,RNN,30,64,0.1,0.0005,32,"MinMaxScaler(-1,1)",20,150,val_loss,87,0.004362967796623707,107
28,0.00635342625901103,0.005443850997835398,0.05879787355661392,0.05026702210307121,0.00635342625901103,0.005443850997835398,0.0009095752611756325,2,RNN,30,64,0.1,0.0005,32,"MinMaxScaler(-1,1)",20,150,val_loss,87,0.004362967796623707,107
29,0.0063933031633496284,0.00543667608872056,0.05885967239737511,0.0500454343855381,0.0063933031633496284,0.00543667608872056,0.0009566270746290684,2,RNN,30,64,0.1,0.0005,32,"MinMaxScaler(-1,1)",20,150,val_loss,87,0.004362967796623707,107
30,0.0062623959966003895,0.005388185847550631,0.05820779129862785,0.049751587212085724,0.0062623959966003895,0.005388185847550631,0.0008742101490497589,2,RNN,30,64,0.1,0.0005,32,"MinMaxScaler(-1,1)",20,150,val_loss,87,0.004362967796623707,107
31,0.006333188619464636,0.005339644383639097,0.058458153158426285,0.049461208283901215,0.006333188619464636,0.005339644383639097,0.0009935442358255386,2,RNN,30,64,0.1,0.0005,32,"MinMaxScaler(-1,1)",20,150,val_loss,87,0.004362967796623707,107
32,0.006162883248180151,0.005050453823059797,0.05764785036444664,0.04891861975193024,0.006162883248180151,0.005050453823059797,0.0011124294251203537,2,RNN,30,64,0.1,0.0005,32,"MinMaxScaler(-1,1)",20,150,val_loss,87,0.004362967796623707,107
33,0.006143765989691019,0.005446248687803745,0.057563237845897675,0.04988642781972885,0.006143765989691019,0.005446248687803745,0.0006975173018872738,2,RNN,30,64,0.1,0.0005,32,"MinMaxScaler(-1,1)",20,150,val_loss,87,0.004362967796623707,107
34,0.006067384034395218,0.005160845350474119,0.057318076491355896,0.048427730798721313,0.006067384034395218,0.005160845350474119,0.0009065386839210987,2,RNN,30,64,0.1,0.0005,32,"MinMaxScaler(-1,1)",20,150,val_loss,87,0.004362967796623707,107
35,0.005981560796499252,0.0049709477461874485,0.05689019709825516,0.04807720333337784,0.005981560796499252,0.0049709477461874485,0.0010106130503118038,2,RNN,30,64,0.1,0.0005,32,"MinMaxScaler(-1,1)",20,150,val_loss,87,0.004362967796623707,107
36,0.005888121202588081,0.005123030859977007,0.055820073932409286,0.048146091401576996,0.005888121202588081,0.005123030859977007,0.0007650903426110744,2,RNN,30,64,0.1,0.0005,32,"MinMaxScaler(-1,1)",20,150,val_loss,87,0.004362967796623707,107
37,0.005683361552655697,0.004912516567856073,0.05529601871967316,0.04764430224895477,0.005683361552655697,0.004912516567856073,0.0007708449847996235,2,RNN,30,64,0.1,0.0005,32,"MinMaxScaler(-1,1)",20,150,val_loss,87,0.004362967796623707,107
38,0.005763307213783264,0.004994925577193499,0.05569323152303696,0.0477011613547802,0.005763307213783264,0.004994925577193499,0.0007683816365897655,2,RNN,30,64,0.1,0.0005,32,"MinMaxScaler(-1,1)",20,150,val_loss,87,0.004362967796623707,107
39,0.005741283297538757,0.004996013827621937,0.05546256899833679,0.04761173203587532,0.005741283297538757,0.004996013827621937,0.0007452694699168205,2,RNN,30,64,0.1,0.0005,32,"MinMaxScaler(-1,1)",20,150,val_loss,87,0.004362967796623707,107
40,0.005747709423303604,0.004949307534843683,0.05531352758407593,0.04708092659711838,0.005747709423303604,0.004949307534843683,0.0007984018884599209,2,RNN,30,64,0.1,0.0005,32,"MinMaxScaler(-1,1)",20,150,val_loss,87,0.004362967796623707,107
41,0.005722942296415567,0.00496154697611928,0.0551660917699337,0.04754909873008728,0.005722942296415567,0.00496154697611928,0.0007613953202962875,2,RNN,30,64,0.1,0.0005,32,"MinMaxScaler(-1,1)",20,150,val_loss,87,0.004362967796623707,107
42,0.005553357768803835,0.0051679350435733795,0.05440090224146843,0.04854387417435646,0.005553357768803835,0.0051679350435733795,0.0003854227252304554,2,RNN,30,64,0.1,0.0005,32,"MinMaxScaler(-1,1)",20,150,val_loss,87,0.004362967796623707,107
43,0.005627177655696869,0.004855644423514605,0.054985590279102325,0.047078799456357956,0.005627177655696869,0.004855644423514605,0.0007715332321822643,2,RNN,30,64,0.1,0.0005,32,"MinMaxScaler(-1,1)",20,150,val_loss,87,0.004362967796623707,107
44,0.005494305398315191,0.004934691358357668,0.05399995669722557,0.04732939600944519,0.005494305398315191,0.004934691358357668,0.0005596140399575233,2,RNN,30,64,0.1,0.0005,32,"MinMaxScaler(-1,1)",20,150,val_loss,87,0.004362967796623707,107
45,0.005342236720025539,0.004850688856095076,0.05355934798717499,0.04655131697654724,0.005342236720025539,0.004850688856095076,0.0004915478639304638,2,RNN,30,64,0.1,0.0005,32,"MinMaxScaler(-1,1)",20,150,val_loss,87,0.004362967796623707,107
46,0.005603418685495853,0.004934137221425772,0.054594896733760834,0.04685400798916817,0.005603418685495853,0.004934137221425772,0.0006692814640700817,2,RNN,30,64,0.1,0.0005,32,"MinMaxScaler(-1,1)",20,150,val_loss,87,0.004362967796623707,107
47,0.005499961785972118,0.004846095573157072,0.05421110987663269,0.046478722244501114,0.005499961785972118,0.004846095573157072,0.0006538662128150463,2,RNN,30,64,0.1,0.0005,32,"MinMaxScaler(-1,1)",20,150,val_loss,87,0.004362967796623707,107
48,0.005209243390709162,0.0053696888498961926,0.05263911932706833,0.049475885927677155,0.005209243390709162,0.0053696888498961926,0.0001604454591870308,2,RNN,30,64,0.1,0.0005,32,"MinMaxScaler(-1,1)",20,150,val_loss,87,0.004362967796623707,107
49,0.005453266203403473,0.0049668909050524235,0.052954405546188354,0.047169871628284454,0.005453266203403473,0.0049668909050524235,0.0004863752983510494,2,RNN,30,64,0.1,0.0005,32,"MinMaxScaler(-1,1)",20,150,val_loss,87,0.004362967796623707,107
50,0.005246659275144339,0.00536810839548707,0.052671633660793304,0.0494094081223011,0.005246659275144339,0.00536810839548707,0.00012144912034273148,2,RNN,30,64,0.1,0.0005,32,"MinMaxScaler(-1,1)",20,150,val_loss,87,0.004362967796623707,107
51,0.005338014103472233,0.005062277428805828,0.05317815765738487,0.047823961824178696,0.005338014103472233,0.005062277428805828,0.0002757366746664047,2,RNN,30,64,0.1,0.0005,32,"MinMaxScaler(-1,1)",20,150,val_loss,87,0.004362967796623707,107
52,0.0053959558717906475,0.005269572604447603,0.053290970623493195,0.048617172986269,0.0053959558717906475,0.005269572604447603,0.00012638326734304428,2,RNN,30,64,0.1,0.0005,32,"MinMaxScaler(-1,1)",20,150,val_loss,87,0.004362967796623707,107
53,0.005193755961954594,0.005279490724205971,0.05203932896256447,0.049137700349092484,0.005193755961954594,0.005279490724205971,8.57347622513771e-05,2,RNN,30,64,0.1,0.0005,32,"MinMaxScaler(-1,1)",20,150,val_loss,87,0.004362967796623707,107
54,0.005126580595970154,0.005141950212419033,0.05214466527104378,0.048322420567274094,0.005126580595970154,0.005141950212419033,1.5369616448879242e-05,2,RNN,30,64,0.1,0.0005,32,"MinMaxScaler(-1,1)",20,150,val_loss,87,0.004362967796623707,107
55,0.005307200364768505,0.004994889721274376,0.05290718749165535,0.04736782982945442,0.005307200364768505,0.004994889721274376,0.0003123106434941292,2,RNN,30,64,0.1,0.0005,32,"MinMaxScaler(-1,1)",20,150,val_loss,87,0.004362967796623707,107
56,0.005289550870656967,0.004988734610378742,0.05279679223895073,0.04727213829755783,0.005289550870656967,0.004988734610378742,0.00030081626027822495,2,RNN,30,64,0.1,0.0005,32,"MinMaxScaler(-1,1)",20,150,val_loss,87,0.004362967796623707,107
57,0.00529481191188097,0.00488327769562602,0.052788157016038895,0.04675066098570824,0.00529481191188097,0.00488327769562602,0.00041153421625494957,2,RNN,30,64,0.1,0.0005,32,"MinMaxScaler(-1,1)",20,150,val_loss,87,0.004362967796623707,107
58,0.0051954579539597034,0.004730389919131994,0.052206702530384064,0.04584832116961479,0.0051954579539597034,0.004730389919131994,0.0004650680348277092,2,RNN,30,64,0.1,0.0005,32,"MinMaxScaler(-1,1)",20,150,val_loss,87,0.004362967796623707,107
59,0.00519099086523056,0.004716362338513136,0.051508527249097824,0.04573213309049606,0.00519099086523056,0.004716362338513136,0.0004746285267174244,2,RNN,30,64,0.1,0.0005,32,"MinMaxScaler(-1,1)",20,150,val_loss,87,0.004362967796623707,107
60,0.0051157413981854916,0.0046094972640275955,0.05200328305363655,0.045221392065286636,0.0051157413981854916,0.0046094972640275955,0.000506244134157896,2,RNN,30,64,0.1,0.0005,32,"MinMaxScaler(-1,1)",20,150,val_loss,87,0.004362967796623707,107
61,0.005065207835286856,0.004860788118094206,0.051464032381772995,0.04641760140657425,0.005065207835286856,0.004860788118094206,0.00020441971719264984,2,RNN,30,64,0.1,0.0005,32,"MinMaxScaler(-1,1)",20,150,val_loss,87,0.004362967796623707,107
62,0.005322454031556845,0.004912401549518108,0.05277540907263756,0.04665699601173401,0.005322454031556845,0.004912401549518108,0.00041005248203873634,2,RNN,30,64,0.1,0.0005,32,"MinMaxScaler(-1,1)",20,150,val_loss,87,0.004362967796623707,107
63,0.005045250058174133,0.0047653233632445335,0.05139604210853577,0.04600127413868904,0.005045250058174133,0.0047653233632445335,0.00027992669492959976,2,RNN,30,64,0.1,0.0005,32,"MinMaxScaler(-1,1)",20,150,val_loss,87,0.004362967796623707,107
64,0.005051244981586933,0.004797743167728186,0.05132622271776199,0.04610701650381088,0.005051244981586933,0.004797743167728186,0.0002535018138587475,2,RNN,30,64,0.1,0.0005,32,"MinMaxScaler(-1,1)",20,150,val_loss,87,0.004362967796623707,107
65,0.004992731846868992,0.004773185588419437,0.050776105374097824,0.04595004394650459,0.004992731846868992,0.004773185588419437,0.00021954625844955444,2,RNN,30,64,0.1,0.0005,32,"MinMaxScaler(-1,1)",20,150,val_loss,87,0.004362967796623707,107
66,0.005250302143394947,0.004838836379349232,0.052682142704725266,0.04624747484922409,0.005250302143394947,0.004838836379349232,0.00041146576404571533,2,RNN,30,64,0.1,0.0005,32,"MinMaxScaler(-1,1)",20,150,val_loss,87,0.004362967796623707,107
67,0.00507049635052681,0.004770628176629543,0.05114622041583061,0.04595997929573059,0.00507049635052681,0.004770628176629543,0.0002998681738972664,2,RNN,30,64,0.1,0.0005,32,"MinMaxScaler(-1,1)",20,150,val_loss,87,0.004362967796623707,107
68,0.0052672079764306545,0.004797523375600576,0.05217139795422554,0.04628003016114235,0.0052672079764306545,0.004797523375600576,0.0004696846008300781,2,RNN,30,64,0.1,0.0005,32,"MinMaxScaler(-1,1)",20,150,val_loss,87,0.004362967796623707,107
69,0.005137895233929157,0.004931198433041573,0.05156906321644783,0.047022562474012375,0.005137895233929157,0.004931198433041573,0.00020669680088758469,2,RNN,30,64,0.1,0.0005,32,"MinMaxScaler(-1,1)",20,150,val_loss,87,0.004362967796623707,107
70,0.005195481702685356,0.0047110579907894135,0.051750410348176956,0.04584139212965965,0.005195481702685356,0.0047110579907894135,0.0004844237118959427,2,RNN,30,64,0.1,0.0005,32,"MinMaxScaler(-1,1)",20,150,val_loss,87,0.004362967796623707,107
71,0.0050034974701702595,0.004420500714331865,0.05089296028017998,0.04465110972523689,0.0050034974701702595,0.004420500714331865,0.0005829967558383942,2,RNN,30,64,0.1,0.0005,32,"MinMaxScaler(-1,1)",20,150,val_loss,87,0.004362967796623707,107
72,0.004975629039108753,0.004506532568484545,0.05098159611225128,0.04473671689629555,0.004975629039108753,0.004506532568484545,0.00046909647062420845,2,RNN,30,64,0.1,0.0005,32,"MinMaxScaler(-1,1)",20,150,val_loss,87,0.004362967796623707,107
73,0.0050590443424880505,0.004447791259735823,0.051253121346235275,0.04457216337323189,0.0050590443424880505,0.004447791259735823,0.0006112530827522278,2,RNN,30,64,0.1,0.0005,32,"MinMaxScaler(-1,1)",20,150,val_loss,87,0.004362967796623707,107
74,0.004854493774473667,0.004493977874517441,0.050168726593256,0.04472190886735916,0.004854493774473667,0.004493977874517441,0.00036051589995622635,2,RNN,30,64,0.1,0.0005,32,"MinMaxScaler(-1,1)",20,150,val_loss,87,0.004362967796623707,107
75,0.00489397905766964,0.004435112699866295,0.050401922315359116,0.04461289942264557,0.00489397905766964,0.004435112699866295,0.0004588663578033447,2,RNN,30,64,0.1,0.0005,32,"MinMaxScaler(-1,1)",20,150,val_loss,87,0.004362967796623707,107
76,0.005094217602163553,0.004442502744495869,0.051383126527071,0.04464850574731827,0.005094217602163553,0.004442502744495869,0.0006517148576676846,2,RNN,30,64,0.1,0.0005,32,"MinMaxScaler(-1,1)",20,150,val_loss,87,0.004362967796623707,107
77,0.004910457879304886,0.0044745467603206635,0.05020380765199661,0.04465117305517197,0.004910457879304886,0.0044745467603206635,0.0004359111189842224,2,RNN,30,64,0.1,0.0005,32,"MinMaxScaler(-1,1)",20,150,val_loss,87,0.004362967796623707,107
78,0.004843870177865028,0.004484898876398802,0.05014193803071976,0.04472879692912102,0.004843870177865028,0.004484898876398802,0.0003589713014662266,2,RNN,30,64,0.1,0.0005,32,"MinMaxScaler(-1,1)",20,150,val_loss,87,0.004362967796623707,107
79,0.005038149189203978,0.004503124393522739,0.05111163854598999,0.04479393735527992,0.005038149189203978,0.004503124393522739,0.0005350247956812382,2,RNN,30,64,0.1,0.0005,32,"MinMaxScaler(-1,1)",20,150,val_loss,87,0.004362967796623707,107
80,0.004867177922278643,0.004439846146851778,0.05028892681002617,0.044719867408275604,0.004867177922278643,0.004439846146851778,0.0004273317754268646,2,RNN,30,64,0.1,0.0005,32,"MinMaxScaler(-1,1)",20,150,val_loss,87,0.004362967796623707,107
81,0.004953732714056969,0.0044712526723742485,0.05041830986738205,0.044717710465192795,0.004953732714056969,0.0044712526723742485,0.0004824800416827202,2,RNN,30,64,0.1,0.0005,32,"MinMaxScaler(-1,1)",20,150,val_loss,87,0.004362967796623707,107
82,0.005116196349263191,0.004505698569118977,0.05160209536552429,0.04476550966501236,0.005116196349263191,0.004505698569118977,0.0006104977801442146,2,RNN,30,64,0.1,0.0005,32,"MinMaxScaler(-1,1)",20,150,val_loss,87,0.004362967796623707,107
83,0.004824245348572731,0.004432766232639551,0.04985521733760834,0.044605839997529984,0.004824245348572731,0.004432766232639551,0.00039147911593317986,2,RNN,30,64,0.1,0.0005,32,"MinMaxScaler(-1,1)",20,150,val_loss,87,0.004362967796623707,107
84,0.004881985951215029,0.004427340347319841,0.05025690421462059,0.044503625482320786,0.004881985951215029,0.004427340347319841,0.0004546456038951874,2,RNN,30,64,0.1,0.0005,32,"MinMaxScaler(-1,1)",20,150,val_loss,87,0.004362967796623707,107
85,0.00489972485229373,0.004386942833662033,0.05087880790233612,0.04441725090146065,0.00489972485229373,0.004386942833662033,0.0005127820186316967,2,RNN,30,64,0.1,0.0005,32,"MinMaxScaler(-1,1)",20,150,val_loss,87,0.004362967796623707,107
86,0.004918284714221954,0.004371532704681158,0.0504077710211277,0.04440139979124069,0.004918284714221954,0.004371532704681158,0.0005467520095407963,2,RNN,30,64,0.1,0.0005,32,"MinMaxScaler(-1,1)",20,150,val_loss,87,0.004362967796623707,107
87,0.004931951407343149,0.004362967796623707,0.050636548548936844,0.04442007094621658,0.004931951407343149,0.004362967796623707,0.0005689836107194424,2,RNN,30,64,0.1,0.0005,32,"MinMaxScaler(-1,1)",20,150,val_loss,87,0.004362967796623707,107
88,0.004887337330728769,0.004427737556397915,0.05035267025232315,0.04443531855940819,0.004887337330728769,0.004427737556397915,0.0004595997743308544,2,RNN,30,64,0.1,0.0005,32,"MinMaxScaler(-1,1)",20,150,val_loss,87,0.004362967796623707,107
89,0.004887436516582966,0.004396730102598667,0.04984444007277489,0.04440852999687195,0.004887436516582966,0.004396730102598667,0.0004907064139842987,2,RNN,30,64,0.1,0.0005,32,"MinMaxScaler(-1,1)",20,150,val_loss,87,0.004362967796623707,107
90,0.004890001378953457,0.004416720010340214,0.050317589193582535,0.044435035437345505,0.004890001378953457,0.004416720010340214,0.0004732813686132431,2,RNN,30,64,0.1,0.0005,32,"MinMaxScaler(-1,1)",20,150,val_loss,87,0.004362967796623707,107
91,0.0048226588405668736,0.004405859857797623,0.04985719174146652,0.04443543031811714,0.0048226588405668736,0.004405859857797623,0.00041679898276925087,2,RNN,30,64,0.1,0.0005,32,"MinMaxScaler(-1,1)",20,150,val_loss,87,0.004362967796623707,107
92,0.004890632815659046,0.004425450228154659,0.05046888440847397,0.04444197192788124,0.004890632815659046,0.004425450228154659,0.0004651825875043869,2,RNN,30,64,0.1,0.0005,32,"MinMaxScaler(-1,1)",20,150,val_loss,87,0.004362967796623707,107
93,0.005076364614069462,0.004385530017316341,0.051533013582229614,0.04437126964330673,0.005076364614069462,0.004385530017316341,0.0006908345967531204,2,RNN,30,64,0.1,0.0005,32,"MinMaxScaler(-1,1)",20,150,val_loss,87,0.004362967796623707,107
94,0.004964178893715143,0.004390167538076639,0.05051935836672783,0.044368378818035126,0.004964178893715143,0.004390167538076639,0.000574011355638504,2,RNN,30,64,0.1,0.0005,32,"MinMaxScaler(-1,1)",20,150,val_loss,87,0.004362967796623707,107
95,0.00493840454146266,0.004401029087603092,0.05052640661597252,0.044349364936351776,0.00493840454146266,0.004401029087603092,0.0005373754538595676,2,RNN,30,64,0.1,0.0005,32,"MinMaxScaler(-1,1)",20,150,val_loss,87,0.004362967796623707,107
96,0.00474180281162262,0.0043999734334647655,0.04963906109333038,0.044341426342725754,0.00474180281162262,0.0043999734334647655,0.0003418293781578541,2,RNN,30,64,0.1,0.0005,32,"MinMaxScaler(-1,1)",20,150,val_loss,87,0.004362967796623707,107
97,0.004933768883347511,0.004422761499881744,0.05026834458112717,0.04441235959529877,0.004933768883347511,0.004422761499881744,0.0005110073834657669,2,RNN,30,64,0.1,0.0005,32,"MinMaxScaler(-1,1)",20,150,val_loss,87,0.004362967796623707,107
98,0.004954564850777388,0.0043828352354466915,0.05030399560928345,0.044372543692588806,0.004954564850777388,0.0043828352354466915,0.0005717296153306961,2,RNN,30,64,0.1,0.0005,32,"MinMaxScaler(-1,1)",20,150,val_loss,87,0.004362967796623707,107
99,0.004822591785341501,0.004407730419188738,0.049580249935388565,0.04437917843461037,0.004822591785341501,0.004407730419188738,0.00041486136615276337,2,RNN,30,64,0.1,0.0005,32,"MinMaxScaler(-1,1)",20,150,val_loss,87,0.004362967796623707,107
100,0.00493620103225112,0.004377678502351046,0.05047815665602684,0.04434932768344879,0.00493620103225112,0.004377678502351046,0.000558522529900074,2,RNN,30,64,0.1,0.0005,32,"MinMaxScaler(-1,1)",20,150,val_loss,87,0.004362967796623707,107
101,0.004790996201336384,0.004404906649142504,0.04999532923102379,0.04434121027588844,0.004790996201336384,0.004404906649142504,0.0003860895521938801,2,RNN,30,64,0.1,0.0005,32,"MinMaxScaler(-1,1)",20,150,val_loss,87,0.004362967796623707,107
102,0.004909145645797253,0.004392695147544146,0.050582438707351685,0.044328365474939346,0.004909145645797253,0.004392695147544146,0.0005164504982531071,2,RNN,30,64,0.1,0.0005,32,"MinMaxScaler(-1,1)",20,150,val_loss,87,0.004362967796623707,107
103,0.004829580429941416,0.00438877334818244,0.05013878270983696,0.044315025210380554,0.004829580429941416,0.00438877334818244,0.000440807081758976,2,RNN,30,64,0.1,0.0005,32,"MinMaxScaler(-1,1)",20,150,val_loss,87,0.004362967796623707,107
104,0.004923605360090733,0.00439266674220562,0.05032288283109665,0.044309552758932114,0.004923605360090733,0.00439266674220562,0.0005309386178851128,2,RNN,30,64,0.1,0.0005,32,"MinMaxScaler(-1,1)",20,150,val_loss,87,0.004362967796623707,107
105,0.0048752170987427235,0.004400627221912146,0.05038544908165932,0.04432053118944168,0.0048752170987427235,0.004400627221912146,0.00047458987683057785,2,RNN,30,64,0.1,0.0005,32,"MinMaxScaler(-1,1)",20,150,val_loss,87,0.004362967796623707,107
106,0.004893067292869091,0.004399986006319523,0.05002205818891525,0.04433327913284302,0.004893067292869091,0.004399986006319523,0.0004930812865495682,2,RNN,30,64,0.1,0.0005,32,"MinMaxScaler(-1,1)",20,150,val_loss,87,0.004362967796623707,107
107,0.004867161624133587,0.004385672509670258,0.049823299050331116,0.04431002587080002,0.004867161624133587,0.004385672509670258,0.0004814891144633293,2,RNN,30,64,0.1,0.0005,32,"MinMaxScaler(-1,1)",20,150,val_loss,87,0.004362967796623707,107
1,0.10863681882619858,0.04070223122835159,0.24482005834579468,0.14744237065315247,0.10863681882619858,0.04070223122835159,0.06793458759784698,3,RNN,30,64,0.1,0.0005,32,"MinMaxScaler(-1,1)",20,150,val_loss,51,0.004724228288978338,71
2,0.03372592106461525,0.014201384037733078,0.1361573338508606,0.0912858247756958,0.03372592106461525,0.014201384037733078,0.01952453702688217,3,RNN,30,64,0.1,0.0005,32,"MinMaxScaler(-1,1)",20,150,val_loss,51,0.004724228288978338,71
3,0.017497334629297256,0.010100427083671093,0.10048422962427139,0.07775954157114029,0.017497334629297256,0.010100427083671093,0.0073969075456261635,3,RNN,30,64,0.1,0.0005,32,"MinMaxScaler(-1,1)",20,150,val_loss,51,0.004724228288978338,71
4,0.01370836142450571,0.00852338969707489,0.08910366892814636,0.07122346013784409,0.01370836142450571,0.00852338969707489,0.0051849717274308205,3,RNN,30,64,0.1,0.0005,32,"MinMaxScaler(-1,1)",20,150,val_loss,51,0.004724228288978338,71
5,0.011964439414441586,0.007890123873949051,0.0823296308517456,0.06744866073131561,0.011964439414441586,0.007890123873949051,0.004074315540492535,3,RNN,30,64,0.1,0.0005,32,"MinMaxScaler(-1,1)",20,150,val_loss,51,0.004724228288978338,71
6,0.011173090897500515,0.007133692968636751,0.07904784381389618,0.06309986114501953,0.011173090897500515,0.007133692968636751,0.004039397928863764,3,RNN,30,64,0.1,0.0005,32,"MinMaxScaler(-1,1)",20,150,val_loss,51,0.004724228288978338,71
7,0.010362270288169384,0.006915370933711529,0.0770643875002861,0.06182476505637169,0.010362270288169384,0.006915370933711529,0.0034468993544578552,3,RNN,30,64,0.1,0.0005,32,"MinMaxScaler(-1,1)",20,150,val_loss,51,0.004724228288978338,71
8,0.009478538297116756,0.006712948903441429,0.07360056042671204,0.06026186794042587,0.009478538297116756,0.006712948903441429,0.0027655893936753273,3,RNN,30,64,0.1,0.0005,32,"MinMaxScaler(-1,1)",20,150,val_loss,51,0.004724228288978338,71
9,0.008801612071692944,0.006434463895857334,0.07029158622026443,0.05859486386179924,0.008801612071692944,0.006434463895857334,0.0023671481758356094,3,RNN,30,64,0.1,0.0005,32,"MinMaxScaler(-1,1)",20,150,val_loss,51,0.004724228288978338,71
10,0.00864653754979372,0.006273670122027397,0.06965707242488861,0.05693426355719566,0.00864653754979372,0.006273670122027397,0.002372867427766323,3,RNN,30,64,0.1,0.0005,32,"MinMaxScaler(-1,1)",20,150,val_loss,51,0.004724228288978338,71
11,0.00844677072018385,0.006076296791434288,0.06907586753368378,0.056271929293870926,0.00844677072018385,0.006076296791434288,0.0023704739287495613,3,RNN,30,64,0.1,0.0005,32,"MinMaxScaler(-1,1)",20,150,val_loss,51,0.004724228288978338,71
12,0.008544379845261574,0.006053413730114698,0.06916753947734833,0.05472772940993309,0.008544379845261574,0.006053413730114698,0.0024909661151468754,3,RNN,30,64,0.1,0.0005,32,"MinMaxScaler(-1,1)",20,150,val_loss,51,0.004724228288978338,71
13,0.007764746900647879,0.0058982293121516705,0.06609632819890976,0.054552625864744186,0.007764746900647879,0.0058982293121516705,0.0018665175884962082,3,RNN,30,64,0.1,0.0005,32,"MinMaxScaler(-1,1)",20,150,val_loss,51,0.004724228288978338,71
14,0.007569858338683844,0.005732366349548101,0.06529315561056137,0.05362173914909363,0.007569858338683844,0.005732366349548101,0.0018374919891357422,3,RNN,30,64,0.1,0.0005,32,"MinMaxScaler(-1,1)",20,150,val_loss,51,0.004724228288978338,71
15,0.007511671166867018,0.005799977108836174,0.06455693393945694,0.0538102425634861,0.007511671166867018,0.005799977108836174,0.0017116940580308437,3,RNN,30,64,0.1,0.0005,32,"MinMaxScaler(-1,1)",20,150,val_loss,51,0.004724228288978338,71
16,0.007194034289568663,0.005726245231926441,0.06330873817205429,0.05285337567329407,0.007194034289568663,0.005726245231926441,0.0014677890576422215,3,RNN,30,64,0.1,0.0005,32,"MinMaxScaler(-1,1)",20,150,val_loss,51,0.004724228288978338,71
17,0.007129349280148745,0.005642589181661606,0.06291259825229645,0.05211520567536354,0.007129349280148745,0.005642589181661606,0.0014867600984871387,3,RNN,30,64,0.1,0.0005,32,"MinMaxScaler(-1,1)",20,150,val_loss,51,0.004724228288978338,71
18,0.007144642062485218,0.005483054090291262,0.06304256618022919,0.05181414261460304,0.007144642062485218,0.005483054090291262,0.0016615879721939564,3,RNN,30,64,0.1,0.0005,32,"MinMaxScaler(-1,1)",20,150,val_loss,51,0.004724228288978338,71
19,0.006890570279210806,0.0054525029845535755,0.061750203371047974,0.05152522772550583,0.006890570279210806,0.0054525029845535755,0.0014380672946572304,3,RNN,30,64,0.1,0.0005,32,"MinMaxScaler(-1,1)",20,150,val_loss,51,0.004724228288978338,71
20,0.006919220555573702,0.005344378761947155,0.061748381704092026,0.05116117745637894,0.006919220555573702,0.005344378761947155,0.0015748417936265469,3,RNN,30,64,0.1,0.0005,32,"MinMaxScaler(-1,1)",20,150,val_loss,51,0.004724228288978338,71
21,0.006667058914899826,0.005589751526713371,0.060469165444374084,0.05105099454522133,0.006667058914899826,0.005589751526713371,0.0010773073881864548,3,RNN,30,64,0.1,0.0005,32,"MinMaxScaler(-1,1)",20,150,val_loss,51,0.004724228288978338,71
22,0.006580479443073273,0.005618096329271793,0.06012345850467682,0.05084787309169769,0.006580479443073273,0.005618096329271793,0.0009623831138014793,3,RNN,30,64,0.1,0.0005,32,"MinMaxScaler(-1,1)",20,150,val_loss,51,0.004724228288978338,71
23,0.006636329926550388,0.005574305076152086,0.06036345660686493,0.05082744359970093,0.006636329926550388,0.005574305076152086,0.001062024850398302,3,RNN,30,64,0.1,0.0005,32,"MinMaxScaler(-1,1)",20,150,val_loss,51,0.004724228288978338,71
24,0.006405744235962629,0.0053521026857197285,0.05927414819598198,0.05059163644909859,0.006405744235962629,0.0053521026857197285,0.0010536415502429008,3,RNN,30,64,0.1,0.0005,32,"MinMaxScaler(-1,1)",20,150,val_loss,51,0.004724228288978338,71
25,0.0062425448559224606,0.005498489830642939,0.05883341655135155,0.050123777240514755,0.0062425448559224606,0.005498489830642939,0.0007440550252795219,3,RNN,30,64,0.1,0.0005,32,"MinMaxScaler(-1,1)",20,150,val_loss,51,0.004724228288978338,71
26,0.006596115417778492,0.0052783130668103695,0.06003601849079132,0.04943833872675896,0.006596115417778492,0.0052783130668103695,0.0013178023509681225,3,RNN,30,64,0.1,0.0005,32,"MinMaxScaler(-1,1)",20,150,val_loss,51,0.004724228288978338,71
27,0.006155225448310375,0.005314364563673735,0.05821150168776512,0.049753911793231964,0.006155225448310375,0.005314364563673735,0.0008408608846366405,3,RNN,30,64,0.1,0.0005,32,"MinMaxScaler(-1,1)",20,150,val_loss,51,0.004724228288978338,71
28,0.006124336738139391,0.0053740376606583595,0.057983312755823135,0.049316711723804474,0.006124336738139391,0.0053740376606583595,0.0007502990774810314,3,RNN,30,64,0.1,0.0005,32,"MinMaxScaler(-1,1)",20,150,val_loss,51,0.004724228288978338,71
29,0.006123299244791269,0.005120303016155958,0.057347722351551056,0.048803891986608505,0.006123299244791269,0.005120303016155958,0.0010029962286353111,3,RNN,30,64,0.1,0.0005,32,"MinMaxScaler(-1,1)",20,150,val_loss,51,0.004724228288978338,71
30,0.005949801299721003,0.0053502339869737625,0.056762341409921646,0.04930759221315384,0.005949801299721003,0.0053502339869737625,0.0005995673127472401,3,RNN,30,64,0.1,0.0005,32,"MinMaxScaler(-1,1)",20,150,val_loss,51,0.004724228288978338,71
31,0.005989385303109884,0.005344199016690254,0.05702878162264824,0.048963513225317,0.005989385303109884,0.005344199016690254,0.00064518628641963,3,RNN,30,64,0.1,0.0005,32,"MinMaxScaler(-1,1)",20,150,val_loss,51,0.004724228288978338,71
32,0.00603746622800827,0.005091450642794371,0.05690506100654602,0.048093281686306,0.00603746622800827,0.005091450642794371,0.0009460155852138996,3,RNN,30,64,0.1,0.0005,32,"MinMaxScaler(-1,1)",20,150,val_loss,51,0.004724228288978338,71
33,0.00588071346282959,0.005121099762618542,0.05636635795235634,0.048229366540908813,0.00588071346282959,0.005121099762618542,0.0007596137002110481,3,RNN,30,64,0.1,0.0005,32,"MinMaxScaler(-1,1)",20,150,val_loss,51,0.004724228288978338,71
34,0.005862005054950714,0.005195657256990671,0.05629502981901169,0.0479852557182312,0.005862005054950714,0.005195657256990671,0.000666347797960043,3,RNN,30,64,0.1,0.0005,32,"MinMaxScaler(-1,1)",20,150,val_loss,51,0.004724228288978338,71
35,0.00571386469528079,0.005232991185039282,0.05568458139896393,0.04856058582663536,0.00571386469528079,0.005232991185039282,0.0004808735102415085,3,RNN,30,64,0.1,0.0005,32,"MinMaxScaler(-1,1)",20,150,val_loss,51,0.004724228288978338,71
36,0.00569274602457881,0.004989678505808115,0.05554846301674843,0.04741707444190979,0.00569274602457881,0.004989678505808115,0.0007030675187706947,3,RNN,30,64,0.1,0.0005,32,"MinMaxScaler(-1,1)",20,150,val_loss,51,0.004724228288978338,71
37,0.005746420007199049,0.005159624852240086,0.05533425137400627,0.04773497208952904,0.005746420007199049,0.005159624852240086,0.0005867951549589634,3,RNN,30,64,0.1,0.0005,32,"MinMaxScaler(-1,1)",20,150,val_loss,51,0.004724228288978338,71
38,0.005764623638242483,0.005005817860364914,0.0553676038980484,0.04718359559774399,0.005764623638242483,0.005005817860364914,0.0007588057778775692,3,RNN,30,64,0.1,0.0005,32,"MinMaxScaler(-1,1)",20,150,val_loss,51,0.004724228288978338,71
39,0.0056174080818891525,0.005023831967264414,0.05473235622048378,0.04710695147514343,0.0056174080818891525,0.005023831967264414,0.0005935761146247387,3,RNN,30,64,0.1,0.0005,32,"MinMaxScaler(-1,1)",20,150,val_loss,51,0.004724228288978338,71
40,0.00559986662119627,0.005038759671151638,0.054751235991716385,0.04716462269425392,0.00559986662119627,0.005038759671151638,0.000561106950044632,3,RNN,30,64,0.1,0.0005,32,"MinMaxScaler(-1,1)",20,150,val_loss,51,0.004724228288978338,71
41,0.005559889599680901,0.005050527397543192,0.05397791042923927,0.047254450619220734,0.005559889599680901,0.005050527397543192,0.0005093622021377087,3,RNN,30,64,0.1,0.0005,32,"MinMaxScaler(-1,1)",20,150,val_loss,51,0.004724228288978338,71
42,0.005477596540004015,0.0051299091428518295,0.05407421663403511,0.04748859629034996,0.005477596540004015,0.0051299091428518295,0.00034768739715218544,3,RNN,30,64,0.1,0.0005,32,"MinMaxScaler(-1,1)",20,150,val_loss,51,0.004724228288978338,71
43,0.00538262166082859,0.005243516992777586,0.053308356553316116,0.04776269197463989,0.00538262166082859,0.005243516992777586,0.0001391046680510044,3,RNN,30,64,0.1,0.0005,32,"MinMaxScaler(-1,1)",20,150,val_loss,51,0.004724228288978338,71
44,0.0054219309240579605,0.005210916046053171,0.053723596036434174,0.04755431413650513,0.0054219309240579605,0.005210916046053171,0.00021101487800478935,3,RNN,30,64,0.1,0.0005,32,"MinMaxScaler(-1,1)",20,150,val_loss,51,0.004724228288978338,71
45,0.005484899040311575,0.004817007575184107,0.05450408533215523,0.04629300534725189,0.005484899040311575,0.004817007575184107,0.0006678914651274681,3,RNN,30,64,0.1,0.0005,32,"MinMaxScaler(-1,1)",20,150,val_loss,51,0.004724228288978338,71
46,0.005405617877840996,0.00500093586742878,0.053371861577034,0.0465303510427475,0.005405617877840996,0.00500093586742878,0.0004046820104122162,3,RNN,30,64,0.1,0.0005,32,"MinMaxScaler(-1,1)",20,150,val_loss,51,0.004724228288978338,71
47,0.005375389475375414,0.004813211038708687,0.05359296128153801,0.04613324627280235,0.005375389475375414,0.004813211038708687,0.0005621784366667271,3,RNN,30,64,0.1,0.0005,32,"MinMaxScaler(-1,1)",20,150,val_loss,51,0.004724228288978338,71
48,0.00533404340967536,0.005545018706470728,0.053002823144197464,0.04939413443207741,0.00533404340967536,0.005545018706470728,0.0002109752967953682,3,RNN,30,64,0.1,0.0005,32,"MinMaxScaler(-1,1)",20,150,val_loss,51,0.004724228288978338,71
49,0.0052805072627961636,0.004936899524182081,0.052908897399902344,0.04651542007923126,0.0052805072627961636,0.004936899524182081,0.00034360773861408234,3,RNN,30,64,0.1,0.0005,32,"MinMaxScaler(-1,1)",20,150,val_loss,51,0.004724228288978338,71
50,0.0053171212784945965,0.004744651727378368,0.052714426070451736,0.04606448858976364,0.0053171212784945965,0.004744651727378368,0.0005724695511162281,3,RNN,30,64,0.1,0.0005,32,"MinMaxScaler(-1,1)",20,150,val_loss,51,0.004724228288978338,71
51,0.005118151661008596,0.004724228288978338,0.052362896502017975,0.045588262379169464,0.005118151661008596,0.004724228288978338,0.0003939233720302582,3,RNN,30,64,0.1,0.0005,32,"MinMaxScaler(-1,1)",20,150,val_loss,51,0.004724228288978338,71
52,0.005199860315769911,0.004756925627589226,0.0523800253868103,0.04562847688794136,0.005199860315769911,0.004756925627589226,0.00044293468818068504,3,RNN,30,64,0.1,0.0005,32,"MinMaxScaler(-1,1)",20,150,val_loss,51,0.004724228288978338,71
53,0.0052567399106919765,0.004765061195939779,0.052281007170677185,0.045534707605838776,0.0052567399106919765,0.004765061195939779,0.0004916787147521973,3,RNN,30,64,0.1,0.0005,32,"MinMaxScaler(-1,1)",20,150,val_loss,51,0.004724228288978338,71
54,0.005097582004964352,0.004798058420419693,0.05126312002539635,0.045596834272146225,0.005097582004964352,0.004798058420419693,0.00029952358454465866,3,RNN,30,64,0.1,0.0005,32,"MinMaxScaler(-1,1)",20,150,val_loss,51,0.004724228288978338,71
55,0.0050734891556203365,0.00497094914317131,0.05190827324986458,0.04634690284729004,0.0050734891556203365,0.00497094914317131,0.00010254001244902611,3,RNN,30,64,0.1,0.0005,32,"MinMaxScaler(-1,1)",20,150,val_loss,51,0.004724228288978338,71
56,0.005149858072400093,0.005378893110901117,0.051461949944496155,0.04910965636372566,0.005149858072400093,0.005378893110901117,0.00022903503850102425,3,RNN,30,64,0.1,0.0005,32,"MinMaxScaler(-1,1)",20,150,val_loss,51,0.004724228288978338,71
57,0.005167347379028797,0.005252518225461245,0.052037812769412994,0.04771294817328453,0.005167347379028797,0.005252518225461245,8.517084643244743e-05,3,RNN,30,64,0.1,0.0005,32,"MinMaxScaler(-1,1)",20,150,val_loss,51,0.004724228288978338,71
58,0.0050088874995708466,0.005511201452463865,0.05145340785384178,0.04987803101539612,0.0050088874995708466,0.005511201452463865,0.0005023139528930187,3,RNN,30,64,0.1,0.0005,32,"MinMaxScaler(-1,1)",20,150,val_loss,51,0.004724228288978338,71
59,0.004988427273929119,0.00526407640427351,0.05106056481599808,0.048304107040166855,0.004988427273929119,0.00526407640427351,0.00027564913034439087,3,RNN,30,64,0.1,0.0005,32,"MinMaxScaler(-1,1)",20,150,val_loss,51,0.004724228288978338,71
60,0.004995353519916534,0.005254069808870554,0.05110969394445419,0.04818284139037132,0.004995353519916534,0.005254069808870554,0.00025871628895401955,3,RNN,30,64,0.1,0.0005,32,"MinMaxScaler(-1,1)",20,150,val_loss,51,0.004724228288978338,71
61,0.005045914091169834,0.005040499847382307,0.051426615566015244,0.0469391755759716,0.005045914091169834,0.005040499847382307,5.414243787527084e-06,3,RNN,30,64,0.1,0.0005,32,"MinMaxScaler(-1,1)",20,150,val_loss,51,0.004724228288978338,71
62,0.005038549657911062,0.0050932876765728,0.051490481942892075,0.04692321643233299,0.005038549657911062,0.0050932876765728,5.473801866173744e-05,3,RNN,30,64,0.1,0.0005,32,"MinMaxScaler(-1,1)",20,150,val_loss,51,0.004724228288978338,71
63,0.004930354654788971,0.004982820712029934,0.05086440220475197,0.046186912804841995,0.004930354654788971,0.004982820712029934,5.246605724096298e-05,3,RNN,30,64,0.1,0.0005,32,"MinMaxScaler(-1,1)",20,150,val_loss,51,0.004724228288978338,71
64,0.004950354807078838,0.005289392080157995,0.05045657977461815,0.04837131127715111,0.004950354807078838,0.005289392080157995,0.0003390372730791569,3,RNN,30,64,0.1,0.0005,32,"MinMaxScaler(-1,1)",20,150,val_loss,51,0.004724228288978338,71
65,0.004950957838445902,0.005364270880818367,0.050998102873563766,0.04905184358358383,0.004950957838445902,0.005364270880818367,0.00041331304237246513,3,RNN,30,64,0.1,0.0005,32,"MinMaxScaler(-1,1)",20,150,val_loss,51,0.004724228288978338,71
66,0.0051457518711686134,0.004993345122784376,0.05098845809698105,0.04658513143658638,0.0051457518711686134,0.004993345122784376,0.0001524067483842373,3,RNN,30,64,0.1,0.0005,32,"MinMaxScaler(-1,1)",20,150,val_loss,51,0.004724228288978338,71
67,0.004968238994479179,0.0048493267968297005,0.05070320889353752,0.045572515577077866,0.004968238994479179,0.0048493267968297005,0.00011891219764947891,3,RNN,30,64,0.1,0.0005,32,"MinMaxScaler(-1,1)",20,150,val_loss,51,0.004724228288978338,71
68,0.004964813124388456,0.004729654174298048,0.05017085373401642,0.04506069794297218,0.004964813124388456,0.004729654174298048,0.00023515895009040833,3,RNN,30,64,0.1,0.0005,32,"MinMaxScaler(-1,1)",20,150,val_loss,51,0.004724228288978338,71
69,0.004905374255031347,0.004725990351289511,0.050279002636671066,0.044807322323322296,0.004905374255031347,0.004725990351289511,0.00017938390374183655,3,RNN,30,64,0.1,0.0005,32,"MinMaxScaler(-1,1)",20,150,val_loss,51,0.004724228288978338,71
70,0.004759418778121471,0.004858402535319328,0.049237411469221115,0.04548090696334839,0.004759418778121471,0.004858402535319328,9.89837571978569e-05,3,RNN,30,64,0.1,0.0005,32,"MinMaxScaler(-1,1)",20,150,val_loss,51,0.004724228288978338,71
71,0.004857168532907963,0.004937720485031605,0.04969432204961777,0.04599355161190033,0.004857168532907963,0.004937720485031605,8.055195212364197e-05,3,RNN,30,64,0.1,0.0005,32,"MinMaxScaler(-1,1)",20,150,val_loss,51,0.004724228288978338,71
1,0.04652447998523712,0.01601768285036087,0.15682008862495422,0.10043225437402725,0.04652447998523712,0.01601768285036087,0.03050679713487625,4,RNN,30,64,0.1,0.0005,32,"MinMaxScaler(-1,1)",20,150,val_loss,125,0.0032177488319575787,145
2,0.01866517774760723,0.010606574825942516,0.10363166034221649,0.0798783004283905,0.01866517774760723,0.010606574825942516,0.008058602921664715,4,RNN,30,64,0.1,0.0005,32,"MinMaxScaler(-1,1)",20,150,val_loss,125,0.0032177488319575787,145
3,0.014697189442813396,0.00866876170039177,0.09181433916091919,0.07148207724094391,0.014697189442813396,0.00866876170039177,0.006028427742421627,4,RNN,30,64,0.1,0.0005,32,"MinMaxScaler(-1,1)",20,150,val_loss,125,0.0032177488319575787,145
4,0.012988390401005745,0.007672193925827742,0.0864138975739479,0.0656038224697113,0.012988390401005745,0.007672193925827742,0.005316196475178003,4,RNN,30,64,0.1,0.0005,32,"MinMaxScaler(-1,1)",20,150,val_loss,125,0.0032177488319575787,145
5,0.011520186439156532,0.006882379297167063,0.08144383877515793,0.0617043673992157,0.011520186439156532,0.006882379297167063,0.0046378071419894695,4,RNN,30,64,0.1,0.0005,32,"MinMaxScaler(-1,1)",20,150,val_loss,125,0.0032177488319575787,145
6,0.011154824867844582,0.0065215048380196095,0.07928961515426636,0.05957101657986641,0.011154824867844582,0.0065215048380196095,0.004633320029824972,4,RNN,30,64,0.1,0.0005,32,"MinMaxScaler(-1,1)",20,150,val_loss,125,0.0032177488319575787,145
7,0.010587180964648724,0.0062297009862959385,0.07774265855550766,0.0579303577542305,0.010587180964648724,0.0062297009862959385,0.004357479978352785,4,RNN,30,64,0.1,0.0005,32,"MinMaxScaler(-1,1)",20,150,val_loss,125,0.0032177488319575787,145
8,0.009705808013677597,0.006031055469065905,0.07448653131723404,0.05658101290464401,0.009705808013677597,0.006031055469065905,0.0036747525446116924,4,RNN,30,64,0.1,0.0005,32,"MinMaxScaler(-1,1)",20,150,val_loss,125,0.0032177488319575787,145
9,0.009616958908736706,0.0056528691202402115,0.07406095415353775,0.054554641246795654,0.009616958908736706,0.0056528691202402115,0.003964089788496494,4,RNN,30,64,0.1,0.0005,32,"MinMaxScaler(-1,1)",20,150,val_loss,125,0.0032177488319575787,145
10,0.009228709153831005,0.005699174478650093,0.07216242700815201,0.055404454469680786,0.009228709153831005,0.005699174478650093,0.003529534675180912,4,RNN,30,64,0.1,0.0005,32,"MinMaxScaler(-1,1)",20,150,val_loss,125,0.0032177488319575787,145
11,0.008567940443754196,0.005473571829497814,0.06948959082365036,0.05355796217918396,0.008567940443754196,0.005473571829497814,0.003094368614256382,4,RNN,30,64,0.1,0.0005,32,"MinMaxScaler(-1,1)",20,150,val_loss,125,0.0032177488319575787,145
12,0.00818505696952343,0.005308232270181179,0.06809769570827484,0.05221228301525116,0.00818505696952343,0.005308232270181179,0.002876824699342251,4,RNN,30,64,0.1,0.0005,32,"MinMaxScaler(-1,1)",20,150,val_loss,125,0.0032177488319575787,145
13,0.00808730535209179,0.005236634984612465,0.067503422498703,0.05192078277468681,0.00808730535209179,0.005236634984612465,0.0028506703674793243,4,RNN,30,64,0.1,0.0005,32,"MinMaxScaler(-1,1)",20,150,val_loss,125,0.0032177488319575787,145
14,0.007621615193784237,0.0052861496806144714,0.06505871564149857,0.05227922648191452,0.007621615193784237,0.0052861496806144714,0.0023354655131697655,4,RNN,30,64,0.1,0.0005,32,"MinMaxScaler(-1,1)",20,150,val_loss,125,0.0032177488319575787,145
15,0.007920498959720135,0.005138478707522154,0.06600460410118103,0.05076053366065025,0.007920498959720135,0.005138478707522154,0.002782020252197981,4,RNN,30,64,0.1,0.0005,32,"MinMaxScaler(-1,1)",20,150,val_loss,125,0.0032177488319575787,145
16,0.007366495206952095,0.005122979637235403,0.06404507160186768,0.050669264048337936,0.007366495206952095,0.005122979637235403,0.002243515569716692,4,RNN,30,64,0.1,0.0005,32,"MinMaxScaler(-1,1)",20,150,val_loss,125,0.0032177488319575787,145
17,0.007142918184399605,0.005191471893340349,0.06343753635883331,0.05113094300031662,0.007142918184399605,0.005191471893340349,0.0019514462910592556,4,RNN,30,64,0.1,0.0005,32,"MinMaxScaler(-1,1)",20,150,val_loss,125,0.0032177488319575787,145
18,0.007131635677069426,0.0049666413106024265,0.06304202973842621,0.049472689628601074,0.007131635677069426,0.0049666413106024265,0.002164994366466999,4,RNN,30,64,0.1,0.0005,32,"MinMaxScaler(-1,1)",20,150,val_loss,125,0.0032177488319575787,145
19,0.00691562332212925,0.005073760636150837,0.06186593323945999,0.05002020299434662,0.00691562332212925,0.005073760636150837,0.0018418626859784126,4,RNN,30,64,0.1,0.0005,32,"MinMaxScaler(-1,1)",20,150,val_loss,125,0.0032177488319575787,145
20,0.006972668692469597,0.004955669399350882,0.06235039606690407,0.04928651079535484,0.006972668692469597,0.004955669399350882,0.0020169992931187153,4,RNN,30,64,0.1,0.0005,32,"MinMaxScaler(-1,1)",20,150,val_loss,125,0.0032177488319575787,145
21,0.006803292315453291,0.00506355706602335,0.06137200817465782,0.05003344640135765,0.006803292315453291,0.00506355706602335,0.0017397352494299412,4,RNN,30,64,0.1,0.0005,32,"MinMaxScaler(-1,1)",20,150,val_loss,125,0.0032177488319575787,145
22,0.0066388556733727455,0.004906848073005676,0.060585323721170425,0.04855493828654289,0.0066388556733727455,0.004906848073005676,0.0017320076003670692,4,RNN,30,64,0.1,0.0005,32,"MinMaxScaler(-1,1)",20,150,val_loss,125,0.0032177488319575787,145
23,0.006577520165592432,0.0050917090848088264,0.06039905920624733,0.04972577467560768,0.006577520165592432,0.0050917090848088264,0.0014858110807836056,4,RNN,30,64,0.1,0.0005,32,"MinMaxScaler(-1,1)",20,150,val_loss,125,0.0032177488319575787,145
24,0.006449444685131311,0.004937504883855581,0.0592137835919857,0.048766523599624634,0.006449444685131311,0.004937504883855581,0.0015119398012757301,4,RNN,30,64,0.1,0.0005,32,"MinMaxScaler(-1,1)",20,150,val_loss,125,0.0032177488319575787,145
25,0.0062134163454174995,0.004862310364842415,0.05842763930559158,0.04816537722945213,0.0062134163454174995,0.004862310364842415,0.0013511059805750847,4,RNN,30,64,0.1,0.0005,32,"MinMaxScaler(-1,1)",20,150,val_loss,125,0.0032177488319575787,145
26,0.006278987508267164,0.00488556083291769,0.059204574674367905,0.04835614934563637,0.006278987508267164,0.00488556083291769,0.001393426675349474,4,RNN,30,64,0.1,0.0005,32,"MinMaxScaler(-1,1)",20,150,val_loss,125,0.0032177488319575787,145
27,0.006060448940843344,0.004791884683072567,0.0575801357626915,0.04790647327899933,0.006060448940843344,0.004791884683072567,0.0012685642577707767,4,RNN,30,64,0.1,0.0005,32,"MinMaxScaler(-1,1)",20,150,val_loss,125,0.0032177488319575787,145
28,0.006137433927506208,0.004755521658807993,0.05759872496128082,0.047308117151260376,0.006137433927506208,0.004755521658807993,0.0013819122686982155,4,RNN,30,64,0.1,0.0005,32,"MinMaxScaler(-1,1)",20,150,val_loss,125,0.0032177488319575787,145
29,0.006024193949997425,0.00474184425547719,0.05726999044418335,0.04735630005598068,0.006024193949997425,0.00474184425547719,0.001282349694520235,4,RNN,30,64,0.1,0.0005,32,"MinMaxScaler(-1,1)",20,150,val_loss,125,0.0032177488319575787,145
30,0.005947257857769728,0.004955957643687725,0.05726388841867447,0.04927819222211838,0.005947257857769728,0.004955957643687725,0.0009913002140820026,4,RNN,30,64,0.1,0.0005,32,"MinMaxScaler(-1,1)",20,150,val_loss,125,0.0032177488319575787,145
31,0.0058953952975571156,0.004698007833212614,0.05633461847901344,0.04711470752954483,0.0058953952975571156,0.004698007833212614,0.0011973874643445015,4,RNN,30,64,0.1,0.0005,32,"MinMaxScaler(-1,1)",20,150,val_loss,125,0.0032177488319575787,145
32,0.005986058618873358,0.0047384207136929035,0.05643780902028084,0.04751645401120186,0.005986058618873358,0.0047384207136929035,0.0012476379051804543,4,RNN,30,64,0.1,0.0005,32,"MinMaxScaler(-1,1)",20,150,val_loss,125,0.0032177488319575787,145
33,0.0058117336593568325,0.004738904070109129,0.055965855717659,0.048049744218587875,0.0058117336593568325,0.004738904070109129,0.0010728295892477036,4,RNN,30,64,0.1,0.0005,32,"MinMaxScaler(-1,1)",20,150,val_loss,125,0.0032177488319575787,145
34,0.005854883696883917,0.004665671847760677,0.05593223124742508,0.047079604119062424,0.005854883696883917,0.004665671847760677,0.0011892118491232395,4,RNN,30,64,0.1,0.0005,32,"MinMaxScaler(-1,1)",20,150,val_loss,125,0.0032177488319575787,145
35,0.0056824153289198875,0.004640439059585333,0.05554031580686569,0.046774886548519135,0.0056824153289198875,0.004640439059585333,0.0010419762693345547,4,RNN,30,64,0.1,0.0005,32,"MinMaxScaler(-1,1)",20,150,val_loss,125,0.0032177488319575787,145
36,0.005629921332001686,0.004441681783646345,0.05528074502944946,0.045456647872924805,0.005629921332001686,0.004441681783646345,0.001188239548355341,4,RNN,30,64,0.1,0.0005,32,"MinMaxScaler(-1,1)",20,150,val_loss,125,0.0032177488319575787,145
37,0.005556297954171896,0.004623305518180132,0.05485692620277405,0.04687882959842682,0.005556297954171896,0.004623305518180132,0.0009329924359917641,4,RNN,30,64,0.1,0.0005,32,"MinMaxScaler(-1,1)",20,150,val_loss,125,0.0032177488319575787,145
38,0.005684881005436182,0.00452082185074687,0.05449903383851051,0.0458868108689785,0.005684881005436182,0.00452082185074687,0.001164059154689312,4,RNN,30,64,0.1,0.0005,32,"MinMaxScaler(-1,1)",20,150,val_loss,125,0.0032177488319575787,145
39,0.005492380354553461,0.004616609774529934,0.054411984980106354,0.046921003609895706,0.005492380354553461,0.004616609774529934,0.0008757705800235271,4,RNN,30,64,0.1,0.0005,32,"MinMaxScaler(-1,1)",20,150,val_loss,125,0.0032177488319575787,145
40,0.0055603389628231525,0.004415716510266066,0.05397631227970123,0.045128561556339264,0.0055603389628231525,0.004415716510266066,0.001144622452557087,4,RNN,30,64,0.1,0.0005,32,"MinMaxScaler(-1,1)",20,150,val_loss,125,0.0032177488319575787,145
41,0.0055093844421207905,0.004612653516232967,0.05417652428150177,0.046779487282037735,0.0055093844421207905,0.004612653516232967,0.0008967309258878231,4,RNN,30,64,0.1,0.0005,32,"MinMaxScaler(-1,1)",20,150,val_loss,125,0.0032177488319575787,145
42,0.005374801345169544,0.004373194184154272,0.05384755879640579,0.04472481459379196,0.005374801345169544,0.004373194184154272,0.0010016071610152721,4,RNN,30,64,0.1,0.0005,32,"MinMaxScaler(-1,1)",20,150,val_loss,125,0.0032177488319575787,145
43,0.005265303421765566,0.004507514648139477,0.0530322790145874,0.046212904155254364,0.005265303421765566,0.004507514648139477,0.0007577887736260891,4,RNN,30,64,0.1,0.0005,32,"MinMaxScaler(-1,1)",20,150,val_loss,125,0.0032177488319575787,145
44,0.005324170459061861,0.0044503239914774895,0.053169477730989456,0.04570607841014862,0.005324170459061861,0.0044503239914774895,0.0008738464675843716,4,RNN,30,64,0.1,0.0005,32,"MinMaxScaler(-1,1)",20,150,val_loss,125,0.0032177488319575787,145
45,0.005421316251158714,0.004403714090585709,0.05346745252609253,0.045275114476680756,0.005421316251158714,0.004403714090585709,0.0010176021605730057,4,RNN,30,64,0.1,0.0005,32,"MinMaxScaler(-1,1)",20,150,val_loss,125,0.0032177488319575787,145
46,0.0052787503227591515,0.004314745310693979,0.05273650959134102,0.045152757316827774,0.0052787503227591515,0.004314745310693979,0.0009640050120651722,4,RNN,30,64,0.1,0.0005,32,"MinMaxScaler(-1,1)",20,150,val_loss,125,0.0032177488319575787,145
47,0.005430974066257477,0.004471000749617815,0.05396321415901184,0.04632844030857086,0.005430974066257477,0.004471000749617815,0.0009599733166396618,4,RNN,30,64,0.1,0.0005,32,"MinMaxScaler(-1,1)",20,150,val_loss,125,0.0032177488319575787,145
48,0.005158538930118084,0.0044063543900847435,0.052012354135513306,0.04553213715553284,0.005158538930118084,0.0044063543900847435,0.0007521845400333405,4,RNN,30,64,0.1,0.0005,32,"MinMaxScaler(-1,1)",20,150,val_loss,125,0.0032177488319575787,145
49,0.005266490858048201,0.004358128644526005,0.0527009554207325,0.04539692401885986,0.005266490858048201,0.004358128644526005,0.0009083622135221958,4,RNN,30,64,0.1,0.0005,32,"MinMaxScaler(-1,1)",20,150,val_loss,125,0.0032177488319575787,145
50,0.005163696128875017,0.004176237620413303,0.05210253223776817,0.043697766959667206,0.005163696128875017,0.004176237620413303,0.0009874585084617138,4,RNN,30,64,0.1,0.0005,32,"MinMaxScaler(-1,1)",20,150,val_loss,125,0.0032177488319575787,145
51,0.005000068340450525,0.004162544850260019,0.05129167437553406,0.043687544763088226,0.005000068340450525,0.004162544850260019,0.000837523490190506,4,RNN,30,64,0.1,0.0005,32,"MinMaxScaler(-1,1)",20,150,val_loss,125,0.0032177488319575787,145
52,0.004987842403352261,0.0041406359523534775,0.05119302123785019,0.043655309826135635,0.004987842403352261,0.0041406359523534775,0.0008472064509987831,4,RNN,30,64,0.1,0.0005,32,"MinMaxScaler(-1,1)",20,150,val_loss,125,0.0032177488319575787,145
53,0.005138245411217213,0.004373493604362011,0.05191565677523613,0.045257315039634705,0.005138245411217213,0.004373493604362011,0.0007647518068552017,4,RNN,30,64,0.1,0.0005,32,"MinMaxScaler(-1,1)",20,150,val_loss,125,0.0032177488319575787,145
54,0.0050396122969686985,0.004179796203970909,0.05117108300328255,0.0439731702208519,0.0050396122969686985,0.004179796203970909,0.0008598160929977894,4,RNN,30,64,0.1,0.0005,32,"MinMaxScaler(-1,1)",20,150,val_loss,125,0.0032177488319575787,145
55,0.005018890369683504,0.004222709685564041,0.051266033202409744,0.04424094781279564,0.005018890369683504,0.004222709685564041,0.000796180684119463,4,RNN,30,64,0.1,0.0005,32,"MinMaxScaler(-1,1)",20,150,val_loss,125,0.0032177488319575787,145
56,0.00498054176568985,0.004034981597214937,0.05108148604631424,0.04316495358943939,0.00498054176568985,0.004034981597214937,0.0009455601684749126,4,RNN,30,64,0.1,0.0005,32,"MinMaxScaler(-1,1)",20,150,val_loss,125,0.0032177488319575787,145
57,0.004956961143761873,0.004493137821555138,0.05067625269293785,0.047472793608903885,0.004956961143761873,0.004493137821555138,0.0004638233222067356,4,RNN,30,64,0.1,0.0005,32,"MinMaxScaler(-1,1)",20,150,val_loss,125,0.0032177488319575787,145
58,0.004974358715116978,0.0041968077421188354,0.05099618434906006,0.04475519061088562,0.004974358715116978,0.0041968077421188354,0.0007775509729981422,4,RNN,30,64,0.1,0.0005,32,"MinMaxScaler(-1,1)",20,150,val_loss,125,0.0032177488319575787,145
59,0.004892354365438223,0.004156734328716993,0.05067846551537514,0.04402367025613785,0.004892354365438223,0.004156734328716993,0.0007356200367212296,4,RNN,30,64,0.1,0.0005,32,"MinMaxScaler(-1,1)",20,150,val_loss,125,0.0032177488319575787,145
60,0.004910380579531193,0.004066882189363241,0.05041275918483734,0.04367484152317047,0.004910380579531193,0.004066882189363241,0.0008434983901679516,4,RNN,30,64,0.1,0.0005,32,"MinMaxScaler(-1,1)",20,150,val_loss,125,0.0032177488319575787,145
61,0.0048583862371742725,0.004121684934943914,0.050100259482860565,0.044097304344177246,0.0048583862371742725,0.004121684934943914,0.0007367013022303581,4,RNN,30,64,0.1,0.0005,32,"MinMaxScaler(-1,1)",20,150,val_loss,125,0.0032177488319575787,145
62,0.004809325560927391,0.004050024785101414,0.04963110387325287,0.043038446456193924,0.004809325560927391,0.004050024785101414,0.0007593007758259773,4,RNN,30,64,0.1,0.0005,32,"MinMaxScaler(-1,1)",20,150,val_loss,125,0.0032177488319575787,145
63,0.005067849066108465,0.00400566216558218,0.051256828010082245,0.04299883171916008,0.005067849066108465,0.00400566216558218,0.0010621869005262852,4,RNN,30,64,0.1,0.0005,32,"MinMaxScaler(-1,1)",20,150,val_loss,125,0.0032177488319575787,145
64,0.004836536943912506,0.0038912480231374502,0.05024225637316704,0.04268002510070801,0.004836536943912506,0.0038912480231374502,0.0009452889207750559,4,RNN,30,64,0.1,0.0005,32,"MinMaxScaler(-1,1)",20,150,val_loss,125,0.0032177488319575787,145
65,0.00488068675622344,0.0038191003259271383,0.05032261833548546,0.042167969048023224,0.00488068675622344,0.0038191003259271383,0.0010615864302963018,4,RNN,30,64,0.1,0.0005,32,"MinMaxScaler(-1,1)",20,150,val_loss,125,0.0032177488319575787,145
66,0.004647661931812763,0.0037940507754683495,0.049050599336624146,0.04182630032300949,0.004647661931812763,0.0037940507754683495,0.0008536111563444138,4,RNN,30,64,0.1,0.0005,32,"MinMaxScaler(-1,1)",20,150,val_loss,125,0.0032177488319575787,145
67,0.004841380752623081,0.0038245385512709618,0.050371620804071426,0.04216327890753746,0.004841380752623081,0.0038245385512709618,0.0010168422013521194,4,RNN,30,64,0.1,0.0005,32,"MinMaxScaler(-1,1)",20,150,val_loss,125,0.0032177488319575787,145
68,0.004618452396243811,0.003925682976841927,0.04911471903324127,0.04312783479690552,0.004618452396243811,0.003925682976841927,0.0006927694194018841,4,RNN,30,64,0.1,0.0005,32,"MinMaxScaler(-1,1)",20,150,val_loss,125,0.0032177488319575787,145
69,0.004726218059659004,0.003861217526718974,0.04940403997898102,0.04244738817214966,0.004726218059659004,0.003861217526718974,0.0008650005329400301,4,RNN,30,64,0.1,0.0005,32,"MinMaxScaler(-1,1)",20,150,val_loss,125,0.0032177488319575787,145
70,0.004680979065597057,0.003911276813596487,0.0490301139652729,0.04322279244661331,0.004680979065597057,0.003911276813596487,0.0007697022520005703,4,RNN,30,64,0.1,0.0005,32,"MinMaxScaler(-1,1)",20,150,val_loss,125,0.0032177488319575787,145
71,0.004612558055669069,0.0038552272599190474,0.04862064868211746,0.04281274601817131,0.004612558055669069,0.0038552272599190474,0.0007573307957500219,4,RNN,30,64,0.1,0.0005,32,"MinMaxScaler(-1,1)",20,150,val_loss,125,0.0032177488319575787,145
72,0.004750909749418497,0.003853218164294958,0.04888410121202469,0.04219479858875275,0.004750909749418497,0.003853218164294958,0.000897691585123539,4,RNN,30,64,0.1,0.0005,32,"MinMaxScaler(-1,1)",20,150,val_loss,125,0.0032177488319575787,145
73,0.004510762169957161,0.0037371439393609762,0.048316992819309235,0.04143597185611725,0.004510762169957161,0.0037371439393609762,0.0007736182305961847,4,RNN,30,64,0.1,0.0005,32,"MinMaxScaler(-1,1)",20,150,val_loss,125,0.0032177488319575787,145
74,0.0047177160158753395,0.0037243664264678955,0.04963519796729088,0.04202847182750702,0.0047177160158753395,0.0037243664264678955,0.000993349589407444,4,RNN,30,64,0.1,0.0005,32,"MinMaxScaler(-1,1)",20,150,val_loss,125,0.0032177488319575787,145
75,0.00470556179061532,0.0037913713604211807,0.04929907247424126,0.04217718541622162,0.00470556179061532,0.0037913713604211807,0.0009141904301941395,4,RNN,30,64,0.1,0.0005,32,"MinMaxScaler(-1,1)",20,150,val_loss,125,0.0032177488319575787,145
76,0.004634273704141378,0.003891898784786463,0.048976823687553406,0.04280117526650429,0.004634273704141378,0.003891898784786463,0.0007423749193549156,4,RNN,30,64,0.1,0.0005,32,"MinMaxScaler(-1,1)",20,150,val_loss,125,0.0032177488319575787,145
77,0.004584798123687506,0.0037376275286078453,0.0483110211789608,0.04125845059752464,0.004584798123687506,0.0037376275286078453,0.0008471705950796604,4,RNN,30,64,0.1,0.0005,32,"MinMaxScaler(-1,1)",20,150,val_loss,125,0.0032177488319575787,145
78,0.004407871980220079,0.0037985488306730986,0.047211598604917526,0.04204878583550453,0.004407871980220079,0.0037985488306730986,0.0006093231495469809,4,RNN,30,64,0.1,0.0005,32,"MinMaxScaler(-1,1)",20,150,val_loss,125,0.0032177488319575787,145
79,0.0046020373702049255,0.0037630335427820683,0.04846262186765671,0.04192541539669037,0.0046020373702049255,0.0037630335427820683,0.0008390038274228573,4,RNN,30,64,0.1,0.0005,32,"MinMaxScaler(-1,1)",20,150,val_loss,125,0.0032177488319575787,145
80,0.004649330861866474,0.0036199060268700123,0.0485735759139061,0.04099390283226967,0.004649330861866474,0.0036199060268700123,0.0010294248349964619,4,RNN,30,64,0.1,0.0005,32,"MinMaxScaler(-1,1)",20,150,val_loss,125,0.0032177488319575787,145
81,0.004416022915393114,0.0037574025336652994,0.04748207703232765,0.04198044538497925,0.004416022915393114,0.0037574025336652994,0.0006586203817278147,4,RNN,30,64,0.1,0.0005,32,"MinMaxScaler(-1,1)",20,150,val_loss,125,0.0032177488319575787,145
82,0.004401153884828091,0.003793252632021904,0.04754221439361572,0.04245923459529877,0.004401153884828091,0.003793252632021904,0.0006079012528061867,4,RNN,30,64,0.1,0.0005,32,"MinMaxScaler(-1,1)",20,150,val_loss,125,0.0032177488319575787,145
83,0.004429804161190987,0.0036552667152136564,0.04756719991564751,0.041104964911937714,0.004429804161190987,0.0036552667152136564,0.0007745374459773302,4,RNN,30,64,0.1,0.0005,32,"MinMaxScaler(-1,1)",20,150,val_loss,125,0.0032177488319575787,145
84,0.004324810579419136,0.0037938696332275867,0.046998586505651474,0.042294494807720184,0.004324810579419136,0.0037938696332275867,0.0005309409461915493,4,RNN,30,64,0.1,0.0005,32,"MinMaxScaler(-1,1)",20,150,val_loss,125,0.0032177488319575787,145
85,0.004547222517430782,0.003632444655522704,0.048102229833602905,0.04137902334332466,0.004547222517430782,0.003632444655522704,0.0009147778619080782,4,RNN,30,64,0.1,0.0005,32,"MinMaxScaler(-1,1)",20,150,val_loss,125,0.0032177488319575787,145
86,0.0045239864848554134,0.0036406239960342646,0.04812485724687576,0.041209351271390915,0.0045239864848554134,0.0036406239960342646,0.0008833624888211489,4,RNN,30,64,0.1,0.0005,32,"MinMaxScaler(-1,1)",20,150,val_loss,125,0.0032177488319575787,145
87,0.004521269351243973,0.003598797833546996,0.04781337454915047,0.041212160140275955,0.004521269351243973,0.003598797833546996,0.0009224715176969767,4,RNN,30,64,0.1,0.0005,32,"MinMaxScaler(-1,1)",20,150,val_loss,125,0.0032177488319575787,145
88,0.004318503197282553,0.0034969423431903124,0.0470934733748436,0.040154844522476196,0.004318503197282553,0.0034969423431903124,0.0008215608540922403,4,RNN,30,64,0.1,0.0005,32,"MinMaxScaler(-1,1)",20,150,val_loss,125,0.0032177488319575787,145
89,0.004387950990349054,0.003793880110606551,0.04711607098579407,0.0428834892809391,0.004387950990349054,0.003793880110606551,0.0005940708797425032,4,RNN,30,64,0.1,0.0005,32,"MinMaxScaler(-1,1)",20,150,val_loss,125,0.0032177488319575787,145
90,0.004412819165736437,0.003805099753662944,0.04717628285288811,0.04353028163313866,0.004412819165736437,0.003805099753662944,0.000607719412073493,4,RNN,30,64,0.1,0.0005,32,"MinMaxScaler(-1,1)",20,150,val_loss,125,0.0032177488319575787,145
91,0.004358441568911076,0.0035795129369944334,0.04700057953596115,0.04120204597711563,0.004358441568911076,0.0035795129369944334,0.0007789286319166422,4,RNN,30,64,0.1,0.0005,32,"MinMaxScaler(-1,1)",20,150,val_loss,125,0.0032177488319575787,145
92,0.004374905023723841,0.0034537140745669603,0.04689445346593857,0.040301769971847534,0.004374905023723841,0.0034537140745669603,0.0009211909491568804,4,RNN,30,64,0.1,0.0005,32,"MinMaxScaler(-1,1)",20,150,val_loss,125,0.0032177488319575787,145
93,0.004206008277833462,0.0036035804077982903,0.04588998481631279,0.04149257019162178,0.004206008277833462,0.0036035804077982903,0.0006024278700351715,4,RNN,30,64,0.1,0.0005,32,"MinMaxScaler(-1,1)",20,150,val_loss,125,0.0032177488319575787,145
94,0.004656516946852207,0.0034816553816199303,0.048739735037088394,0.04052574560046196,0.004656516946852207,0.0034816553816199303,0.001174861565232277,4,RNN,30,64,0.1,0.0005,32,"MinMaxScaler(-1,1)",20,150,val_loss,125,0.0032177488319575787,145
95,0.004374598152935505,0.0036692488938570023,0.04698168486356735,0.04201224446296692,0.004374598152935505,0.0036692488938570023,0.0007053492590785027,4,RNN,30,64,0.1,0.0005,32,"MinMaxScaler(-1,1)",20,150,val_loss,125,0.0032177488319575787,145
96,0.0044534229673445225,0.0034802171867340803,0.04716053977608681,0.0406184159219265,0.0044534229673445225,0.0034802171867340803,0.0009732057806104422,4,RNN,30,64,0.1,0.0005,32,"MinMaxScaler(-1,1)",20,150,val_loss,125,0.0032177488319575787,145
97,0.004457219038158655,0.003579024923965335,0.047388944774866104,0.041575245559215546,0.004457219038158655,0.003579024923965335,0.0008781941141933203,4,RNN,30,64,0.1,0.0005,32,"MinMaxScaler(-1,1)",20,150,val_loss,125,0.0032177488319575787,145
98,0.004221219569444656,0.0034321583807468414,0.04616030305624008,0.040216490626335144,0.004221219569444656,0.0034321583807468414,0.0007890611886978149,4,RNN,30,64,0.1,0.0005,32,"MinMaxScaler(-1,1)",20,150,val_loss,125,0.0032177488319575787,145
99,0.004236964508891106,0.0033952370285987854,0.04557883366942406,0.03929375857114792,0.004236964508891106,0.0033952370285987854,0.0008417274802923203,4,RNN,30,64,0.1,0.0005,32,"MinMaxScaler(-1,1)",20,150,val_loss,125,0.0032177488319575787,145
100,0.0041902330704033375,0.0034287702292203903,0.04613576456904411,0.03974923864006996,0.0041902330704033375,0.0034287702292203903,0.0007614628411829472,4,RNN,30,64,0.1,0.0005,32,"MinMaxScaler(-1,1)",20,150,val_loss,125,0.0032177488319575787,145
101,0.004306357819586992,0.0033480257261544466,0.04655648395419121,0.03946886584162712,0.004306357819586992,0.0033480257261544466,0.0009583320934325457,4,RNN,30,64,0.1,0.0005,32,"MinMaxScaler(-1,1)",20,150,val_loss,125,0.0032177488319575787,145
102,0.004173174500465393,0.003352469066157937,0.04587303474545479,0.038915060460567474,0.004173174500465393,0.003352469066157937,0.000820705434307456,4,RNN,30,64,0.1,0.0005,32,"MinMaxScaler(-1,1)",20,150,val_loss,125,0.0032177488319575787,145
103,0.00422187615185976,0.0034130907151848078,0.045728493481874466,0.03979805111885071,0.00422187615185976,0.0034130907151848078,0.0008087854366749525,4,RNN,30,64,0.1,0.0005,32,"MinMaxScaler(-1,1)",20,150,val_loss,125,0.0032177488319575787,145
104,0.004183405544608831,0.0034141181968152523,0.045771826058626175,0.03957847133278847,0.004183405544608831,0.0034141181968152523,0.0007692873477935791,4,RNN,30,64,0.1,0.0005,32,"MinMaxScaler(-1,1)",20,150,val_loss,125,0.0032177488319575787,145
105,0.004069664049893618,0.0033582651522010565,0.04512710124254227,0.039095912128686905,0.004069664049893618,0.0033582651522010565,0.0007113988976925611,4,RNN,30,64,0.1,0.0005,32,"MinMaxScaler(-1,1)",20,150,val_loss,125,0.0032177488319575787,145
106,0.004108620807528496,0.0034825264010578394,0.04518003389239311,0.03993918001651764,0.004108620807528496,0.0034825264010578394,0.0006260944064706564,4,RNN,30,64,0.1,0.0005,32,"MinMaxScaler(-1,1)",20,150,val_loss,125,0.0032177488319575787,145
107,0.004141584038734436,0.003317520022392273,0.04551587253808975,0.03882746025919914,0.004141584038734436,0.003317520022392273,0.0008240640163421631,4,RNN,30,64,0.1,0.0005,32,"MinMaxScaler(-1,1)",20,150,val_loss,125,0.0032177488319575787,145
108,0.004030211828649044,0.00354025699198246,0.04527800902724266,0.040567539632320404,0.004030211828649044,0.00354025699198246,0.000489954836666584,4,RNN,30,64,0.1,0.0005,32,"MinMaxScaler(-1,1)",20,150,val_loss,125,0.0032177488319575787,145
109,0.004248874727636576,0.003410883015021682,0.04618288576602936,0.03948559984564781,0.004248874727636576,0.003410883015021682,0.0008379917126148939,4,RNN,30,64,0.1,0.0005,32,"MinMaxScaler(-1,1)",20,150,val_loss,125,0.0032177488319575787,145
110,0.004127269610762596,0.003348418977111578,0.04490506276488304,0.03889649733901024,0.004127269610762596,0.003348418977111578,0.0007788506336510181,4,RNN,30,64,0.1,0.0005,32,"MinMaxScaler(-1,1)",20,150,val_loss,125,0.0032177488319575787,145
111,0.004078943748027086,0.0033326530829072,0.04463978111743927,0.0388270765542984,0.004078943748027086,0.0033326530829072,0.0007462906651198864,4,RNN,30,64,0.1,0.0005,32,"MinMaxScaler(-1,1)",20,150,val_loss,125,0.0032177488319575787,145
112,0.004134385380893946,0.003364453325048089,0.045355211943387985,0.03916429728269577,0.004134385380893946,0.003364453325048089,0.0007699320558458567,4,RNN,30,64,0.1,0.0005,32,"MinMaxScaler(-1,1)",20,150,val_loss,125,0.0032177488319575787,145
113,0.004088188987225294,0.0033446531742811203,0.04501140117645264,0.03901342675089836,0.004088188987225294,0.0033446531742811203,0.0007435358129441738,4,RNN,30,64,0.1,0.0005,32,"MinMaxScaler(-1,1)",20,150,val_loss,125,0.0032177488319575787,145
114,0.004091755952686071,0.0033293890301138163,0.04517722502350807,0.0386606864631176,0.004091755952686071,0.0033293890301138163,0.0007623669225722551,4,RNN,30,64,0.1,0.0005,32,"MinMaxScaler(-1,1)",20,150,val_loss,125,0.0032177488319575787,145
115,0.004092778079211712,0.003346938407048583,0.04498312622308731,0.039043135941028595,0.004092778079211712,0.003346938407048583,0.0007458396721631289,4,RNN,30,64,0.1,0.0005,32,"MinMaxScaler(-1,1)",20,150,val_loss,125,0.0032177488319575787,145
116,0.004033343866467476,0.0033152406103909016,0.044665079563856125,0.038702551275491714,0.004033343866467476,0.0033152406103909016,0.0007181032560765743,4,RNN,30,64,0.1,0.0005,32,"MinMaxScaler(-1,1)",20,150,val_loss,125,0.0032177488319575787,145
117,0.003971538040786982,0.00333143281750381,0.044186122715473175,0.038839634507894516,0.003971538040786982,0.00333143281750381,0.0006401052232831717,4,RNN,30,64,0.1,0.0005,32,"MinMaxScaler(-1,1)",20,150,val_loss,125,0.0032177488319575787,145
118,0.004143164958804846,0.003272488946095109,0.04538731276988983,0.0385017916560173,0.004143164958804846,0.003272488946095109,0.0008706760127097368,4,RNN,30,64,0.1,0.0005,32,"MinMaxScaler(-1,1)",20,150,val_loss,125,0.0032177488319575787,145
119,0.003907203208655119,0.00328529579564929,0.0441528744995594,0.03853307291865349,0.003907203208655119,0.00328529579564929,0.0006219074130058289,4,RNN,30,64,0.1,0.0005,32,"MinMaxScaler(-1,1)",20,150,val_loss,125,0.0032177488319575787,145
120,0.0039075156673789024,0.003332162043079734,0.044311296194791794,0.038977786898612976,0.0039075156673789024,0.003332162043079734,0.0005753536242991686,4,RNN,30,64,0.1,0.0005,32,"MinMaxScaler(-1,1)",20,150,val_loss,125,0.0032177488319575787,145
121,0.0038996865041553974,0.003305884310975671,0.04400389641523361,0.03866280987858772,0.0038996865041553974,0.003305884310975671,0.0005938021931797266,4,RNN,30,64,0.1,0.0005,32,"MinMaxScaler(-1,1)",20,150,val_loss,125,0.0032177488319575787,145
122,0.004067337606102228,0.0032922932878136635,0.044704996049404144,0.03858904913067818,0.004067337606102228,0.0032922932878136635,0.0007750443182885647,4,RNN,30,64,0.1,0.0005,32,"MinMaxScaler(-1,1)",20,150,val_loss,125,0.0032177488319575787,145
123,0.003968952223658562,0.003282290417701006,0.04438670724630356,0.03844704106450081,0.003968952223658562,0.003282290417701006,0.0006866618059575558,4,RNN,30,64,0.1,0.0005,32,"MinMaxScaler(-1,1)",20,150,val_loss,125,0.0032177488319575787,145
124,0.003914435859769583,0.0033133020624518394,0.04368188604712486,0.038841333240270615,0.003914435859769583,0.0033133020624518394,0.0006011337973177433,4,RNN,30,64,0.1,0.0005,32,"MinMaxScaler(-1,1)",20,150,val_loss,125,0.0032177488319575787,145
125,0.004012300167232752,0.0032177488319575787,0.04470791667699814,0.03820504620671272,0.004012300167232752,0.0032177488319575787,0.0007945513352751732,4,RNN,30,64,0.1,0.0005,32,"MinMaxScaler(-1,1)",20,150,val_loss,125,0.0032177488319575787,145
126,0.004034122452139854,0.0032464838586747646,0.04443289712071419,0.038299091160297394,0.004034122452139854,0.0032464838586747646,0.0007876385934650898,4,RNN,30,64,0.1,0.0005,32,"MinMaxScaler(-1,1)",20,150,val_loss,125,0.0032177488319575787,145
127,0.004080780781805515,0.0033218516036868095,0.04488701373338699,0.03857709467411041,0.004080780781805515,0.0033218516036868095,0.0007589291781187057,4,RNN,30,64,0.1,0.0005,32,"MinMaxScaler(-1,1)",20,150,val_loss,125,0.0032177488319575787,145
128,0.003904287703335285,0.003376535139977932,0.04417795315384865,0.03953815624117851,0.003904287703335285,0.003376535139977932,0.0005277525633573532,4,RNN,30,64,0.1,0.0005,32,"MinMaxScaler(-1,1)",20,150,val_loss,125,0.0032177488319575787,145
129,0.003834336996078491,0.003316529095172882,0.0437835268676281,0.03877219557762146,0.003834336996078491,0.003316529095172882,0.0005178079009056091,4,RNN,30,64,0.1,0.0005,32,"MinMaxScaler(-1,1)",20,150,val_loss,125,0.0032177488319575787,145
130,0.003904883051291108,0.003334066830575466,0.0438058078289032,0.03884207457304001,0.003904883051291108,0.003334066830575466,0.000570816220715642,4,RNN,30,64,0.1,0.0005,32,"MinMaxScaler(-1,1)",20,150,val_loss,125,0.0032177488319575787,145
131,0.004000742454081774,0.0032502294052392244,0.044238779693841934,0.03832363709807396,0.004000742454081774,0.0032502294052392244,0.0007505130488425493,4,RNN,30,64,0.1,0.0005,32,"MinMaxScaler(-1,1)",20,150,val_loss,125,0.0032177488319575787,145
132,0.003947968129068613,0.0033729467540979385,0.044036976993083954,0.03905976191163063,0.003947968129068613,0.0033729467540979385,0.0005750213749706745,4,RNN,30,64,0.1,0.0005,32,"MinMaxScaler(-1,1)",20,150,val_loss,125,0.0032177488319575787,145
133,0.004042374901473522,0.003309523221105337,0.04480759799480438,0.038670364767313004,0.004042374901473522,0.003309523221105337,0.000732851680368185,4,RNN,30,64,0.1,0.0005,32,"MinMaxScaler(-1,1)",20,150,val_loss,125,0.0032177488319575787,145
134,0.003919754642993212,0.0033475530799478292,0.043822694569826126,0.03877326846122742,0.003919754642993212,0.0033475530799478292,0.0005722015630453825,4,RNN,30,64,0.1,0.0005,32,"MinMaxScaler(-1,1)",20,150,val_loss,125,0.0032177488319575787,145
135,0.003941286355257034,0.003341379575431347,0.04373149201273918,0.03871940076351166,0.003941286355257034,0.003341379575431347,0.0005999067798256874,4,RNN,30,64,0.1,0.0005,32,"MinMaxScaler(-1,1)",20,150,val_loss,125,0.0032177488319575787,145
136,0.003939799498766661,0.0032926208805292845,0.043960489332675934,0.038501884788274765,0.003939799498766661,0.0032926208805292845,0.0006471786182373762,4,RNN,30,64,0.1,0.0005,32,"MinMaxScaler(-1,1)",20,150,val_loss,125,0.0032177488319575787,145
137,0.003962371032685041,0.003304986283183098,0.04422427713871002,0.0385679192841053,0.003962371032685041,0.003304986283183098,0.0006573847495019436,4,RNN,30,64,0.1,0.0005,32,"MinMaxScaler(-1,1)",20,150,val_loss,125,0.0032177488319575787,145
138,0.004060030449181795,0.0032958434894680977,0.04436474293470383,0.03856390714645386,0.004060030449181795,0.0032958434894680977,0.0007641869597136974,4,RNN,30,64,0.1,0.0005,32,"MinMaxScaler(-1,1)",20,150,val_loss,125,0.0032177488319575787,145
139,0.0038032985758036375,0.0033616081345826387,0.04300094023346901,0.03902866691350937,0.0038032985758036375,0.0033616081345826387,0.00044169044122099876,4,RNN,30,64,0.1,0.0005,32,"MinMaxScaler(-1,1)",20,150,val_loss,125,0.0032177488319575787,145
140,0.003945893608033657,0.0033913024235516787,0.04364302009344101,0.039273835718631744,0.003945893608033657,0.0033913024235516787,0.0005545911844819784,4,RNN,30,64,0.1,0.0005,32,"MinMaxScaler(-1,1)",20,150,val_loss,125,0.0032177488319575787,145
141,0.003983441274613142,0.003324987133964896,0.044442541897296906,0.038696084171533585,0.003983441274613142,0.003324987133964896,0.0006584541406482458,4,RNN,30,64,0.1,0.0005,32,"MinMaxScaler(-1,1)",20,150,val_loss,125,0.0032177488319575787,145
142,0.0039130388759076595,0.0033716580364853144,0.044064346700906754,0.03901329264044762,0.0039130388759076595,0.0033716580364853144,0.0005413808394223452,4,RNN,30,64,0.1,0.0005,32,"MinMaxScaler(-1,1)",20,150,val_loss,125,0.0032177488319575787,145
143,0.004034923855215311,0.0033928141929209232,0.044346779584884644,0.039335135370492935,0.004034923855215311,0.0033928141929209232,0.0006421096622943878,4,RNN,30,64,0.1,0.0005,32,"MinMaxScaler(-1,1)",20,150,val_loss,125,0.0032177488319575787,145
144,0.0038978385273367167,0.003349764971062541,0.043781183660030365,0.03899224475026131,0.0038978385273367167,0.003349764971062541,0.0005480735562741756,4,RNN,30,64,0.1,0.0005,32,"MinMaxScaler(-1,1)",20,150,val_loss,125,0.0032177488319575787,145
145,0.003920015413314104,0.0033384524285793304,0.04425601661205292,0.03892970830202103,0.003920015413314104,0.0033384524285793304,0.0005815629847347736,4,RNN,30,64,0.1,0.0005,32,"MinMaxScaler(-1,1)",20,150,val_loss,125,0.0032177488319575787,145
1,0.04630659520626068,0.010803653858602047,0.15130051970481873,0.08028258383274078,0.04630659520626068,0.010803653858602047,0.035502941347658634,0,RNN,30,128,0.1,0.0005,32,"MinMaxScaler(-1,1)",20,150,val_loss,77,0.0035926124546676874,97
2,0.012653890997171402,0.009183221496641636,0.08639658987522125,0.07143441587686539,0.012653890997171402,0.009183221496641636,0.003470669500529766,0,RNN,30,128,0.1,0.0005,32,"MinMaxScaler(-1,1)",20,150,val_loss,77,0.0035926124546676874,97
3,0.010800685733556747,0.0077550229616463184,0.07855404168367386,0.06460397690534592,0.010800685733556747,0.0077550229616463184,0.003045662771910429,0,RNN,30,128,0.1,0.0005,32,"MinMaxScaler(-1,1)",20,150,val_loss,77,0.0035926124546676874,97
4,0.009672233834862709,0.007568570785224438,0.0745726004242897,0.06280334293842316,0.009672233834862709,0.007568570785224438,0.0021036630496382713,0,RNN,30,128,0.1,0.0005,32,"MinMaxScaler(-1,1)",20,150,val_loss,77,0.0035926124546676874,97
5,0.008755369111895561,0.007092535030096769,0.07079903036355972,0.06076442450284958,0.008755369111895561,0.007092535030096769,0.0016628340817987919,0,RNN,30,128,0.1,0.0005,32,"MinMaxScaler(-1,1)",20,150,val_loss,77,0.0035926124546676874,97
6,0.008287283591926098,0.0073442417196929455,0.0687277615070343,0.06186005473136902,0.008287283591926098,0.0073442417196929455,0.0009430418722331524,0,RNN,30,128,0.1,0.0005,32,"MinMaxScaler(-1,1)",20,150,val_loss,77,0.0035926124546676874,97
7,0.008083468303084373,0.007492489647120237,0.06731285154819489,0.06196733936667442,0.008083468303084373,0.007492489647120237,0.0005909786559641361,0,RNN,30,128,0.1,0.0005,32,"MinMaxScaler(-1,1)",20,150,val_loss,77,0.0035926124546676874,97
8,0.007742529269307852,0.006404882296919823,0.06512506306171417,0.05795398727059364,0.007742529269307852,0.006404882296919823,0.001337646972388029,0,RNN,30,128,0.1,0.0005,32,"MinMaxScaler(-1,1)",20,150,val_loss,77,0.0035926124546676874,97
9,0.007264293264597654,0.006720229517668486,0.06336605548858643,0.059003088623285294,0.007264293264597654,0.006720229517668486,0.0005440637469291687,0,RNN,30,128,0.1,0.0005,32,"MinMaxScaler(-1,1)",20,150,val_loss,77,0.0035926124546676874,97
10,0.007258367724716663,0.006318474188446999,0.06311621516942978,0.05631399527192116,0.007258367724716663,0.006318474188446999,0.0009398935362696648,0,RNN,30,128,0.1,0.0005,32,"MinMaxScaler(-1,1)",20,150,val_loss,77,0.0035926124546676874,97
11,0.007123885676264763,0.006860959343612194,0.06292985379695892,0.058946818113327026,0.007123885676264763,0.006860959343612194,0.0002629263326525688,0,RNN,30,128,0.1,0.0005,32,"MinMaxScaler(-1,1)",20,150,val_loss,77,0.0035926124546676874,97
12,0.007050943095237017,0.005991043522953987,0.06223852187395096,0.05508493632078171,0.007050943095237017,0.005991043522953987,0.0010598995722830296,0,RNN,30,128,0.1,0.0005,32,"MinMaxScaler(-1,1)",20,150,val_loss,77,0.0035926124546676874,97
13,0.006593804806470871,0.005919171962887049,0.059778835624456406,0.05484965071082115,0.006593804806470871,0.005919171962887049,0.0006746328435838223,0,RNN,30,128,0.1,0.0005,32,"MinMaxScaler(-1,1)",20,150,val_loss,77,0.0035926124546676874,97
14,0.006414499599486589,0.005953649058938026,0.05928199738264084,0.05389247089624405,0.006414499599486589,0.005953649058938026,0.000460850540548563,0,RNN,30,128,0.1,0.0005,32,"MinMaxScaler(-1,1)",20,150,val_loss,77,0.0035926124546676874,97
15,0.006422013510018587,0.005394362844526768,0.059215154498815536,0.05086829513311386,0.006422013510018587,0.005394362844526768,0.0010276506654918194,0,RNN,30,128,0.1,0.0005,32,"MinMaxScaler(-1,1)",20,150,val_loss,77,0.0035926124546676874,97
16,0.006211552768945694,0.005143717397004366,0.05804188549518585,0.04959062486886978,0.006211552768945694,0.005143717397004366,0.001067835371941328,0,RNN,30,128,0.1,0.0005,32,"MinMaxScaler(-1,1)",20,150,val_loss,77,0.0035926124546676874,97
17,0.006207507569342852,0.005128869786858559,0.05793621763586998,0.04972726106643677,0.006207507569342852,0.005128869786858559,0.001078637782484293,0,RNN,30,128,0.1,0.0005,32,"MinMaxScaler(-1,1)",20,150,val_loss,77,0.0035926124546676874,97
18,0.0061965580098330975,0.004776278510689735,0.05801696702837944,0.04940471053123474,0.0061965580098330975,0.004776278510689735,0.001420279499143362,0,RNN,30,128,0.1,0.0005,32,"MinMaxScaler(-1,1)",20,150,val_loss,77,0.0035926124546676874,97
19,0.005878612399101257,0.00471837492659688,0.05632548779249191,0.048067107796669006,0.005878612399101257,0.00471837492659688,0.0011602374725043774,0,RNN,30,128,0.1,0.0005,32,"MinMaxScaler(-1,1)",20,150,val_loss,77,0.0035926124546676874,97
20,0.005821645725518465,0.004684995394200087,0.05562245845794678,0.047718048095703125,0.005821645725518465,0.004684995394200087,0.0011366503313183784,0,RNN,30,128,0.1,0.0005,32,"MinMaxScaler(-1,1)",20,150,val_loss,77,0.0035926124546676874,97
21,0.005746527574956417,0.004537280183285475,0.05524442717432976,0.04728143662214279,0.005746527574956417,0.004537280183285475,0.0012092473916709423,0,RNN,30,128,0.1,0.0005,32,"MinMaxScaler(-1,1)",20,150,val_loss,77,0.0035926124546676874,97
22,0.005601617973297834,0.004597123712301254,0.054563794285058975,0.04677446186542511,0.005601617973297834,0.004597123712301254,0.0010044942609965801,0,RNN,30,128,0.1,0.0005,32,"MinMaxScaler(-1,1)",20,150,val_loss,77,0.0035926124546676874,97
23,0.005516123492270708,0.00449929665774107,0.05411352589726448,0.0465659499168396,0.005516123492270708,0.00449929665774107,0.0010168268345296383,0,RNN,30,128,0.1,0.0005,32,"MinMaxScaler(-1,1)",20,150,val_loss,77,0.0035926124546676874,97
24,0.005463254638016224,0.00449752202257514,0.05398055166006088,0.04645766690373421,0.005463254638016224,0.00449752202257514,0.0009657326154410839,0,RNN,30,128,0.1,0.0005,32,"MinMaxScaler(-1,1)",20,150,val_loss,77,0.0035926124546676874,97
25,0.00544940447434783,0.004469246603548527,0.054100729525089264,0.04613173007965088,0.00544940447434783,0.004469246603548527,0.000980157870799303,0,RNN,30,128,0.1,0.0005,32,"MinMaxScaler(-1,1)",20,150,val_loss,77,0.0035926124546676874,97
26,0.00535685895010829,0.004303334280848503,0.05314011499285698,0.04627576097846031,0.00535685895010829,0.004303334280848503,0.0010535246692597866,0,RNN,30,128,0.1,0.0005,32,"MinMaxScaler(-1,1)",20,150,val_loss,77,0.0035926124546676874,97
27,0.005147822201251984,0.00429523503407836,0.05239088088274002,0.045234017074108124,0.005147822201251984,0.00429523503407836,0.000852587167173624,0,RNN,30,128,0.1,0.0005,32,"MinMaxScaler(-1,1)",20,150,val_loss,77,0.0035926124546676874,97
28,0.005217605736106634,0.004240529146045446,0.052757080644369125,0.04493006318807602,0.005217605736106634,0.004240529146045446,0.0009770765900611877,0,RNN,30,128,0.1,0.0005,32,"MinMaxScaler(-1,1)",20,150,val_loss,77,0.0035926124546676874,97
29,0.0051170834340155125,0.004209788981825113,0.05200282111763954,0.04490755498409271,0.0051170834340155125,0.004209788981825113,0.0009072944521903992,0,RNN,30,128,0.1,0.0005,32,"MinMaxScaler(-1,1)",20,150,val_loss,77,0.0035926124546676874,97
30,0.005096408538520336,0.004195932298898697,0.05197432264685631,0.0450088270008564,0.005096408538520336,0.004195932298898697,0.0009004762396216393,0,RNN,30,128,0.1,0.0005,32,"MinMaxScaler(-1,1)",20,150,val_loss,77,0.0035926124546676874,97
31,0.004828594159334898,0.004164821468293667,0.05057963728904724,0.04423530399799347,0.004828594159334898,0.004164821468293667,0.0006637726910412312,0,RNN,30,128,0.1,0.0005,32,"MinMaxScaler(-1,1)",20,150,val_loss,77,0.0035926124546676874,97
32,0.004861701745539904,0.004139392636716366,0.050701044499874115,0.044260937720537186,0.004861701745539904,0.004139392636716366,0.0007223091088235378,0,RNN,30,128,0.1,0.0005,32,"MinMaxScaler(-1,1)",20,150,val_loss,77,0.0035926124546676874,97
33,0.004892586264759302,0.0040807221084833145,0.050567083060741425,0.04448872432112694,0.004892586264759302,0.0040807221084833145,0.0008118641562759876,0,RNN,30,128,0.1,0.0005,32,"MinMaxScaler(-1,1)",20,150,val_loss,77,0.0035926124546676874,97
34,0.004922006744891405,0.00412383396178484,0.050611671060323715,0.04346427693963051,0.004922006744891405,0.00412383396178484,0.0007981727831065655,0,RNN,30,128,0.1,0.0005,32,"MinMaxScaler(-1,1)",20,150,val_loss,77,0.0035926124546676874,97
35,0.004817272070795298,0.004045028239488602,0.05049099028110504,0.04379085823893547,0.004817272070795298,0.004045028239488602,0.0007722438313066959,0,RNN,30,128,0.1,0.0005,32,"MinMaxScaler(-1,1)",20,150,val_loss,77,0.0035926124546676874,97
36,0.004847945645451546,0.004035907331854105,0.05092421546578407,0.04308246821165085,0.004847945645451546,0.004035907331854105,0.0008120383135974407,0,RNN,30,128,0.1,0.0005,32,"MinMaxScaler(-1,1)",20,150,val_loss,77,0.0035926124546676874,97
37,0.004748790990561247,0.0040582395158708096,0.05002044886350632,0.04306194931268692,0.004748790990561247,0.0040582395158708096,0.0006905514746904373,0,RNN,30,128,0.1,0.0005,32,"MinMaxScaler(-1,1)",20,150,val_loss,77,0.0035926124546676874,97
38,0.00470713758841157,0.003959718160331249,0.04971221461892128,0.043151017278432846,0.00470713758841157,0.003959718160331249,0.0007474194280803204,0,RNN,30,128,0.1,0.0005,32,"MinMaxScaler(-1,1)",20,150,val_loss,77,0.0035926124546676874,97
39,0.004811542574316263,0.0039627086371183395,0.05008820816874504,0.04315757751464844,0.004811542574316263,0.0039627086371183395,0.0008488339371979237,0,RNN,30,128,0.1,0.0005,32,"MinMaxScaler(-1,1)",20,150,val_loss,77,0.0035926124546676874,97
40,0.004642598796635866,0.003966062795370817,0.0493478924036026,0.04266174137592316,0.004642598796635866,0.003966062795370817,0.000676536001265049,0,RNN,30,128,0.1,0.0005,32,"MinMaxScaler(-1,1)",20,150,val_loss,77,0.0035926124546676874,97
41,0.004626464564353228,0.003988228738307953,0.04944558069109917,0.0428738109767437,0.004626464564353228,0.003988228738307953,0.0006382358260452747,0,RNN,30,128,0.1,0.0005,32,"MinMaxScaler(-1,1)",20,150,val_loss,77,0.0035926124546676874,97
42,0.0045942156575620174,0.003907202277332544,0.04908469691872597,0.04277539253234863,0.0045942156575620174,0.003907202277332544,0.0006870133802294731,0,RNN,30,128,0.1,0.0005,32,"MinMaxScaler(-1,1)",20,150,val_loss,77,0.0035926124546676874,97
43,0.004618707578629255,0.003853182541206479,0.04940224811434746,0.0429956279695034,0.004618707578629255,0.003853182541206479,0.0007655250374227762,0,RNN,30,128,0.1,0.0005,32,"MinMaxScaler(-1,1)",20,150,val_loss,77,0.0035926124546676874,97
44,0.004688206594437361,0.00387190212495625,0.04979690536856651,0.04262286424636841,0.004688206594437361,0.00387190212495625,0.0008163044694811106,0,RNN,30,128,0.1,0.0005,32,"MinMaxScaler(-1,1)",20,150,val_loss,77,0.0035926124546676874,97
45,0.004433673340827227,0.0038561017718166113,0.048012565821409225,0.04225838929414749,0.004433673340827227,0.0038561017718166113,0.0005775715690106153,0,RNN,30,128,0.1,0.0005,32,"MinMaxScaler(-1,1)",20,150,val_loss,77,0.0035926124546676874,97
46,0.0043811313807964325,0.003940093796700239,0.0480627603828907,0.042246270924806595,0.0043811313807964325,0.003940093796700239,0.0004410375840961933,0,RNN,30,128,0.1,0.0005,32,"MinMaxScaler(-1,1)",20,150,val_loss,77,0.0035926124546676874,97
47,0.004542674869298935,0.003805961459875107,0.048676781356334686,0.0419752262532711,0.004542674869298935,0.003805961459875107,0.0007367134094238281,0,RNN,30,128,0.1,0.0005,32,"MinMaxScaler(-1,1)",20,150,val_loss,77,0.0035926124546676874,97
48,0.004410003777593374,0.003794429125264287,0.04822894558310509,0.04185190051794052,0.004410003777593374,0.003794429125264287,0.0006155746523290873,0,RNN,30,128,0.1,0.0005,32,"MinMaxScaler(-1,1)",20,150,val_loss,77,0.0035926124546676874,97
49,0.004452391527593136,0.003799485508352518,0.04811940714716911,0.0418761670589447,0.004452391527593136,0.003799485508352518,0.0006529060192406178,0,RNN,30,128,0.1,0.0005,32,"MinMaxScaler(-1,1)",20,150,val_loss,77,0.0035926124546676874,97
50,0.00429550651460886,0.0038026804104447365,0.04758423939347267,0.041883595287799835,0.00429550651460886,0.0038026804104447365,0.0004928261041641235,0,RNN,30,128,0.1,0.0005,32,"MinMaxScaler(-1,1)",20,150,val_loss,77,0.0035926124546676874,97
51,0.004375707358121872,0.0038492889143526554,0.047964438796043396,0.04150833189487457,0.004375707358121872,0.0038492889143526554,0.0005264184437692165,0,RNN,30,128,0.1,0.0005,32,"MinMaxScaler(-1,1)",20,150,val_loss,77,0.0035926124546676874,97
52,0.004306668881326914,0.003775790799409151,0.04759380221366882,0.04161415994167328,0.004306668881326914,0.003775790799409151,0.0005308780819177628,0,RNN,30,128,0.1,0.0005,32,"MinMaxScaler(-1,1)",20,150,val_loss,77,0.0035926124546676874,97
53,0.0043183909729123116,0.003734761383384466,0.04755633324384689,0.04165044054389,0.0043183909729123116,0.003734761383384466,0.0005836295895278454,0,RNN,30,128,0.1,0.0005,32,"MinMaxScaler(-1,1)",20,150,val_loss,77,0.0035926124546676874,97
54,0.0043577272444963455,0.003753254422917962,0.047619231045246124,0.04159688949584961,0.0043577272444963455,0.003753254422917962,0.0006044728215783834,0,RNN,30,128,0.1,0.0005,32,"MinMaxScaler(-1,1)",20,150,val_loss,77,0.0035926124546676874,97
55,0.0044264113530516624,0.003765599802136421,0.0484384149312973,0.041793785989284515,0.0044264113530516624,0.003765599802136421,0.0006608115509152412,0,RNN,30,128,0.1,0.0005,32,"MinMaxScaler(-1,1)",20,150,val_loss,77,0.0035926124546676874,97
56,0.004366460721939802,0.0037028940860182047,0.04792878404259682,0.04137830808758736,0.004366460721939802,0.0037028940860182047,0.0006635666359215975,0,RNN,30,128,0.1,0.0005,32,"MinMaxScaler(-1,1)",20,150,val_loss,77,0.0035926124546676874,97
57,0.004295118153095245,0.003812582930549979,0.04730069637298584,0.04107307642698288,0.004295118153095245,0.003812582930549979,0.00048253522254526615,0,RNN,30,128,0.1,0.0005,32,"MinMaxScaler(-1,1)",20,150,val_loss,77,0.0035926124546676874,97
58,0.0042815119959414005,0.0037387413904070854,0.04729698598384857,0.04136613756418228,0.0042815119959414005,0.0037387413904070854,0.0005427706055343151,0,RNN,30,128,0.1,0.0005,32,"MinMaxScaler(-1,1)",20,150,val_loss,77,0.0035926124546676874,97
59,0.004223369061946869,0.0037196571938693523,0.04648788645863533,0.040662139654159546,0.004223369061946869,0.0037196571938693523,0.0005037118680775166,0,RNN,30,128,0.1,0.0005,32,"MinMaxScaler(-1,1)",20,150,val_loss,77,0.0035926124546676874,97
60,0.0043868119828403,0.0037463558837771416,0.048079896718263626,0.04098141938447952,0.0043868119828403,0.0037463558837771416,0.000640456099063158,0,RNN,30,128,0.1,0.0005,32,"MinMaxScaler(-1,1)",20,150,val_loss,77,0.0035926124546676874,97
61,0.004397397395223379,0.0037090512923896313,0.04814978688955307,0.04165487736463547,0.004397397395223379,0.0037090512923896313,0.0006883461028337479,0,RNN,30,128,0.1,0.0005,32,"MinMaxScaler(-1,1)",20,150,val_loss,77,0.0035926124546676874,97
62,0.004309088923037052,0.003660650923848152,0.047275662422180176,0.04093649610877037,0.004309088923037052,0.003660650923848152,0.0006484379991889,0,RNN,30,128,0.1,0.0005,32,"MinMaxScaler(-1,1)",20,150,val_loss,77,0.0035926124546676874,97
63,0.0042568654753267765,0.0036950306966900826,0.0472819060087204,0.04127030819654465,0.0042568654753267765,0.0036950306966900826,0.000561834778636694,0,RNN,30,128,0.1,0.0005,32,"MinMaxScaler(-1,1)",20,150,val_loss,77,0.0035926124546676874,97
64,0.004136109724640846,0.0037188504356890917,0.04628259316086769,0.04011940583586693,0.004136109724640846,0.0037188504356890917,0.00041725928895175457,0,RNN,30,128,0.1,0.0005,32,"MinMaxScaler(-1,1)",20,150,val_loss,77,0.0035926124546676874,97
65,0.004096167627722025,0.0036487276665866375,0.045968107879161835,0.04005926847457886,0.004096167627722025,0.0036487276665866375,0.0004474399611353874,0,RNN,30,128,0.1,0.0005,32,"MinMaxScaler(-1,1)",20,150,val_loss,77,0.0035926124546676874,97
66,0.004097511526197195,0.003659939393401146,0.04582127928733826,0.040133316069841385,0.004097511526197195,0.003659939393401146,0.0004375721327960491,0,RNN,30,128,0.1,0.0005,32,"MinMaxScaler(-1,1)",20,150,val_loss,77,0.0035926124546676874,97
67,0.004047557711601257,0.0036162822507321835,0.045570265501737595,0.03993397578597069,0.004047557711601257,0.0036162822507321835,0.00043127546086907387,0,RNN,30,128,0.1,0.0005,32,"MinMaxScaler(-1,1)",20,150,val_loss,77,0.0035926124546676874,97
68,0.004080239683389664,0.0036918502300977707,0.0459698848426342,0.039815038442611694,0.004080239683389664,0.0036918502300977707,0.000388389453291893,0,RNN,30,128,0.1,0.0005,32,"MinMaxScaler(-1,1)",20,150,val_loss,77,0.0035926124546676874,97
69,0.004118308424949646,0.003618408227339387,0.04581531509757042,0.039551202207803726,0.004118308424949646,0.003618408227339387,0.0004999001976102591,0,RNN,30,128,0.1,0.0005,32,"MinMaxScaler(-1,1)",20,150,val_loss,77,0.0035926124546676874,97
70,0.004000358283519745,0.003699022810906172,0.045400653034448624,0.03978363424539566,0.004000358283519745,0.003699022810906172,0.0003013354726135731,0,RNN,30,128,0.1,0.0005,32,"MinMaxScaler(-1,1)",20,150,val_loss,77,0.0035926124546676874,97
71,0.003959866240620613,0.0036502014845609665,0.045029837638139725,0.039600640535354614,0.003959866240620613,0.0036502014845609665,0.0003096647560596466,0,RNN,30,128,0.1,0.0005,32,"MinMaxScaler(-1,1)",20,150,val_loss,77,0.0035926124546676874,97
72,0.004026738926768303,0.0036372109316289425,0.04553015157580376,0.039656199514865875,0.004026738926768303,0.0036372109316289425,0.00038952799513936043,0,RNN,30,128,0.1,0.0005,32,"MinMaxScaler(-1,1)",20,150,val_loss,77,0.0035926124546676874,97
73,0.004058459773659706,0.0036114638205617666,0.0457419827580452,0.03962510824203491,0.004058459773659706,0.0036114638205617666,0.0004469959530979395,0,RNN,30,128,0.1,0.0005,32,"MinMaxScaler(-1,1)",20,150,val_loss,77,0.0035926124546676874,97
74,0.004042669199407101,0.003618574235588312,0.04544423520565033,0.03976216912269592,0.004042669199407101,0.003618574235588312,0.00042409496381878853,0,RNN,30,128,0.1,0.0005,32,"MinMaxScaler(-1,1)",20,150,val_loss,77,0.0035926124546676874,97
75,0.004052306059747934,0.0036535803228616714,0.04545207694172859,0.039681173861026764,0.004052306059747934,0.0036535803228616714,0.0003987257368862629,0,RNN,30,128,0.1,0.0005,32,"MinMaxScaler(-1,1)",20,150,val_loss,77,0.0035926124546676874,97
76,0.004028765484690666,0.0036229256074875593,0.045580826699733734,0.03959574177861214,0.004028765484690666,0.0036229256074875593,0.0004058398772031069,0,RNN,30,128,0.1,0.0005,32,"MinMaxScaler(-1,1)",20,150,val_loss,77,0.0035926124546676874,97
77,0.0040161097422242165,0.0035926124546676874,0.045281220227479935,0.03949584811925888,0.0040161097422242165,0.0035926124546676874,0.00042349728755652905,0,RNN,30,128,0.1,0.0005,32,"MinMaxScaler(-1,1)",20,150,val_loss,77,0.0035926124546676874,97
78,0.003973060287535191,0.003647379344329238,0.04498912766575813,0.03929642215371132,0.003973060287535191,0.003647379344329238,0.00032568094320595264,0,RNN,30,128,0.1,0.0005,32,"MinMaxScaler(-1,1)",20,150,val_loss,77,0.0035926124546676874,97
79,0.003931206651031971,0.0036678507458418608,0.04474322870373726,0.03922346979379654,0.003931206651031971,0.0036678507458418608,0.0002633559051901102,0,RNN,30,128,0.1,0.0005,32,"MinMaxScaler(-1,1)",20,150,val_loss,77,0.0035926124546676874,97
80,0.00389518728479743,0.0036695708986371756,0.04453848674893379,0.039273880422115326,0.00389518728479743,0.0036695708986371756,0.00022561638616025448,0,RNN,30,128,0.1,0.0005,32,"MinMaxScaler(-1,1)",20,150,val_loss,77,0.0035926124546676874,97
81,0.00397994089871645,0.0036480615381151438,0.04516659304499626,0.03926814720034599,0.00397994089871645,0.0036480615381151438,0.00033187936060130596,0,RNN,30,128,0.1,0.0005,32,"MinMaxScaler(-1,1)",20,150,val_loss,77,0.0035926124546676874,97
82,0.004008983261883259,0.0037457516882568598,0.04547366872429848,0.039483848959207535,0.004008983261883259,0.0037457516882568598,0.00026323157362639904,0,RNN,30,128,0.1,0.0005,32,"MinMaxScaler(-1,1)",20,150,val_loss,77,0.0035926124546676874,97
83,0.003884205361828208,0.0037513296119868755,0.04469776898622513,0.03943977504968643,0.003884205361828208,0.0037513296119868755,0.00013287574984133244,0,RNN,30,128,0.1,0.0005,32,"MinMaxScaler(-1,1)",20,150,val_loss,77,0.0035926124546676874,97
84,0.003817065618932247,0.0036810976453125477,0.04408936947584152,0.03922973573207855,0.003817065618932247,0.0036810976453125477,0.00013596797361969948,0,RNN,30,128,0.1,0.0005,32,"MinMaxScaler(-1,1)",20,150,val_loss,77,0.0035926124546676874,97
85,0.003904107492417097,0.0036257009487599134,0.04487520083785057,0.039136309176683426,0.003904107492417097,0.0036257009487599134,0.00027840654365718365,0,RNN,30,128,0.1,0.0005,32,"MinMaxScaler(-1,1)",20,150,val_loss,77,0.0035926124546676874,97
86,0.0039925603196024895,0.003684621537104249,0.04504772648215294,0.03921215981245041,0.0039925603196024895,0.003684621537104249,0.00030793878249824047,0,RNN,30,128,0.1,0.0005,32,"MinMaxScaler(-1,1)",20,150,val_loss,77,0.0035926124546676874,97
87,0.004016194958239794,0.0036215167492628098,0.045444075018167496,0.03915594518184662,0.004016194958239794,0.0036215167492628098,0.000394678208976984,0,RNN,30,128,0.1,0.0005,32,"MinMaxScaler(-1,1)",20,150,val_loss,77,0.0035926124546676874,97
88,0.003854719689115882,0.003650191007182002,0.04435614496469498,0.03909187391400337,0.003854719689115882,0.003650191007182002,0.00020452868193387985,0,RNN,30,128,0.1,0.0005,32,"MinMaxScaler(-1,1)",20,150,val_loss,77,0.0035926124546676874,97
89,0.003881460288539529,0.003664557822048664,0.04423604905605316,0.03915327042341232,0.003881460288539529,0.003664557822048664,0.00021690246649086475,0,RNN,30,128,0.1,0.0005,32,"MinMaxScaler(-1,1)",20,150,val_loss,77,0.0035926124546676874,97
90,0.003852149471640587,0.0036343245301395655,0.04455457627773285,0.03906811401247978,0.003852149471640587,0.0036343245301395655,0.00021782494150102139,0,RNN,30,128,0.1,0.0005,32,"MinMaxScaler(-1,1)",20,150,val_loss,77,0.0035926124546676874,97
91,0.0038768129888921976,0.0036888199392706156,0.04456231743097305,0.03915555775165558,0.0038768129888921976,0.0036888199392706156,0.00018799304962158203,0,RNN,30,128,0.1,0.0005,32,"MinMaxScaler(-1,1)",20,150,val_loss,77,0.0035926124546676874,97
92,0.003899267176166177,0.0036976763512939215,0.04439869150519371,0.039162181317806244,0.003899267176166177,0.0036976763512939215,0.00020159082487225533,0,RNN,30,128,0.1,0.0005,32,"MinMaxScaler(-1,1)",20,150,val_loss,77,0.0035926124546676874,97
93,0.003826518077403307,0.0036418309900909662,0.04400239884853363,0.03904077783226967,0.003826518077403307,0.0036418309900909662,0.00018468708731234074,0,RNN,30,128,0.1,0.0005,32,"MinMaxScaler(-1,1)",20,150,val_loss,77,0.0035926124546676874,97
94,0.00376119720749557,0.0037027474027127028,0.043820951133966446,0.039188697934150696,0.00376119720749557,0.0037027474027127028,5.844980478286743e-05,0,RNN,30,128,0.1,0.0005,32,"MinMaxScaler(-1,1)",20,150,val_loss,77,0.0035926124546676874,97
95,0.0039297970943152905,0.0036419101525098085,0.044858865439891815,0.039039283990859985,0.0039297970943152905,0.0036419101525098085,0.0002878869418054819,0,RNN,30,128,0.1,0.0005,32,"MinMaxScaler(-1,1)",20,150,val_loss,77,0.0035926124546676874,97
96,0.0038582179695367813,0.0036599610466510057,0.04426770657300949,0.03903974965214729,0.0038582179695367813,0.0036599610466510057,0.00019825692288577557,0,RNN,30,128,0.1,0.0005,32,"MinMaxScaler(-1,1)",20,150,val_loss,77,0.0035926124546676874,97
97,0.0038545054849237204,0.003605221165344119,0.044556740671396255,0.0389593169093132,0.0038545054849237204,0.003605221165344119,0.0002492843195796013,0,RNN,30,128,0.1,0.0005,32,"MinMaxScaler(-1,1)",20,150,val_loss,77,0.0035926124546676874,97
1,0.03939436376094818,0.01255572959780693,0.1406685709953308,0.08503062278032303,0.03939436376094818,0.01255572959780693,0.02683863416314125,1,RNN,30,128,0.1,0.0005,32,"MinMaxScaler(-1,1)",20,150,val_loss,128,0.00352285779081285,148
2,0.01257320586591959,0.009549299255013466,0.08637387305498123,0.07476462423801422,0.01257320586591959,0.009549299255013466,0.003023906610906124,1,RNN,30,128,0.1,0.0005,32,"MinMaxScaler(-1,1)",20,150,val_loss,128,0.00352285779081285,148
3,0.010605611838400364,0.009068279527127743,0.07819048315286636,0.07037118077278137,0.010605611838400364,0.009068279527127743,0.0015373323112726212,1,RNN,30,128,0.1,0.0005,32,"MinMaxScaler(-1,1)",20,150,val_loss,128,0.00352285779081285,148
4,0.009427567012608051,0.00868720281869173,0.07398609817028046,0.06820327043533325,0.009427567012608051,0.00868720281869173,0.0007403641939163208,1,RNN,30,128,0.1,0.0005,32,"MinMaxScaler(-1,1)",20,150,val_loss,128,0.00352285779081285,148
5,0.008910981006920338,0.007351974491029978,0.07104891538619995,0.06118617206811905,0.008910981006920338,0.007351974491029978,0.0015590065158903599,1,RNN,30,128,0.1,0.0005,32,"MinMaxScaler(-1,1)",20,150,val_loss,128,0.00352285779081285,148
6,0.008175344206392765,0.007789870724081993,0.06805624812841415,0.06244776025414467,0.008175344206392765,0.007789870724081993,0.00038547348231077194,1,RNN,30,128,0.1,0.0005,32,"MinMaxScaler(-1,1)",20,150,val_loss,128,0.00352285779081285,148
7,0.00789548084139824,0.007327711675316095,0.06647533923387527,0.06062423065304756,0.00789548084139824,0.007327711675316095,0.0005677691660821438,1,RNN,30,128,0.1,0.0005,32,"MinMaxScaler(-1,1)",20,150,val_loss,128,0.00352285779081285,148
8,0.007566656451672316,0.007454859092831612,0.06481131166219711,0.061259955167770386,0.007566656451672316,0.007454859092831612,0.00011179735884070396,1,RNN,30,128,0.1,0.0005,32,"MinMaxScaler(-1,1)",20,150,val_loss,128,0.00352285779081285,148
9,0.00738074304535985,0.006491316016763449,0.06361650675535202,0.05662119761109352,0.00738074304535985,0.006491316016763449,0.0008894270285964012,1,RNN,30,128,0.1,0.0005,32,"MinMaxScaler(-1,1)",20,150,val_loss,128,0.00352285779081285,148
10,0.007147807627916336,0.006520410068333149,0.06239648163318634,0.05647997558116913,0.007147807627916336,0.006520410068333149,0.0006273975595831871,1,RNN,30,128,0.1,0.0005,32,"MinMaxScaler(-1,1)",20,150,val_loss,128,0.00352285779081285,148
11,0.007112998981028795,0.006324677728116512,0.06263670325279236,0.055560462176799774,0.007112998981028795,0.006324677728116512,0.0007883212529122829,1,RNN,30,128,0.1,0.0005,32,"MinMaxScaler(-1,1)",20,150,val_loss,128,0.00352285779081285,148
12,0.006724159233272076,0.005816324148327112,0.06058068200945854,0.05370865762233734,0.006724159233272076,0.005816324148327112,0.0009078350849449635,1,RNN,30,128,0.1,0.0005,32,"MinMaxScaler(-1,1)",20,150,val_loss,128,0.00352285779081285,148
13,0.006525339558720589,0.005568182095885277,0.05959003046154976,0.05321386083960533,0.006525339558720589,0.005568182095885277,0.0009571574628353119,1,RNN,30,128,0.1,0.0005,32,"MinMaxScaler(-1,1)",20,150,val_loss,128,0.00352285779081285,148
14,0.0065822964534163475,0.005704411305487156,0.05947503820061684,0.0522451288998127,0.0065822964534163475,0.005704411305487156,0.0008778851479291916,1,RNN,30,128,0.1,0.0005,32,"MinMaxScaler(-1,1)",20,150,val_loss,128,0.00352285779081285,148
15,0.006660020910203457,0.005445566959679127,0.05971911549568176,0.051806870847940445,0.006660020910203457,0.005445566959679127,0.0012144539505243301,1,RNN,30,128,0.1,0.0005,32,"MinMaxScaler(-1,1)",20,150,val_loss,128,0.00352285779081285,148
16,0.006316716317087412,0.005341381765902042,0.058122068643569946,0.05113891512155533,0.006316716317087412,0.005341381765902042,0.0009753345511853695,1,RNN,30,128,0.1,0.0005,32,"MinMaxScaler(-1,1)",20,150,val_loss,128,0.00352285779081285,148
17,0.006168285384774208,0.005159175489097834,0.05754881724715233,0.050232235342264175,0.006168285384774208,0.005159175489097834,0.0010091098956763744,1,RNN,30,128,0.1,0.0005,32,"MinMaxScaler(-1,1)",20,150,val_loss,128,0.00352285779081285,148
18,0.005914606619626284,0.005180137697607279,0.0559285543859005,0.049978528171777725,0.005914606619626284,0.005180137697607279,0.0007344689220190048,1,RNN,30,128,0.1,0.0005,32,"MinMaxScaler(-1,1)",20,150,val_loss,128,0.00352285779081285,148
19,0.006053580436855555,0.004949016496539116,0.05632750689983368,0.04945681244134903,0.006053580436855555,0.004949016496539116,0.0011045639403164387,1,RNN,30,128,0.1,0.0005,32,"MinMaxScaler(-1,1)",20,150,val_loss,128,0.00352285779081285,148
20,0.005822474602609873,0.005045522935688496,0.05508936569094658,0.049171656370162964,0.005822474602609873,0.005045522935688496,0.0007769516669213772,1,RNN,30,128,0.1,0.0005,32,"MinMaxScaler(-1,1)",20,150,val_loss,128,0.00352285779081285,148
21,0.005738243460655212,0.005170047283172607,0.05518299713730812,0.04909778758883476,0.005738243460655212,0.005170047283172607,0.000568196177482605,1,RNN,30,128,0.1,0.0005,32,"MinMaxScaler(-1,1)",20,150,val_loss,128,0.00352285779081285,148
22,0.005661857780069113,0.005027443170547485,0.054934557527303696,0.04896025359630585,0.005661857780069113,0.005027443170547485,0.0006344146095216274,1,RNN,30,128,0.1,0.0005,32,"MinMaxScaler(-1,1)",20,150,val_loss,128,0.00352285779081285,148
23,0.0057002585381269455,0.005000744946300983,0.05475001409649849,0.04816214740276337,0.0057002585381269455,0.005000744946300983,0.0006995135918259621,1,RNN,30,128,0.1,0.0005,32,"MinMaxScaler(-1,1)",20,150,val_loss,128,0.00352285779081285,148
24,0.005630992352962494,0.004934048280119896,0.05426064133644104,0.048342928290367126,0.005630992352962494,0.004934048280119896,0.000696944072842598,1,RNN,30,128,0.1,0.0005,32,"MinMaxScaler(-1,1)",20,150,val_loss,128,0.00352285779081285,148
25,0.005601421929895878,0.0046179024502635,0.054270800203084946,0.04754331335425377,0.005601421929895878,0.0046179024502635,0.0009835194796323776,1,RNN,30,128,0.1,0.0005,32,"MinMaxScaler(-1,1)",20,150,val_loss,128,0.00352285779081285,148
26,0.0053997281938791275,0.004869141150265932,0.0531497485935688,0.04767825827002525,0.0053997281938791275,0.004869141150265932,0.0005305870436131954,1,RNN,30,128,0.1,0.0005,32,"MinMaxScaler(-1,1)",20,150,val_loss,128,0.00352285779081285,148
27,0.005319636780768633,0.004678715020418167,0.052856940776109695,0.04686982184648514,0.005319636780768633,0.004678715020418167,0.0006409217603504658,1,RNN,30,128,0.1,0.0005,32,"MinMaxScaler(-1,1)",20,150,val_loss,128,0.00352285779081285,148
28,0.0053851124830543995,0.004557556938380003,0.05317707359790802,0.0465276725590229,0.0053851124830543995,0.004557556938380003,0.0008275555446743965,1,RNN,30,128,0.1,0.0005,32,"MinMaxScaler(-1,1)",20,150,val_loss,128,0.00352285779081285,148
29,0.005265375133603811,0.004521578084677458,0.052558496594429016,0.04657759144902229,0.005265375133603811,0.004521578084677458,0.0007437970489263535,1,RNN,30,128,0.1,0.0005,32,"MinMaxScaler(-1,1)",20,150,val_loss,128,0.00352285779081285,148
30,0.005244775675237179,0.0044152564369142056,0.05212881416082382,0.046681035310029984,0.005244775675237179,0.0044152564369142056,0.0008295192383229733,1,RNN,30,128,0.1,0.0005,32,"MinMaxScaler(-1,1)",20,150,val_loss,128,0.00352285779081285,148
31,0.005092242266982794,0.004458188079297543,0.05153357982635498,0.04619086533784866,0.005092242266982794,0.004458188079297543,0.0006340541876852512,1,RNN,30,128,0.1,0.0005,32,"MinMaxScaler(-1,1)",20,150,val_loss,128,0.00352285779081285,148
32,0.005031501408666372,0.004398026503622532,0.05120985954999924,0.04539797455072403,0.005031501408666372,0.004398026503622532,0.0006334749050438404,1,RNN,30,128,0.1,0.0005,32,"MinMaxScaler(-1,1)",20,150,val_loss,128,0.00352285779081285,148
33,0.005016777664422989,0.0042876508086919785,0.050923801958560944,0.04480774700641632,0.005016777664422989,0.0042876508086919785,0.0007291268557310104,1,RNN,30,128,0.1,0.0005,32,"MinMaxScaler(-1,1)",20,150,val_loss,128,0.00352285779081285,148
34,0.004805685020983219,0.004347785841673613,0.04999988153576851,0.04502616822719574,0.004805685020983219,0.004347785841673613,0.00045789917930960655,1,RNN,30,128,0.1,0.0005,32,"MinMaxScaler(-1,1)",20,150,val_loss,128,0.00352285779081285,148
35,0.004902645945549011,0.0043408554047346115,0.05022169277071953,0.044898878782987595,0.004902645945549011,0.0043408554047346115,0.0005617905408143997,1,RNN,30,128,0.1,0.0005,32,"MinMaxScaler(-1,1)",20,150,val_loss,128,0.00352285779081285,148
36,0.00487305736169219,0.004337905906140804,0.05015110969543457,0.04494428634643555,0.00487305736169219,0.004337905906140804,0.0005351514555513859,1,RNN,30,128,0.1,0.0005,32,"MinMaxScaler(-1,1)",20,150,val_loss,128,0.00352285779081285,148
37,0.00478056725114584,0.004165841732174158,0.04991891235113144,0.04427480325102806,0.00478056725114584,0.004165841732174158,0.0006147255189716816,1,RNN,30,128,0.1,0.0005,32,"MinMaxScaler(-1,1)",20,150,val_loss,128,0.00352285779081285,148
38,0.004789385013282299,0.004232277162373066,0.049829062074422836,0.04410785064101219,0.004789385013282299,0.004232277162373066,0.0005571078509092331,1,RNN,30,128,0.1,0.0005,32,"MinMaxScaler(-1,1)",20,150,val_loss,128,0.00352285779081285,148
39,0.004707641899585724,0.004198153968900442,0.0491676926612854,0.04342116415500641,0.004707641899585724,0.004198153968900442,0.0005094879306852818,1,RNN,30,128,0.1,0.0005,32,"MinMaxScaler(-1,1)",20,150,val_loss,128,0.00352285779081285,148
40,0.0047494410537183285,0.004224693868309259,0.04934507980942726,0.04342280700802803,0.0047494410537183285,0.004224693868309259,0.0005247471854090691,1,RNN,30,128,0.1,0.0005,32,"MinMaxScaler(-1,1)",20,150,val_loss,128,0.00352285779081285,148
41,0.00466800294816494,0.0041528139263391495,0.049290116876363754,0.04377655312418938,0.00466800294816494,0.0041528139263391495,0.0005151890218257904,1,RNN,30,128,0.1,0.0005,32,"MinMaxScaler(-1,1)",20,150,val_loss,128,0.00352285779081285,148
42,0.004631415940821171,0.0040816813707351685,0.04881647974252701,0.04440983757376671,0.004631415940821171,0.0040816813707351685,0.0005497345700860023,1,RNN,30,128,0.1,0.0005,32,"MinMaxScaler(-1,1)",20,150,val_loss,128,0.00352285779081285,148
43,0.004685676656663418,0.004044700879603624,0.049207333475351334,0.04270048439502716,0.004685676656663418,0.004044700879603624,0.0006409757770597935,1,RNN,30,128,0.1,0.0005,32,"MinMaxScaler(-1,1)",20,150,val_loss,128,0.00352285779081285,148
44,0.004453091416507959,0.004022163804620504,0.04760032892227173,0.042988087981939316,0.004453091416507959,0.004022163804620504,0.000430927611887455,1,RNN,30,128,0.1,0.0005,32,"MinMaxScaler(-1,1)",20,150,val_loss,128,0.00352285779081285,148
45,0.004507279954850674,0.00410290714353323,0.04836813360452652,0.043039027601480484,0.004507279954850674,0.00410290714353323,0.00040437281131744385,1,RNN,30,128,0.1,0.0005,32,"MinMaxScaler(-1,1)",20,150,val_loss,128,0.00352285779081285,148
46,0.004500376060605049,0.004091317765414715,0.04808741435408592,0.04285860061645508,0.004500376060605049,0.004091317765414715,0.0004090582951903343,1,RNN,30,128,0.1,0.0005,32,"MinMaxScaler(-1,1)",20,150,val_loss,128,0.00352285779081285,148
47,0.004411096218973398,0.004203496500849724,0.047528523951768875,0.04291623458266258,0.004411096218973398,0.004203496500849724,0.0002075997181236744,1,RNN,30,128,0.1,0.0005,32,"MinMaxScaler(-1,1)",20,150,val_loss,128,0.00352285779081285,148
48,0.004416828043758869,0.004081780556589365,0.047607097774744034,0.04273364320397377,0.004416828043758869,0.004081780556589365,0.00033504748716950417,1,RNN,30,128,0.1,0.0005,32,"MinMaxScaler(-1,1)",20,150,val_loss,128,0.00352285779081285,148
49,0.004420541226863861,0.004075315780937672,0.04797070473432541,0.04273916780948639,0.004420541226863861,0.004075315780937672,0.0003452254459261894,1,RNN,30,128,0.1,0.0005,32,"MinMaxScaler(-1,1)",20,150,val_loss,128,0.00352285779081285,148
50,0.004452444147318602,0.003999754786491394,0.047917213290929794,0.0423286035656929,0.004452444147318602,0.003999754786491394,0.00045268936082720757,1,RNN,30,128,0.1,0.0005,32,"MinMaxScaler(-1,1)",20,150,val_loss,128,0.00352285779081285,148
51,0.004379817750304937,0.003862981917336583,0.04724394157528877,0.041860710829496384,0.004379817750304937,0.003862981917336583,0.0005168358329683542,1,RNN,30,128,0.1,0.0005,32,"MinMaxScaler(-1,1)",20,150,val_loss,128,0.00352285779081285,148
52,0.004240540321916342,0.004081472288817167,0.04670266434550285,0.04207194969058037,0.004240540321916342,0.004081472288817167,0.0001590680330991745,1,RNN,30,128,0.1,0.0005,32,"MinMaxScaler(-1,1)",20,150,val_loss,128,0.00352285779081285,148
53,0.0042743138037621975,0.003930087201297283,0.046629730612039566,0.0420866385102272,0.0042743138037621975,0.003930087201297283,0.0003442266024649143,1,RNN,30,128,0.1,0.0005,32,"MinMaxScaler(-1,1)",20,150,val_loss,128,0.00352285779081285,148
54,0.004272026941180229,0.003909521270543337,0.0466238297522068,0.04146214574575424,0.004272026941180229,0.003909521270543337,0.0003625056706368923,1,RNN,30,128,0.1,0.0005,32,"MinMaxScaler(-1,1)",20,150,val_loss,128,0.00352285779081285,148
55,0.004288161639124155,0.003920366056263447,0.04703840613365173,0.04136839881539345,0.004288161639124155,0.003920366056263447,0.00036779558286070824,1,RNN,30,128,0.1,0.0005,32,"MinMaxScaler(-1,1)",20,150,val_loss,128,0.00352285779081285,148
56,0.004274691455066204,0.0038387172389775515,0.04661247506737709,0.041399456560611725,0.004274691455066204,0.0038387172389775515,0.0004359742160886526,1,RNN,30,128,0.1,0.0005,32,"MinMaxScaler(-1,1)",20,150,val_loss,128,0.00352285779081285,148
57,0.004293920937925577,0.003778598038479686,0.04673592001199722,0.04096154868602753,0.004293920937925577,0.003778598038479686,0.0005153228994458914,1,RNN,30,128,0.1,0.0005,32,"MinMaxScaler(-1,1)",20,150,val_loss,128,0.00352285779081285,148
58,0.004169967956840992,0.0039252545684576035,0.046271197497844696,0.04148266464471817,0.004169967956840992,0.0039252545684576035,0.0002447133883833885,1,RNN,30,128,0.1,0.0005,32,"MinMaxScaler(-1,1)",20,150,val_loss,128,0.00352285779081285,148
59,0.0042300778441131115,0.0037823792081326246,0.04679809510707855,0.04124585539102554,0.0042300778441131115,0.0037823792081326246,0.00044769863598048687,1,RNN,30,128,0.1,0.0005,32,"MinMaxScaler(-1,1)",20,150,val_loss,128,0.00352285779081285,148
60,0.0041209375485777855,0.003841026918962598,0.04591694101691246,0.040953684598207474,0.0041209375485777855,0.003841026918962598,0.00027991062961518764,1,RNN,30,128,0.1,0.0005,32,"MinMaxScaler(-1,1)",20,150,val_loss,128,0.00352285779081285,148
61,0.004226423799991608,0.003786207875236869,0.04657198116183281,0.041349537670612335,0.004226423799991608,0.003786207875236869,0.0004402159247547388,1,RNN,30,128,0.1,0.0005,32,"MinMaxScaler(-1,1)",20,150,val_loss,128,0.00352285779081285,148
62,0.0039484500885009766,0.004020917695015669,0.044927649199962616,0.04129974916577339,0.0039484500885009766,0.004020917695015669,7.24676065146923e-05,1,RNN,30,128,0.1,0.0005,32,"MinMaxScaler(-1,1)",20,150,val_loss,128,0.00352285779081285,148
63,0.0039389654994010925,0.003837876720353961,0.04507161304354668,0.04048186168074608,0.0039389654994010925,0.003837876720353961,0.00010108877904713154,1,RNN,30,128,0.1,0.0005,32,"MinMaxScaler(-1,1)",20,150,val_loss,128,0.00352285779081285,148
64,0.0038962354883551598,0.0038259774446487427,0.0445159375667572,0.04035365208983421,0.0038962354883551598,0.0038259774446487427,7.025804370641708e-05,1,RNN,30,128,0.1,0.0005,32,"MinMaxScaler(-1,1)",20,150,val_loss,128,0.00352285779081285,148
65,0.004020649008452892,0.003913621883839369,0.0452958308160305,0.040615830570459366,0.004020649008452892,0.003913621883839369,0.00010702712461352348,1,RNN,30,128,0.1,0.0005,32,"MinMaxScaler(-1,1)",20,150,val_loss,128,0.00352285779081285,148
66,0.003988033626228571,0.0037813785020262003,0.04494260996580124,0.040226466953754425,0.003988033626228571,0.0037813785020262003,0.00020665512420237064,1,RNN,30,128,0.1,0.0005,32,"MinMaxScaler(-1,1)",20,150,val_loss,128,0.00352285779081285,148
67,0.00396964093670249,0.003828713670372963,0.044869959354400635,0.04017100855708122,0.00396964093670249,0.003828713670372963,0.0001409272663295269,1,RNN,30,128,0.1,0.0005,32,"MinMaxScaler(-1,1)",20,150,val_loss,128,0.00352285779081285,148
68,0.0037695758510380983,0.0038280286826193333,0.04370999336242676,0.04028289020061493,0.0037695758510380983,0.0038280286826193333,5.845283158123493e-05,1,RNN,30,128,0.1,0.0005,32,"MinMaxScaler(-1,1)",20,150,val_loss,128,0.00352285779081285,148
69,0.003881987649947405,0.0037150937132537365,0.044619373977184296,0.04013575613498688,0.003881987649947405,0.0037150937132537365,0.00016689393669366837,1,RNN,30,128,0.1,0.0005,32,"MinMaxScaler(-1,1)",20,150,val_loss,128,0.00352285779081285,148
70,0.003903766628354788,0.0038361430633813143,0.04468647018074989,0.04007336497306824,0.003903766628354788,0.0038361430633813143,6.762356497347355e-05,1,RNN,30,128,0.1,0.0005,32,"MinMaxScaler(-1,1)",20,150,val_loss,128,0.00352285779081285,148
71,0.003910719882696867,0.0037563687656074762,0.04462314024567604,0.04001377150416374,0.003910719882696867,0.0037563687656074762,0.00015435111708939075,1,RNN,30,128,0.1,0.0005,32,"MinMaxScaler(-1,1)",20,150,val_loss,128,0.00352285779081285,148
72,0.003915681503713131,0.00375752872787416,0.04452963545918465,0.0399174727499485,0.003915681503713131,0.00375752872787416,0.00015815277583897114,1,RNN,30,128,0.1,0.0005,32,"MinMaxScaler(-1,1)",20,150,val_loss,128,0.00352285779081285,148
73,0.003949940670281649,0.0037368617486208677,0.04488857463002205,0.039766017347574234,0.003949940670281649,0.0037368617486208677,0.0002130789216607809,1,RNN,30,128,0.1,0.0005,32,"MinMaxScaler(-1,1)",20,150,val_loss,128,0.00352285779081285,148
74,0.003960761241614819,0.0037376221735030413,0.04489150643348694,0.03977815806865692,0.003960761241614819,0.0037376221735030413,0.0002231390681117773,1,RNN,30,128,0.1,0.0005,32,"MinMaxScaler(-1,1)",20,150,val_loss,128,0.00352285779081285,148
75,0.0038946783170104027,0.0037404154427349567,0.044446203857660294,0.03974640741944313,0.0038946783170104027,0.0037404154427349567,0.00015426287427544594,1,RNN,30,128,0.1,0.0005,32,"MinMaxScaler(-1,1)",20,150,val_loss,128,0.00352285779081285,148
76,0.0038583269342780113,0.003696027910336852,0.044272877275943756,0.039722640067338943,0.0038583269342780113,0.003696027910336852,0.00016229902394115925,1,RNN,30,128,0.1,0.0005,32,"MinMaxScaler(-1,1)",20,150,val_loss,128,0.00352285779081285,148
77,0.003897534217685461,0.0036183944903314114,0.04457888752222061,0.039943501353263855,0.003897534217685461,0.0036183944903314114,0.0002791397273540497,1,RNN,30,128,0.1,0.0005,32,"MinMaxScaler(-1,1)",20,150,val_loss,128,0.00352285779081285,148
78,0.003740394953638315,0.0038082522805780172,0.04339383542537689,0.04016844555735588,0.003740394953638315,0.0038082522805780172,6.785732693970203e-05,1,RNN,30,128,0.1,0.0005,32,"MinMaxScaler(-1,1)",20,150,val_loss,128,0.00352285779081285,148
79,0.0038807799573987722,0.003806558670476079,0.044444017112255096,0.04010719805955887,0.0038807799573987722,0.003806558670476079,7.422128692269325e-05,1,RNN,30,128,0.1,0.0005,32,"MinMaxScaler(-1,1)",20,150,val_loss,128,0.00352285779081285,148
80,0.0038004040252417326,0.0038653542287647724,0.04394359514117241,0.03998894989490509,0.0038004040252417326,0.0038653542287647724,6.495020352303982e-05,1,RNN,30,128,0.1,0.0005,32,"MinMaxScaler(-1,1)",20,150,val_loss,128,0.00352285779081285,148
81,0.0038725959602743387,0.003713397542014718,0.04444972798228264,0.03943620249629021,0.0038725959602743387,0.003713397542014718,0.00015919841825962067,1,RNN,30,128,0.1,0.0005,32,"MinMaxScaler(-1,1)",20,150,val_loss,128,0.00352285779081285,148
82,0.003725207643583417,0.0037539475597441196,0.04307803884148598,0.03954293206334114,0.003725207643583417,0.0037539475597441196,2.8739916160702705e-05,1,RNN,30,128,0.1,0.0005,32,"MinMaxScaler(-1,1)",20,150,val_loss,128,0.00352285779081285,148
83,0.003744307905435562,0.0037858637515455484,0.04342805966734886,0.039748769253492355,0.003744307905435562,0.0037858637515455484,4.1555846109986305e-05,1,RNN,30,128,0.1,0.0005,32,"MinMaxScaler(-1,1)",20,150,val_loss,128,0.00352285779081285,148
84,0.0036671559792011976,0.003764533204957843,0.043233390897512436,0.03955196216702461,0.0036671559792011976,0.003764533204957843,9.73772257566452e-05,1,RNN,30,128,0.1,0.0005,32,"MinMaxScaler(-1,1)",20,150,val_loss,128,0.00352285779081285,148
85,0.0037484001368284225,0.0037369970232248306,0.043503329157829285,0.03941965475678444,0.0037484001368284225,0.0037369970232248306,1.1403113603591919e-05,1,RNN,30,128,0.1,0.0005,32,"MinMaxScaler(-1,1)",20,150,val_loss,128,0.00352285779081285,148
86,0.0037470338866114616,0.0038274498656392097,0.0435681976377964,0.03990201652050018,0.0037470338866114616,0.0038274498656392097,8.041597902774811e-05,1,RNN,30,128,0.1,0.0005,32,"MinMaxScaler(-1,1)",20,150,val_loss,128,0.00352285779081285,148
87,0.0037326558958739042,0.0038109985180199146,0.04335960000753403,0.03972846269607544,0.0037326558958739042,0.0038109985180199146,7.83426221460104e-05,1,RNN,30,128,0.1,0.0005,32,"MinMaxScaler(-1,1)",20,150,val_loss,128,0.00352285779081285,148
88,0.003842009464278817,0.0038067572750151157,0.04396708309650421,0.03975790739059448,0.003842009464278817,0.0038067572750151157,3.525218926370144e-05,1,RNN,30,128,0.1,0.0005,32,"MinMaxScaler(-1,1)",20,150,val_loss,128,0.00352285779081285,148
89,0.0038107694126665592,0.0037219703663140535,0.043811406940221786,0.0393497608602047,0.0038107694126665592,0.0037219703663140535,8.879904635250568e-05,1,RNN,30,128,0.1,0.0005,32,"MinMaxScaler(-1,1)",20,150,val_loss,128,0.00352285779081285,148
90,0.003734621684998274,0.003631534753367305,0.04338928684592247,0.03898371011018753,0.003734621684998274,0.003631534753367305,0.00010308693163096905,1,RNN,30,128,0.1,0.0005,32,"MinMaxScaler(-1,1)",20,150,val_loss,128,0.00352285779081285,148
91,0.0036901843268424273,0.003706970252096653,0.043136339634656906,0.039194174110889435,0.0036901843268424273,0.003706970252096653,1.678592525422573e-05,1,RNN,30,128,0.1,0.0005,32,"MinMaxScaler(-1,1)",20,150,val_loss,128,0.00352285779081285,148
92,0.0036610825918614864,0.0036646369844675064,0.04284581169486046,0.039074838161468506,0.0036610825918614864,0.0036646369844675064,3.5543926060199738e-06,1,RNN,30,128,0.1,0.0005,32,"MinMaxScaler(-1,1)",20,150,val_loss,128,0.00352285779081285,148
93,0.0037024738267064095,0.003688384545966983,0.04324477165937424,0.039216749370098114,0.0037024738267064095,0.003688384545966983,1.4089280739426613e-05,1,RNN,30,128,0.1,0.0005,32,"MinMaxScaler(-1,1)",20,150,val_loss,128,0.00352285779081285,148
94,0.003628422738984227,0.003679984947666526,0.042654234915971756,0.03915904089808464,0.003628422738984227,0.003679984947666526,5.156220868229866e-05,1,RNN,30,128,0.1,0.0005,32,"MinMaxScaler(-1,1)",20,150,val_loss,128,0.00352285779081285,148
95,0.003668766701593995,0.0037068165838718414,0.04319683462381363,0.03920970484614372,0.003668766701593995,0.0037068165838718414,3.8049882277846336e-05,1,RNN,30,128,0.1,0.0005,32,"MinMaxScaler(-1,1)",20,150,val_loss,128,0.00352285779081285,148
96,0.0037100734189152718,0.0036814408376812935,0.04314013943076134,0.03905500844120979,0.0037100734189152718,0.0036814408376812935,2.863258123397827e-05,1,RNN,30,128,0.1,0.0005,32,"MinMaxScaler(-1,1)",20,150,val_loss,128,0.00352285779081285,148
97,0.0035683130845427513,0.0036108805797994137,0.04228432849049568,0.038935475051403046,0.0035683130845427513,0.0036108805797994137,4.256749525666237e-05,1,RNN,30,128,0.1,0.0005,32,"MinMaxScaler(-1,1)",20,150,val_loss,128,0.00352285779081285,148
98,0.0036463348660618067,0.003590656677260995,0.04275542125105858,0.03878547623753548,0.0036463348660618067,0.003590656677260995,5.567818880081177e-05,1,RNN,30,128,0.1,0.0005,32,"MinMaxScaler(-1,1)",20,150,val_loss,128,0.00352285779081285,148
99,0.0036597002763301134,0.003626458114013076,0.042853884398937225,0.038863226771354675,0.0036597002763301134,0.003626458114013076,3.324216231703758e-05,1,RNN,30,128,0.1,0.0005,32,"MinMaxScaler(-1,1)",20,150,val_loss,128,0.00352285779081285,148
100,0.003679816611111164,0.003709854558110237,0.042999301105737686,0.03922832012176514,0.003679816611111164,0.003709854558110237,3.003794699907303e-05,1,RNN,30,128,0.1,0.0005,32,"MinMaxScaler(-1,1)",20,150,val_loss,128,0.00352285779081285,148
101,0.00364977540448308,0.00363102275878191,0.04285942018032074,0.038890209048986435,0.00364977540448308,0.00363102275878191,1.8752645701169968e-05,1,RNN,30,128,0.1,0.0005,32,"MinMaxScaler(-1,1)",20,150,val_loss,128,0.00352285779081285,148
102,0.0036804485134780407,0.0036784980911761522,0.04276597499847412,0.03902651369571686,0.0036804485134780407,0.0036784980911761522,1.950422301888466e-06,1,RNN,30,128,0.1,0.0005,32,"MinMaxScaler(-1,1)",20,150,val_loss,128,0.00352285779081285,148
103,0.003652961226180196,0.0037485172506421804,0.04281630739569664,0.03941485658288002,0.003652961226180196,0.0037485172506421804,9.555602446198463e-05,1,RNN,30,128,0.1,0.0005,32,"MinMaxScaler(-1,1)",20,150,val_loss,128,0.00352285779081285,148
104,0.003715035505592823,0.0036727318074554205,0.04331144690513611,0.038962677121162415,0.003715035505592823,0.0036727318074554205,4.2303698137402534e-05,1,RNN,30,128,0.1,0.0005,32,"MinMaxScaler(-1,1)",20,150,val_loss,128,0.00352285779081285,148
105,0.0036389564629644156,0.0037048882804811,0.04271867871284485,0.03914078325033188,0.0036389564629644156,0.0037048882804811,6.593181751668453e-05,1,RNN,30,128,0.1,0.0005,32,"MinMaxScaler(-1,1)",20,150,val_loss,128,0.00352285779081285,148
106,0.0036229421384632587,0.0036188343074172735,0.04273349046707153,0.03884096071124077,0.0036229421384632587,0.0036188343074172735,4.107831045985222e-06,1,RNN,30,128,0.1,0.0005,32,"MinMaxScaler(-1,1)",20,150,val_loss,128,0.00352285779081285,148
107,0.003736166749149561,0.003662392031401396,0.04349994659423828,0.03890423849225044,0.003736166749149561,0.003662392031401396,7.377471774816513e-05,1,RNN,30,128,0.1,0.0005,32,"MinMaxScaler(-1,1)",20,150,val_loss,128,0.00352285779081285,148
108,0.0035871167201548815,0.003563682548701763,0.0426059253513813,0.03863037750124931,0.0035871167201548815,0.003563682548701763,2.3434171453118324e-05,1,RNN,30,128,0.1,0.0005,32,"MinMaxScaler(-1,1)",20,150,val_loss,128,0.00352285779081285,148
109,0.0036882879212498665,0.0036010942421853542,0.04329055920243263,0.03873390331864357,0.0036882879212498665,0.0036010942421853542,8.719367906451225e-05,1,RNN,30,128,0.1,0.0005,32,"MinMaxScaler(-1,1)",20,150,val_loss,128,0.00352285779081285,148
110,0.0036647142842411995,0.003591664833948016,0.04297218471765518,0.03871568292379379,0.0036647142842411995,0.003591664833948016,7.304945029318333e-05,1,RNN,30,128,0.1,0.0005,32,"MinMaxScaler(-1,1)",20,150,val_loss,128,0.00352285779081285,148
111,0.0035734393168240786,0.0035360888577997684,0.04235341027379036,0.0386740043759346,0.0035734393168240786,0.0035360888577997684,3.735045902431011e-05,1,RNN,30,128,0.1,0.0005,32,"MinMaxScaler(-1,1)",20,150,val_loss,128,0.00352285779081285,148
112,0.0036648563109338284,0.0035905761178582907,0.0427418053150177,0.03870103508234024,0.0036648563109338284,0.0035905761178582907,7.428019307553768e-05,1,RNN,30,128,0.1,0.0005,32,"MinMaxScaler(-1,1)",20,150,val_loss,128,0.00352285779081285,148
113,0.003591644112020731,0.003556022886186838,0.04253314062952995,0.03860393166542053,0.003591644112020731,0.003556022886186838,3.562122583389282e-05,1,RNN,30,128,0.1,0.0005,32,"MinMaxScaler(-1,1)",20,150,val_loss,128,0.00352285779081285,148
114,0.003680295078083873,0.003587330225855112,0.042825620621442795,0.03866186738014221,0.003680295078083873,0.003587330225855112,9.296485222876072e-05,1,RNN,30,128,0.1,0.0005,32,"MinMaxScaler(-1,1)",20,150,val_loss,128,0.00352285779081285,148
115,0.00359331164509058,0.003557675052434206,0.0425877720117569,0.03863198682665825,0.00359331164509058,0.003557675052434206,3.563659265637398e-05,1,RNN,30,128,0.1,0.0005,32,"MinMaxScaler(-1,1)",20,150,val_loss,128,0.00352285779081285,148
116,0.003668220015242696,0.0035457464400678873,0.04321346804499626,0.038610391318798065,0.003668220015242696,0.0035457464400678873,0.0001224735751748085,1,RNN,30,128,0.1,0.0005,32,"MinMaxScaler(-1,1)",20,150,val_loss,128,0.00352285779081285,148
117,0.003668923629447818,0.003549275454133749,0.043011125177145004,0.03858930245041847,0.003668923629447818,0.003549275454133749,0.0001196481753140688,1,RNN,30,128,0.1,0.0005,32,"MinMaxScaler(-1,1)",20,150,val_loss,128,0.00352285779081285,148
118,0.003603162243962288,0.003568527288734913,0.042267393320798874,0.03860524669289589,0.003603162243962288,0.003568527288734913,3.463495522737503e-05,1,RNN,30,128,0.1,0.0005,32,"MinMaxScaler(-1,1)",20,150,val_loss,128,0.00352285779081285,148
119,0.0036575710400938988,0.003537400159984827,0.0427553728222847,0.03862622007727623,0.0036575710400938988,0.003537400159984827,0.00012017088010907173,1,RNN,30,128,0.1,0.0005,32,"MinMaxScaler(-1,1)",20,150,val_loss,128,0.00352285779081285,148
120,0.0035937170032411814,0.0035825720988214016,0.04247717559337616,0.03863570839166641,0.0035937170032411814,0.0035825720988214016,1.1144904419779778e-05,1,RNN,30,128,0.1,0.0005,32,"MinMaxScaler(-1,1)",20,150,val_loss,128,0.00352285779081285,148
121,0.0035929332952946424,0.0035683896858245134,0.04240117967128754,0.038579847663640976,0.0035929332952946424,0.0035683896858245134,2.4543609470129013e-05,1,RNN,30,128,0.1,0.0005,32,"MinMaxScaler(-1,1)",20,150,val_loss,128,0.00352285779081285,148
122,0.0035717939026653767,0.0035715082194656134,0.042556922882795334,0.03855615109205246,0.0035717939026653767,0.0035715082194656134,2.8568319976329803e-07,1,RNN,30,128,0.1,0.0005,32,"MinMaxScaler(-1,1)",20,150,val_loss,128,0.00352285779081285,148
123,0.003620834555476904,0.003553571878001094,0.04286413639783859,0.03851401433348656,0.003620834555476904,0.003553571878001094,6.726267747581005e-05,1,RNN,30,128,0.1,0.0005,32,"MinMaxScaler(-1,1)",20,150,val_loss,128,0.00352285779081285,148
124,0.003637555753812194,0.0035622529685497284,0.04268237575888634,0.03855182230472565,0.003637555753812194,0.0035622529685497284,7.530278526246548e-05,1,RNN,30,128,0.1,0.0005,32,"MinMaxScaler(-1,1)",20,150,val_loss,128,0.00352285779081285,148
125,0.0035451396834105253,0.0035684884060174227,0.042050980031490326,0.03856588900089264,0.0035451396834105253,0.0035684884060174227,2.3348722606897354e-05,1,RNN,30,128,0.1,0.0005,32,"MinMaxScaler(-1,1)",20,150,val_loss,128,0.00352285779081285,148
126,0.0035983354318886995,0.003541294950991869,0.042617782950401306,0.038542263209819794,0.0035983354318886995,0.003541294950991869,5.704048089683056e-05,1,RNN,30,128,0.1,0.0005,32,"MinMaxScaler(-1,1)",20,150,val_loss,128,0.00352285779081285,148
127,0.0036794606130570173,0.0035315309651196003,0.04291211813688278,0.038524314761161804,0.0036794606130570173,0.0035315309651196003,0.00014792964793741703,1,RNN,30,128,0.1,0.0005,32,"MinMaxScaler(-1,1)",20,150,val_loss,128,0.00352285779081285,148
128,0.003632131265476346,0.00352285779081285,0.04267413169145584,0.03850889950990677,0.003632131265476346,0.00352285779081285,0.00010927347466349602,1,RNN,30,128,0.1,0.0005,32,"MinMaxScaler(-1,1)",20,150,val_loss,128,0.00352285779081285,148
129,0.003693524980917573,0.003541964804753661,0.0431530736386776,0.03852321580052376,0.003693524980917573,0.003541964804753661,0.00015156017616391182,1,RNN,30,128,0.1,0.0005,32,"MinMaxScaler(-1,1)",20,150,val_loss,128,0.00352285779081285,148
130,0.003650861792266369,0.003545005340129137,0.04257650300860405,0.03850400075316429,0.003650861792266369,0.003545005340129137,0.00010585645213723183,1,RNN,30,128,0.1,0.0005,32,"MinMaxScaler(-1,1)",20,150,val_loss,128,0.00352285779081285,148
131,0.0035455997567623854,0.0035557821393013,0.042066868394613266,0.03852833807468414,0.0035455997567623854,0.0035557821393013,1.018238253891468e-05,1,RNN,30,128,0.1,0.0005,32,"MinMaxScaler(-1,1)",20,150,val_loss,128,0.00352285779081285,148
132,0.0036585647612810135,0.0035392616409808397,0.042942680418491364,0.03849433362483978,0.0036585647612810135,0.0035392616409808397,0.00011930312030017376,1,RNN,30,128,0.1,0.0005,32,"MinMaxScaler(-1,1)",20,150,val_loss,128,0.00352285779081285,148
133,0.003603193210437894,0.003534378483891487,0.04257107898592949,0.038506098091602325,0.003603193210437894,0.003534378483891487,6.881472654640675e-05,1,RNN,30,128,0.1,0.0005,32,"MinMaxScaler(-1,1)",20,150,val_loss,128,0.00352285779081285,148
134,0.0035508505534380674,0.003557011019438505,0.04236835241317749,0.03855139762163162,0.0035508505534380674,0.003557011019438505,6.1604660004377365e-06,1,RNN,30,128,0.1,0.0005,32,"MinMaxScaler(-1,1)",20,150,val_loss,128,0.00352285779081285,148
135,0.0035289814695715904,0.0035452081356197596,0.04228045046329498,0.03851241245865822,0.0035289814695715904,0.0035452081356197596,1.6226666048169136e-05,1,RNN,30,128,0.1,0.0005,32,"MinMaxScaler(-1,1)",20,150,val_loss,128,0.00352285779081285,148
136,0.0035820233169943094,0.003534784773364663,0.04237667843699455,0.038479771465063095,0.0035820233169943094,0.003534784773364663,4.72385436296463e-05,1,RNN,30,128,0.1,0.0005,32,"MinMaxScaler(-1,1)",20,150,val_loss,128,0.00352285779081285,148
137,0.003627234837040305,0.003536156378686428,0.04265367612242699,0.03848281130194664,0.003627234837040305,0.003536156378686428,9.107845835387707e-05,1,RNN,30,128,0.1,0.0005,32,"MinMaxScaler(-1,1)",20,150,val_loss,128,0.00352285779081285,148
138,0.0035546065773814917,0.003547100583091378,0.042306311428546906,0.038503844290971756,0.0035546065773814917,0.003547100583091378,7.505994290113449e-06,1,RNN,30,128,0.1,0.0005,32,"MinMaxScaler(-1,1)",20,150,val_loss,128,0.00352285779081285,148
139,0.003561146557331085,0.0035557821393013,0.04241501912474632,0.03851359710097313,0.003561146557331085,0.0035557821393013,5.364418029785156e-06,1,RNN,30,128,0.1,0.0005,32,"MinMaxScaler(-1,1)",20,150,val_loss,128,0.00352285779081285,148
140,0.0035257393028587103,0.003552675247192383,0.04252275079488754,0.038508035242557526,0.0035257393028587103,0.003552675247192383,2.6935944333672523e-05,1,RNN,30,128,0.1,0.0005,32,"MinMaxScaler(-1,1)",20,150,val_loss,128,0.00352285779081285,148
141,0.0036301559302955866,0.003549534361809492,0.042774613946676254,0.038492459803819656,0.0036301559302955866,0.003549534361809492,8.062156848609447e-05,1,RNN,30,128,0.1,0.0005,32,"MinMaxScaler(-1,1)",20,150,val_loss,128,0.00352285779081285,148
142,0.0036162370815873146,0.003547315252944827,0.04267651587724686,0.03848225623369217,0.0036162370815873146,0.003547315252944827,6.892182864248753e-05,1,RNN,30,128,0.1,0.0005,32,"MinMaxScaler(-1,1)",20,150,val_loss,128,0.00352285779081285,148
143,0.003656752174720168,0.003549406537786126,0.04274989664554596,0.03848324343562126,0.003656752174720168,0.003549406537786126,0.00010734563693404198,1,RNN,30,128,0.1,0.0005,32,"MinMaxScaler(-1,1)",20,150,val_loss,128,0.00352285779081285,148
144,0.003691090503707528,0.0035517215728759766,0.04304566979408264,0.038485266268253326,0.003691090503707528,0.0035517215728759766,0.00013936893083155155,1,RNN,30,128,0.1,0.0005,32,"MinMaxScaler(-1,1)",20,150,val_loss,128,0.00352285779081285,148
145,0.0035233444068580866,0.0035413142759352922,0.04222467541694641,0.038460686802864075,0.0035233444068580866,0.0035413142759352922,1.7969869077205658e-05,1,RNN,30,128,0.1,0.0005,32,"MinMaxScaler(-1,1)",20,150,val_loss,128,0.00352285779081285,148
146,0.003600209951400757,0.0035424178931862116,0.04258548095822334,0.03846907988190651,0.003600209951400757,0.0035424178931862116,5.779205821454525e-05,1,RNN,30,128,0.1,0.0005,32,"MinMaxScaler(-1,1)",20,150,val_loss,128,0.00352285779081285,148
147,0.003588555147871375,0.0035325600765645504,0.042171966284513474,0.03846146538853645,0.003588555147871375,0.0035325600765645504,5.5995071306824684e-05,1,RNN,30,128,0.1,0.0005,32,"MinMaxScaler(-1,1)",20,150,val_loss,128,0.00352285779081285,148
148,0.003515874035656452,0.0035380972549319267,0.041945792734622955,0.038466572761535645,0.003515874035656452,0.0035380972549319267,2.222321927547455e-05,1,RNN,30,128,0.1,0.0005,32,"MinMaxScaler(-1,1)",20,150,val_loss,128,0.00352285779081285,148
1,0.04850054532289505,0.011046378873288631,0.15543127059936523,0.08163496106863022,0.04850054532289505,0.011046378873288631,0.03745416644960642,2,RNN,30,128,0.1,0.0005,32,"MinMaxScaler(-1,1)",20,150,val_loss,49,0.004078023135662079,69
2,0.012131926603615284,0.009537901729345322,0.0848664864897728,0.07260319590568542,0.012131926603615284,0.009537901729345322,0.0025940248742699623,2,RNN,30,128,0.1,0.0005,32,"MinMaxScaler(-1,1)",20,150,val_loss,49,0.004078023135662079,69
3,0.010593251325190067,0.007901354692876339,0.0783291831612587,0.06525558233261108,0.010593251325190067,0.007901354692876339,0.0026918966323137283,2,RNN,30,128,0.1,0.0005,32,"MinMaxScaler(-1,1)",20,150,val_loss,49,0.004078023135662079,69
4,0.008910121396183968,0.007382174953818321,0.07163190096616745,0.06298547238111496,0.008910121396183968,0.007382174953818321,0.0015279464423656464,2,RNN,30,128,0.1,0.0005,32,"MinMaxScaler(-1,1)",20,150,val_loss,49,0.004078023135662079,69
5,0.008532394655048847,0.0068611036986112595,0.06940899789333344,0.0600336529314518,0.008532394655048847,0.0068611036986112595,0.0016712909564375877,2,RNN,30,128,0.1,0.0005,32,"MinMaxScaler(-1,1)",20,150,val_loss,49,0.004078023135662079,69
6,0.008123996667563915,0.006619297433644533,0.06738027185201645,0.057825226336717606,0.008123996667563915,0.006619297433644533,0.001504699233919382,2,RNN,30,128,0.1,0.0005,32,"MinMaxScaler(-1,1)",20,150,val_loss,49,0.004078023135662079,69
7,0.007813640870153904,0.007204041816294193,0.06664987653493881,0.05994914099574089,0.007813640870153904,0.007204041816294193,0.0006095990538597107,2,RNN,30,128,0.1,0.0005,32,"MinMaxScaler(-1,1)",20,150,val_loss,49,0.004078023135662079,69
8,0.007470760028809309,0.006334393285214901,0.06456571817398071,0.05573026090860367,0.007470760028809309,0.006334393285214901,0.001136366743594408,2,RNN,30,128,0.1,0.0005,32,"MinMaxScaler(-1,1)",20,150,val_loss,49,0.004078023135662079,69
9,0.007122865878045559,0.006557319313287735,0.062350403517484665,0.05704270675778389,0.007122865878045559,0.006557319313287735,0.0005655465647578239,2,RNN,30,128,0.1,0.0005,32,"MinMaxScaler(-1,1)",20,150,val_loss,49,0.004078023135662079,69
10,0.006892446428537369,0.006590118631720543,0.06182253360748291,0.05587141960859299,0.006892446428537369,0.006590118631720543,0.00030232779681682587,2,RNN,30,128,0.1,0.0005,32,"MinMaxScaler(-1,1)",20,150,val_loss,49,0.004078023135662079,69
11,0.00683548441156745,0.006212217267602682,0.06169362738728523,0.05435900762677193,0.00683548441156745,0.006212217267602682,0.0006232671439647675,2,RNN,30,128,0.1,0.0005,32,"MinMaxScaler(-1,1)",20,150,val_loss,49,0.004078023135662079,69
12,0.0065898410975933075,0.006325951777398586,0.06040505692362785,0.054785456508398056,0.0065898410975933075,0.006325951777398586,0.0002638893201947212,2,RNN,30,128,0.1,0.0005,32,"MinMaxScaler(-1,1)",20,150,val_loss,49,0.004078023135662079,69
13,0.006474951282143593,0.005983194336295128,0.05962248891592026,0.053711019456386566,0.006474951282143593,0.005983194336295128,0.000491756945848465,2,RNN,30,128,0.1,0.0005,32,"MinMaxScaler(-1,1)",20,150,val_loss,49,0.004078023135662079,69
14,0.00638863630592823,0.0056852418929338455,0.05910821631550789,0.051922477781772614,0.00638863630592823,0.0056852418929338455,0.0007033944129943848,2,RNN,30,128,0.1,0.0005,32,"MinMaxScaler(-1,1)",20,150,val_loss,49,0.004078023135662079,69
15,0.006243187468498945,0.0058337124064564705,0.057852450758218765,0.052344124764204025,0.006243187468498945,0.0058337124064564705,0.00040947506204247475,2,RNN,30,128,0.1,0.0005,32,"MinMaxScaler(-1,1)",20,150,val_loss,49,0.004078023135662079,69
16,0.0060132271610200405,0.005646086763590574,0.05676393210887909,0.051454994827508926,0.0060132271610200405,0.005646086763590574,0.00036714039742946625,2,RNN,30,128,0.1,0.0005,32,"MinMaxScaler(-1,1)",20,150,val_loss,49,0.004078023135662079,69
17,0.006060412619262934,0.005931440275162458,0.05722230300307274,0.05307082086801529,0.006060412619262934,0.005931440275162458,0.0001289723441004753,2,RNN,30,128,0.1,0.0005,32,"MinMaxScaler(-1,1)",20,150,val_loss,49,0.004078023135662079,69
18,0.006100340746343136,0.005345960613340139,0.057315681129693985,0.05064896494150162,0.006100340746343136,0.005345960613340139,0.0007543801330029964,2,RNN,30,128,0.1,0.0005,32,"MinMaxScaler(-1,1)",20,150,val_loss,49,0.004078023135662079,69
19,0.005878441967070103,0.005323438905179501,0.056048568338155746,0.05012477934360504,0.005878441967070103,0.005323438905179501,0.0005550030618906021,2,RNN,30,128,0.1,0.0005,32,"MinMaxScaler(-1,1)",20,150,val_loss,49,0.004078023135662079,69
20,0.005782360676676035,0.005195390898734331,0.055684659630060196,0.04941984638571739,0.005782360676676035,0.005195390898734331,0.0005869697779417038,2,RNN,30,128,0.1,0.0005,32,"MinMaxScaler(-1,1)",20,150,val_loss,49,0.004078023135662079,69
21,0.005667613819241524,0.005165770184248686,0.05460093915462494,0.04937788099050522,0.005667613819241524,0.005165770184248686,0.0005018436349928379,2,RNN,30,128,0.1,0.0005,32,"MinMaxScaler(-1,1)",20,150,val_loss,49,0.004078023135662079,69
22,0.005616401322185993,0.0053556314669549465,0.05488986894488335,0.04966863989830017,0.005616401322185993,0.0053556314669549465,0.0002607698552310467,2,RNN,30,128,0.1,0.0005,32,"MinMaxScaler(-1,1)",20,150,val_loss,49,0.004078023135662079,69
23,0.005564666818827391,0.005106142722070217,0.0544525608420372,0.04866359010338783,0.005564666818827391,0.005106142722070217,0.00045852409675717354,2,RNN,30,128,0.1,0.0005,32,"MinMaxScaler(-1,1)",20,150,val_loss,49,0.004078023135662079,69
24,0.005402838345617056,0.0051054079085588455,0.05338278040289879,0.04828722029924393,0.005402838345617056,0.0051054079085588455,0.0002974304370582104,2,RNN,30,128,0.1,0.0005,32,"MinMaxScaler(-1,1)",20,150,val_loss,49,0.004078023135662079,69
25,0.005359209142625332,0.005053273867815733,0.05305032804608345,0.0482119582593441,0.005359209142625332,0.005053273867815733,0.0003059352748095989,2,RNN,30,128,0.1,0.0005,32,"MinMaxScaler(-1,1)",20,150,val_loss,49,0.004078023135662079,69
26,0.005298714619129896,0.004884630441665649,0.05263547599315643,0.047675084322690964,0.005298714619129896,0.004884630441665649,0.00041408417746424675,2,RNN,30,128,0.1,0.0005,32,"MinMaxScaler(-1,1)",20,150,val_loss,49,0.004078023135662079,69
27,0.005456254351884127,0.005015868227928877,0.053617894649505615,0.04769495874643326,0.005456254351884127,0.005015868227928877,0.0004403861239552498,2,RNN,30,128,0.1,0.0005,32,"MinMaxScaler(-1,1)",20,150,val_loss,49,0.004078023135662079,69
28,0.005380658432841301,0.004765069577842951,0.05329106003046036,0.04727296903729439,0.005380658432841301,0.004765069577842951,0.0006155888549983501,2,RNN,30,128,0.1,0.0005,32,"MinMaxScaler(-1,1)",20,150,val_loss,49,0.004078023135662079,69
29,0.005232532974332571,0.004602295812219381,0.05222887545824051,0.04679781571030617,0.005232532974332571,0.004602295812219381,0.0006302371621131897,2,RNN,30,128,0.1,0.0005,32,"MinMaxScaler(-1,1)",20,150,val_loss,49,0.004078023135662079,69
30,0.005264424718916416,0.004781891591846943,0.05251696705818176,0.04658031836152077,0.005264424718916416,0.004781891591846943,0.00048253312706947327,2,RNN,30,128,0.1,0.0005,32,"MinMaxScaler(-1,1)",20,150,val_loss,49,0.004078023135662079,69
31,0.005064108874648809,0.004876346327364445,0.05140335485339165,0.04726357385516167,0.005064108874648809,0.004876346327364445,0.0001877625472843647,2,RNN,30,128,0.1,0.0005,32,"MinMaxScaler(-1,1)",20,150,val_loss,49,0.004078023135662079,69
32,0.0050499411299824715,0.004675515461713076,0.051199376583099365,0.046484462916851044,0.0050499411299824715,0.004675515461713076,0.00037442566826939583,2,RNN,30,128,0.1,0.0005,32,"MinMaxScaler(-1,1)",20,150,val_loss,49,0.004078023135662079,69
33,0.004973208531737328,0.004721108358353376,0.05077890306711197,0.04629252851009369,0.004973208531737328,0.004721108358353376,0.0002521001733839512,2,RNN,30,128,0.1,0.0005,32,"MinMaxScaler(-1,1)",20,150,val_loss,49,0.004078023135662079,69
34,0.005079885944724083,0.004603301174938679,0.05130143091082573,0.04624482989311218,0.005079885944724083,0.004603301174938679,0.0004765847697854042,2,RNN,30,128,0.1,0.0005,32,"MinMaxScaler(-1,1)",20,150,val_loss,49,0.004078023135662079,69
35,0.00485406955704093,0.004561947658658028,0.05006592720746994,0.04552799090743065,0.00485406955704093,0.004561947658658028,0.00029212189838290215,2,RNN,30,128,0.1,0.0005,32,"MinMaxScaler(-1,1)",20,150,val_loss,49,0.004078023135662079,69
36,0.0048271892592310905,0.004514826461672783,0.05007144808769226,0.045755982398986816,0.0048271892592310905,0.004514826461672783,0.00031236279755830765,2,RNN,30,128,0.1,0.0005,32,"MinMaxScaler(-1,1)",20,150,val_loss,49,0.004078023135662079,69
37,0.004987051244825125,0.004332690499722958,0.05066625773906708,0.04538540169596672,0.004987051244825125,0.004332690499722958,0.0006543607451021671,2,RNN,30,128,0.1,0.0005,32,"MinMaxScaler(-1,1)",20,150,val_loss,49,0.004078023135662079,69
38,0.004956965800374746,0.004414204508066177,0.050488341599702835,0.04491446167230606,0.004956965800374746,0.004414204508066177,0.000542761292308569,2,RNN,30,128,0.1,0.0005,32,"MinMaxScaler(-1,1)",20,150,val_loss,49,0.004078023135662079,69
39,0.004720189142972231,0.004502264317125082,0.04923694580793381,0.04498693719506264,0.004720189142972231,0.004502264317125082,0.0002179248258471489,2,RNN,30,128,0.1,0.0005,32,"MinMaxScaler(-1,1)",20,150,val_loss,49,0.004078023135662079,69
40,0.00471382075920701,0.004430465865880251,0.04901903495192528,0.04475779086351395,0.00471382075920701,0.004430465865880251,0.00028335489332675934,2,RNN,30,128,0.1,0.0005,32,"MinMaxScaler(-1,1)",20,150,val_loss,49,0.004078023135662079,69
41,0.004706559237092733,0.004368577152490616,0.04905405640602112,0.04471917822957039,0.004706559237092733,0.004368577152490616,0.00033798208460211754,2,RNN,30,128,0.1,0.0005,32,"MinMaxScaler(-1,1)",20,150,val_loss,49,0.004078023135662079,69
42,0.004797831643372774,0.004589844029396772,0.0495053194463253,0.04499630630016327,0.004797831643372774,0.004589844029396772,0.00020798761397600174,2,RNN,30,128,0.1,0.0005,32,"MinMaxScaler(-1,1)",20,150,val_loss,49,0.004078023135662079,69
43,0.004723251797258854,0.004452263470739126,0.04903533682227135,0.044875942170619965,0.004723251797258854,0.004452263470739126,0.0002709883265197277,2,RNN,30,128,0.1,0.0005,32,"MinMaxScaler(-1,1)",20,150,val_loss,49,0.004078023135662079,69
44,0.0046089268289506435,0.004364002030342817,0.048501212149858475,0.044249117374420166,0.0046089268289506435,0.004364002030342817,0.00024492479860782623,2,RNN,30,128,0.1,0.0005,32,"MinMaxScaler(-1,1)",20,150,val_loss,49,0.004078023135662079,69
45,0.004657390993088484,0.004371794406324625,0.04858779534697533,0.0444149486720562,0.004657390993088484,0.004371794406324625,0.0002855965867638588,2,RNN,30,128,0.1,0.0005,32,"MinMaxScaler(-1,1)",20,150,val_loss,49,0.004078023135662079,69
46,0.004794365726411343,0.004203325603157282,0.049605436623096466,0.04411935806274414,0.004794365726411343,0.004203325603157282,0.0005910401232540607,2,RNN,30,128,0.1,0.0005,32,"MinMaxScaler(-1,1)",20,150,val_loss,49,0.004078023135662079,69
47,0.004581785295158625,0.004226659890264273,0.047894299030303955,0.04358431324362755,0.004581785295158625,0.004226659890264273,0.00035512540489435196,2,RNN,30,128,0.1,0.0005,32,"MinMaxScaler(-1,1)",20,150,val_loss,49,0.004078023135662079,69
48,0.004561841953545809,0.0043178824707865715,0.04784885421395302,0.04402124881744385,0.004561841953545809,0.0043178824707865715,0.0002439594827592373,2,RNN,30,128,0.1,0.0005,32,"MinMaxScaler(-1,1)",20,150,val_loss,49,0.004078023135662079,69
49,0.004560106433928013,0.004078023135662079,0.048260658979415894,0.043474361300468445,0.004560106433928013,0.004078023135662079,0.000482083298265934,2,RNN,30,128,0.1,0.0005,32,"MinMaxScaler(-1,1)",20,150,val_loss,49,0.004078023135662079,69
50,0.004579485394060612,0.004321236163377762,0.047971177846193314,0.043826524168252945,0.004579485394060612,0.004321236163377762,0.0002582492306828499,2,RNN,30,128,0.1,0.0005,32,"MinMaxScaler(-1,1)",20,150,val_loss,49,0.004078023135662079,69
51,0.004499196074903011,0.0043348283506929874,0.04779215157032013,0.043720878660678864,0.004499196074903011,0.0043348283506929874,0.00016436772421002388,2,RNN,30,128,0.1,0.0005,32,"MinMaxScaler(-1,1)",20,150,val_loss,49,0.004078023135662079,69
52,0.004599900916218758,0.004265233874320984,0.048171669244766235,0.044250164180994034,0.004599900916218758,0.004265233874320984,0.00033466704189777374,2,RNN,30,128,0.1,0.0005,32,"MinMaxScaler(-1,1)",20,150,val_loss,49,0.004078023135662079,69
53,0.004525871481746435,0.004435709677636623,0.047912657260894775,0.04409243166446686,0.004525871481746435,0.004435709677636623,9.016180410981178e-05,2,RNN,30,128,0.1,0.0005,32,"MinMaxScaler(-1,1)",20,150,val_loss,49,0.004078023135662079,69
54,0.004572151228785515,0.004299625288695097,0.04790855571627617,0.04370059818029404,0.004572151228785515,0.004299625288695097,0.00027252594009041786,2,RNN,30,128,0.1,0.0005,32,"MinMaxScaler(-1,1)",20,150,val_loss,49,0.004078023135662079,69
55,0.004496150650084019,0.00425094785168767,0.0475204773247242,0.043517597019672394,0.004496150650084019,0.00425094785168767,0.00024520279839634895,2,RNN,30,128,0.1,0.0005,32,"MinMaxScaler(-1,1)",20,150,val_loss,49,0.004078023135662079,69
56,0.004425323102623224,0.004271553363651037,0.047260403633117676,0.043508633971214294,0.004425323102623224,0.004271553363651037,0.00015376973897218704,2,RNN,30,128,0.1,0.0005,32,"MinMaxScaler(-1,1)",20,150,val_loss,49,0.004078023135662079,69
57,0.004464772995561361,0.004239825531840324,0.047218143939971924,0.04322713240981102,0.004464772995561361,0.004239825531840324,0.0002249474637210369,2,RNN,30,128,0.1,0.0005,32,"MinMaxScaler(-1,1)",20,150,val_loss,49,0.004078023135662079,69
58,0.004518313333392143,0.004287333227694035,0.04770158231258392,0.04357742518186569,0.004518313333392143,0.004287333227694035,0.00023098010569810867,2,RNN,30,128,0.1,0.0005,32,"MinMaxScaler(-1,1)",20,150,val_loss,49,0.004078023135662079,69
59,0.004363103304058313,0.0042859455570578575,0.04699156805872917,0.043344978243112564,0.004363103304058313,0.0042859455570578575,7.715774700045586e-05,2,RNN,30,128,0.1,0.0005,32,"MinMaxScaler(-1,1)",20,150,val_loss,49,0.004078023135662079,69
60,0.004290920216590166,0.004525202326476574,0.04603886976838112,0.044738054275512695,0.004290920216590166,0.004525202326476574,0.00023428210988640785,2,RNN,30,128,0.1,0.0005,32,"MinMaxScaler(-1,1)",20,150,val_loss,49,0.004078023135662079,69
61,0.004374394658952951,0.004669309128075838,0.047157417982816696,0.045355021953582764,0.004374394658952951,0.004669309128075838,0.00029491446912288666,2,RNN,30,128,0.1,0.0005,32,"MinMaxScaler(-1,1)",20,150,val_loss,49,0.004078023135662079,69
62,0.004248472861945629,0.004497343674302101,0.046416766941547394,0.044109903275966644,0.004248472861945629,0.004497343674302101,0.000248870812356472,2,RNN,30,128,0.1,0.0005,32,"MinMaxScaler(-1,1)",20,150,val_loss,49,0.004078023135662079,69
63,0.0042768437415361404,0.004448176361620426,0.04642871394753456,0.04384740814566612,0.0042768437415361404,0.004448176361620426,0.00017133262008428574,2,RNN,30,128,0.1,0.0005,32,"MinMaxScaler(-1,1)",20,150,val_loss,49,0.004078023135662079,69
64,0.004299216438084841,0.0044051907025277615,0.0465780571103096,0.04380345344543457,0.004299216438084841,0.0044051907025277615,0.00010597426444292068,2,RNN,30,128,0.1,0.0005,32,"MinMaxScaler(-1,1)",20,150,val_loss,49,0.004078023135662079,69
65,0.004331726115196943,0.00444145267829299,0.046450015157461166,0.04398207738995552,0.004331726115196943,0.00444145267829299,0.00010972656309604645,2,RNN,30,128,0.1,0.0005,32,"MinMaxScaler(-1,1)",20,150,val_loss,49,0.004078023135662079,69
66,0.004333212971687317,0.004298037849366665,0.04683993384242058,0.042976249009370804,0.004333212971687317,0.004298037849366665,3.517512232065201e-05,2,RNN,30,128,0.1,0.0005,32,"MinMaxScaler(-1,1)",20,150,val_loss,49,0.004078023135662079,69
67,0.004175293259322643,0.004255678504705429,0.04559611156582832,0.04282493516802788,0.004175293259322643,0.004255678504705429,8.03852453827858e-05,2,RNN,30,128,0.1,0.0005,32,"MinMaxScaler(-1,1)",20,150,val_loss,49,0.004078023135662079,69
68,0.004204677417874336,0.004394212272018194,0.04575194790959358,0.04344867914915085,0.004204677417874336,0.004394212272018194,0.00018953485414385796,2,RNN,30,128,0.1,0.0005,32,"MinMaxScaler(-1,1)",20,150,val_loss,49,0.004078023135662079,69
69,0.004197284113615751,0.004423491191118956,0.045987941324710846,0.04380003735423088,0.004197284113615751,0.004423491191118956,0.00022620707750320435,2,RNN,30,128,0.1,0.0005,32,"MinMaxScaler(-1,1)",20,150,val_loss,49,0.004078023135662079,69
1,0.03811296448111534,0.011099176481366158,0.13919906318187714,0.07643379271030426,0.03811296448111534,0.011099176481366158,0.027013787999749184,3,RNN,30,128,0.1,0.0005,32,"MinMaxScaler(-1,1)",20,150,val_loss,43,0.004432882182300091,63
2,0.01272228267043829,0.007959547452628613,0.08556533604860306,0.06580251455307007,0.01272228267043829,0.007959547452628613,0.004762735217809677,3,RNN,30,128,0.1,0.0005,32,"MinMaxScaler(-1,1)",20,150,val_loss,43,0.004432882182300091,63
3,0.010114866308867931,0.006943457759916782,0.0761851966381073,0.06091781705617905,0.010114866308867931,0.006943457759916782,0.003171408548951149,3,RNN,30,128,0.1,0.0005,32,"MinMaxScaler(-1,1)",20,150,val_loss,43,0.004432882182300091,63
4,0.008900431916117668,0.007774782367050648,0.07113136351108551,0.06288282573223114,0.008900431916117668,0.007774782367050648,0.0011256495490670204,3,RNN,30,128,0.1,0.0005,32,"MinMaxScaler(-1,1)",20,150,val_loss,43,0.004432882182300091,63
5,0.008226250298321247,0.006978178396821022,0.06806930154561996,0.05916017293930054,0.008226250298321247,0.006978178396821022,0.001248071901500225,3,RNN,30,128,0.1,0.0005,32,"MinMaxScaler(-1,1)",20,150,val_loss,43,0.004432882182300091,63
6,0.007550534326583147,0.006217052228748798,0.0654558390378952,0.05513996258378029,0.007550534326583147,0.006217052228748798,0.0013334820978343487,3,RNN,30,128,0.1,0.0005,32,"MinMaxScaler(-1,1)",20,150,val_loss,43,0.004432882182300091,63
7,0.007085923105478287,0.005895810201764107,0.06274563074111938,0.053887754678726196,0.007085923105478287,0.005895810201764107,0.00119011290371418,3,RNN,30,128,0.1,0.0005,32,"MinMaxScaler(-1,1)",20,150,val_loss,43,0.004432882182300091,63
8,0.0066685425117611885,0.006485121324658394,0.06104862689971924,0.05545586720108986,0.0066685425117611885,0.006485121324658394,0.00018342118710279465,3,RNN,30,128,0.1,0.0005,32,"MinMaxScaler(-1,1)",20,150,val_loss,43,0.004432882182300091,63
9,0.006607650313526392,0.005728195887058973,0.060724373906850815,0.05226447805762291,0.006607650313526392,0.005728195887058973,0.0008794544264674187,3,RNN,30,128,0.1,0.0005,32,"MinMaxScaler(-1,1)",20,150,val_loss,43,0.004432882182300091,63
10,0.006293718237429857,0.005794018507003784,0.058883149176836014,0.052332863211631775,0.006293718237429857,0.005794018507003784,0.0004996997304260731,3,RNN,30,128,0.1,0.0005,32,"MinMaxScaler(-1,1)",20,150,val_loss,43,0.004432882182300091,63
11,0.006286696996539831,0.005620332434773445,0.05897272378206253,0.05174921452999115,0.006286696996539831,0.005620332434773445,0.000666364561766386,3,RNN,30,128,0.1,0.0005,32,"MinMaxScaler(-1,1)",20,150,val_loss,43,0.004432882182300091,63
12,0.006139436271041632,0.0056734029203653336,0.05808259919285774,0.05234771966934204,0.006139436271041632,0.0056734029203653336,0.00046603335067629814,3,RNN,30,128,0.1,0.0005,32,"MinMaxScaler(-1,1)",20,150,val_loss,43,0.004432882182300091,63
13,0.006046132184565067,0.005278068128973246,0.0575912669301033,0.05011012405157089,0.006046132184565067,0.005278068128973246,0.0007680640555918217,3,RNN,30,128,0.1,0.0005,32,"MinMaxScaler(-1,1)",20,150,val_loss,43,0.004432882182300091,63
14,0.0058587961830198765,0.005195015110075474,0.05615435913205147,0.04974538832902908,0.0058587961830198765,0.005195015110075474,0.0006637810729444027,3,RNN,30,128,0.1,0.0005,32,"MinMaxScaler(-1,1)",20,150,val_loss,43,0.004432882182300091,63
15,0.0057455748319625854,0.005039028357714415,0.05547623708844185,0.0498342402279377,0.0057455748319625854,0.005039028357714415,0.0007065464742481709,3,RNN,30,128,0.1,0.0005,32,"MinMaxScaler(-1,1)",20,150,val_loss,43,0.004432882182300091,63
16,0.005602791905403137,0.005274713039398193,0.054778121411800385,0.049863267689943314,0.005602791905403137,0.005274713039398193,0.00032807886600494385,3,RNN,30,128,0.1,0.0005,32,"MinMaxScaler(-1,1)",20,150,val_loss,43,0.004432882182300091,63
17,0.0054584830068051815,0.005171626340597868,0.05423364043235779,0.04965262487530708,0.0054584830068051815,0.005171626340597868,0.00028685666620731354,3,RNN,30,128,0.1,0.0005,32,"MinMaxScaler(-1,1)",20,150,val_loss,43,0.004432882182300091,63
18,0.005444256588816643,0.005012600217014551,0.05402886122465134,0.04849013686180115,0.005444256588816643,0.005012600217014551,0.0004316563718020916,3,RNN,30,128,0.1,0.0005,32,"MinMaxScaler(-1,1)",20,150,val_loss,43,0.004432882182300091,63
19,0.005419805645942688,0.005142021458595991,0.05383617803454399,0.048790063709020615,0.005419805645942688,0.005142021458595991,0.00027778418734669685,3,RNN,30,128,0.1,0.0005,32,"MinMaxScaler(-1,1)",20,150,val_loss,43,0.004432882182300091,63
20,0.005519884172827005,0.00492286030203104,0.05412624403834343,0.04839574173092842,0.005519884172827005,0.00492286030203104,0.0005970238707959652,3,RNN,30,128,0.1,0.0005,32,"MinMaxScaler(-1,1)",20,150,val_loss,43,0.004432882182300091,63
21,0.005311287939548492,0.005045480560511351,0.052897874265909195,0.04819813743233681,0.005311287939548492,0.005045480560511351,0.0002658073790371418,3,RNN,30,128,0.1,0.0005,32,"MinMaxScaler(-1,1)",20,150,val_loss,43,0.004432882182300091,63
22,0.005295895971357822,0.004818864166736603,0.05303160846233368,0.04798903688788414,0.005295895971357822,0.004818864166736603,0.00047703180462121964,3,RNN,30,128,0.1,0.0005,32,"MinMaxScaler(-1,1)",20,150,val_loss,43,0.004432882182300091,63
23,0.00509821530431509,0.005122166592627764,0.051618073135614395,0.04774036258459091,0.00509821530431509,0.005122166592627764,2.395128831267357e-05,3,RNN,30,128,0.1,0.0005,32,"MinMaxScaler(-1,1)",20,150,val_loss,43,0.004432882182300091,63
24,0.005190256983041763,0.004903594963252544,0.052065473049879074,0.04700874909758568,0.005190256983041763,0.004903594963252544,0.0002866620197892189,3,RNN,30,128,0.1,0.0005,32,"MinMaxScaler(-1,1)",20,150,val_loss,43,0.004432882182300091,63
25,0.00511766504496336,0.004951571114361286,0.05135071277618408,0.04738393425941467,0.00511766504496336,0.004951571114361286,0.00016609393060207367,3,RNN,30,128,0.1,0.0005,32,"MinMaxScaler(-1,1)",20,150,val_loss,43,0.004432882182300091,63
26,0.005064592231065035,0.004846226889640093,0.05125734210014343,0.04744542017579079,0.005064592231065035,0.004846226889640093,0.00021836534142494202,3,RNN,30,128,0.1,0.0005,32,"MinMaxScaler(-1,1)",20,150,val_loss,43,0.004432882182300091,63
27,0.005042528733611107,0.0050721014849841595,0.050940219312906265,0.047340452671051025,0.005042528733611107,0.0050721014849841595,2.9572751373052597e-05,3,RNN,30,128,0.1,0.0005,32,"MinMaxScaler(-1,1)",20,150,val_loss,43,0.004432882182300091,63
28,0.004948854446411133,0.0049204048700630665,0.05046762526035309,0.04665692150592804,0.004948854446411133,0.0049204048700630665,2.844957634806633e-05,3,RNN,30,128,0.1,0.0005,32,"MinMaxScaler(-1,1)",20,150,val_loss,43,0.004432882182300091,63
29,0.004899430554360151,0.004685505293309689,0.049916788935661316,0.046108178794384,0.004899430554360151,0.004685505293309689,0.00021392526105046272,3,RNN,30,128,0.1,0.0005,32,"MinMaxScaler(-1,1)",20,150,val_loss,43,0.004432882182300091,63
30,0.004888390656560659,0.004738554358482361,0.05021676793694496,0.046054527163505554,0.004888390656560659,0.004738554358482361,0.00014983629807829857,3,RNN,30,128,0.1,0.0005,32,"MinMaxScaler(-1,1)",20,150,val_loss,43,0.004432882182300091,63
31,0.0047966307029128075,0.004643794149160385,0.04958547279238701,0.04529016464948654,0.0047966307029128075,0.004643794149160385,0.00015283655375242233,3,RNN,30,128,0.1,0.0005,32,"MinMaxScaler(-1,1)",20,150,val_loss,43,0.004432882182300091,63
32,0.004861926194280386,0.004652738571166992,0.050336919724941254,0.045811139047145844,0.004861926194280386,0.004652738571166992,0.00020918762311339378,3,RNN,30,128,0.1,0.0005,32,"MinMaxScaler(-1,1)",20,150,val_loss,43,0.004432882182300091,63
33,0.004936740268021822,0.004685567691922188,0.050688665360212326,0.04506057873368263,0.004936740268021822,0.004685567691922188,0.00025117257609963417,3,RNN,30,128,0.1,0.0005,32,"MinMaxScaler(-1,1)",20,150,val_loss,43,0.004432882182300091,63
34,0.004834586288779974,0.004499542992562056,0.04971079155802727,0.04457608610391617,0.004834586288779974,0.004499542992562056,0.0003350432962179184,3,RNN,30,128,0.1,0.0005,32,"MinMaxScaler(-1,1)",20,150,val_loss,43,0.004432882182300091,63
35,0.0046953968703746796,0.004549304023385048,0.04891429468989372,0.04500620812177658,0.0046953968703746796,0.004549304023385048,0.00014609284698963165,3,RNN,30,128,0.1,0.0005,32,"MinMaxScaler(-1,1)",20,150,val_loss,43,0.004432882182300091,63
36,0.004739445634186268,0.004578796681016684,0.049197886139154434,0.04477957263588905,0.004739445634186268,0.004578796681016684,0.00016064895316958427,3,RNN,30,128,0.1,0.0005,32,"MinMaxScaler(-1,1)",20,150,val_loss,43,0.004432882182300091,63
37,0.004579486791044474,0.004645560402423143,0.04834558069705963,0.04479660466313362,0.004579486791044474,0.004645560402423143,6.607361137866974e-05,3,RNN,30,128,0.1,0.0005,32,"MinMaxScaler(-1,1)",20,150,val_loss,43,0.004432882182300091,63
38,0.004766685422509909,0.0045499796979129314,0.0488770417869091,0.04493929073214531,0.004766685422509909,0.0045499796979129314,0.00021670572459697723,3,RNN,30,128,0.1,0.0005,32,"MinMaxScaler(-1,1)",20,150,val_loss,43,0.004432882182300091,63
39,0.004730935674160719,0.004456234630197287,0.04903193563222885,0.04457683861255646,0.004730935674160719,0.004456234630197287,0.0002747010439634323,3,RNN,30,128,0.1,0.0005,32,"MinMaxScaler(-1,1)",20,150,val_loss,43,0.004432882182300091,63
40,0.004685933701694012,0.004644868895411491,0.048565760254859924,0.044932957738637924,0.004685933701694012,0.004644868895411491,4.1064806282520294e-05,3,RNN,30,128,0.1,0.0005,32,"MinMaxScaler(-1,1)",20,150,val_loss,43,0.004432882182300091,63
41,0.004567926283925772,0.004487117752432823,0.04803771153092384,0.04416802525520325,0.004567926283925772,0.004487117752432823,8.080853149294853e-05,3,RNN,30,128,0.1,0.0005,32,"MinMaxScaler(-1,1)",20,150,val_loss,43,0.004432882182300091,63
42,0.004575810395181179,0.004626495763659477,0.0483962781727314,0.04452722519636154,0.004575810395181179,0.004626495763659477,5.068536847829819e-05,3,RNN,30,128,0.1,0.0005,32,"MinMaxScaler(-1,1)",20,150,val_loss,43,0.004432882182300091,63
43,0.004554104525595903,0.004432882182300091,0.04792207479476929,0.04393099248409271,0.004554104525595903,0.004432882182300091,0.00012122234329581261,3,RNN,30,128,0.1,0.0005,32,"MinMaxScaler(-1,1)",20,150,val_loss,43,0.004432882182300091,63
44,0.004547208081930876,0.004459649324417114,0.04782172664999962,0.04405306279659271,0.004547208081930876,0.004459649324417114,8.755875751376152e-05,3,RNN,30,128,0.1,0.0005,32,"MinMaxScaler(-1,1)",20,150,val_loss,43,0.004432882182300091,63
45,0.004316273611038923,0.0049351854249835014,0.04655786603689194,0.045417215675115585,0.004316273611038923,0.0049351854249835014,0.0006189118139445782,3,RNN,30,128,0.1,0.0005,32,"MinMaxScaler(-1,1)",20,150,val_loss,43,0.004432882182300091,63
46,0.004437564872205257,0.004709354601800442,0.047881606966257095,0.044270675629377365,0.004437564872205257,0.004709354601800442,0.0002717897295951843,3,RNN,30,128,0.1,0.0005,32,"MinMaxScaler(-1,1)",20,150,val_loss,43,0.004432882182300091,63
47,0.004315237980335951,0.004894099198281765,0.04680399224162102,0.045219048857688904,0.004315237980335951,0.004894099198281765,0.0005788612179458141,3,RNN,30,128,0.1,0.0005,32,"MinMaxScaler(-1,1)",20,150,val_loss,43,0.004432882182300091,63
48,0.004447062499821186,0.004884572699666023,0.04744471609592438,0.045200347900390625,0.004447062499821186,0.004884572699666023,0.0004375101998448372,3,RNN,30,128,0.1,0.0005,32,"MinMaxScaler(-1,1)",20,150,val_loss,43,0.004432882182300091,63
49,0.004498633090406656,0.005012075416743755,0.04770917072892189,0.04614119231700897,0.004498633090406656,0.005012075416743755,0.0005134423263370991,3,RNN,30,128,0.1,0.0005,32,"MinMaxScaler(-1,1)",20,150,val_loss,43,0.004432882182300091,63
50,0.0044620283879339695,0.004933467134833336,0.04741591960191727,0.04528360813856125,0.0044620283879339695,0.004933467134833336,0.0004714387468993664,3,RNN,30,128,0.1,0.0005,32,"MinMaxScaler(-1,1)",20,150,val_loss,43,0.004432882182300091,63
51,0.0044067916460335255,0.0050890748389065266,0.04737893119454384,0.046207889914512634,0.0044067916460335255,0.0050890748389065266,0.0006822831928730011,3,RNN,30,128,0.1,0.0005,32,"MinMaxScaler(-1,1)",20,150,val_loss,43,0.004432882182300091,63
52,0.0043550520204007626,0.004720610100775957,0.04708974435925484,0.04434097558259964,0.0043550520204007626,0.004720610100775957,0.00036555808037519455,3,RNN,30,128,0.1,0.0005,32,"MinMaxScaler(-1,1)",20,150,val_loss,43,0.004432882182300091,63
53,0.004344767890870571,0.004887846764177084,0.046889498829841614,0.04495555907487869,0.004344767890870571,0.004887846764177084,0.0005430788733065128,3,RNN,30,128,0.1,0.0005,32,"MinMaxScaler(-1,1)",20,150,val_loss,43,0.004432882182300091,63
54,0.004293476697057486,0.004982460755854845,0.0464426688849926,0.045816004276275635,0.004293476697057486,0.004982460755854845,0.0006889840587973595,3,RNN,30,128,0.1,0.0005,32,"MinMaxScaler(-1,1)",20,150,val_loss,43,0.004432882182300091,63
55,0.0042792316526174545,0.004973845090717077,0.04597890377044678,0.04623245447874069,0.0042792316526174545,0.004973845090717077,0.0006946134380996227,3,RNN,30,128,0.1,0.0005,32,"MinMaxScaler(-1,1)",20,150,val_loss,43,0.004432882182300091,63
56,0.004380229860544205,0.0047463602386415005,0.04639804735779762,0.044708557426929474,0.004380229860544205,0.0047463602386415005,0.00036613037809729576,3,RNN,30,128,0.1,0.0005,32,"MinMaxScaler(-1,1)",20,150,val_loss,43,0.004432882182300091,63
57,0.004352191928774118,0.0048818825744092464,0.04671746864914894,0.04590071737766266,0.004352191928774118,0.0048818825744092464,0.000529690645635128,3,RNN,30,128,0.1,0.0005,32,"MinMaxScaler(-1,1)",20,150,val_loss,43,0.004432882182300091,63
58,0.0043780617415905,0.004964444786310196,0.0467991977930069,0.04594191163778305,0.0043780617415905,0.004964444786310196,0.000586383044719696,3,RNN,30,128,0.1,0.0005,32,"MinMaxScaler(-1,1)",20,150,val_loss,43,0.004432882182300091,63
59,0.004319921135902405,0.004837243817746639,0.04607025161385536,0.04532502591609955,0.004319921135902405,0.004837243817746639,0.0005173226818442345,3,RNN,30,128,0.1,0.0005,32,"MinMaxScaler(-1,1)",20,150,val_loss,43,0.004432882182300091,63
60,0.004276318941265345,0.004771781619638205,0.046138204634189606,0.04507111385464668,0.004276318941265345,0.004771781619638205,0.00049546267837286,3,RNN,30,128,0.1,0.0005,32,"MinMaxScaler(-1,1)",20,150,val_loss,43,0.004432882182300091,63
61,0.004279730841517448,0.0047461544163525105,0.04597398638725281,0.04443403333425522,0.004279730841517448,0.0047461544163525105,0.000466423574835062,3,RNN,30,128,0.1,0.0005,32,"MinMaxScaler(-1,1)",20,150,val_loss,43,0.004432882182300091,63
62,0.004233199637383223,0.004848533775657415,0.04563441127538681,0.04534297436475754,0.004233199637383223,0.004848533775657415,0.0006153341382741928,3,RNN,30,128,0.1,0.0005,32,"MinMaxScaler(-1,1)",20,150,val_loss,43,0.004432882182300091,63
63,0.004307485185563564,0.004789719358086586,0.046167418360710144,0.04479282721877098,0.004307485185563564,0.004789719358086586,0.0004822341725230217,3,RNN,30,128,0.1,0.0005,32,"MinMaxScaler(-1,1)",20,150,val_loss,43,0.004432882182300091,63
1,0.05451739951968193,0.02069067396223545,0.1659567803144455,0.11379323899745941,0.05451739951968193,0.02069067396223545,0.03382672555744648,4,RNN,30,128,0.1,0.0005,32,"MinMaxScaler(-1,1)",20,150,val_loss,115,0.003129452932626009,135
2,0.01528819277882576,0.010562535375356674,0.09456166625022888,0.0773007869720459,0.01528819277882576,0.010562535375356674,0.004725657403469086,4,RNN,30,128,0.1,0.0005,32,"MinMaxScaler(-1,1)",20,150,val_loss,115,0.003129452932626009,135
3,0.012151365168392658,0.00838195625692606,0.08446747809648514,0.06747127324342728,0.012151365168392658,0.00838195625692606,0.0037694089114665985,4,RNN,30,128,0.1,0.0005,32,"MinMaxScaler(-1,1)",20,150,val_loss,115,0.003129452932626009,135
4,0.011012102477252483,0.007414230611175299,0.07974836975336075,0.06318535655736923,0.011012102477252483,0.007414230611175299,0.0035978718660771847,4,RNN,30,128,0.1,0.0005,32,"MinMaxScaler(-1,1)",20,150,val_loss,115,0.003129452932626009,135
5,0.00983872078359127,0.0066730254329741,0.07552001625299454,0.05926085263490677,0.00983872078359127,0.0066730254329741,0.0031656953506171703,4,RNN,30,128,0.1,0.0005,32,"MinMaxScaler(-1,1)",20,150,val_loss,115,0.003129452932626009,135
6,0.009395276196300983,0.006478478200733662,0.07353933155536652,0.0584898516535759,0.009395276196300983,0.006478478200733662,0.0029167979955673218,4,RNN,30,128,0.1,0.0005,32,"MinMaxScaler(-1,1)",20,150,val_loss,115,0.003129452932626009,135
7,0.008955452591180801,0.006129422225058079,0.0715046375989914,0.05622665211558342,0.008955452591180801,0.006129422225058079,0.0028260303661227226,4,RNN,30,128,0.1,0.0005,32,"MinMaxScaler(-1,1)",20,150,val_loss,115,0.003129452932626009,135
8,0.008254807442426682,0.005815647542476654,0.06850045174360275,0.054326388984918594,0.008254807442426682,0.005815647542476654,0.0024391598999500275,4,RNN,30,128,0.1,0.0005,32,"MinMaxScaler(-1,1)",20,150,val_loss,115,0.003129452932626009,135
9,0.007943910546600819,0.005691216792911291,0.06681730598211288,0.053591858595609665,0.007943910546600819,0.005691216792911291,0.0022526937536895275,4,RNN,30,128,0.1,0.0005,32,"MinMaxScaler(-1,1)",20,150,val_loss,115,0.003129452932626009,135
10,0.007627284619957209,0.005486471112817526,0.06553921103477478,0.05218954756855965,0.007627284619957209,0.005486471112817526,0.0021408135071396828,4,RNN,30,128,0.1,0.0005,32,"MinMaxScaler(-1,1)",20,150,val_loss,115,0.003129452932626009,135
11,0.007432674523442984,0.005533107090741396,0.06448698788881302,0.05210869759321213,0.007432674523442984,0.005533107090741396,0.0018995674327015877,4,RNN,30,128,0.1,0.0005,32,"MinMaxScaler(-1,1)",20,150,val_loss,115,0.003129452932626009,135
12,0.007173022720962763,0.005496280733495951,0.06360357999801636,0.05167403444647789,0.007173022720962763,0.005496280733495951,0.0016767419874668121,4,RNN,30,128,0.1,0.0005,32,"MinMaxScaler(-1,1)",20,150,val_loss,115,0.003129452932626009,135
13,0.006943568121641874,0.005286678206175566,0.062273915857076645,0.0505167618393898,0.006943568121641874,0.005286678206175566,0.0016568899154663086,4,RNN,30,128,0.1,0.0005,32,"MinMaxScaler(-1,1)",20,150,val_loss,115,0.003129452932626009,135
14,0.006591745186597109,0.005277135409414768,0.06034789979457855,0.050377145409584045,0.006591745186597109,0.005277135409414768,0.0013146097771823406,4,RNN,30,128,0.1,0.0005,32,"MinMaxScaler(-1,1)",20,150,val_loss,115,0.003129452932626009,135
15,0.006582757458090782,0.005290979985147715,0.06020256131887436,0.05021614581346512,0.006582757458090782,0.005290979985147715,0.0012917774729430676,4,RNN,30,128,0.1,0.0005,32,"MinMaxScaler(-1,1)",20,150,val_loss,115,0.003129452932626009,135
16,0.0064988816156983376,0.00519385514780879,0.059981007128953934,0.049538254737854004,0.0064988816156983376,0.00519385514780879,0.0013050264678895473,4,RNN,30,128,0.1,0.0005,32,"MinMaxScaler(-1,1)",20,150,val_loss,115,0.003129452932626009,135
17,0.006365908309817314,0.005226663779467344,0.05879227817058563,0.0497945174574852,0.006365908309817314,0.005226663779467344,0.0011392445303499699,4,RNN,30,128,0.1,0.0005,32,"MinMaxScaler(-1,1)",20,150,val_loss,115,0.003129452932626009,135
18,0.006101618986576796,0.00508390087634325,0.05749206990003586,0.048633839935064316,0.006101618986576796,0.00508390087634325,0.0010177181102335453,4,RNN,30,128,0.1,0.0005,32,"MinMaxScaler(-1,1)",20,150,val_loss,115,0.003129452932626009,135
19,0.006233305670320988,0.005040426272898912,0.05824928730726242,0.04849281534552574,0.006233305670320988,0.005040426272898912,0.0011928793974220753,4,RNN,30,128,0.1,0.0005,32,"MinMaxScaler(-1,1)",20,150,val_loss,115,0.003129452932626009,135
20,0.006046866998076439,0.0049433596432209015,0.05707748606801033,0.04755474254488945,0.006046866998076439,0.0049433596432209015,0.0011035073548555374,4,RNN,30,128,0.1,0.0005,32,"MinMaxScaler(-1,1)",20,150,val_loss,115,0.003129452932626009,135
21,0.005921033676713705,0.00499458285048604,0.056380804628133774,0.04793060943484306,0.005921033676713705,0.00499458285048604,0.000926450826227665,4,RNN,30,128,0.1,0.0005,32,"MinMaxScaler(-1,1)",20,150,val_loss,115,0.003129452932626009,135
22,0.00557677773758769,0.0048492769710719585,0.0547499917447567,0.04685758426785469,0.00557677773758769,0.0048492769710719585,0.0007275007665157318,4,RNN,30,128,0.1,0.0005,32,"MinMaxScaler(-1,1)",20,150,val_loss,115,0.003129452932626009,135
23,0.005835477262735367,0.004796025808900595,0.055867888033390045,0.046601034700870514,0.005835477262735367,0.004796025808900595,0.0010394514538347721,4,RNN,30,128,0.1,0.0005,32,"MinMaxScaler(-1,1)",20,150,val_loss,115,0.003129452932626009,135
24,0.005791210103780031,0.0047533041797578335,0.05569251626729965,0.04625564441084862,0.005791210103780031,0.0047533041797578335,0.0010379059240221977,4,RNN,30,128,0.1,0.0005,32,"MinMaxScaler(-1,1)",20,150,val_loss,115,0.003129452932626009,135
25,0.00577544653788209,0.004744401667267084,0.055621616542339325,0.0461636520922184,0.00577544653788209,0.004744401667267084,0.0010310448706150055,4,RNN,30,128,0.1,0.0005,32,"MinMaxScaler(-1,1)",20,150,val_loss,115,0.003129452932626009,135
26,0.005808990448713303,0.004799641668796539,0.055776577442884445,0.0467081256210804,0.005808990448713303,0.004799641668796539,0.0010093487799167633,4,RNN,30,128,0.1,0.0005,32,"MinMaxScaler(-1,1)",20,150,val_loss,115,0.003129452932626009,135
27,0.0055481004528701305,0.00478143198415637,0.05436792969703674,0.046491771936416626,0.0055481004528701305,0.00478143198415637,0.0007666684687137604,4,RNN,30,128,0.1,0.0005,32,"MinMaxScaler(-1,1)",20,150,val_loss,115,0.003129452932626009,135
28,0.005562136881053448,0.004807714372873306,0.05415862053632736,0.04670068621635437,0.005562136881053448,0.004807714372873306,0.0007544225081801414,4,RNN,30,128,0.1,0.0005,32,"MinMaxScaler(-1,1)",20,150,val_loss,115,0.003129452932626009,135
29,0.005426580552011728,0.004680674523115158,0.053683310747146606,0.045887064188718796,0.005426580552011728,0.004680674523115158,0.0007459060288965702,4,RNN,30,128,0.1,0.0005,32,"MinMaxScaler(-1,1)",20,150,val_loss,115,0.003129452932626009,135
30,0.0053628673776984215,0.0046819113194942474,0.052896898239851,0.04601948335766792,0.0053628673776984215,0.0046819113194942474,0.000680956058204174,4,RNN,30,128,0.1,0.0005,32,"MinMaxScaler(-1,1)",20,150,val_loss,115,0.003129452932626009,135
31,0.0054507204331457615,0.004470262676477432,0.05335965007543564,0.04467099905014038,0.0054507204331457615,0.004470262676477432,0.0009804577566683292,4,RNN,30,128,0.1,0.0005,32,"MinMaxScaler(-1,1)",20,150,val_loss,115,0.003129452932626009,135
32,0.005288548301905394,0.004576144274324179,0.052637115120887756,0.045203883200883865,0.005288548301905394,0.004576144274324179,0.0007124040275812149,4,RNN,30,128,0.1,0.0005,32,"MinMaxScaler(-1,1)",20,150,val_loss,115,0.003129452932626009,135
33,0.005327756982296705,0.004465124569833279,0.052841272205114365,0.04472760483622551,0.005327756982296705,0.004465124569833279,0.0008626324124634266,4,RNN,30,128,0.1,0.0005,32,"MinMaxScaler(-1,1)",20,150,val_loss,115,0.003129452932626009,135
34,0.0052225179970264435,0.0043473499827086926,0.05208132788538933,0.04409216344356537,0.0052225179970264435,0.0043473499827086926,0.0008751680143177509,4,RNN,30,128,0.1,0.0005,32,"MinMaxScaler(-1,1)",20,150,val_loss,115,0.003129452932626009,135
35,0.005246737040579319,0.0044236634857952595,0.052715741097927094,0.044648487120866776,0.005246737040579319,0.0044236634857952595,0.0008230735547840595,4,RNN,30,128,0.1,0.0005,32,"MinMaxScaler(-1,1)",20,150,val_loss,115,0.003129452932626009,135
36,0.005088121630251408,0.004335464909672737,0.05137374997138977,0.043957728892564774,0.005088121630251408,0.004335464909672737,0.0007526567205786705,4,RNN,30,128,0.1,0.0005,32,"MinMaxScaler(-1,1)",20,150,val_loss,115,0.003129452932626009,135
37,0.00504680909216404,0.004484529606997967,0.050975728780031204,0.044983770698308945,0.00504680909216404,0.004484529606997967,0.0005622794851660728,4,RNN,30,128,0.1,0.0005,32,"MinMaxScaler(-1,1)",20,150,val_loss,115,0.003129452932626009,135
38,0.00509344507008791,0.00436404999345541,0.0515252910554409,0.04442412406206131,0.00509344507008791,0.00436404999345541,0.0007293950766324997,4,RNN,30,128,0.1,0.0005,32,"MinMaxScaler(-1,1)",20,150,val_loss,115,0.003129452932626009,135
39,0.004961972124874592,0.004391903057694435,0.050913404673337936,0.045181967318058014,0.004961972124874592,0.004391903057694435,0.0005700690671801567,4,RNN,30,128,0.1,0.0005,32,"MinMaxScaler(-1,1)",20,150,val_loss,115,0.003129452932626009,135
40,0.004977163393050432,0.004229262471199036,0.05063554272055626,0.04361943155527115,0.004977163393050432,0.004229262471199036,0.0007479009218513966,4,RNN,30,128,0.1,0.0005,32,"MinMaxScaler(-1,1)",20,150,val_loss,115,0.003129452932626009,135
41,0.004849535413086414,0.004197390284389257,0.049887705594301224,0.04348435625433922,0.004849535413086414,0.004197390284389257,0.0006521451286971569,4,RNN,30,128,0.1,0.0005,32,"MinMaxScaler(-1,1)",20,150,val_loss,115,0.003129452932626009,135
42,0.004897987935692072,0.004322567954659462,0.049828652292490005,0.044426079839468,0.004897987935692072,0.004322567954659462,0.0005754199810326099,4,RNN,30,128,0.1,0.0005,32,"MinMaxScaler(-1,1)",20,150,val_loss,115,0.003129452932626009,135
43,0.0048498972319066525,0.004137271549552679,0.05015817657113075,0.04341510683298111,0.0048498972319066525,0.004137271549552679,0.0007126256823539734,4,RNN,30,128,0.1,0.0005,32,"MinMaxScaler(-1,1)",20,150,val_loss,115,0.003129452932626009,135
44,0.004869040567427874,0.004213185980916023,0.050145115703344345,0.04395833984017372,0.004869040567427874,0.004213185980916023,0.0006558545865118504,4,RNN,30,128,0.1,0.0005,32,"MinMaxScaler(-1,1)",20,150,val_loss,115,0.003129452932626009,135
45,0.004752734676003456,0.004161238670349121,0.04936308413743973,0.04370409622788429,0.004752734676003456,0.004161238670349121,0.000591496005654335,4,RNN,30,128,0.1,0.0005,32,"MinMaxScaler(-1,1)",20,150,val_loss,115,0.003129452932626009,135
46,0.004815620370209217,0.004099903162568808,0.04953084886074066,0.04344068467617035,0.004815620370209217,0.004099903162568808,0.0007157172076404095,4,RNN,30,128,0.1,0.0005,32,"MinMaxScaler(-1,1)",20,150,val_loss,115,0.003129452932626009,135
47,0.004780512303113937,0.00422204053029418,0.049653202295303345,0.04432785511016846,0.004780512303113937,0.00422204053029418,0.0005584717728197575,4,RNN,30,128,0.1,0.0005,32,"MinMaxScaler(-1,1)",20,150,val_loss,115,0.003129452932626009,135
48,0.00477994279935956,0.004004096612334251,0.04937486723065376,0.04271356761455536,0.00477994279935956,0.004004096612334251,0.0007758461870253086,4,RNN,30,128,0.1,0.0005,32,"MinMaxScaler(-1,1)",20,150,val_loss,115,0.003129452932626009,135
49,0.004668084904551506,0.004007383715361357,0.04899153858423233,0.04283349961042404,0.004668084904551506,0.004007383715361357,0.0006607011891901493,4,RNN,30,128,0.1,0.0005,32,"MinMaxScaler(-1,1)",20,150,val_loss,115,0.003129452932626009,135
50,0.00473287608474493,0.003961579408496618,0.049151789397001266,0.04264065623283386,0.00473287608474493,0.003961579408496618,0.000771296676248312,4,RNN,30,128,0.1,0.0005,32,"MinMaxScaler(-1,1)",20,150,val_loss,115,0.003129452932626009,135
51,0.004687736742198467,0.0038986015133559704,0.04888705909252167,0.04248557984828949,0.004687736742198467,0.0038986015133559704,0.0007891352288424969,4,RNN,30,128,0.1,0.0005,32,"MinMaxScaler(-1,1)",20,150,val_loss,115,0.003129452932626009,135
52,0.004705990664660931,0.0038599465042352676,0.04873596131801605,0.042574211955070496,0.004705990664660931,0.0038599465042352676,0.000846044160425663,4,RNN,30,128,0.1,0.0005,32,"MinMaxScaler(-1,1)",20,150,val_loss,115,0.003129452932626009,135
53,0.004604834597557783,0.003982741851359606,0.04859700798988342,0.043517597019672394,0.004604834597557783,0.003982741851359606,0.0006220927461981773,4,RNN,30,128,0.1,0.0005,32,"MinMaxScaler(-1,1)",20,150,val_loss,115,0.003129452932626009,135
54,0.004634557757526636,0.0038766502402722836,0.04830963909626007,0.04241850599646568,0.004634557757526636,0.0038766502402722836,0.0007579075172543526,4,RNN,30,128,0.1,0.0005,32,"MinMaxScaler(-1,1)",20,150,val_loss,115,0.003129452932626009,135
55,0.004533510655164719,0.003768524155020714,0.04789045825600624,0.04146081581711769,0.004533510655164719,0.003768524155020714,0.0007649865001440048,4,RNN,30,128,0.1,0.0005,32,"MinMaxScaler(-1,1)",20,150,val_loss,115,0.003129452932626009,135
56,0.004669266287237406,0.003871591528877616,0.048662301152944565,0.04297349229454994,0.004669266287237406,0.003871591528877616,0.0007976747583597898,4,RNN,30,128,0.1,0.0005,32,"MinMaxScaler(-1,1)",20,150,val_loss,115,0.003129452932626009,135
57,0.004672562703490257,0.0038172760978341103,0.04860975593328476,0.0422513447701931,0.004672562703490257,0.0038172760978341103,0.000855286605656147,4,RNN,30,128,0.1,0.0005,32,"MinMaxScaler(-1,1)",20,150,val_loss,115,0.003129452932626009,135
58,0.0045463754795491695,0.0036891037598252296,0.04774865880608559,0.04146060720086098,0.0045463754795491695,0.0036891037598252296,0.0008572717197239399,4,RNN,30,128,0.1,0.0005,32,"MinMaxScaler(-1,1)",20,150,val_loss,115,0.003129452932626009,135
59,0.004551061429083347,0.003699180670082569,0.04811950400471687,0.041627753525972366,0.004551061429083347,0.003699180670082569,0.0008518807590007782,4,RNN,30,128,0.1,0.0005,32,"MinMaxScaler(-1,1)",20,150,val_loss,115,0.003129452932626009,135
60,0.00447528250515461,0.003690152894705534,0.04733428731560707,0.041452448815107346,0.00447528250515461,0.003690152894705534,0.0007851296104490757,4,RNN,30,128,0.1,0.0005,32,"MinMaxScaler(-1,1)",20,150,val_loss,115,0.003129452932626009,135
61,0.00457383506000042,0.00371577893383801,0.04806691035628319,0.04221995547413826,0.00457383506000042,0.00371577893383801,0.0008580561261624098,4,RNN,30,128,0.1,0.0005,32,"MinMaxScaler(-1,1)",20,150,val_loss,115,0.003129452932626009,135
62,0.004410408902913332,0.003595492569729686,0.046692315489053726,0.04094832390546799,0.004410408902913332,0.003595492569729686,0.0008149163331836462,4,RNN,30,128,0.1,0.0005,32,"MinMaxScaler(-1,1)",20,150,val_loss,115,0.003129452932626009,135
63,0.004589417017996311,0.003618147224187851,0.047804154455661774,0.0413128100335598,0.004589417017996311,0.003618147224187851,0.0009712697938084602,4,RNN,30,128,0.1,0.0005,32,"MinMaxScaler(-1,1)",20,150,val_loss,115,0.003129452932626009,135
64,0.004422314930707216,0.003601831616833806,0.047361355274915695,0.04094395413994789,0.004422314930707216,0.003601831616833806,0.0008204833138734102,4,RNN,30,128,0.1,0.0005,32,"MinMaxScaler(-1,1)",20,150,val_loss,115,0.003129452932626009,135
65,0.0044208671897649765,0.003549619810655713,0.047162026166915894,0.040569864213466644,0.0044208671897649765,0.003549619810655713,0.0008712473791092634,4,RNN,30,128,0.1,0.0005,32,"MinMaxScaler(-1,1)",20,150,val_loss,115,0.003129452932626009,135
66,0.0044436343014240265,0.0034911269322037697,0.046900440007448196,0.0401654914021492,0.0044436343014240265,0.0034911269322037697,0.0009525073692202568,4,RNN,30,128,0.1,0.0005,32,"MinMaxScaler(-1,1)",20,150,val_loss,115,0.003129452932626009,135
67,0.004369004163891077,0.003558750730007887,0.046386606991291046,0.04082624986767769,0.004369004163891077,0.003558750730007887,0.0008102534338831902,4,RNN,30,128,0.1,0.0005,32,"MinMaxScaler(-1,1)",20,150,val_loss,115,0.003129452932626009,135
68,0.0044190529733896255,0.0034641504753381014,0.047214578837156296,0.040331535041332245,0.0044190529733896255,0.0034641504753381014,0.0009549024980515242,4,RNN,30,128,0.1,0.0005,32,"MinMaxScaler(-1,1)",20,150,val_loss,115,0.003129452932626009,135
69,0.004400679841637611,0.0034982350189238787,0.04684227705001831,0.04036686196923256,0.004400679841637611,0.0034982350189238787,0.0009024448227137327,4,RNN,30,128,0.1,0.0005,32,"MinMaxScaler(-1,1)",20,150,val_loss,115,0.003129452932626009,135
70,0.0043775541707873344,0.0035507711581885815,0.04684734717011452,0.04087405651807785,0.0043775541707873344,0.0035507711581885815,0.000826783012598753,4,RNN,30,128,0.1,0.0005,32,"MinMaxScaler(-1,1)",20,150,val_loss,115,0.003129452932626009,135
71,0.0044144680723547935,0.0034874845296144485,0.046822160482406616,0.04043795168399811,0.0044144680723547935,0.0034874845296144485,0.000926983542740345,4,RNN,30,128,0.1,0.0005,32,"MinMaxScaler(-1,1)",20,150,val_loss,115,0.003129452932626009,135
72,0.004250920843333006,0.0034516192972660065,0.046035464853048325,0.040083881467580795,0.004250920843333006,0.0034516192972660065,0.0007993015460669994,4,RNN,30,128,0.1,0.0005,32,"MinMaxScaler(-1,1)",20,150,val_loss,115,0.003129452932626009,135
73,0.0043242983520030975,0.0034627248533070087,0.04657548666000366,0.04039963707327843,0.0043242983520030975,0.0034627248533070087,0.0008615734986960888,4,RNN,30,128,0.1,0.0005,32,"MinMaxScaler(-1,1)",20,150,val_loss,115,0.003129452932626009,135
74,0.004345790017396212,0.0034236335195600986,0.04646429792046547,0.039964113384485245,0.004345790017396212,0.0034236335195600986,0.000922156497836113,4,RNN,30,128,0.1,0.0005,32,"MinMaxScaler(-1,1)",20,150,val_loss,115,0.003129452932626009,135
75,0.00419835327193141,0.003399002132937312,0.04572758451104164,0.03977212682366371,0.00419835327193141,0.003399002132937312,0.0007993511389940977,4,RNN,30,128,0.1,0.0005,32,"MinMaxScaler(-1,1)",20,150,val_loss,115,0.003129452932626009,135
76,0.00434526614844799,0.003337274771183729,0.04628700390458107,0.03978012502193451,0.00434526614844799,0.003337274771183729,0.0010079913772642612,4,RNN,30,128,0.1,0.0005,32,"MinMaxScaler(-1,1)",20,150,val_loss,115,0.003129452932626009,135
77,0.004367240704596043,0.003457736922428012,0.04680005460977554,0.040455207228660583,0.004367240704596043,0.003457736922428012,0.0009095037821680307,4,RNN,30,128,0.1,0.0005,32,"MinMaxScaler(-1,1)",20,150,val_loss,115,0.003129452932626009,135
78,0.004383624531328678,0.003361149225383997,0.046715524047613144,0.03987562283873558,0.004383624531328678,0.003361149225383997,0.0010224753059446812,4,RNN,30,128,0.1,0.0005,32,"MinMaxScaler(-1,1)",20,150,val_loss,115,0.003129452932626009,135
79,0.004358875565230846,0.0034303031861782074,0.04641043022274971,0.040282923728227615,0.004358875565230846,0.0034303031861782074,0.000928572379052639,4,RNN,30,128,0.1,0.0005,32,"MinMaxScaler(-1,1)",20,150,val_loss,115,0.003129452932626009,135
80,0.004173032008111477,0.0033128580544143915,0.04544774070382118,0.03948988392949104,0.004173032008111477,0.0033128580544143915,0.0008601739536970854,4,RNN,30,128,0.1,0.0005,32,"MinMaxScaler(-1,1)",20,150,val_loss,115,0.003129452932626009,135
81,0.00422715162858367,0.003326988313347101,0.04564705863595009,0.03966686502099037,0.00422715162858367,0.003326988313347101,0.0009001633152365685,4,RNN,30,128,0.1,0.0005,32,"MinMaxScaler(-1,1)",20,150,val_loss,115,0.003129452932626009,135
82,0.004272024147212505,0.0034946154337376356,0.0460701584815979,0.040913622826337814,0.004272024147212505,0.0034946154337376356,0.0007774087134748697,4,RNN,30,128,0.1,0.0005,32,"MinMaxScaler(-1,1)",20,150,val_loss,115,0.003129452932626009,135
83,0.004201372619718313,0.0033468299079686403,0.04526296630501747,0.039822015911340714,0.004201372619718313,0.0033468299079686403,0.0008545427117496729,4,RNN,30,128,0.1,0.0005,32,"MinMaxScaler(-1,1)",20,150,val_loss,115,0.003129452932626009,135
84,0.004129727836698294,0.0032543207053095102,0.04474484175443649,0.038921963423490524,0.004129727836698294,0.0032543207053095102,0.0008754071313887835,4,RNN,30,128,0.1,0.0005,32,"MinMaxScaler(-1,1)",20,150,val_loss,115,0.003129452932626009,135
85,0.004209999926388264,0.003239535028114915,0.045643605291843414,0.03901093453168869,0.004209999926388264,0.003239535028114915,0.0009704648982733488,4,RNN,30,128,0.1,0.0005,32,"MinMaxScaler(-1,1)",20,150,val_loss,115,0.003129452932626009,135
86,0.004206634592264891,0.00333227077499032,0.04585757851600647,0.03969559445977211,0.004206634592264891,0.00333227077499032,0.0008743638172745705,4,RNN,30,128,0.1,0.0005,32,"MinMaxScaler(-1,1)",20,150,val_loss,115,0.003129452932626009,135
87,0.004175087437033653,0.0032688018400222063,0.04508304223418236,0.039187509566545486,0.004175087437033653,0.0032688018400222063,0.000906285597011447,4,RNN,30,128,0.1,0.0005,32,"MinMaxScaler(-1,1)",20,150,val_loss,115,0.003129452932626009,135
88,0.004233174491673708,0.0033219808246940374,0.04538804292678833,0.03946652263402939,0.004233174491673708,0.0033219808246940374,0.0009111936669796705,4,RNN,30,128,0.1,0.0005,32,"MinMaxScaler(-1,1)",20,150,val_loss,115,0.003129452932626009,135
89,0.004157536663115025,0.0034007064532488585,0.04501749202609062,0.04009846970438957,0.004157536663115025,0.0034007064532488585,0.0007568302098661661,4,RNN,30,128,0.1,0.0005,32,"MinMaxScaler(-1,1)",20,150,val_loss,115,0.003129452932626009,135
90,0.004200696479529142,0.0033056188840419054,0.045602113008499146,0.03947054222226143,0.004200696479529142,0.0033056188840419054,0.000895077595487237,4,RNN,30,128,0.1,0.0005,32,"MinMaxScaler(-1,1)",20,150,val_loss,115,0.003129452932626009,135
91,0.004045178182423115,0.0031956557650119066,0.04440813511610031,0.03839097544550896,0.004045178182423115,0.0031956557650119066,0.0008495224174112082,4,RNN,30,128,0.1,0.0005,32,"MinMaxScaler(-1,1)",20,150,val_loss,115,0.003129452932626009,135
92,0.004037093371152878,0.003329352242872119,0.04410422965884209,0.039668526500463486,0.004037093371152878,0.003329352242872119,0.0007077411282807589,4,RNN,30,128,0.1,0.0005,32,"MinMaxScaler(-1,1)",20,150,val_loss,115,0.003129452932626009,135
93,0.0039259749464690685,0.0032096209470182657,0.04366213083267212,0.038383517414331436,0.0039259749464690685,0.0032096209470182657,0.0007163539994508028,4,RNN,30,128,0.1,0.0005,32,"MinMaxScaler(-1,1)",20,150,val_loss,115,0.003129452932626009,135
94,0.003938407637178898,0.0033138510771095753,0.04400315880775452,0.03966592252254486,0.003938407637178898,0.0033138510771095753,0.0006245565600693226,4,RNN,30,128,0.1,0.0005,32,"MinMaxScaler(-1,1)",20,150,val_loss,115,0.003129452932626009,135
95,0.0040108393877744675,0.0032639470882713795,0.044088855385780334,0.03881703317165375,0.0040108393877744675,0.0032639470882713795,0.000746892299503088,4,RNN,30,128,0.1,0.0005,32,"MinMaxScaler(-1,1)",20,150,val_loss,115,0.003129452932626009,135
96,0.003918567206710577,0.003316575428470969,0.043625470250844955,0.03973199427127838,0.003918567206710577,0.003316575428470969,0.0006019917782396078,4,RNN,30,128,0.1,0.0005,32,"MinMaxScaler(-1,1)",20,150,val_loss,115,0.003129452932626009,135
97,0.0039788056164979935,0.003283940488472581,0.04408853128552437,0.03905095160007477,0.0039788056164979935,0.003283940488472581,0.0006948651280254126,4,RNN,30,128,0.1,0.0005,32,"MinMaxScaler(-1,1)",20,150,val_loss,115,0.003129452932626009,135
98,0.0038874715100973845,0.0033073946833610535,0.04309441149234772,0.039303626865148544,0.0038874715100973845,0.0033073946833610535,0.000580076826736331,4,RNN,30,128,0.1,0.0005,32,"MinMaxScaler(-1,1)",20,150,val_loss,115,0.003129452932626009,135
99,0.0038721049204468727,0.0032624423038214445,0.043286893516778946,0.03897061571478844,0.0038721049204468727,0.0032624423038214445,0.0006096626166254282,4,RNN,30,128,0.1,0.0005,32,"MinMaxScaler(-1,1)",20,150,val_loss,115,0.003129452932626009,135
100,0.00393661018460989,0.0032287132926285267,0.04376686364412308,0.03867867588996887,0.00393661018460989,0.0032287132926285267,0.0007078968919813633,4,RNN,30,128,0.1,0.0005,32,"MinMaxScaler(-1,1)",20,150,val_loss,115,0.003129452932626009,135
101,0.0037808138877153397,0.0031723768915981054,0.042769093066453934,0.03815372660756111,0.0037808138877153397,0.0031723768915981054,0.0006084369961172342,4,RNN,30,128,0.1,0.0005,32,"MinMaxScaler(-1,1)",20,150,val_loss,115,0.003129452932626009,135
102,0.0037783070001751184,0.00321135763078928,0.04273420199751854,0.03830202296376228,0.0037783070001751184,0.00321135763078928,0.0005669493693858385,4,RNN,30,128,0.1,0.0005,32,"MinMaxScaler(-1,1)",20,150,val_loss,115,0.003129452932626009,135
103,0.00385443982668221,0.003152875229716301,0.042964089661836624,0.03774743527173996,0.00385443982668221,0.003152875229716301,0.000701564596965909,4,RNN,30,128,0.1,0.0005,32,"MinMaxScaler(-1,1)",20,150,val_loss,115,0.003129452932626009,135
104,0.003920591436326504,0.003164049005135894,0.04323061928153038,0.03785412758588791,0.003920591436326504,0.003164049005135894,0.0007565424311906099,4,RNN,30,128,0.1,0.0005,32,"MinMaxScaler(-1,1)",20,150,val_loss,115,0.003129452932626009,135
105,0.003745956113561988,0.0031497760210186243,0.04234392195940018,0.03779056295752525,0.003745956113561988,0.0031497760210186243,0.0005961800925433636,4,RNN,30,128,0.1,0.0005,32,"MinMaxScaler(-1,1)",20,150,val_loss,115,0.003129452932626009,135
106,0.0038323127664625645,0.003162817331030965,0.042875055223703384,0.037837252020835876,0.0038323127664625645,0.003162817331030965,0.0006694954354315996,4,RNN,30,128,0.1,0.0005,32,"MinMaxScaler(-1,1)",20,150,val_loss,115,0.003129452932626009,135
107,0.003914977889508009,0.003141465364024043,0.04352656006813049,0.037716690450906754,0.003914977889508009,0.003141465364024043,0.0007735125254839659,4,RNN,30,128,0.1,0.0005,32,"MinMaxScaler(-1,1)",20,150,val_loss,115,0.003129452932626009,135
108,0.0037608600687235594,0.0031910960096865892,0.04275118559598923,0.03814692422747612,0.0037608600687235594,0.0031910960096865892,0.0005697640590369701,4,RNN,30,128,0.1,0.0005,32,"MinMaxScaler(-1,1)",20,150,val_loss,115,0.003129452932626009,135
109,0.0037621301598846912,0.0031322911381721497,0.04284882918000221,0.037643320858478546,0.0037621301598846912,0.0031322911381721497,0.0006298390217125416,4,RNN,30,128,0.1,0.0005,32,"MinMaxScaler(-1,1)",20,150,val_loss,115,0.003129452932626009,135
110,0.003838009899482131,0.003159694606438279,0.043064575642347336,0.03785579279065132,0.003838009899482131,0.003159694606438279,0.0006783152930438519,4,RNN,30,128,0.1,0.0005,32,"MinMaxScaler(-1,1)",20,150,val_loss,115,0.003129452932626009,135
111,0.003915180917829275,0.0032016425393521786,0.04330495744943619,0.03814122825860977,0.003915180917829275,0.0032016425393521786,0.0007135383784770966,4,RNN,30,128,0.1,0.0005,32,"MinMaxScaler(-1,1)",20,150,val_loss,115,0.003129452932626009,135
112,0.003780017141252756,0.003185008419677615,0.042591653764247894,0.03797923028469086,0.003780017141252756,0.003185008419677615,0.000595008721575141,4,RNN,30,128,0.1,0.0005,32,"MinMaxScaler(-1,1)",20,150,val_loss,115,0.003129452932626009,135
113,0.0037864409387111664,0.003214904572814703,0.042588427662849426,0.038082949817180634,0.0037864409387111664,0.003214904572814703,0.0005715363658964634,4,RNN,30,128,0.1,0.0005,32,"MinMaxScaler(-1,1)",20,150,val_loss,115,0.003129452932626009,135
114,0.003854105481877923,0.003175998106598854,0.04306503012776375,0.037859395146369934,0.003854105481877923,0.003175998106598854,0.000678107375279069,4,RNN,30,128,0.1,0.0005,32,"MinMaxScaler(-1,1)",20,150,val_loss,115,0.003129452932626009,135
115,0.003803231520578265,0.003129452932626009,0.04246015474200249,0.037380632013082504,0.003803231520578265,0.003129452932626009,0.0006737785879522562,4,RNN,30,128,0.1,0.0005,32,"MinMaxScaler(-1,1)",20,150,val_loss,115,0.003129452932626009,135
116,0.0037685222923755646,0.0031773257069289684,0.04223040118813515,0.03786739706993103,0.0037685222923755646,0.0031773257069289684,0.0005911965854465961,4,RNN,30,128,0.1,0.0005,32,"MinMaxScaler(-1,1)",20,150,val_loss,115,0.003129452932626009,135
117,0.0036888045724481344,0.0031755624804645777,0.04207722842693329,0.037779901176691055,0.0036888045724481344,0.0031755624804645777,0.0005132420919835567,4,RNN,30,128,0.1,0.0005,32,"MinMaxScaler(-1,1)",20,150,val_loss,115,0.003129452932626009,135
118,0.003719582222402096,0.0031932739075273275,0.042380619794130325,0.03790765255689621,0.003719582222402096,0.0031932739075273275,0.0005263083148747683,4,RNN,30,128,0.1,0.0005,32,"MinMaxScaler(-1,1)",20,150,val_loss,115,0.003129452932626009,135
119,0.0037847752682864666,0.0031821851152926683,0.042389124631881714,0.03783426433801651,0.0037847752682864666,0.0031821851152926683,0.0006025901529937983,4,RNN,30,128,0.1,0.0005,32,"MinMaxScaler(-1,1)",20,150,val_loss,115,0.003129452932626009,135
120,0.0037502676714211702,0.003197397105395794,0.042099904268980026,0.03794379532337189,0.0037502676714211702,0.003197397105395794,0.0005528705660253763,4,RNN,30,128,0.1,0.0005,32,"MinMaxScaler(-1,1)",20,150,val_loss,115,0.003129452932626009,135
121,0.003796110861003399,0.0031583451200276613,0.04268210381269455,0.03765689581632614,0.003796110861003399,0.0031583451200276613,0.0006377657409757376,4,RNN,30,128,0.1,0.0005,32,"MinMaxScaler(-1,1)",20,150,val_loss,115,0.003129452932626009,135
122,0.0036852306220680475,0.003215973498299718,0.04200343042612076,0.03806747496128082,0.0036852306220680475,0.003215973498299718,0.0004692571237683296,4,RNN,30,128,0.1,0.0005,32,"MinMaxScaler(-1,1)",20,150,val_loss,115,0.003129452932626009,135
123,0.003712133038789034,0.0031740074045956135,0.04214591532945633,0.03766961023211479,0.003712133038789034,0.0031740074045956135,0.0005381256341934204,4,RNN,30,128,0.1,0.0005,32,"MinMaxScaler(-1,1)",20,150,val_loss,115,0.003129452932626009,135
124,0.0037810453213751316,0.0032269980292767286,0.0424649752676487,0.03815426677465439,0.0037810453213751316,0.0032269980292767286,0.000554047292098403,4,RNN,30,128,0.1,0.0005,32,"MinMaxScaler(-1,1)",20,150,val_loss,115,0.003129452932626009,135
125,0.0037320787087082863,0.0032482692040503025,0.042126961052417755,0.03832317888736725,0.0037320787087082863,0.0032482692040503025,0.0004838095046579838,4,RNN,30,128,0.1,0.0005,32,"MinMaxScaler(-1,1)",20,150,val_loss,115,0.003129452932626009,135
126,0.003789843525737524,0.003220193088054657,0.042625222355127335,0.03804933279752731,0.003789843525737524,0.003220193088054657,0.000569650437682867,4,RNN,30,128,0.1,0.0005,32,"MinMaxScaler(-1,1)",20,150,val_loss,115,0.003129452932626009,135
127,0.003706823568791151,0.0032022150699049234,0.042198192328214645,0.03804492950439453,0.003706823568791151,0.0032022150699049234,0.0005046084988862276,4,RNN,30,128,0.1,0.0005,32,"MinMaxScaler(-1,1)",20,150,val_loss,115,0.003129452932626009,135
128,0.003716762876138091,0.0032186151947826147,0.04208926856517792,0.03807888180017471,0.003716762876138091,0.0032186151947826147,0.0004981476813554764,4,RNN,30,128,0.1,0.0005,32,"MinMaxScaler(-1,1)",20,150,val_loss,115,0.003129452932626009,135
129,0.0036743334494531155,0.0032147152815014124,0.04203096404671669,0.03808679059147835,0.0036743334494531155,0.0032147152815014124,0.00045961816795170307,4,RNN,30,128,0.1,0.0005,32,"MinMaxScaler(-1,1)",20,150,val_loss,115,0.003129452932626009,135
130,0.003780130762606859,0.0032478226348757744,0.04260402172803879,0.038353100419044495,0.003780130762606859,0.0032478226348757744,0.0005323081277310848,4,RNN,30,128,0.1,0.0005,32,"MinMaxScaler(-1,1)",20,150,val_loss,115,0.003129452932626009,135
131,0.0037726853042840958,0.003181606996804476,0.04247599095106125,0.03772304579615593,0.0037726853042840958,0.003181606996804476,0.00059107830747962,4,RNN,30,128,0.1,0.0005,32,"MinMaxScaler(-1,1)",20,150,val_loss,115,0.003129452932626009,135
132,0.0037460101302713156,0.0032290250528603792,0.04201163351535797,0.038173072040081024,0.0037460101302713156,0.0032290250528603792,0.0005169850774109364,4,RNN,30,128,0.1,0.0005,32,"MinMaxScaler(-1,1)",20,150,val_loss,115,0.003129452932626009,135
133,0.003646042663604021,0.0032154759392142296,0.041929204016923904,0.0380445271730423,0.003646042663604021,0.0032154759392142296,0.0004305667243897915,4,RNN,30,128,0.1,0.0005,32,"MinMaxScaler(-1,1)",20,150,val_loss,115,0.003129452932626009,135
134,0.0036685937084257603,0.0032241016160696745,0.04194212704896927,0.038129694759845734,0.0036685937084257603,0.0032241016160696745,0.0004444920923560858,4,RNN,30,128,0.1,0.0005,32,"MinMaxScaler(-1,1)",20,150,val_loss,115,0.003129452932626009,135
135,0.0037130629643797874,0.0032002218067646027,0.041636135429143906,0.037876829504966736,0.0037130629643797874,0.0032002218067646027,0.0005128411576151848,4,RNN,30,128,0.1,0.0005,32,"MinMaxScaler(-1,1)",20,150,val_loss,115,0.003129452932626009,135
