epoch,loss_train,loss_val,mae_train,mae_val,mse_train,mse_val,tipo_entrenamiento,numInputs,fold,hidden_layers,dropout,learning_rate,patience,epochs_max,early_stopping_monitor,y_mean,y_std,epochs_usados
1,0.553303599357605,0.17773394286632538,0.5801329016685486,0.3388727605342865,0.553303599357605,0.17773394286632538,validacion_cruzada,30,0,"(64, 32)",0.1,0.001,15,100,val_loss,546.6337814959503,170.30284220351092,86
2,0.25566238164901733,0.09810186177492142,0.392588347196579,0.24914415180683136,0.25566238164901733,0.09810186177492142,validacion_cruzada,30,0,"(64, 32)",0.1,0.001,15,100,val_loss,546.6337814959503,170.30284220351092,86
3,0.16163240373134613,0.06477781385183334,0.30653315782546997,0.20088976621627808,0.16163240373134613,0.06477781385183334,validacion_cruzada,30,0,"(64, 32)",0.1,0.001,15,100,val_loss,546.6337814959503,170.30284220351092,86
4,0.13184426724910736,0.05681801587343216,0.2727243900299072,0.18176348507404327,0.13184426724910736,0.05681801587343216,validacion_cruzada,30,0,"(64, 32)",0.1,0.001,15,100,val_loss,546.6337814959503,170.30284220351092,86
5,0.11321303993463516,0.04491109773516655,0.2529052197933197,0.16133782267570496,0.11321303993463516,0.04491109773516655,validacion_cruzada,30,0,"(64, 32)",0.1,0.001,15,100,val_loss,546.6337814959503,170.30284220351092,86
6,0.09158529341220856,0.04080129787325859,0.22660861909389496,0.15316036343574524,0.09158529341220856,0.04080129787325859,validacion_cruzada,30,0,"(64, 32)",0.1,0.001,15,100,val_loss,546.6337814959503,170.30284220351092,86
7,0.09254537522792816,0.03792796656489372,0.2246273308992386,0.14776742458343506,0.09254537522792816,0.03792796656489372,validacion_cruzada,30,0,"(64, 32)",0.1,0.001,15,100,val_loss,546.6337814959503,170.30284220351092,86
8,0.08696843683719635,0.04055878520011902,0.21876117587089539,0.14989013969898224,0.08696843683719635,0.04055878520011902,validacion_cruzada,30,0,"(64, 32)",0.1,0.001,15,100,val_loss,546.6337814959503,170.30284220351092,86
9,0.08049532026052475,0.03548727184534073,0.21104341745376587,0.1389414668083191,0.08049532026052475,0.03548727184534073,validacion_cruzada,30,0,"(64, 32)",0.1,0.001,15,100,val_loss,546.6337814959503,170.30284220351092,86
10,0.07392705231904984,0.0387810543179512,0.20393440127372742,0.14480406045913696,0.07392705231904984,0.0387810543179512,validacion_cruzada,30,0,"(64, 32)",0.1,0.001,15,100,val_loss,546.6337814959503,170.30284220351092,86
11,0.07011593133211136,0.033475544303655624,0.19683539867401123,0.13561229407787323,0.07011593133211136,0.033475544303655624,validacion_cruzada,30,0,"(64, 32)",0.1,0.001,15,100,val_loss,546.6337814959503,170.30284220351092,86
12,0.06754126399755478,0.03321627527475357,0.1935855895280838,0.1336110234260559,0.06754126399755478,0.03321627527475357,validacion_cruzada,30,0,"(64, 32)",0.1,0.001,15,100,val_loss,546.6337814959503,170.30284220351092,86
13,0.06938482820987701,0.05294879525899887,0.1949143409729004,0.16341331601142883,0.06938482820987701,0.05294879525899887,validacion_cruzada,30,0,"(64, 32)",0.1,0.001,15,100,val_loss,546.6337814959503,170.30284220351092,86
14,0.07306142151355743,0.03358079493045807,0.20065665245056152,0.13244618475437164,0.07306142151355743,0.03358079493045807,validacion_cruzada,30,0,"(64, 32)",0.1,0.001,15,100,val_loss,546.6337814959503,170.30284220351092,86
15,0.06325966119766235,0.044622767716646194,0.18712127208709717,0.15260516107082367,0.06325966119766235,0.044622767716646194,validacion_cruzada,30,0,"(64, 32)",0.1,0.001,15,100,val_loss,546.6337814959503,170.30284220351092,86
16,0.06479942798614502,0.03522765263915062,0.18842364847660065,0.14445911347866058,0.06479942798614502,0.03522765263915062,validacion_cruzada,30,0,"(64, 32)",0.1,0.001,15,100,val_loss,546.6337814959503,170.30284220351092,86
17,0.06255266070365906,0.03338918834924698,0.18541112542152405,0.132338285446167,0.06255266070365906,0.03338918834924698,validacion_cruzada,30,0,"(64, 32)",0.1,0.001,15,100,val_loss,546.6337814959503,170.30284220351092,86
18,0.06421954184770584,0.030847998335957527,0.18647468090057373,0.12784913182258606,0.06421954184770584,0.030847998335957527,validacion_cruzada,30,0,"(64, 32)",0.1,0.001,15,100,val_loss,546.6337814959503,170.30284220351092,86
19,0.059707414358854294,0.03076641820371151,0.1818522810935974,0.126991868019104,0.059707414358854294,0.03076641820371151,validacion_cruzada,30,0,"(64, 32)",0.1,0.001,15,100,val_loss,546.6337814959503,170.30284220351092,86
20,0.05780736729502678,0.029531341046094894,0.1802619993686676,0.12322352081537247,0.05780736729502678,0.029531341046094894,validacion_cruzada,30,0,"(64, 32)",0.1,0.001,15,100,val_loss,546.6337814959503,170.30284220351092,86
21,0.05730050802230835,0.033820804208517075,0.17627640068531036,0.1338285356760025,0.05730050802230835,0.033820804208517075,validacion_cruzada,30,0,"(64, 32)",0.1,0.001,15,100,val_loss,546.6337814959503,170.30284220351092,86
22,0.058439746499061584,0.029486754909157753,0.17653799057006836,0.1246863305568695,0.058439746499061584,0.029486754909157753,validacion_cruzada,30,0,"(64, 32)",0.1,0.001,15,100,val_loss,546.6337814959503,170.30284220351092,86
23,0.05171580985188484,0.028783287853002548,0.16999472677707672,0.11930424720048904,0.05171580985188484,0.028783287853002548,validacion_cruzada,30,0,"(64, 32)",0.1,0.001,15,100,val_loss,546.6337814959503,170.30284220351092,86
24,0.05120014399290085,0.02875988371670246,0.16704533994197845,0.1241731271147728,0.05120014399290085,0.02875988371670246,validacion_cruzada,30,0,"(64, 32)",0.1,0.001,15,100,val_loss,546.6337814959503,170.30284220351092,86
25,0.05372154712677002,0.029904644936323166,0.1690828800201416,0.12408966571092606,0.05372154712677002,0.029904644936323166,validacion_cruzada,30,0,"(64, 32)",0.1,0.001,15,100,val_loss,546.6337814959503,170.30284220351092,86
26,0.05073918029665947,0.029111554846167564,0.16739501059055328,0.12207842618227005,0.05073918029665947,0.029111554846167564,validacion_cruzada,30,0,"(64, 32)",0.1,0.001,15,100,val_loss,546.6337814959503,170.30284220351092,86
27,0.05385717377066612,0.02992197498679161,0.17134904861450195,0.12425601482391357,0.05385717377066612,0.02992197498679161,validacion_cruzada,30,0,"(64, 32)",0.1,0.001,15,100,val_loss,546.6337814959503,170.30284220351092,86
28,0.05720267817378044,0.028545284643769264,0.1814839094877243,0.11853422224521637,0.05720267817378044,0.028545284643769264,validacion_cruzada,30,0,"(64, 32)",0.1,0.001,15,100,val_loss,546.6337814959503,170.30284220351092,86
29,0.050678953528404236,0.027728935703635216,0.16743576526641846,0.11736594885587692,0.050678953528404236,0.027728935703635216,validacion_cruzada,30,0,"(64, 32)",0.1,0.001,15,100,val_loss,546.6337814959503,170.30284220351092,86
30,0.0493270568549633,0.02731170691549778,0.16572529077529907,0.11415892094373703,0.0493270568549633,0.02731170691549778,validacion_cruzada,30,0,"(64, 32)",0.1,0.001,15,100,val_loss,546.6337814959503,170.30284220351092,86
31,0.046284545212984085,0.02687879092991352,0.15908469259738922,0.11521157622337341,0.046284545212984085,0.02687879092991352,validacion_cruzada,30,0,"(64, 32)",0.1,0.001,15,100,val_loss,546.6337814959503,170.30284220351092,86
32,0.047089431434869766,0.03555315360426903,0.1618349850177765,0.13404755294322968,0.047089431434869766,0.03555315360426903,validacion_cruzada,30,0,"(64, 32)",0.1,0.001,15,100,val_loss,546.6337814959503,170.30284220351092,86
33,0.04950004070997238,0.029065817594528198,0.16526754200458527,0.12268976122140884,0.04950004070997238,0.029065817594528198,validacion_cruzada,30,0,"(64, 32)",0.1,0.001,15,100,val_loss,546.6337814959503,170.30284220351092,86
34,0.05558910220861435,0.029469149187207222,0.17667187750339508,0.12347859144210815,0.05558910220861435,0.029469149187207222,validacion_cruzada,30,0,"(64, 32)",0.1,0.001,15,100,val_loss,546.6337814959503,170.30284220351092,86
35,0.05277956277132034,0.026471635326743126,0.17116808891296387,0.11325737833976746,0.05277956277132034,0.026471635326743126,validacion_cruzada,30,0,"(64, 32)",0.1,0.001,15,100,val_loss,546.6337814959503,170.30284220351092,86
36,0.04778090864419937,0.026502124965190887,0.16274277865886688,0.11587652564048767,0.04778090864419937,0.026502124965190887,validacion_cruzada,30,0,"(64, 32)",0.1,0.001,15,100,val_loss,546.6337814959503,170.30284220351092,86
37,0.04668857157230377,0.029727669432759285,0.16115182638168335,0.12257131934165955,0.04668857157230377,0.029727669432759285,validacion_cruzada,30,0,"(64, 32)",0.1,0.001,15,100,val_loss,546.6337814959503,170.30284220351092,86
38,0.0502888523042202,0.03182293847203255,0.1682698279619217,0.12720058858394623,0.0502888523042202,0.03182293847203255,validacion_cruzada,30,0,"(64, 32)",0.1,0.001,15,100,val_loss,546.6337814959503,170.30284220351092,86
39,0.04788185656070709,0.027066955342888832,0.16291137039661407,0.11624153703451157,0.04788185656070709,0.027066955342888832,validacion_cruzada,30,0,"(64, 32)",0.1,0.001,15,100,val_loss,546.6337814959503,170.30284220351092,86
40,0.0474315844476223,0.025443071499466896,0.16337060928344727,0.11146464198827744,0.0474315844476223,0.025443071499466896,validacion_cruzada,30,0,"(64, 32)",0.1,0.001,15,100,val_loss,546.6337814959503,170.30284220351092,86
41,0.044577665627002716,0.027540482580661774,0.15823052823543549,0.11684273183345795,0.044577665627002716,0.027540482580661774,validacion_cruzada,30,0,"(64, 32)",0.1,0.001,15,100,val_loss,546.6337814959503,170.30284220351092,86
42,0.04570099338889122,0.02577417530119419,0.15836715698242188,0.10982052236795425,0.04570099338889122,0.02577417530119419,validacion_cruzada,30,0,"(64, 32)",0.1,0.001,15,100,val_loss,546.6337814959503,170.30284220351092,86
43,0.04271455481648445,0.027498291805386543,0.15377970039844513,0.11668584495782852,0.04271455481648445,0.027498291805386543,validacion_cruzada,30,0,"(64, 32)",0.1,0.001,15,100,val_loss,546.6337814959503,170.30284220351092,86
44,0.047167498618364334,0.02927437052130699,0.16009928286075592,0.12385555356740952,0.047167498618364334,0.02927437052130699,validacion_cruzada,30,0,"(64, 32)",0.1,0.001,15,100,val_loss,546.6337814959503,170.30284220351092,86
45,0.04638022556900978,0.026629377156496048,0.15933768451213837,0.11654230207204819,0.04638022556900978,0.026629377156496048,validacion_cruzada,30,0,"(64, 32)",0.1,0.001,15,100,val_loss,546.6337814959503,170.30284220351092,86
46,0.04631562903523445,0.025834742933511734,0.15793956816196442,0.1136382445693016,0.04631562903523445,0.025834742933511734,validacion_cruzada,30,0,"(64, 32)",0.1,0.001,15,100,val_loss,546.6337814959503,170.30284220351092,86
47,0.04398365691304207,0.032716814428567886,0.15604744851589203,0.12949496507644653,0.04398365691304207,0.032716814428567886,validacion_cruzada,30,0,"(64, 32)",0.1,0.001,15,100,val_loss,546.6337814959503,170.30284220351092,86
48,0.050262924283742905,0.041861943900585175,0.16377083957195282,0.1433085948228836,0.050262924283742905,0.041861943900585175,validacion_cruzada,30,0,"(64, 32)",0.1,0.001,15,100,val_loss,546.6337814959503,170.30284220351092,86
49,0.05110665783286095,0.02686747908592224,0.16454851627349854,0.1170772910118103,0.05110665783286095,0.02686747908592224,validacion_cruzada,30,0,"(64, 32)",0.1,0.001,15,100,val_loss,546.6337814959503,170.30284220351092,86
50,0.044850390404462814,0.0296695064753294,0.15946631133556366,0.12176448106765747,0.044850390404462814,0.0296695064753294,validacion_cruzada,30,0,"(64, 32)",0.1,0.001,15,100,val_loss,546.6337814959503,170.30284220351092,86
51,0.044693440198898315,0.036552879959344864,0.15781301259994507,0.13707183301448822,0.044693440198898315,0.036552879959344864,validacion_cruzada,30,0,"(64, 32)",0.1,0.001,15,100,val_loss,546.6337814959503,170.30284220351092,86
52,0.043050915002822876,0.025590110570192337,0.1533115804195404,0.11167897284030914,0.043050915002822876,0.025590110570192337,validacion_cruzada,30,0,"(64, 32)",0.1,0.001,15,100,val_loss,546.6337814959503,170.30284220351092,86
53,0.043564748018980026,0.025326337665319443,0.155748188495636,0.1086447611451149,0.043564748018980026,0.025326337665319443,validacion_cruzada,30,0,"(64, 32)",0.1,0.001,15,100,val_loss,546.6337814959503,170.30284220351092,86
54,0.040391553193330765,0.024558627977967262,0.15154261887073517,0.1082579493522644,0.040391553193330765,0.024558627977967262,validacion_cruzada,30,0,"(64, 32)",0.1,0.001,15,100,val_loss,546.6337814959503,170.30284220351092,86
55,0.04011693224310875,0.025541214272379875,0.14728407561779022,0.1154048964381218,0.04011693224310875,0.025541214272379875,validacion_cruzada,30,0,"(64, 32)",0.1,0.001,15,100,val_loss,546.6337814959503,170.30284220351092,86
56,0.04312339052557945,0.03521294519305229,0.15315371751785278,0.13399799168109894,0.04312339052557945,0.03521294519305229,validacion_cruzada,30,0,"(64, 32)",0.1,0.001,15,100,val_loss,546.6337814959503,170.30284220351092,86
57,0.04472798854112625,0.026067744940519333,0.15376132726669312,0.11675482988357544,0.04472798854112625,0.026067744940519333,validacion_cruzada,30,0,"(64, 32)",0.1,0.001,15,100,val_loss,546.6337814959503,170.30284220351092,86
58,0.04571651294827461,0.027490675449371338,0.16106601059436798,0.12019667029380798,0.04571651294827461,0.027490675449371338,validacion_cruzada,30,0,"(64, 32)",0.1,0.001,15,100,val_loss,546.6337814959503,170.30284220351092,86
59,0.04861494526267052,0.028080379590392113,0.1653202772140503,0.12200824171304703,0.04861494526267052,0.028080379590392113,validacion_cruzada,30,0,"(64, 32)",0.1,0.001,15,100,val_loss,546.6337814959503,170.30284220351092,86
60,0.04328795149922371,0.03132253140211105,0.15406779944896698,0.1319022923707962,0.04328795149922371,0.03132253140211105,validacion_cruzada,30,0,"(64, 32)",0.1,0.001,15,100,val_loss,546.6337814959503,170.30284220351092,86
61,0.04225809872150421,0.026535777375102043,0.14922478795051575,0.11565014719963074,0.04225809872150421,0.026535777375102043,validacion_cruzada,30,0,"(64, 32)",0.1,0.001,15,100,val_loss,546.6337814959503,170.30284220351092,86
62,0.04155786707997322,0.025437062606215477,0.1520642340183258,0.11597812175750732,0.04155786707997322,0.025437062606215477,validacion_cruzada,30,0,"(64, 32)",0.1,0.001,15,100,val_loss,546.6337814959503,170.30284220351092,86
63,0.03921685740351677,0.02791624329984188,0.1473238617181778,0.11897823214530945,0.03921685740351677,0.02791624329984188,validacion_cruzada,30,0,"(64, 32)",0.1,0.001,15,100,val_loss,546.6337814959503,170.30284220351092,86
64,0.04064377024769783,0.02469818852841854,0.14931707084178925,0.11006451398134232,0.04064377024769783,0.02469818852841854,validacion_cruzada,30,0,"(64, 32)",0.1,0.001,15,100,val_loss,546.6337814959503,170.30284220351092,86
65,0.04072800278663635,0.028852174058556557,0.150770902633667,0.12344370782375336,0.04072800278663635,0.028852174058556557,validacion_cruzada,30,0,"(64, 32)",0.1,0.001,15,100,val_loss,546.6337814959503,170.30284220351092,86
66,0.04070570692420006,0.02909374237060547,0.1500425636768341,0.11956223100423813,0.04070570692420006,0.02909374237060547,validacion_cruzada,30,0,"(64, 32)",0.1,0.001,15,100,val_loss,546.6337814959503,170.30284220351092,86
67,0.039013978093862534,0.028873899951577187,0.1462484449148178,0.12073535472154617,0.039013978093862534,0.028873899951577187,validacion_cruzada,30,0,"(64, 32)",0.1,0.001,15,100,val_loss,546.6337814959503,170.30284220351092,86
68,0.03901057317852974,0.023813514038920403,0.14437349140644073,0.10689934343099594,0.03901057317852974,0.023813514038920403,validacion_cruzada,30,0,"(64, 32)",0.1,0.001,15,100,val_loss,546.6337814959503,170.30284220351092,86
69,0.03612105920910835,0.023477043956518173,0.1409086287021637,0.1052296981215477,0.03612105920910835,0.023477043956518173,validacion_cruzada,30,0,"(64, 32)",0.1,0.001,15,100,val_loss,546.6337814959503,170.30284220351092,86
70,0.039500508457422256,0.02505853958427906,0.14712423086166382,0.11128415912389755,0.039500508457422256,0.02505853958427906,validacion_cruzada,30,0,"(64, 32)",0.1,0.001,15,100,val_loss,546.6337814959503,170.30284220351092,86
71,0.040737517178058624,0.023357320576906204,0.1508163958787918,0.10705380886793137,0.040737517178058624,0.023357320576906204,validacion_cruzada,30,0,"(64, 32)",0.1,0.001,15,100,val_loss,546.6337814959503,170.30284220351092,86
72,0.037973783910274506,0.026637470349669456,0.14356835186481476,0.11542241275310516,0.037973783910274506,0.026637470349669456,validacion_cruzada,30,0,"(64, 32)",0.1,0.001,15,100,val_loss,546.6337814959503,170.30284220351092,86
73,0.03761586919426918,0.02413882128894329,0.14268121123313904,0.11015591025352478,0.03761586919426918,0.02413882128894329,validacion_cruzada,30,0,"(64, 32)",0.1,0.001,15,100,val_loss,546.6337814959503,170.30284220351092,86
74,0.03845871612429619,0.027220843359827995,0.14423763751983643,0.11674081534147263,0.03845871612429619,0.027220843359827995,validacion_cruzada,30,0,"(64, 32)",0.1,0.001,15,100,val_loss,546.6337814959503,170.30284220351092,86
75,0.03784862160682678,0.02406904473900795,0.14371156692504883,0.10907451808452606,0.03784862160682678,0.02406904473900795,validacion_cruzada,30,0,"(64, 32)",0.1,0.001,15,100,val_loss,546.6337814959503,170.30284220351092,86
76,0.03993924707174301,0.026658140122890472,0.1475006490945816,0.11476734280586243,0.03993924707174301,0.026658140122890472,validacion_cruzada,30,0,"(64, 32)",0.1,0.001,15,100,val_loss,546.6337814959503,170.30284220351092,86
77,0.0361308678984642,0.02368655614554882,0.14043062925338745,0.10556033253669739,0.0361308678984642,0.02368655614554882,validacion_cruzada,30,0,"(64, 32)",0.1,0.001,15,100,val_loss,546.6337814959503,170.30284220351092,86
78,0.03652762249112129,0.030230486765503883,0.1410912573337555,0.12184134870767593,0.03652762249112129,0.030230486765503883,validacion_cruzada,30,0,"(64, 32)",0.1,0.001,15,100,val_loss,546.6337814959503,170.30284220351092,86
79,0.038756780326366425,0.02448919042944908,0.14374969899654388,0.11252768337726593,0.038756780326366425,0.02448919042944908,validacion_cruzada,30,0,"(64, 32)",0.1,0.001,15,100,val_loss,546.6337814959503,170.30284220351092,86
80,0.03952791541814804,0.03024652786552906,0.1440839171409607,0.12100853025913239,0.03952791541814804,0.03024652786552906,validacion_cruzada,30,0,"(64, 32)",0.1,0.001,15,100,val_loss,546.6337814959503,170.30284220351092,86
81,0.03890766575932503,0.03016519360244274,0.14622312784194946,0.12398366630077362,0.03890766575932503,0.03016519360244274,validacion_cruzada,30,0,"(64, 32)",0.1,0.001,15,100,val_loss,546.6337814959503,170.30284220351092,86
82,0.04096706211566925,0.024143975228071213,0.14713390171527863,0.10867715626955032,0.04096706211566925,0.024143975228071213,validacion_cruzada,30,0,"(64, 32)",0.1,0.001,15,100,val_loss,546.6337814959503,170.30284220351092,86
83,0.03651174157857895,0.025585956871509552,0.14141766726970673,0.11387015879154205,0.03651174157857895,0.025585956871509552,validacion_cruzada,30,0,"(64, 32)",0.1,0.001,15,100,val_loss,546.6337814959503,170.30284220351092,86
84,0.038339968770742416,0.02484206296503544,0.14511094987392426,0.11069930344820023,0.038339968770742416,0.02484206296503544,validacion_cruzada,30,0,"(64, 32)",0.1,0.001,15,100,val_loss,546.6337814959503,170.30284220351092,86
85,0.039092306047677994,0.02432851307094097,0.1457253098487854,0.10827178508043289,0.039092306047677994,0.02432851307094097,validacion_cruzada,30,0,"(64, 32)",0.1,0.001,15,100,val_loss,546.6337814959503,170.30284220351092,86
86,0.04480639100074768,0.026693999767303467,0.157775416970253,0.11475781351327896,0.04480639100074768,0.026693999767303467,validacion_cruzada,30,0,"(64, 32)",0.1,0.001,15,100,val_loss,546.6337814959503,170.30284220351092,86
1,0.6428308486938477,0.2689521014690399,0.6104153990745544,0.3987257480621338,0.6428308486938477,0.2689521014690399,validacion_cruzada,30,1,"(64, 32)",0.1,0.001,15,100,val_loss,546.5989139358098,169.923923304194,78
2,0.2889409065246582,0.11818539351224899,0.40994444489479065,0.2700805068016052,0.2889409065246582,0.11818539351224899,validacion_cruzada,30,1,"(64, 32)",0.1,0.001,15,100,val_loss,546.5989139358098,169.923923304194,78
3,0.18718616664409637,0.06966860592365265,0.3244200646877289,0.2036943882703781,0.18718616664409637,0.06966860592365265,validacion_cruzada,30,1,"(64, 32)",0.1,0.001,15,100,val_loss,546.5989139358098,169.923923304194,78
4,0.1346527487039566,0.05019551143050194,0.27316465973854065,0.17537936568260193,0.1346527487039566,0.05019551143050194,validacion_cruzada,30,1,"(64, 32)",0.1,0.001,15,100,val_loss,546.5989139358098,169.923923304194,78
5,0.11196821182966232,0.049535878002643585,0.2501920461654663,0.1682291030883789,0.11196821182966232,0.049535878002643585,validacion_cruzada,30,1,"(64, 32)",0.1,0.001,15,100,val_loss,546.5989139358098,169.923923304194,78
6,0.10436806827783585,0.040852561593055725,0.23946696519851685,0.15323200821876526,0.10436806827783585,0.040852561593055725,validacion_cruzada,30,1,"(64, 32)",0.1,0.001,15,100,val_loss,546.5989139358098,169.923923304194,78
7,0.092079296708107,0.03827144578099251,0.22638961672782898,0.14922365546226501,0.092079296708107,0.03827144578099251,validacion_cruzada,30,1,"(64, 32)",0.1,0.001,15,100,val_loss,546.5989139358098,169.923923304194,78
8,0.0850667953491211,0.03741650655865669,0.21535414457321167,0.1437085121870041,0.0850667953491211,0.03741650655865669,validacion_cruzada,30,1,"(64, 32)",0.1,0.001,15,100,val_loss,546.5989139358098,169.923923304194,78
9,0.08023905009031296,0.040520112961530685,0.2079673856496811,0.15298591554164886,0.08023905009031296,0.040520112961530685,validacion_cruzada,30,1,"(64, 32)",0.1,0.001,15,100,val_loss,546.5989139358098,169.923923304194,78
10,0.08202167600393295,0.03797328472137451,0.21103344857692719,0.14704544842243195,0.08202167600393295,0.03797328472137451,validacion_cruzada,30,1,"(64, 32)",0.1,0.001,15,100,val_loss,546.5989139358098,169.923923304194,78
11,0.07280296087265015,0.037600986659526825,0.19945840537548065,0.13972675800323486,0.07280296087265015,0.037600986659526825,validacion_cruzada,30,1,"(64, 32)",0.1,0.001,15,100,val_loss,546.5989139358098,169.923923304194,78
12,0.07339923083782196,0.03372964635491371,0.20147572457790375,0.13636797666549683,0.07339923083782196,0.03372964635491371,validacion_cruzada,30,1,"(64, 32)",0.1,0.001,15,100,val_loss,546.5989139358098,169.923923304194,78
13,0.07017151266336441,0.03274207562208176,0.19731545448303223,0.13251155614852905,0.07017151266336441,0.03274207562208176,validacion_cruzada,30,1,"(64, 32)",0.1,0.001,15,100,val_loss,546.5989139358098,169.923923304194,78
14,0.0704813152551651,0.032960060983896255,0.1958569884300232,0.13263022899627686,0.0704813152551651,0.032960060983896255,validacion_cruzada,30,1,"(64, 32)",0.1,0.001,15,100,val_loss,546.5989139358098,169.923923304194,78
15,0.06586028635501862,0.035258568823337555,0.19065339863300323,0.13810105621814728,0.06586028635501862,0.035258568823337555,validacion_cruzada,30,1,"(64, 32)",0.1,0.001,15,100,val_loss,546.5989139358098,169.923923304194,78
16,0.06787525862455368,0.034044910222291946,0.19208313524723053,0.13465839624404907,0.06787525862455368,0.034044910222291946,validacion_cruzada,30,1,"(64, 32)",0.1,0.001,15,100,val_loss,546.5989139358098,169.923923304194,78
17,0.06186914071440697,0.031211020424962044,0.18476976454257965,0.12825188040733337,0.06186914071440697,0.031211020424962044,validacion_cruzada,30,1,"(64, 32)",0.1,0.001,15,100,val_loss,546.5989139358098,169.923923304194,78
18,0.05574171617627144,0.030553938820958138,0.17344458401203156,0.12791785597801208,0.05574171617627144,0.030553938820958138,validacion_cruzada,30,1,"(64, 32)",0.1,0.001,15,100,val_loss,546.5989139358098,169.923923304194,78
19,0.058738160878419876,0.035997677594423294,0.17654162645339966,0.14082182943820953,0.058738160878419876,0.035997677594423294,validacion_cruzada,30,1,"(64, 32)",0.1,0.001,15,100,val_loss,546.5989139358098,169.923923304194,78
20,0.06219878047704697,0.036197032779455185,0.1823914498090744,0.14119605720043182,0.06219878047704697,0.036197032779455185,validacion_cruzada,30,1,"(64, 32)",0.1,0.001,15,100,val_loss,546.5989139358098,169.923923304194,78
21,0.05480307340621948,0.03072313219308853,0.1751973181962967,0.12383303046226501,0.05480307340621948,0.03072313219308853,validacion_cruzada,30,1,"(64, 32)",0.1,0.001,15,100,val_loss,546.5989139358098,169.923923304194,78
22,0.05776948109269142,0.03196065500378609,0.1780516803264618,0.1254309117794037,0.05776948109269142,0.03196065500378609,validacion_cruzada,30,1,"(64, 32)",0.1,0.001,15,100,val_loss,546.5989139358098,169.923923304194,78
23,0.05341511592268944,0.030794795602560043,0.17340505123138428,0.12753605842590332,0.05341511592268944,0.030794795602560043,validacion_cruzada,30,1,"(64, 32)",0.1,0.001,15,100,val_loss,546.5989139358098,169.923923304194,78
24,0.05714968219399452,0.042479146271944046,0.17774416506290436,0.14885495603084564,0.05714968219399452,0.042479146271944046,validacion_cruzada,30,1,"(64, 32)",0.1,0.001,15,100,val_loss,546.5989139358098,169.923923304194,78
25,0.05811192840337753,0.030114222317934036,0.17748139798641205,0.12370949238538742,0.05811192840337753,0.030114222317934036,validacion_cruzada,30,1,"(64, 32)",0.1,0.001,15,100,val_loss,546.5989139358098,169.923923304194,78
26,0.05136476084589958,0.030290964990854263,0.1691938191652298,0.12312411516904831,0.05136476084589958,0.030290964990854263,validacion_cruzada,30,1,"(64, 32)",0.1,0.001,15,100,val_loss,546.5989139358098,169.923923304194,78
27,0.05599132180213928,0.030281424522399902,0.17634600400924683,0.12299888581037521,0.05599132180213928,0.030281424522399902,validacion_cruzada,30,1,"(64, 32)",0.1,0.001,15,100,val_loss,546.5989139358098,169.923923304194,78
28,0.05573119595646858,0.029665688052773476,0.17348256707191467,0.12416838109493256,0.05573119595646858,0.029665688052773476,validacion_cruzada,30,1,"(64, 32)",0.1,0.001,15,100,val_loss,546.5989139358098,169.923923304194,78
29,0.056784916669130325,0.03288565203547478,0.17655639350414276,0.13075028359889984,0.056784916669130325,0.03288565203547478,validacion_cruzada,30,1,"(64, 32)",0.1,0.001,15,100,val_loss,546.5989139358098,169.923923304194,78
30,0.05264345556497574,0.027820419520139694,0.1719120442867279,0.11910948902368546,0.05264345556497574,0.027820419520139694,validacion_cruzada,30,1,"(64, 32)",0.1,0.001,15,100,val_loss,546.5989139358098,169.923923304194,78
31,0.04587173089385033,0.027841072529554367,0.1594574898481369,0.12202049791812897,0.04587173089385033,0.027841072529554367,validacion_cruzada,30,1,"(64, 32)",0.1,0.001,15,100,val_loss,546.5989139358098,169.923923304194,78
32,0.04608314484357834,0.031666383147239685,0.15891553461551666,0.12815514206886292,0.04608314484357834,0.031666383147239685,validacion_cruzada,30,1,"(64, 32)",0.1,0.001,15,100,val_loss,546.5989139358098,169.923923304194,78
33,0.05241021141409874,0.02871873788535595,0.16920383274555206,0.12209252268075943,0.05241021141409874,0.02871873788535595,validacion_cruzada,30,1,"(64, 32)",0.1,0.001,15,100,val_loss,546.5989139358098,169.923923304194,78
34,0.05074363946914673,0.028728563338518143,0.16837258636951447,0.12203972786664963,0.05074363946914673,0.028728563338518143,validacion_cruzada,30,1,"(64, 32)",0.1,0.001,15,100,val_loss,546.5989139358098,169.923923304194,78
35,0.05350365862250328,0.039680011570453644,0.17208707332611084,0.146299347281456,0.05350365862250328,0.039680011570453644,validacion_cruzada,30,1,"(64, 32)",0.1,0.001,15,100,val_loss,546.5989139358098,169.923923304194,78
36,0.05396132916212082,0.028033394366502762,0.17141877114772797,0.12039346992969513,0.05396132916212082,0.028033394366502762,validacion_cruzada,30,1,"(64, 32)",0.1,0.001,15,100,val_loss,546.5989139358098,169.923923304194,78
37,0.04392683133482933,0.02808840572834015,0.1570487916469574,0.11965137720108032,0.04392683133482933,0.02808840572834015,validacion_cruzada,30,1,"(64, 32)",0.1,0.001,15,100,val_loss,546.5989139358098,169.923923304194,78
38,0.047615837305784225,0.02957523986697197,0.16196782886981964,0.12336905300617218,0.047615837305784225,0.02957523986697197,validacion_cruzada,30,1,"(64, 32)",0.1,0.001,15,100,val_loss,546.5989139358098,169.923923304194,78
39,0.04961337149143219,0.033966317772865295,0.16431662440299988,0.13411667943000793,0.04961337149143219,0.033966317772865295,validacion_cruzada,30,1,"(64, 32)",0.1,0.001,15,100,val_loss,546.5989139358098,169.923923304194,78
40,0.04827183112502098,0.027740098536014557,0.16230441629886627,0.11991908401250839,0.04827183112502098,0.027740098536014557,validacion_cruzada,30,1,"(64, 32)",0.1,0.001,15,100,val_loss,546.5989139358098,169.923923304194,78
41,0.04401783272624016,0.0334194079041481,0.15596002340316772,0.13164067268371582,0.04401783272624016,0.0334194079041481,validacion_cruzada,30,1,"(64, 32)",0.1,0.001,15,100,val_loss,546.5989139358098,169.923923304194,78
42,0.05706934258341789,0.028281355276703835,0.17445403337478638,0.12319136410951614,0.05706934258341789,0.028281355276703835,validacion_cruzada,30,1,"(64, 32)",0.1,0.001,15,100,val_loss,546.5989139358098,169.923923304194,78
43,0.048018258064985275,0.025853436440229416,0.16458052396774292,0.1153920367360115,0.048018258064985275,0.025853436440229416,validacion_cruzada,30,1,"(64, 32)",0.1,0.001,15,100,val_loss,546.5989139358098,169.923923304194,78
44,0.04439976066350937,0.029267167672514915,0.15563520789146423,0.1293688416481018,0.04439976066350937,0.029267167672514915,validacion_cruzada,30,1,"(64, 32)",0.1,0.001,15,100,val_loss,546.5989139358098,169.923923304194,78
45,0.045279361307621,0.02709883637726307,0.1566961109638214,0.11880144476890564,0.045279361307621,0.02709883637726307,validacion_cruzada,30,1,"(64, 32)",0.1,0.001,15,100,val_loss,546.5989139358098,169.923923304194,78
46,0.04513175040483475,0.027675429359078407,0.15767818689346313,0.12118188291788101,0.04513175040483475,0.027675429359078407,validacion_cruzada,30,1,"(64, 32)",0.1,0.001,15,100,val_loss,546.5989139358098,169.923923304194,78
47,0.04244018718600273,0.027374740689992905,0.15391333401203156,0.12141071259975433,0.04244018718600273,0.027374740689992905,validacion_cruzada,30,1,"(64, 32)",0.1,0.001,15,100,val_loss,546.5989139358098,169.923923304194,78
48,0.045642443001270294,0.02876276522874832,0.1589028537273407,0.12241596728563309,0.045642443001270294,0.02876276522874832,validacion_cruzada,30,1,"(64, 32)",0.1,0.001,15,100,val_loss,546.5989139358098,169.923923304194,78
49,0.044498492032289505,0.0267492588609457,0.15366975963115692,0.11659544706344604,0.044498492032289505,0.0267492588609457,validacion_cruzada,30,1,"(64, 32)",0.1,0.001,15,100,val_loss,546.5989139358098,169.923923304194,78
50,0.0442546084523201,0.025264473631978035,0.15478257834911346,0.11121273785829544,0.0442546084523201,0.025264473631978035,validacion_cruzada,30,1,"(64, 32)",0.1,0.001,15,100,val_loss,546.5989139358098,169.923923304194,78
51,0.042844533920288086,0.029314270243048668,0.15334004163742065,0.11670561879873276,0.042844533920288086,0.029314270243048668,validacion_cruzada,30,1,"(64, 32)",0.1,0.001,15,100,val_loss,546.5989139358098,169.923923304194,78
52,0.040829893201589584,0.02564600668847561,0.15155379474163055,0.11496446281671524,0.040829893201589584,0.02564600668847561,validacion_cruzada,30,1,"(64, 32)",0.1,0.001,15,100,val_loss,546.5989139358098,169.923923304194,78
53,0.039014093577861786,0.02577739953994751,0.14451107382774353,0.11468007415533066,0.039014093577861786,0.02577739953994751,validacion_cruzada,30,1,"(64, 32)",0.1,0.001,15,100,val_loss,546.5989139358098,169.923923304194,78
54,0.038227830082178116,0.028948692604899406,0.14609090983867645,0.12932145595550537,0.038227830082178116,0.028948692604899406,validacion_cruzada,30,1,"(64, 32)",0.1,0.001,15,100,val_loss,546.5989139358098,169.923923304194,78
55,0.045532647520303726,0.02672218717634678,0.15794366598129272,0.11912412196397781,0.045532647520303726,0.02672218717634678,validacion_cruzada,30,1,"(64, 32)",0.1,0.001,15,100,val_loss,546.5989139358098,169.923923304194,78
56,0.03908291831612587,0.025134870782494545,0.14541640877723694,0.11169440299272537,0.03908291831612587,0.025134870782494545,validacion_cruzada,30,1,"(64, 32)",0.1,0.001,15,100,val_loss,546.5989139358098,169.923923304194,78
57,0.04088130593299866,0.03209010139107704,0.14719033241271973,0.12848766148090363,0.04088130593299866,0.03209010139107704,validacion_cruzada,30,1,"(64, 32)",0.1,0.001,15,100,val_loss,546.5989139358098,169.923923304194,78
58,0.04751241207122803,0.030072445049881935,0.16034895181655884,0.1266697496175766,0.04751241207122803,0.030072445049881935,validacion_cruzada,30,1,"(64, 32)",0.1,0.001,15,100,val_loss,546.5989139358098,169.923923304194,78
59,0.04631363973021507,0.025328999385237694,0.16109386086463928,0.1119832694530487,0.04631363973021507,0.025328999385237694,validacion_cruzada,30,1,"(64, 32)",0.1,0.001,15,100,val_loss,546.5989139358098,169.923923304194,78
60,0.05081953853368759,0.029348088428378105,0.16856549680233002,0.12703974545001984,0.05081953853368759,0.029348088428378105,validacion_cruzada,30,1,"(64, 32)",0.1,0.001,15,100,val_loss,546.5989139358098,169.923923304194,78
61,0.042956478893756866,0.026531999930739403,0.153146430850029,0.11909255385398865,0.042956478893756866,0.026531999930739403,validacion_cruzada,30,1,"(64, 32)",0.1,0.001,15,100,val_loss,546.5989139358098,169.923923304194,78
62,0.04075241461396217,0.025446144863963127,0.1480347365140915,0.11177556216716766,0.04075241461396217,0.025446144863963127,validacion_cruzada,30,1,"(64, 32)",0.1,0.001,15,100,val_loss,546.5989139358098,169.923923304194,78
63,0.03786468505859375,0.02440815605223179,0.14365358650684357,0.11204409599304199,0.03786468505859375,0.02440815605223179,validacion_cruzada,30,1,"(64, 32)",0.1,0.001,15,100,val_loss,546.5989139358098,169.923923304194,78
64,0.04210419952869415,0.025389444082975388,0.1507408767938614,0.11532314866781235,0.04210419952869415,0.025389444082975388,validacion_cruzada,30,1,"(64, 32)",0.1,0.001,15,100,val_loss,546.5989139358098,169.923923304194,78
65,0.04135984554886818,0.02575071156024933,0.15259720385074615,0.11689788103103638,0.04135984554886818,0.02575071156024933,validacion_cruzada,30,1,"(64, 32)",0.1,0.001,15,100,val_loss,546.5989139358098,169.923923304194,78
66,0.03893137350678444,0.030513960868120193,0.14546659588813782,0.12717272341251373,0.03893137350678444,0.030513960868120193,validacion_cruzada,30,1,"(64, 32)",0.1,0.001,15,100,val_loss,546.5989139358098,169.923923304194,78
67,0.04459632560610771,0.026230936869978905,0.15317130088806152,0.116625115275383,0.04459632560610771,0.026230936869978905,validacion_cruzada,30,1,"(64, 32)",0.1,0.001,15,100,val_loss,546.5989139358098,169.923923304194,78
68,0.04311433434486389,0.027355466037988663,0.1522456407546997,0.1248256266117096,0.04311433434486389,0.027355466037988663,validacion_cruzada,30,1,"(64, 32)",0.1,0.001,15,100,val_loss,546.5989139358098,169.923923304194,78
69,0.040524862706661224,0.025498587638139725,0.14778131246566772,0.11523963510990143,0.040524862706661224,0.025498587638139725,validacion_cruzada,30,1,"(64, 32)",0.1,0.001,15,100,val_loss,546.5989139358098,169.923923304194,78
70,0.04151742905378342,0.030927278101444244,0.14920829236507416,0.1336703896522522,0.04151742905378342,0.030927278101444244,validacion_cruzada,30,1,"(64, 32)",0.1,0.001,15,100,val_loss,546.5989139358098,169.923923304194,78
71,0.040727850049734116,0.027951762080192566,0.14771398901939392,0.12223245948553085,0.040727850049734116,0.027951762080192566,validacion_cruzada,30,1,"(64, 32)",0.1,0.001,15,100,val_loss,546.5989139358098,169.923923304194,78
72,0.03749051317572594,0.02731868252158165,0.14522534608840942,0.12273691594600677,0.03749051317572594,0.02731868252158165,validacion_cruzada,30,1,"(64, 32)",0.1,0.001,15,100,val_loss,546.5989139358098,169.923923304194,78
73,0.039445776492357254,0.02486821450293064,0.14368869364261627,0.110971599817276,0.039445776492357254,0.02486821450293064,validacion_cruzada,30,1,"(64, 32)",0.1,0.001,15,100,val_loss,546.5989139358098,169.923923304194,78
74,0.03612946718931198,0.02634883113205433,0.1417204886674881,0.11713071167469025,0.03612946718931198,0.02634883113205433,validacion_cruzada,30,1,"(64, 32)",0.1,0.001,15,100,val_loss,546.5989139358098,169.923923304194,78
75,0.04021846503019333,0.02609129436314106,0.14977070689201355,0.11565478146076202,0.04021846503019333,0.02609129436314106,validacion_cruzada,30,1,"(64, 32)",0.1,0.001,15,100,val_loss,546.5989139358098,169.923923304194,78
76,0.04581699147820473,0.03253449872136116,0.16058005392551422,0.13714167475700378,0.04581699147820473,0.03253449872136116,validacion_cruzada,30,1,"(64, 32)",0.1,0.001,15,100,val_loss,546.5989139358098,169.923923304194,78
77,0.042872343212366104,0.024765009060502052,0.15570199489593506,0.11288438737392426,0.042872343212366104,0.024765009060502052,validacion_cruzada,30,1,"(64, 32)",0.1,0.001,15,100,val_loss,546.5989139358098,169.923923304194,78
78,0.036966752260923386,0.026115983724594116,0.14192810654640198,0.1197211965918541,0.036966752260923386,0.026115983724594116,validacion_cruzada,30,1,"(64, 32)",0.1,0.001,15,100,val_loss,546.5989139358098,169.923923304194,78
1,0.6431148052215576,0.219707190990448,0.6047540307044983,0.36858758330345154,0.6431148052215576,0.219707190990448,validacion_cruzada,30,2,"(64, 32)",0.1,0.001,15,100,val_loss,546.5945249754116,169.49973720936472,69
2,0.28643566370010376,0.10173818469047546,0.4086779057979584,0.25509610772132874,0.28643566370010376,0.10173818469047546,validacion_cruzada,30,2,"(64, 32)",0.1,0.001,15,100,val_loss,546.5945249754116,169.49973720936472,69
3,0.18136510252952576,0.05958373099565506,0.3211132287979126,0.18993809819221497,0.18136510252952576,0.05958373099565506,validacion_cruzada,30,2,"(64, 32)",0.1,0.001,15,100,val_loss,546.5945249754116,169.49973720936472,69
4,0.12677063047885895,0.04620993509888649,0.26612719893455505,0.16331186890602112,0.12677063047885895,0.04620993509888649,validacion_cruzada,30,2,"(64, 32)",0.1,0.001,15,100,val_loss,546.5945249754116,169.49973720936472,69
5,0.11280452460050583,0.041765280067920685,0.25011640787124634,0.15228988230228424,0.11280452460050583,0.041765280067920685,validacion_cruzada,30,2,"(64, 32)",0.1,0.001,15,100,val_loss,546.5945249754116,169.49973720936472,69
6,0.10072877258062363,0.038788072764873505,0.23635214567184448,0.14709122478961945,0.10072877258062363,0.038788072764873505,validacion_cruzada,30,2,"(64, 32)",0.1,0.001,15,100,val_loss,546.5945249754116,169.49973720936472,69
7,0.09426508843898773,0.03786591812968254,0.22655946016311646,0.14489896595478058,0.09426508843898773,0.03786591812968254,validacion_cruzada,30,2,"(64, 32)",0.1,0.001,15,100,val_loss,546.5945249754116,169.49973720936472,69
8,0.08636859059333801,0.03723308444023132,0.21752795577049255,0.14109182357788086,0.08636859059333801,0.03723308444023132,validacion_cruzada,30,2,"(64, 32)",0.1,0.001,15,100,val_loss,546.5945249754116,169.49973720936472,69
9,0.07888350635766983,0.03633856773376465,0.20824120938777924,0.14390067756175995,0.07888350635766983,0.03633856773376465,validacion_cruzada,30,2,"(64, 32)",0.1,0.001,15,100,val_loss,546.5945249754116,169.49973720936472,69
10,0.07438334822654724,0.03417760133743286,0.2043365091085434,0.13445603847503662,0.07438334822654724,0.03417760133743286,validacion_cruzada,30,2,"(64, 32)",0.1,0.001,15,100,val_loss,546.5945249754116,169.49973720936472,69
11,0.07303117960691452,0.03463882580399513,0.19918961822986603,0.1333424597978592,0.07303117960691452,0.03463882580399513,validacion_cruzada,30,2,"(64, 32)",0.1,0.001,15,100,val_loss,546.5945249754116,169.49973720936472,69
12,0.07200934737920761,0.04020470008254051,0.20200149714946747,0.1477348953485489,0.07200934737920761,0.04020470008254051,validacion_cruzada,30,2,"(64, 32)",0.1,0.001,15,100,val_loss,546.5945249754116,169.49973720936472,69
13,0.06951312720775604,0.033397335559129715,0.1970687210559845,0.13134506344795227,0.06951312720775604,0.033397335559129715,validacion_cruzada,30,2,"(64, 32)",0.1,0.001,15,100,val_loss,546.5945249754116,169.49973720936472,69
14,0.06884435564279556,0.036683518439531326,0.19519321620464325,0.14044854044914246,0.06884435564279556,0.036683518439531326,validacion_cruzada,30,2,"(64, 32)",0.1,0.001,15,100,val_loss,546.5945249754116,169.49973720936472,69
15,0.06222402676939964,0.034014277160167694,0.18432359397411346,0.13042612373828888,0.06222402676939964,0.034014277160167694,validacion_cruzada,30,2,"(64, 32)",0.1,0.001,15,100,val_loss,546.5945249754116,169.49973720936472,69
16,0.06025265157222748,0.03197496384382248,0.18138206005096436,0.12828049063682556,0.06025265157222748,0.03197496384382248,validacion_cruzada,30,2,"(64, 32)",0.1,0.001,15,100,val_loss,546.5945249754116,169.49973720936472,69
17,0.060348086059093475,0.03223706781864166,0.18328045308589935,0.13204064965248108,0.060348086059093475,0.03223706781864166,validacion_cruzada,30,2,"(64, 32)",0.1,0.001,15,100,val_loss,546.5945249754116,169.49973720936472,69
18,0.05804314464330673,0.03336416929960251,0.1787531077861786,0.13444887101650238,0.05804314464330673,0.03336416929960251,validacion_cruzada,30,2,"(64, 32)",0.1,0.001,15,100,val_loss,546.5945249754116,169.49973720936472,69
19,0.05870252475142479,0.031029533594846725,0.1797841340303421,0.12494933605194092,0.05870252475142479,0.031029533594846725,validacion_cruzada,30,2,"(64, 32)",0.1,0.001,15,100,val_loss,546.5945249754116,169.49973720936472,69
20,0.06118731200695038,0.033873606473207474,0.1840837299823761,0.13332557678222656,0.06118731200695038,0.033873606473207474,validacion_cruzada,30,2,"(64, 32)",0.1,0.001,15,100,val_loss,546.5945249754116,169.49973720936472,69
21,0.06351581960916519,0.03235039487481117,0.19088782370090485,0.13331836462020874,0.06351581960916519,0.03235039487481117,validacion_cruzada,30,2,"(64, 32)",0.1,0.001,15,100,val_loss,546.5945249754116,169.49973720936472,69
22,0.05594741180539131,0.031496018171310425,0.17580339312553406,0.12759049236774445,0.05594741180539131,0.031496018171310425,validacion_cruzada,30,2,"(64, 32)",0.1,0.001,15,100,val_loss,546.5945249754116,169.49973720936472,69
23,0.05564652755856514,0.030635302886366844,0.1765521913766861,0.1254313588142395,0.05564652755856514,0.030635302886366844,validacion_cruzada,30,2,"(64, 32)",0.1,0.001,15,100,val_loss,546.5945249754116,169.49973720936472,69
24,0.05460849404335022,0.03193635493516922,0.17255792021751404,0.13021235167980194,0.05460849404335022,0.03193635493516922,validacion_cruzada,30,2,"(64, 32)",0.1,0.001,15,100,val_loss,546.5945249754116,169.49973720936472,69
25,0.053172118961811066,0.037029121071100235,0.17316001653671265,0.13552066683769226,0.053172118961811066,0.037029121071100235,validacion_cruzada,30,2,"(64, 32)",0.1,0.001,15,100,val_loss,546.5945249754116,169.49973720936472,69
26,0.05535701662302017,0.03068075142800808,0.17663007974624634,0.12829072773456573,0.05535701662302017,0.03068075142800808,validacion_cruzada,30,2,"(64, 32)",0.1,0.001,15,100,val_loss,546.5945249754116,169.49973720936472,69
27,0.05225643515586853,0.030388835817575455,0.16899682581424713,0.12468744069337845,0.05225643515586853,0.030388835817575455,validacion_cruzada,30,2,"(64, 32)",0.1,0.001,15,100,val_loss,546.5945249754116,169.49973720936472,69
28,0.049724455922842026,0.029498256742954254,0.16426531970500946,0.12039526551961899,0.049724455922842026,0.029498256742954254,validacion_cruzada,30,2,"(64, 32)",0.1,0.001,15,100,val_loss,546.5945249754116,169.49973720936472,69
29,0.049226313829422,0.029081253334879875,0.1633065640926361,0.11954501271247864,0.049226313829422,0.029081253334879875,validacion_cruzada,30,2,"(64, 32)",0.1,0.001,15,100,val_loss,546.5945249754116,169.49973720936472,69
30,0.04848956689238548,0.029352985322475433,0.161291241645813,0.11987125128507614,0.04848956689238548,0.029352985322475433,validacion_cruzada,30,2,"(64, 32)",0.1,0.001,15,100,val_loss,546.5945249754116,169.49973720936472,69
31,0.04757346212863922,0.029158802703022957,0.16005562245845795,0.12059100717306137,0.04757346212863922,0.029158802703022957,validacion_cruzada,30,2,"(64, 32)",0.1,0.001,15,100,val_loss,546.5945249754116,169.49973720936472,69
32,0.04728304594755173,0.028730815276503563,0.16221018135547638,0.11836926639080048,0.04728304594755173,0.028730815276503563,validacion_cruzada,30,2,"(64, 32)",0.1,0.001,15,100,val_loss,546.5945249754116,169.49973720936472,69
33,0.04797893762588501,0.030807409435510635,0.1630459427833557,0.11950797587633133,0.04797893762588501,0.030807409435510635,validacion_cruzada,30,2,"(64, 32)",0.1,0.001,15,100,val_loss,546.5945249754116,169.49973720936472,69
34,0.04913993552327156,0.03590827435255051,0.16569149494171143,0.13635782897472382,0.04913993552327156,0.03590827435255051,validacion_cruzada,30,2,"(64, 32)",0.1,0.001,15,100,val_loss,546.5945249754116,169.49973720936472,69
35,0.054589398205280304,0.0359417088329792,0.17455404996871948,0.14014115929603577,0.054589398205280304,0.0359417088329792,validacion_cruzada,30,2,"(64, 32)",0.1,0.001,15,100,val_loss,546.5945249754116,169.49973720936472,69
36,0.05177611485123634,0.02900143899023533,0.1724756360054016,0.12108206003904343,0.05177611485123634,0.02900143899023533,validacion_cruzada,30,2,"(64, 32)",0.1,0.001,15,100,val_loss,546.5945249754116,169.49973720936472,69
37,0.047178175300359726,0.029835747554898262,0.16089412569999695,0.12802006304264069,0.047178175300359726,0.029835747554898262,validacion_cruzada,30,2,"(64, 32)",0.1,0.001,15,100,val_loss,546.5945249754116,169.49973720936472,69
38,0.046493466943502426,0.029640300199389458,0.1589713841676712,0.12623099982738495,0.046493466943502426,0.029640300199389458,validacion_cruzada,30,2,"(64, 32)",0.1,0.001,15,100,val_loss,546.5945249754116,169.49973720936472,69
39,0.04875728860497475,0.0296110101044178,0.1630745828151703,0.1280776709318161,0.04875728860497475,0.0296110101044178,validacion_cruzada,30,2,"(64, 32)",0.1,0.001,15,100,val_loss,546.5945249754116,169.49973720936472,69
40,0.051592230796813965,0.037368208169937134,0.1671268343925476,0.1488158106803894,0.051592230796813965,0.037368208169937134,validacion_cruzada,30,2,"(64, 32)",0.1,0.001,15,100,val_loss,546.5945249754116,169.49973720936472,69
41,0.05046533793210983,0.029100434854626656,0.16548269987106323,0.120554618537426,0.05046533793210983,0.029100434854626656,validacion_cruzada,30,2,"(64, 32)",0.1,0.001,15,100,val_loss,546.5945249754116,169.49973720936472,69
42,0.04592467471957207,0.027801238000392914,0.16006919741630554,0.12142793834209442,0.04592467471957207,0.027801238000392914,validacion_cruzada,30,2,"(64, 32)",0.1,0.001,15,100,val_loss,546.5945249754116,169.49973720936472,69
43,0.04940396919846535,0.03473294526338577,0.164016455411911,0.14604051411151886,0.04940396919846535,0.03473294526338577,validacion_cruzada,30,2,"(64, 32)",0.1,0.001,15,100,val_loss,546.5945249754116,169.49973720936472,69
44,0.051138754934072495,0.028091438114643097,0.16680580377578735,0.11962329596281052,0.051138754934072495,0.028091438114643097,validacion_cruzada,30,2,"(64, 32)",0.1,0.001,15,100,val_loss,546.5945249754116,169.49973720936472,69
45,0.04239160940051079,0.027678456157445908,0.1514119952917099,0.11419802159070969,0.04239160940051079,0.027678456157445908,validacion_cruzada,30,2,"(64, 32)",0.1,0.001,15,100,val_loss,546.5945249754116,169.49973720936472,69
46,0.0418161079287529,0.02880733832716942,0.150893896818161,0.11542124301195145,0.0418161079287529,0.02880733832716942,validacion_cruzada,30,2,"(64, 32)",0.1,0.001,15,100,val_loss,546.5945249754116,169.49973720936472,69
47,0.04362097755074501,0.02715502306818962,0.15448325872421265,0.11871194839477539,0.04362097755074501,0.02715502306818962,validacion_cruzada,30,2,"(64, 32)",0.1,0.001,15,100,val_loss,546.5945249754116,169.49973720936472,69
48,0.04042695462703705,0.02697884850203991,0.15126867592334747,0.11659496277570724,0.04042695462703705,0.02697884850203991,validacion_cruzada,30,2,"(64, 32)",0.1,0.001,15,100,val_loss,546.5945249754116,169.49973720936472,69
49,0.04416767135262489,0.03336215764284134,0.15410935878753662,0.12942107021808624,0.04416767135262489,0.03336215764284134,validacion_cruzada,30,2,"(64, 32)",0.1,0.001,15,100,val_loss,546.5945249754116,169.49973720936472,69
50,0.044050607830286026,0.02697945386171341,0.1558045744895935,0.11399669945240021,0.044050607830286026,0.02697945386171341,validacion_cruzada,30,2,"(64, 32)",0.1,0.001,15,100,val_loss,546.5945249754116,169.49973720936472,69
51,0.038160718977451324,0.027067627757787704,0.14614510536193848,0.11173724383115768,0.038160718977451324,0.027067627757787704,validacion_cruzada,30,2,"(64, 32)",0.1,0.001,15,100,val_loss,546.5945249754116,169.49973720936472,69
52,0.03822837397456169,0.02642466127872467,0.14806124567985535,0.1129949539899826,0.03822837397456169,0.02642466127872467,validacion_cruzada,30,2,"(64, 32)",0.1,0.001,15,100,val_loss,546.5945249754116,169.49973720936472,69
53,0.04371507465839386,0.029451481997966766,0.15311026573181152,0.12356933206319809,0.04371507465839386,0.029451481997966766,validacion_cruzada,30,2,"(64, 32)",0.1,0.001,15,100,val_loss,546.5945249754116,169.49973720936472,69
54,0.041223570704460144,0.025896631181240082,0.14980590343475342,0.11450284719467163,0.041223570704460144,0.025896631181240082,validacion_cruzada,30,2,"(64, 32)",0.1,0.001,15,100,val_loss,546.5945249754116,169.49973720936472,69
55,0.04382098466157913,0.030554085969924927,0.1554037630558014,0.12447602301836014,0.04382098466157913,0.030554085969924927,validacion_cruzada,30,2,"(64, 32)",0.1,0.001,15,100,val_loss,546.5945249754116,169.49973720936472,69
56,0.043572813272476196,0.030039899051189423,0.15387940406799316,0.12664984166622162,0.043572813272476196,0.030039899051189423,validacion_cruzada,30,2,"(64, 32)",0.1,0.001,15,100,val_loss,546.5945249754116,169.49973720936472,69
57,0.04826463758945465,0.028539665043354034,0.16258284449577332,0.11979355663061142,0.04826463758945465,0.028539665043354034,validacion_cruzada,30,2,"(64, 32)",0.1,0.001,15,100,val_loss,546.5945249754116,169.49973720936472,69
58,0.04791548103094101,0.027011724188923836,0.16349047422409058,0.11715007573366165,0.04791548103094101,0.027011724188923836,validacion_cruzada,30,2,"(64, 32)",0.1,0.001,15,100,val_loss,546.5945249754116,169.49973720936472,69
59,0.03939971327781677,0.02764924056828022,0.1471848338842392,0.11903870105743408,0.03939971327781677,0.02764924056828022,validacion_cruzada,30,2,"(64, 32)",0.1,0.001,15,100,val_loss,546.5945249754116,169.49973720936472,69
60,0.03943689540028572,0.026755528524518013,0.1462605595588684,0.11544523388147354,0.03943689540028572,0.026755528524518013,validacion_cruzada,30,2,"(64, 32)",0.1,0.001,15,100,val_loss,546.5945249754116,169.49973720936472,69
61,0.03838952258229256,0.028020042926073074,0.144368514418602,0.12326857447624207,0.03838952258229256,0.028020042926073074,validacion_cruzada,30,2,"(64, 32)",0.1,0.001,15,100,val_loss,546.5945249754116,169.49973720936472,69
62,0.04305458441376686,0.029290681704878807,0.1545158475637436,0.12707968056201935,0.04305458441376686,0.029290681704878807,validacion_cruzada,30,2,"(64, 32)",0.1,0.001,15,100,val_loss,546.5945249754116,169.49973720936472,69
63,0.040734000504016876,0.026648975908756256,0.14813698828220367,0.1151488795876503,0.040734000504016876,0.026648975908756256,validacion_cruzada,30,2,"(64, 32)",0.1,0.001,15,100,val_loss,546.5945249754116,169.49973720936472,69
64,0.04118118807673454,0.027530230581760406,0.14906680583953857,0.11680606007575989,0.04118118807673454,0.027530230581760406,validacion_cruzada,30,2,"(64, 32)",0.1,0.001,15,100,val_loss,546.5945249754116,169.49973720936472,69
65,0.04024942219257355,0.03157908096909523,0.14670811593532562,0.12161189317703247,0.04024942219257355,0.03157908096909523,validacion_cruzada,30,2,"(64, 32)",0.1,0.001,15,100,val_loss,546.5945249754116,169.49973720936472,69
66,0.04213721677660942,0.031942326575517654,0.15443027019500732,0.11816269904375076,0.04213721677660942,0.031942326575517654,validacion_cruzada,30,2,"(64, 32)",0.1,0.001,15,100,val_loss,546.5945249754116,169.49973720936472,69
67,0.03982565924525261,0.027037259191274643,0.14963147044181824,0.11535197496414185,0.03982565924525261,0.027037259191274643,validacion_cruzada,30,2,"(64, 32)",0.1,0.001,15,100,val_loss,546.5945249754116,169.49973720936472,69
68,0.04618319123983383,0.028619883581995964,0.1596434861421585,0.12011886388063431,0.04618319123983383,0.028619883581995964,validacion_cruzada,30,2,"(64, 32)",0.1,0.001,15,100,val_loss,546.5945249754116,169.49973720936472,69
69,0.038804683834314346,0.026199007406830788,0.14733508229255676,0.1138090118765831,0.038804683834314346,0.026199007406830788,validacion_cruzada,30,2,"(64, 32)",0.1,0.001,15,100,val_loss,546.5945249754116,169.49973720936472,69
1,0.5207798480987549,0.17591553926467896,0.5468969941139221,0.3265378773212433,0.5207798480987549,0.17591553926467896,validacion_cruzada,30,3,"(64, 32)",0.1,0.001,15,100,val_loss,546.5995439021889,169.06765384192082,91
2,0.266995906829834,0.10526716709136963,0.39542850852012634,0.25298646092414856,0.266995906829834,0.10526716709136963,validacion_cruzada,30,3,"(64, 32)",0.1,0.001,15,100,val_loss,546.5995439021889,169.06765384192082,91
3,0.1915212720632553,0.06633888185024261,0.3277040719985962,0.19655729830265045,0.1915212720632553,0.06633888185024261,validacion_cruzada,30,3,"(64, 32)",0.1,0.001,15,100,val_loss,546.5995439021889,169.06765384192082,91
4,0.1340494155883789,0.05171330273151398,0.27086806297302246,0.17260444164276123,0.1340494155883789,0.05171330273151398,validacion_cruzada,30,3,"(64, 32)",0.1,0.001,15,100,val_loss,546.5995439021889,169.06765384192082,91
5,0.11527618020772934,0.043046075850725174,0.25015774369239807,0.1567954123020172,0.11527618020772934,0.043046075850725174,validacion_cruzada,30,3,"(64, 32)",0.1,0.001,15,100,val_loss,546.5995439021889,169.06765384192082,91
6,0.10086516290903091,0.04091503098607063,0.23266048729419708,0.15266965329647064,0.10086516290903091,0.04091503098607063,validacion_cruzada,30,3,"(64, 32)",0.1,0.001,15,100,val_loss,546.5995439021889,169.06765384192082,91
7,0.08993393182754517,0.04060210660099983,0.21937090158462524,0.14763784408569336,0.08993393182754517,0.04060210660099983,validacion_cruzada,30,3,"(64, 32)",0.1,0.001,15,100,val_loss,546.5995439021889,169.06765384192082,91
8,0.0850573256611824,0.03521203249692917,0.21396532654762268,0.1385115385055542,0.0850573256611824,0.03521203249692917,validacion_cruzada,30,3,"(64, 32)",0.1,0.001,15,100,val_loss,546.5995439021889,169.06765384192082,91
9,0.07915465533733368,0.0358864963054657,0.20301488041877747,0.13738365471363068,0.07915465533733368,0.0358864963054657,validacion_cruzada,30,3,"(64, 32)",0.1,0.001,15,100,val_loss,546.5995439021889,169.06765384192082,91
10,0.07749922573566437,0.03340242803096771,0.2020832598209381,0.1319436877965927,0.07749922573566437,0.03340242803096771,validacion_cruzada,30,3,"(64, 32)",0.1,0.001,15,100,val_loss,546.5995439021889,169.06765384192082,91
11,0.07337982952594757,0.0338444821536541,0.19724775850772858,0.13133136928081512,0.07337982952594757,0.0338444821536541,validacion_cruzada,30,3,"(64, 32)",0.1,0.001,15,100,val_loss,546.5995439021889,169.06765384192082,91
12,0.07150779664516449,0.03345279023051262,0.19463980197906494,0.13311348855495453,0.07150779664516449,0.03345279023051262,validacion_cruzada,30,3,"(64, 32)",0.1,0.001,15,100,val_loss,546.5995439021889,169.06765384192082,91
13,0.07601744681596756,0.03423487767577171,0.2072993516921997,0.1331704705953598,0.07601744681596756,0.03423487767577171,validacion_cruzada,30,3,"(64, 32)",0.1,0.001,15,100,val_loss,546.5995439021889,169.06765384192082,91
14,0.07387758046388626,0.03204473480582237,0.2020459920167923,0.13030663132667542,0.07387758046388626,0.03204473480582237,validacion_cruzada,30,3,"(64, 32)",0.1,0.001,15,100,val_loss,546.5995439021889,169.06765384192082,91
15,0.060784898698329926,0.03206367790699005,0.18142534792423248,0.1278482973575592,0.060784898698329926,0.03206367790699005,validacion_cruzada,30,3,"(64, 32)",0.1,0.001,15,100,val_loss,546.5995439021889,169.06765384192082,91
16,0.059069156646728516,0.03202615678310394,0.1789793223142624,0.12946529686450958,0.059069156646728516,0.03202615678310394,validacion_cruzada,30,3,"(64, 32)",0.1,0.001,15,100,val_loss,546.5995439021889,169.06765384192082,91
17,0.06343882530927658,0.0469924621284008,0.1854320764541626,0.15385085344314575,0.06343882530927658,0.0469924621284008,validacion_cruzada,30,3,"(64, 32)",0.1,0.001,15,100,val_loss,546.5995439021889,169.06765384192082,91
18,0.057501889765262604,0.038404952734708786,0.17673054337501526,0.1316671371459961,0.057501889765262604,0.038404952734708786,validacion_cruzada,30,3,"(64, 32)",0.1,0.001,15,100,val_loss,546.5995439021889,169.06765384192082,91
19,0.05611436814069748,0.03656427189707756,0.17414537072181702,0.1407197266817093,0.05611436814069748,0.03656427189707756,validacion_cruzada,30,3,"(64, 32)",0.1,0.001,15,100,val_loss,546.5995439021889,169.06765384192082,91
20,0.058355189859867096,0.030756449326872826,0.17617323994636536,0.1257432997226715,0.058355189859867096,0.030756449326872826,validacion_cruzada,30,3,"(64, 32)",0.1,0.001,15,100,val_loss,546.5995439021889,169.06765384192082,91
21,0.056971773505210876,0.042201023548841476,0.17481355369091034,0.16151875257492065,0.056971773505210876,0.042201023548841476,validacion_cruzada,30,3,"(64, 32)",0.1,0.001,15,100,val_loss,546.5995439021889,169.06765384192082,91
22,0.06141359359025955,0.030559297651052475,0.1827426701784134,0.12659841775894165,0.06141359359025955,0.030559297651052475,validacion_cruzada,30,3,"(64, 32)",0.1,0.001,15,100,val_loss,546.5995439021889,169.06765384192082,91
23,0.055031970143318176,0.031740378588438034,0.1715484857559204,0.12522616982460022,0.055031970143318176,0.031740378588438034,validacion_cruzada,30,3,"(64, 32)",0.1,0.001,15,100,val_loss,546.5995439021889,169.06765384192082,91
24,0.05424040928483009,0.033694375306367874,0.16921545565128326,0.13086055219173431,0.05424040928483009,0.033694375306367874,validacion_cruzada,30,3,"(64, 32)",0.1,0.001,15,100,val_loss,546.5995439021889,169.06765384192082,91
25,0.053332265466451645,0.03147721663117409,0.1688319742679596,0.1250787228345871,0.053332265466451645,0.03147721663117409,validacion_cruzada,30,3,"(64, 32)",0.1,0.001,15,100,val_loss,546.5995439021889,169.06765384192082,91
26,0.0560150220990181,0.03182724118232727,0.17680872976779938,0.12151165306568146,0.0560150220990181,0.03182724118232727,validacion_cruzada,30,3,"(64, 32)",0.1,0.001,15,100,val_loss,546.5995439021889,169.06765384192082,91
27,0.051737230271101,0.030078940093517303,0.16726873815059662,0.1200072392821312,0.051737230271101,0.030078940093517303,validacion_cruzada,30,3,"(64, 32)",0.1,0.001,15,100,val_loss,546.5995439021889,169.06765384192082,91
28,0.04808029532432556,0.030048921704292297,0.15981356799602509,0.11860275268554688,0.04808029532432556,0.030048921704292297,validacion_cruzada,30,3,"(64, 32)",0.1,0.001,15,100,val_loss,546.5995439021889,169.06765384192082,91
29,0.045147739350795746,0.02904639020562172,0.15711981058120728,0.11749394983053207,0.045147739350795746,0.02904639020562172,validacion_cruzada,30,3,"(64, 32)",0.1,0.001,15,100,val_loss,546.5995439021889,169.06765384192082,91
30,0.044412270188331604,0.029728060588240623,0.1562243402004242,0.1171494573354721,0.044412270188331604,0.029728060588240623,validacion_cruzada,30,3,"(64, 32)",0.1,0.001,15,100,val_loss,546.5995439021889,169.06765384192082,91
31,0.04967135190963745,0.04099970683455467,0.16521908342838287,0.1508263200521469,0.04967135190963745,0.04099970683455467,validacion_cruzada,30,3,"(64, 32)",0.1,0.001,15,100,val_loss,546.5995439021889,169.06765384192082,91
32,0.052379973232746124,0.03278094157576561,0.1666116863489151,0.12073592841625214,0.052379973232746124,0.03278094157576561,validacion_cruzada,30,3,"(64, 32)",0.1,0.001,15,100,val_loss,546.5995439021889,169.06765384192082,91
33,0.04633621498942375,0.03251572325825691,0.15903492271900177,0.12889789044857025,0.04633621498942375,0.03251572325825691,validacion_cruzada,30,3,"(64, 32)",0.1,0.001,15,100,val_loss,546.5995439021889,169.06765384192082,91
34,0.049260213971138,0.02813759446144104,0.16084930300712585,0.11557883769273758,0.049260213971138,0.02813759446144104,validacion_cruzada,30,3,"(64, 32)",0.1,0.001,15,100,val_loss,546.5995439021889,169.06765384192082,91
35,0.05070699751377106,0.03406313806772232,0.16315524280071259,0.13835883140563965,0.05070699751377106,0.03406313806772232,validacion_cruzada,30,3,"(64, 32)",0.1,0.001,15,100,val_loss,546.5995439021889,169.06765384192082,91
36,0.05059399455785751,0.04104534164071083,0.16837525367736816,0.14186608791351318,0.05059399455785751,0.04104534164071083,validacion_cruzada,30,3,"(64, 32)",0.1,0.001,15,100,val_loss,546.5995439021889,169.06765384192082,91
37,0.05080072581768036,0.03612693026661873,0.16935306787490845,0.12568403780460358,0.05080072581768036,0.03612693026661873,validacion_cruzada,30,3,"(64, 32)",0.1,0.001,15,100,val_loss,546.5995439021889,169.06765384192082,91
38,0.04833904281258583,0.02818719483911991,0.16325053572654724,0.11641399562358856,0.04833904281258583,0.02818719483911991,validacion_cruzada,30,3,"(64, 32)",0.1,0.001,15,100,val_loss,546.5995439021889,169.06765384192082,91
39,0.04438147693872452,0.02807280234992504,0.15411463379859924,0.11781009286642075,0.04438147693872452,0.02807280234992504,validacion_cruzada,30,3,"(64, 32)",0.1,0.001,15,100,val_loss,546.5995439021889,169.06765384192082,91
40,0.04066205397248268,0.029217887669801712,0.14724835753440857,0.11707872152328491,0.04066205397248268,0.029217887669801712,validacion_cruzada,30,3,"(64, 32)",0.1,0.001,15,100,val_loss,546.5995439021889,169.06765384192082,91
41,0.04217151924967766,0.028887227177619934,0.15339013934135437,0.11504462361335754,0.04217151924967766,0.028887227177619934,validacion_cruzada,30,3,"(64, 32)",0.1,0.001,15,100,val_loss,546.5995439021889,169.06765384192082,91
42,0.04072732478380203,0.031155753880739212,0.15057414770126343,0.1252211630344391,0.04072732478380203,0.031155753880739212,validacion_cruzada,30,3,"(64, 32)",0.1,0.001,15,100,val_loss,546.5995439021889,169.06765384192082,91
43,0.048198625445365906,0.03703339025378227,0.16104230284690857,0.1365690976381302,0.048198625445365906,0.03703339025378227,validacion_cruzada,30,3,"(64, 32)",0.1,0.001,15,100,val_loss,546.5995439021889,169.06765384192082,91
44,0.045925989747047424,0.02830122597515583,0.16028684377670288,0.11684600263834,0.045925989747047424,0.02830122597515583,validacion_cruzada,30,3,"(64, 32)",0.1,0.001,15,100,val_loss,546.5995439021889,169.06765384192082,91
45,0.04694296792149544,0.029050558805465698,0.15739284455776215,0.12028595060110092,0.04694296792149544,0.029050558805465698,validacion_cruzada,30,3,"(64, 32)",0.1,0.001,15,100,val_loss,546.5995439021889,169.06765384192082,91
46,0.043317586183547974,0.029657790437340736,0.1531127244234085,0.11928875744342804,0.043317586183547974,0.029657790437340736,validacion_cruzada,30,3,"(64, 32)",0.1,0.001,15,100,val_loss,546.5995439021889,169.06765384192082,91
47,0.043992459774017334,0.031188001856207848,0.15440240502357483,0.11845909059047699,0.043992459774017334,0.031188001856207848,validacion_cruzada,30,3,"(64, 32)",0.1,0.001,15,100,val_loss,546.5995439021889,169.06765384192082,91
48,0.040384456515312195,0.02835407480597496,0.1468450278043747,0.1164659857749939,0.040384456515312195,0.02835407480597496,validacion_cruzada,30,3,"(64, 32)",0.1,0.001,15,100,val_loss,546.5995439021889,169.06765384192082,91
49,0.04480038583278656,0.02774217538535595,0.1555611789226532,0.11623216420412064,0.04480038583278656,0.02774217538535595,validacion_cruzada,30,3,"(64, 32)",0.1,0.001,15,100,val_loss,546.5995439021889,169.06765384192082,91
50,0.04547906666994095,0.028284341096878052,0.15731313824653625,0.11476608365774155,0.04547906666994095,0.028284341096878052,validacion_cruzada,30,3,"(64, 32)",0.1,0.001,15,100,val_loss,546.5995439021889,169.06765384192082,91
51,0.04108012840151787,0.028758157044649124,0.1487593799829483,0.11964813619852066,0.04108012840151787,0.028758157044649124,validacion_cruzada,30,3,"(64, 32)",0.1,0.001,15,100,val_loss,546.5995439021889,169.06765384192082,91
52,0.04172161966562271,0.02801256813108921,0.15182679891586304,0.1166394054889679,0.04172161966562271,0.02801256813108921,validacion_cruzada,30,3,"(64, 32)",0.1,0.001,15,100,val_loss,546.5995439021889,169.06765384192082,91
53,0.04398057237267494,0.033132102340459824,0.15600211918354034,0.1262330263853073,0.04398057237267494,0.033132102340459824,validacion_cruzada,30,3,"(64, 32)",0.1,0.001,15,100,val_loss,546.5995439021889,169.06765384192082,91
54,0.043791115283966064,0.02719130553305149,0.15401305258274078,0.11451712250709534,0.043791115283966064,0.02719130553305149,validacion_cruzada,30,3,"(64, 32)",0.1,0.001,15,100,val_loss,546.5995439021889,169.06765384192082,91
55,0.042735517024993896,0.031272854655981064,0.15101061761379242,0.12403160333633423,0.042735517024993896,0.031272854655981064,validacion_cruzada,30,3,"(64, 32)",0.1,0.001,15,100,val_loss,546.5995439021889,169.06765384192082,91
56,0.04132675752043724,0.03207990154623985,0.149515300989151,0.11886848509311676,0.04132675752043724,0.03207990154623985,validacion_cruzada,30,3,"(64, 32)",0.1,0.001,15,100,val_loss,546.5995439021889,169.06765384192082,91
57,0.038429971784353256,0.027173727750778198,0.14589877426624298,0.11269892752170563,0.038429971784353256,0.027173727750778198,validacion_cruzada,30,3,"(64, 32)",0.1,0.001,15,100,val_loss,546.5995439021889,169.06765384192082,91
58,0.04117549583315849,0.0288043525069952,0.14946740865707397,0.1200735867023468,0.04117549583315849,0.0288043525069952,validacion_cruzada,30,3,"(64, 32)",0.1,0.001,15,100,val_loss,546.5995439021889,169.06765384192082,91
59,0.047859497368335724,0.02993880584836006,0.16447871923446655,0.11845821142196655,0.047859497368335724,0.02993880584836006,validacion_cruzada,30,3,"(64, 32)",0.1,0.001,15,100,val_loss,546.5995439021889,169.06765384192082,91
60,0.048225902020931244,0.029758499935269356,0.163031205534935,0.12195944786071777,0.048225902020931244,0.029758499935269356,validacion_cruzada,30,3,"(64, 32)",0.1,0.001,15,100,val_loss,546.5995439021889,169.06765384192082,91
61,0.04405675828456879,0.03157881647348404,0.15402857959270477,0.12545815110206604,0.04405675828456879,0.03157881647348404,validacion_cruzada,30,3,"(64, 32)",0.1,0.001,15,100,val_loss,546.5995439021889,169.06765384192082,91
62,0.04268988221883774,0.02771257609128952,0.15235213935375214,0.11819358170032501,0.04268988221883774,0.02771257609128952,validacion_cruzada,30,3,"(64, 32)",0.1,0.001,15,100,val_loss,546.5995439021889,169.06765384192082,91
63,0.03575441986322403,0.02733730524778366,0.13960060477256775,0.11380332708358765,0.03575441986322403,0.02733730524778366,validacion_cruzada,30,3,"(64, 32)",0.1,0.001,15,100,val_loss,546.5995439021889,169.06765384192082,91
64,0.038614463061094284,0.028142601251602173,0.144854336977005,0.12351515144109726,0.038614463061094284,0.028142601251602173,validacion_cruzada,30,3,"(64, 32)",0.1,0.001,15,100,val_loss,546.5995439021889,169.06765384192082,91
65,0.037560198456048965,0.027449356392025948,0.1433667242527008,0.11966634541749954,0.037560198456048965,0.027449356392025948,validacion_cruzada,30,3,"(64, 32)",0.1,0.001,15,100,val_loss,546.5995439021889,169.06765384192082,91
66,0.04223211482167244,0.030575433745980263,0.1524224430322647,0.12538263201713562,0.04223211482167244,0.030575433745980263,validacion_cruzada,30,3,"(64, 32)",0.1,0.001,15,100,val_loss,546.5995439021889,169.06765384192082,91
67,0.04284392669796944,0.032731253653764725,0.1492842584848404,0.13543401658535004,0.04284392669796944,0.032731253653764725,validacion_cruzada,30,3,"(64, 32)",0.1,0.001,15,100,val_loss,546.5995439021889,169.06765384192082,91
68,0.041849762201309204,0.026969093829393387,0.14933401346206665,0.11124955117702484,0.041849762201309204,0.026969093829393387,validacion_cruzada,30,3,"(64, 32)",0.1,0.001,15,100,val_loss,546.5995439021889,169.06765384192082,91
69,0.04203839600086212,0.027148175984621048,0.15047571063041687,0.11163298785686493,0.04203839600086212,0.027148175984621048,validacion_cruzada,30,3,"(64, 32)",0.1,0.001,15,100,val_loss,546.5995439021889,169.06765384192082,91
70,0.03605370596051216,0.028106767684221268,0.1401587873697281,0.1138073205947876,0.03605370596051216,0.028106767684221268,validacion_cruzada,30,3,"(64, 32)",0.1,0.001,15,100,val_loss,546.5995439021889,169.06765384192082,91
71,0.03834933042526245,0.02932625263929367,0.14232181012630463,0.12424182146787643,0.03834933042526245,0.02932625263929367,validacion_cruzada,30,3,"(64, 32)",0.1,0.001,15,100,val_loss,546.5995439021889,169.06765384192082,91
72,0.03584536164999008,0.027926422655582428,0.14016979932785034,0.12189050763845444,0.03584536164999008,0.027926422655582428,validacion_cruzada,30,3,"(64, 32)",0.1,0.001,15,100,val_loss,546.5995439021889,169.06765384192082,91
73,0.03468072786927223,0.026324523612856865,0.1370781809091568,0.11148300766944885,0.03468072786927223,0.026324523612856865,validacion_cruzada,30,3,"(64, 32)",0.1,0.001,15,100,val_loss,546.5995439021889,169.06765384192082,91
74,0.03864361718297005,0.030204424634575844,0.14396978914737701,0.13349613547325134,0.03864361718297005,0.030204424634575844,validacion_cruzada,30,3,"(64, 32)",0.1,0.001,15,100,val_loss,546.5995439021889,169.06765384192082,91
75,0.03680824115872383,0.02604527398943901,0.1402030885219574,0.11135026812553406,0.03680824115872383,0.02604527398943901,validacion_cruzada,30,3,"(64, 32)",0.1,0.001,15,100,val_loss,546.5995439021889,169.06765384192082,91
76,0.03440731763839722,0.02582819201052189,0.13683255016803741,0.10876961797475815,0.03440731763839722,0.02582819201052189,validacion_cruzada,30,3,"(64, 32)",0.1,0.001,15,100,val_loss,546.5995439021889,169.06765384192082,91
77,0.036289431154727936,0.028980711475014687,0.13925804197788239,0.11593233048915863,0.036289431154727936,0.028980711475014687,validacion_cruzada,30,3,"(64, 32)",0.1,0.001,15,100,val_loss,546.5995439021889,169.06765384192082,91
78,0.036842383444309235,0.029360059648752213,0.14028730988502502,0.12526054680347443,0.036842383444309235,0.029360059648752213,validacion_cruzada,30,3,"(64, 32)",0.1,0.001,15,100,val_loss,546.5995439021889,169.06765384192082,91
79,0.03737103193998337,0.02972184680402279,0.142297625541687,0.11249065399169922,0.03737103193998337,0.02972184680402279,validacion_cruzada,30,3,"(64, 32)",0.1,0.001,15,100,val_loss,546.5995439021889,169.06765384192082,91
80,0.033942535519599915,0.02697616070508957,0.13699871301651,0.11258696019649506,0.033942535519599915,0.02697616070508957,validacion_cruzada,30,3,"(64, 32)",0.1,0.001,15,100,val_loss,546.5995439021889,169.06765384192082,91
81,0.03667862340807915,0.026773087680339813,0.13736414909362793,0.11465657502412796,0.03667862340807915,0.026773087680339813,validacion_cruzada,30,3,"(64, 32)",0.1,0.001,15,100,val_loss,546.5995439021889,169.06765384192082,91
82,0.04080985113978386,0.029388582333922386,0.146778404712677,0.12316637486219406,0.04080985113978386,0.029388582333922386,validacion_cruzada,30,3,"(64, 32)",0.1,0.001,15,100,val_loss,546.5995439021889,169.06765384192082,91
83,0.04092743992805481,0.03297505900263786,0.1462392807006836,0.13691188395023346,0.04092743992805481,0.03297505900263786,validacion_cruzada,30,3,"(64, 32)",0.1,0.001,15,100,val_loss,546.5995439021889,169.06765384192082,91
84,0.03927778825163841,0.033269770443439484,0.14802789688110352,0.12216369062662125,0.03927778825163841,0.033269770443439484,validacion_cruzada,30,3,"(64, 32)",0.1,0.001,15,100,val_loss,546.5995439021889,169.06765384192082,91
85,0.04115978255867958,0.027141323313117027,0.14898927509784698,0.11500861495733261,0.04115978255867958,0.027141323313117027,validacion_cruzada,30,3,"(64, 32)",0.1,0.001,15,100,val_loss,546.5995439021889,169.06765384192082,91
86,0.03918624296784401,0.026501981541514397,0.14670062065124512,0.11275166273117065,0.03918624296784401,0.026501981541514397,validacion_cruzada,30,3,"(64, 32)",0.1,0.001,15,100,val_loss,546.5995439021889,169.06765384192082,91
87,0.03907503932714462,0.02736375667154789,0.14617736637592316,0.11617886275053024,0.03907503932714462,0.02736375667154789,validacion_cruzada,30,3,"(64, 32)",0.1,0.001,15,100,val_loss,546.5995439021889,169.06765384192082,91
88,0.03593914955854416,0.02749517187476158,0.14067299664020538,0.11591712385416031,0.03593914955854416,0.02749517187476158,validacion_cruzada,30,3,"(64, 32)",0.1,0.001,15,100,val_loss,546.5995439021889,169.06765384192082,91
89,0.03642530366778374,0.027254140004515648,0.14248411357402802,0.11403629928827286,0.03642530366778374,0.027254140004515648,validacion_cruzada,30,3,"(64, 32)",0.1,0.001,15,100,val_loss,546.5995439021889,169.06765384192082,91
90,0.03632203862071037,0.029282238334417343,0.14125388860702515,0.12045557051897049,0.03632203862071037,0.029282238334417343,validacion_cruzada,30,3,"(64, 32)",0.1,0.001,15,100,val_loss,546.5995439021889,169.06765384192082,91
91,0.038642462342977524,0.02726105973124504,0.14635397493839264,0.11356466263532639,0.038642462342977524,0.02726105973124504,validacion_cruzada,30,3,"(64, 32)",0.1,0.001,15,100,val_loss,546.5995439021889,169.06765384192082,91
1,0.5542444586753845,0.2701489329338074,0.5627214908599854,0.4127122461795807,0.5542444586753845,0.2701489329338074,validacion_cruzada,30,4,"(64, 32)",0.1,0.001,15,100,val_loss,547.3941373415893,168.96628104473814,100
2,0.27438974380493164,0.15550824999809265,0.39445000886917114,0.30667561292648315,0.27438974380493164,0.15550824999809265,validacion_cruzada,30,4,"(64, 32)",0.1,0.001,15,100,val_loss,547.3941373415893,168.96628104473814,100
3,0.19035214185714722,0.09892980754375458,0.3178219497203827,0.2362983375787735,0.19035214185714722,0.09892980754375458,validacion_cruzada,30,4,"(64, 32)",0.1,0.001,15,100,val_loss,547.3941373415893,168.96628104473814,100
4,0.1385229378938675,0.07345607131719589,0.2736508548259735,0.2062140256166458,0.1385229378938675,0.07345607131719589,validacion_cruzada,30,4,"(64, 32)",0.1,0.001,15,100,val_loss,547.3941373415893,168.96628104473814,100
5,0.12708334624767303,0.060357797890901566,0.2595135271549225,0.18611319363117218,0.12708334624767303,0.060357797890901566,validacion_cruzada,30,4,"(64, 32)",0.1,0.001,15,100,val_loss,547.3941373415893,168.96628104473814,100
6,0.11532430350780487,0.05429806560277939,0.2444823980331421,0.18058858811855316,0.11532430350780487,0.05429806560277939,validacion_cruzada,30,4,"(64, 32)",0.1,0.001,15,100,val_loss,547.3941373415893,168.96628104473814,100
7,0.09840455651283264,0.05086167901754379,0.23140105605125427,0.17332947254180908,0.09840455651283264,0.05086167901754379,validacion_cruzada,30,4,"(64, 32)",0.1,0.001,15,100,val_loss,547.3941373415893,168.96628104473814,100
8,0.09621760249137878,0.0474635511636734,0.2248549610376358,0.16498582065105438,0.09621760249137878,0.0474635511636734,validacion_cruzada,30,4,"(64, 32)",0.1,0.001,15,100,val_loss,547.3941373415893,168.96628104473814,100
9,0.0877188965678215,0.04819468781352043,0.2174019068479538,0.16994881629943848,0.0877188965678215,0.04819468781352043,validacion_cruzada,30,4,"(64, 32)",0.1,0.001,15,100,val_loss,547.3941373415893,168.96628104473814,100
10,0.08541292697191238,0.045337703078985214,0.2158653289079666,0.16011075675487518,0.08541292697191238,0.045337703078985214,validacion_cruzada,30,4,"(64, 32)",0.1,0.001,15,100,val_loss,547.3941373415893,168.96628104473814,100
11,0.09198153018951416,0.04564303904771805,0.22320200502872467,0.16642150282859802,0.09198153018951416,0.04564303904771805,validacion_cruzada,30,4,"(64, 32)",0.1,0.001,15,100,val_loss,547.3941373415893,168.96628104473814,100
12,0.08543600142002106,0.04214644059538841,0.2156248837709427,0.15794600546360016,0.08543600142002106,0.04214644059538841,validacion_cruzada,30,4,"(64, 32)",0.1,0.001,15,100,val_loss,547.3941373415893,168.96628104473814,100
13,0.07994640618562698,0.0412587970495224,0.2059585005044937,0.15330561995506287,0.07994640618562698,0.0412587970495224,validacion_cruzada,30,4,"(64, 32)",0.1,0.001,15,100,val_loss,547.3941373415893,168.96628104473814,100
14,0.07635439932346344,0.040040355175733566,0.1981448084115982,0.15170970559120178,0.07635439932346344,0.040040355175733566,validacion_cruzada,30,4,"(64, 32)",0.1,0.001,15,100,val_loss,547.3941373415893,168.96628104473814,100
15,0.07618038356304169,0.038053613156080246,0.20075218379497528,0.14651352167129517,0.07618038356304169,0.038053613156080246,validacion_cruzada,30,4,"(64, 32)",0.1,0.001,15,100,val_loss,547.3941373415893,168.96628104473814,100
16,0.06995289772748947,0.03774486109614372,0.1923166662454605,0.14630110561847687,0.06995289772748947,0.03774486109614372,validacion_cruzada,30,4,"(64, 32)",0.1,0.001,15,100,val_loss,547.3941373415893,168.96628104473814,100
17,0.07031391561031342,0.036087654531002045,0.19257260859012604,0.14064820110797882,0.07031391561031342,0.036087654531002045,validacion_cruzada,30,4,"(64, 32)",0.1,0.001,15,100,val_loss,547.3941373415893,168.96628104473814,100
18,0.06568480283021927,0.03539208695292473,0.18740713596343994,0.13782565295696259,0.06568480283021927,0.03539208695292473,validacion_cruzada,30,4,"(64, 32)",0.1,0.001,15,100,val_loss,547.3941373415893,168.96628104473814,100
19,0.06498140096664429,0.03573751449584961,0.1880325824022293,0.14014115929603577,0.06498140096664429,0.03573751449584961,validacion_cruzada,30,4,"(64, 32)",0.1,0.001,15,100,val_loss,547.3941373415893,168.96628104473814,100
20,0.06861840933561325,0.03339874744415283,0.1905990093946457,0.13290072977542877,0.06861840933561325,0.03339874744415283,validacion_cruzada,30,4,"(64, 32)",0.1,0.001,15,100,val_loss,547.3941373415893,168.96628104473814,100
21,0.06859996169805527,0.035024479031562805,0.19148245453834534,0.1378776729106903,0.06859996169805527,0.035024479031562805,validacion_cruzada,30,4,"(64, 32)",0.1,0.001,15,100,val_loss,547.3941373415893,168.96628104473814,100
22,0.06562486290931702,0.03334473818540573,0.18717098236083984,0.13276749849319458,0.06562486290931702,0.03334473818540573,validacion_cruzada,30,4,"(64, 32)",0.1,0.001,15,100,val_loss,547.3941373415893,168.96628104473814,100
23,0.06253558397293091,0.032247304916381836,0.1832311898469925,0.13065721094608307,0.06253558397293091,0.032247304916381836,validacion_cruzada,30,4,"(64, 32)",0.1,0.001,15,100,val_loss,547.3941373415893,168.96628104473814,100
24,0.05904150381684303,0.03411479294300079,0.17806334793567657,0.1378694325685501,0.05904150381684303,0.03411479294300079,validacion_cruzada,30,4,"(64, 32)",0.1,0.001,15,100,val_loss,547.3941373415893,168.96628104473814,100
25,0.05651787295937538,0.032804206013679504,0.17373521625995636,0.1335047036409378,0.05651787295937538,0.032804206013679504,validacion_cruzada,30,4,"(64, 32)",0.1,0.001,15,100,val_loss,547.3941373415893,168.96628104473814,100
26,0.060836464166641235,0.03326709568500519,0.1801542490720749,0.13553474843502045,0.060836464166641235,0.03326709568500519,validacion_cruzada,30,4,"(64, 32)",0.1,0.001,15,100,val_loss,547.3941373415893,168.96628104473814,100
27,0.054138295352458954,0.032146092504262924,0.17175018787384033,0.12901131808757782,0.054138295352458954,0.032146092504262924,validacion_cruzada,30,4,"(64, 32)",0.1,0.001,15,100,val_loss,547.3941373415893,168.96628104473814,100
28,0.05542626604437828,0.03053719364106655,0.1732976883649826,0.12202604860067368,0.05542626604437828,0.03053719364106655,validacion_cruzada,30,4,"(64, 32)",0.1,0.001,15,100,val_loss,547.3941373415893,168.96628104473814,100
29,0.05627716705203056,0.03277529776096344,0.1723036766052246,0.13128137588500977,0.05627716705203056,0.03277529776096344,validacion_cruzada,30,4,"(64, 32)",0.1,0.001,15,100,val_loss,547.3941373415893,168.96628104473814,100
30,0.054762981832027435,0.030875466763973236,0.16895446181297302,0.12716332077980042,0.054762981832027435,0.030875466763973236,validacion_cruzada,30,4,"(64, 32)",0.1,0.001,15,100,val_loss,547.3941373415893,168.96628104473814,100
31,0.054822973906993866,0.029177675023674965,0.17031288146972656,0.1196313351392746,0.054822973906993866,0.029177675023674965,validacion_cruzada,30,4,"(64, 32)",0.1,0.001,15,100,val_loss,547.3941373415893,168.96628104473814,100
32,0.0570000521838665,0.029228482395410538,0.176145538687706,0.12171568721532822,0.0570000521838665,0.029228482395410538,validacion_cruzada,30,4,"(64, 32)",0.1,0.001,15,100,val_loss,547.3941373415893,168.96628104473814,100
33,0.05785995349287987,0.03129102289676666,0.17644204199314117,0.1289944350719452,0.05785995349287987,0.03129102289676666,validacion_cruzada,30,4,"(64, 32)",0.1,0.001,15,100,val_loss,547.3941373415893,168.96628104473814,100
34,0.049067866057157516,0.02904692478477955,0.16348126530647278,0.11910419911146164,0.049067866057157516,0.02904692478477955,validacion_cruzada,30,4,"(64, 32)",0.1,0.001,15,100,val_loss,547.3941373415893,168.96628104473814,100
35,0.05386301130056381,0.02936576120555401,0.17000022530555725,0.1200975775718689,0.05386301130056381,0.02936576120555401,validacion_cruzada,30,4,"(64, 32)",0.1,0.001,15,100,val_loss,547.3941373415893,168.96628104473814,100
36,0.04778512567281723,0.03083142451941967,0.16019614040851593,0.1249936893582344,0.04778512567281723,0.03083142451941967,validacion_cruzada,30,4,"(64, 32)",0.1,0.001,15,100,val_loss,547.3941373415893,168.96628104473814,100
37,0.04981095716357231,0.029718928039073944,0.16187509894371033,0.1202131137251854,0.04981095716357231,0.029718928039073944,validacion_cruzada,30,4,"(64, 32)",0.1,0.001,15,100,val_loss,547.3941373415893,168.96628104473814,100
38,0.050898026674985886,0.02915426716208458,0.16525301337242126,0.1194825991988182,0.050898026674985886,0.02915426716208458,validacion_cruzada,30,4,"(64, 32)",0.1,0.001,15,100,val_loss,547.3941373415893,168.96628104473814,100
39,0.04954652488231659,0.029779335483908653,0.16167640686035156,0.12318262457847595,0.04954652488231659,0.029779335483908653,validacion_cruzada,30,4,"(64, 32)",0.1,0.001,15,100,val_loss,547.3941373415893,168.96628104473814,100
40,0.049020398408174515,0.031545091420412064,0.1605919450521469,0.12676361203193665,0.049020398408174515,0.031545091420412064,validacion_cruzada,30,4,"(64, 32)",0.1,0.001,15,100,val_loss,547.3941373415893,168.96628104473814,100
41,0.04862547293305397,0.02913765422999859,0.16262996196746826,0.12099257111549377,0.04862547293305397,0.02913765422999859,validacion_cruzada,30,4,"(64, 32)",0.1,0.001,15,100,val_loss,547.3941373415893,168.96628104473814,100
42,0.04709479585289955,0.02907910756766796,0.15997165441513062,0.12047712504863739,0.04709479585289955,0.02907910756766796,validacion_cruzada,30,4,"(64, 32)",0.1,0.001,15,100,val_loss,547.3941373415893,168.96628104473814,100
43,0.04684128984808922,0.028650717809796333,0.1595272272825241,0.122003473341465,0.04684128984808922,0.028650717809796333,validacion_cruzada,30,4,"(64, 32)",0.1,0.001,15,100,val_loss,547.3941373415893,168.96628104473814,100
44,0.043180156499147415,0.028393996879458427,0.15321913361549377,0.12066154181957245,0.043180156499147415,0.028393996879458427,validacion_cruzada,30,4,"(64, 32)",0.1,0.001,15,100,val_loss,547.3941373415893,168.96628104473814,100
45,0.04412352293729782,0.02845706418156624,0.1531914323568344,0.11708072572946548,0.04412352293729782,0.02845706418156624,validacion_cruzada,30,4,"(64, 32)",0.1,0.001,15,100,val_loss,547.3941373415893,168.96628104473814,100
46,0.04840317368507385,0.030909568071365356,0.16100583970546722,0.12315984070301056,0.04840317368507385,0.030909568071365356,validacion_cruzada,30,4,"(64, 32)",0.1,0.001,15,100,val_loss,547.3941373415893,168.96628104473814,100
47,0.05352582782506943,0.02829144336283207,0.17043963074684143,0.11724494397640228,0.05352582782506943,0.02829144336283207,validacion_cruzada,30,4,"(64, 32)",0.1,0.001,15,100,val_loss,547.3941373415893,168.96628104473814,100
48,0.04521512985229492,0.02764967456459999,0.15674450993537903,0.11502332240343094,0.04521512985229492,0.02764967456459999,validacion_cruzada,30,4,"(64, 32)",0.1,0.001,15,100,val_loss,547.3941373415893,168.96628104473814,100
49,0.0470462292432785,0.028259972110390663,0.15898361802101135,0.11827680468559265,0.0470462292432785,0.028259972110390663,validacion_cruzada,30,4,"(64, 32)",0.1,0.001,15,100,val_loss,547.3941373415893,168.96628104473814,100
50,0.04476706311106682,0.028254015371203423,0.1543482542037964,0.12061238288879395,0.04476706311106682,0.028254015371203423,validacion_cruzada,30,4,"(64, 32)",0.1,0.001,15,100,val_loss,547.3941373415893,168.96628104473814,100
51,0.04427644610404968,0.026916908100247383,0.1522485464811325,0.11319751292467117,0.04427644610404968,0.026916908100247383,validacion_cruzada,30,4,"(64, 32)",0.1,0.001,15,100,val_loss,547.3941373415893,168.96628104473814,100
52,0.046713490039110184,0.027995651587843895,0.1578013151884079,0.11777565628290176,0.046713490039110184,0.027995651587843895,validacion_cruzada,30,4,"(64, 32)",0.1,0.001,15,100,val_loss,547.3941373415893,168.96628104473814,100
53,0.04685889184474945,0.03462289273738861,0.15876683592796326,0.1316317915916443,0.04685889184474945,0.03462289273738861,validacion_cruzada,30,4,"(64, 32)",0.1,0.001,15,100,val_loss,547.3941373415893,168.96628104473814,100
54,0.04358000308275223,0.027232494205236435,0.15375001728534698,0.11645504087209702,0.04358000308275223,0.027232494205236435,validacion_cruzada,30,4,"(64, 32)",0.1,0.001,15,100,val_loss,547.3941373415893,168.96628104473814,100
55,0.04319372400641441,0.02679576724767685,0.1509825736284256,0.11339250206947327,0.04319372400641441,0.02679576724767685,validacion_cruzada,30,4,"(64, 32)",0.1,0.001,15,100,val_loss,547.3941373415893,168.96628104473814,100
56,0.04178207740187645,0.029915891587734222,0.15093311667442322,0.12317650765180588,0.04178207740187645,0.029915891587734222,validacion_cruzada,30,4,"(64, 32)",0.1,0.001,15,100,val_loss,547.3941373415893,168.96628104473814,100
57,0.04718933254480362,0.0328519232571125,0.1583302617073059,0.13713426887989044,0.04718933254480362,0.0328519232571125,validacion_cruzada,30,4,"(64, 32)",0.1,0.001,15,100,val_loss,547.3941373415893,168.96628104473814,100
58,0.04132792726159096,0.02759038843214512,0.14967603981494904,0.11717277765274048,0.04132792726159096,0.02759038843214512,validacion_cruzada,30,4,"(64, 32)",0.1,0.001,15,100,val_loss,547.3941373415893,168.96628104473814,100
59,0.04309132695198059,0.02791997231543064,0.15192891657352448,0.11653362959623337,0.04309132695198059,0.02791997231543064,validacion_cruzada,30,4,"(64, 32)",0.1,0.001,15,100,val_loss,547.3941373415893,168.96628104473814,100
60,0.04558470845222473,0.02962314337491989,0.1541140377521515,0.12593692541122437,0.04558470845222473,0.02962314337491989,validacion_cruzada,30,4,"(64, 32)",0.1,0.001,15,100,val_loss,547.3941373415893,168.96628104473814,100
61,0.04359167069196701,0.026474513113498688,0.151826411485672,0.11180215328931808,0.04359167069196701,0.026474513113498688,validacion_cruzada,30,4,"(64, 32)",0.1,0.001,15,100,val_loss,547.3941373415893,168.96628104473814,100
62,0.04211224243044853,0.02696920745074749,0.149928018450737,0.11506003886461258,0.04211224243044853,0.02696920745074749,validacion_cruzada,30,4,"(64, 32)",0.1,0.001,15,100,val_loss,547.3941373415893,168.96628104473814,100
63,0.04301421716809273,0.03069102019071579,0.15239425003528595,0.1318330615758896,0.04301421716809273,0.03069102019071579,validacion_cruzada,30,4,"(64, 32)",0.1,0.001,15,100,val_loss,547.3941373415893,168.96628104473814,100
64,0.04345371574163437,0.030064869672060013,0.15196596086025238,0.12966255843639374,0.04345371574163437,0.030064869672060013,validacion_cruzada,30,4,"(64, 32)",0.1,0.001,15,100,val_loss,547.3941373415893,168.96628104473814,100
65,0.04348333925008774,0.030004050582647324,0.1516006886959076,0.12719565629959106,0.04348333925008774,0.030004050582647324,validacion_cruzada,30,4,"(64, 32)",0.1,0.001,15,100,val_loss,547.3941373415893,168.96628104473814,100
66,0.04376627132296562,0.025788698345422745,0.15453660488128662,0.11128446459770203,0.04376627132296562,0.025788698345422745,validacion_cruzada,30,4,"(64, 32)",0.1,0.001,15,100,val_loss,547.3941373415893,168.96628104473814,100
67,0.0385558046400547,0.025400711223483086,0.14473581314086914,0.1089009940624237,0.0385558046400547,0.025400711223483086,validacion_cruzada,30,4,"(64, 32)",0.1,0.001,15,100,val_loss,547.3941373415893,168.96628104473814,100
68,0.04373016580939293,0.029804250225424767,0.15341006219387054,0.1290009766817093,0.04373016580939293,0.029804250225424767,validacion_cruzada,30,4,"(64, 32)",0.1,0.001,15,100,val_loss,547.3941373415893,168.96628104473814,100
69,0.04567890241742134,0.026697857305407524,0.15542475879192352,0.11356915533542633,0.04567890241742134,0.026697857305407524,validacion_cruzada,30,4,"(64, 32)",0.1,0.001,15,100,val_loss,547.3941373415893,168.96628104473814,100
70,0.0448586530983448,0.025871893391013145,0.15125520527362823,0.11111552268266678,0.0448586530983448,0.025871893391013145,validacion_cruzada,30,4,"(64, 32)",0.1,0.001,15,100,val_loss,547.3941373415893,168.96628104473814,100
71,0.038243524730205536,0.025730721652507782,0.14242176711559296,0.1095370426774025,0.038243524730205536,0.025730721652507782,validacion_cruzada,30,4,"(64, 32)",0.1,0.001,15,100,val_loss,547.3941373415893,168.96628104473814,100
72,0.04311465099453926,0.026320824399590492,0.15000133216381073,0.11174149811267853,0.04311465099453926,0.026320824399590492,validacion_cruzada,30,4,"(64, 32)",0.1,0.001,15,100,val_loss,547.3941373415893,168.96628104473814,100
73,0.03934992477297783,0.025648025795817375,0.14362679421901703,0.11084951460361481,0.03934992477297783,0.025648025795817375,validacion_cruzada,30,4,"(64, 32)",0.1,0.001,15,100,val_loss,547.3941373415893,168.96628104473814,100
74,0.04320145025849342,0.027994554489850998,0.15095971524715424,0.12351276725530624,0.04320145025849342,0.027994554489850998,validacion_cruzada,30,4,"(64, 32)",0.1,0.001,15,100,val_loss,547.3941373415893,168.96628104473814,100
75,0.045202672481536865,0.03293352201581001,0.154400035738945,0.1354386955499649,0.045202672481536865,0.03293352201581001,validacion_cruzada,30,4,"(64, 32)",0.1,0.001,15,100,val_loss,547.3941373415893,168.96628104473814,100
76,0.03968033567070961,0.028115801513195038,0.14730608463287354,0.12409605830907822,0.03968033567070961,0.028115801513195038,validacion_cruzada,30,4,"(64, 32)",0.1,0.001,15,100,val_loss,547.3941373415893,168.96628104473814,100
77,0.04050299897789955,0.030004628002643585,0.14653393626213074,0.1293080449104309,0.04050299897789955,0.030004628002643585,validacion_cruzada,30,4,"(64, 32)",0.1,0.001,15,100,val_loss,547.3941373415893,168.96628104473814,100
78,0.03485087305307388,0.025405792519450188,0.1367575079202652,0.11072108149528503,0.03485087305307388,0.025405792519450188,validacion_cruzada,30,4,"(64, 32)",0.1,0.001,15,100,val_loss,547.3941373415893,168.96628104473814,100
79,0.03865087032318115,0.025262193754315376,0.14486579596996307,0.108608677983284,0.03865087032318115,0.025262193754315376,validacion_cruzada,30,4,"(64, 32)",0.1,0.001,15,100,val_loss,547.3941373415893,168.96628104473814,100
80,0.039136286824941635,0.02746959961950779,0.1457451730966568,0.12050862610340118,0.039136286824941635,0.02746959961950779,validacion_cruzada,30,4,"(64, 32)",0.1,0.001,15,100,val_loss,547.3941373415893,168.96628104473814,100
81,0.039413098245859146,0.025935059413313866,0.14487557113170624,0.1130112037062645,0.039413098245859146,0.025935059413313866,validacion_cruzada,30,4,"(64, 32)",0.1,0.001,15,100,val_loss,547.3941373415893,168.96628104473814,100
82,0.03955918177962303,0.028098978102207184,0.14456667006015778,0.12110183387994766,0.03955918177962303,0.028098978102207184,validacion_cruzada,30,4,"(64, 32)",0.1,0.001,15,100,val_loss,547.3941373415893,168.96628104473814,100
83,0.03806103765964508,0.03139008209109306,0.14252902567386627,0.13229185342788696,0.03806103765964508,0.03139008209109306,validacion_cruzada,30,4,"(64, 32)",0.1,0.001,15,100,val_loss,547.3941373415893,168.96628104473814,100
84,0.04294274002313614,0.02983756549656391,0.1499018520116806,0.12934079766273499,0.04294274002313614,0.02983756549656391,validacion_cruzada,30,4,"(64, 32)",0.1,0.001,15,100,val_loss,547.3941373415893,168.96628104473814,100
85,0.0417376309633255,0.02596384659409523,0.14936015009880066,0.11102298647165298,0.0417376309633255,0.02596384659409523,validacion_cruzada,30,4,"(64, 32)",0.1,0.001,15,100,val_loss,547.3941373415893,168.96628104473814,100
86,0.03842607140541077,0.02880055271089077,0.14270637929439545,0.11790774762630463,0.03842607140541077,0.02880055271089077,validacion_cruzada,30,4,"(64, 32)",0.1,0.001,15,100,val_loss,547.3941373415893,168.96628104473814,100
87,0.04340985044836998,0.026002148166298866,0.15121759474277496,0.11312103271484375,0.04340985044836998,0.026002148166298866,validacion_cruzada,30,4,"(64, 32)",0.1,0.001,15,100,val_loss,547.3941373415893,168.96628104473814,100
88,0.040386613458395004,0.027859244495630264,0.14545050263404846,0.12090641260147095,0.040386613458395004,0.027859244495630264,validacion_cruzada,30,4,"(64, 32)",0.1,0.001,15,100,val_loss,547.3941373415893,168.96628104473814,100
89,0.039972495287656784,0.02710672840476036,0.14450587332248688,0.11599867045879364,0.039972495287656784,0.02710672840476036,validacion_cruzada,30,4,"(64, 32)",0.1,0.001,15,100,val_loss,547.3941373415893,168.96628104473814,100
90,0.03792427480220795,0.025370517745614052,0.1430128961801529,0.11133301258087158,0.03792427480220795,0.025370517745614052,validacion_cruzada,30,4,"(64, 32)",0.1,0.001,15,100,val_loss,547.3941373415893,168.96628104473814,100
91,0.03838477283716202,0.02589644119143486,0.14186523854732513,0.11383029073476791,0.03838477283716202,0.02589644119143486,validacion_cruzada,30,4,"(64, 32)",0.1,0.001,15,100,val_loss,547.3941373415893,168.96628104473814,100
92,0.03915373235940933,0.02472698502242565,0.1414560079574585,0.10796094685792923,0.03915373235940933,0.02472698502242565,validacion_cruzada,30,4,"(64, 32)",0.1,0.001,15,100,val_loss,547.3941373415893,168.96628104473814,100
93,0.03626478835940361,0.027720468118786812,0.13772469758987427,0.12080095708370209,0.03626478835940361,0.027720468118786812,validacion_cruzada,30,4,"(64, 32)",0.1,0.001,15,100,val_loss,547.3941373415893,168.96628104473814,100
94,0.04197487607598305,0.027038056403398514,0.14842720329761505,0.11912140995264053,0.04197487607598305,0.027038056403398514,validacion_cruzada,30,4,"(64, 32)",0.1,0.001,15,100,val_loss,547.3941373415893,168.96628104473814,100
95,0.0389489084482193,0.03126554936170578,0.14411646127700806,0.13460850715637207,0.0389489084482193,0.03126554936170578,validacion_cruzada,30,4,"(64, 32)",0.1,0.001,15,100,val_loss,547.3941373415893,168.96628104473814,100
96,0.0372348316013813,0.026509074494242668,0.14399859309196472,0.11615898460149765,0.0372348316013813,0.026509074494242668,validacion_cruzada,30,4,"(64, 32)",0.1,0.001,15,100,val_loss,547.3941373415893,168.96628104473814,100
97,0.03854163736104965,0.0272543802857399,0.14211921393871307,0.11595301330089569,0.03854163736104965,0.0272543802857399,validacion_cruzada,30,4,"(64, 32)",0.1,0.001,15,100,val_loss,547.3941373415893,168.96628104473814,100
98,0.038370005786418915,0.025695789605379105,0.14262501895427704,0.11354012787342072,0.038370005786418915,0.025695789605379105,validacion_cruzada,30,4,"(64, 32)",0.1,0.001,15,100,val_loss,547.3941373415893,168.96628104473814,100
99,0.0381958968937397,0.029249226674437523,0.1443452537059784,0.12804467976093292,0.0381958968937397,0.029249226674437523,validacion_cruzada,30,4,"(64, 32)",0.1,0.001,15,100,val_loss,547.3941373415893,168.96628104473814,100
100,0.036863040179014206,0.02456873655319214,0.1408272385597229,0.106895811855793,0.036863040179014206,0.02456873655319214,validacion_cruzada,30,4,"(64, 32)",0.1,0.001,15,100,val_loss,547.3941373415893,168.96628104473814,100
1,1.0473934412002563,0.6020933389663696,0.8080028891563416,0.6350382566452026,1.0473934412002563,0.6020933389663696,validacion_cruzada,60,0,"(64, 32)",0.1,0.001,15,100,val_loss,547.7076949367618,168.7165511123862,36
2,0.5883872509002686,0.3204093277454376,0.6067695021629333,0.4518827497959137,0.5883872509002686,0.3204093277454376,validacion_cruzada,60,0,"(64, 32)",0.1,0.001,15,100,val_loss,547.7076949367618,168.7165511123862,36
3,0.38276201486587524,0.19669117033481598,0.4739481210708618,0.35553687810897827,0.38276201486587524,0.19669117033481598,validacion_cruzada,60,0,"(64, 32)",0.1,0.001,15,100,val_loss,547.7076949367618,168.7165511123862,36
4,0.2606233060359955,0.13532716035842896,0.3922756612300873,0.2947622239589691,0.2606233060359955,0.13532716035842896,validacion_cruzada,60,0,"(64, 32)",0.1,0.001,15,100,val_loss,547.7076949367618,168.7165511123862,36
5,0.2141946703195572,0.11083079129457474,0.3520255386829376,0.26911020278930664,0.2141946703195572,0.11083079129457474,validacion_cruzada,60,0,"(64, 32)",0.1,0.001,15,100,val_loss,547.7076949367618,168.7165511123862,36
6,0.19075071811676025,0.0902630090713501,0.33127275109291077,0.2384311705827713,0.19075071811676025,0.0902630090713501,validacion_cruzada,60,0,"(64, 32)",0.1,0.001,15,100,val_loss,547.7076949367618,168.7165511123862,36
7,0.15216298401355743,0.08097350597381592,0.2963011860847473,0.2271215170621872,0.15216298401355743,0.08097350597381592,validacion_cruzada,60,0,"(64, 32)",0.1,0.001,15,100,val_loss,547.7076949367618,168.7165511123862,36
8,0.1554766297340393,0.07152046263217926,0.2973233461380005,0.21009111404418945,0.1554766297340393,0.07152046263217926,validacion_cruzada,60,0,"(64, 32)",0.1,0.001,15,100,val_loss,547.7076949367618,168.7165511123862,36
9,0.13993807137012482,0.07046420127153397,0.2793905436992645,0.20925836265087128,0.13993807137012482,0.07046420127153397,validacion_cruzada,60,0,"(64, 32)",0.1,0.001,15,100,val_loss,547.7076949367618,168.7165511123862,36
10,0.12538853287696838,0.06613945215940475,0.2671700716018677,0.20308928191661835,0.12538853287696838,0.06613945215940475,validacion_cruzada,60,0,"(64, 32)",0.1,0.001,15,100,val_loss,547.7076949367618,168.7165511123862,36
11,0.11094821989536285,0.06088753044605255,0.25143298506736755,0.1913335919380188,0.11094821989536285,0.06088753044605255,validacion_cruzada,60,0,"(64, 32)",0.1,0.001,15,100,val_loss,547.7076949367618,168.7165511123862,36
12,0.10060042887926102,0.05656423419713974,0.23771889507770538,0.18800663948059082,0.10060042887926102,0.05656423419713974,validacion_cruzada,60,0,"(64, 32)",0.1,0.001,15,100,val_loss,547.7076949367618,168.7165511123862,36
13,0.0976232960820198,0.0618172250688076,0.2331957221031189,0.18334412574768066,0.0976232960820198,0.0618172250688076,validacion_cruzada,60,0,"(64, 32)",0.1,0.001,15,100,val_loss,547.7076949367618,168.7165511123862,36
14,0.09480369836091995,0.05347580090165138,0.23218828439712524,0.18127861618995667,0.09480369836091995,0.05347580090165138,validacion_cruzada,60,0,"(64, 32)",0.1,0.001,15,100,val_loss,547.7076949367618,168.7165511123862,36
15,0.10032937675714493,0.06852187216281891,0.23671671748161316,0.2061706930398941,0.10032937675714493,0.06852187216281891,validacion_cruzada,60,0,"(64, 32)",0.1,0.001,15,100,val_loss,547.7076949367618,168.7165511123862,36
16,0.09930404275655746,0.05554784834384918,0.23230671882629395,0.1853037178516388,0.09930404275655746,0.05554784834384918,validacion_cruzada,60,0,"(64, 32)",0.1,0.001,15,100,val_loss,547.7076949367618,168.7165511123862,36
17,0.07833942025899887,0.045198407024145126,0.20850667357444763,0.1572725772857666,0.07833942025899887,0.045198407024145126,validacion_cruzada,60,0,"(64, 32)",0.1,0.001,15,100,val_loss,547.7076949367618,168.7165511123862,36
18,0.09161992371082306,0.04781384393572807,0.2248990684747696,0.16148555278778076,0.09161992371082306,0.04781384393572807,validacion_cruzada,60,0,"(64, 32)",0.1,0.001,15,100,val_loss,547.7076949367618,168.7165511123862,36
19,0.07831664383411407,0.04620632529258728,0.20807059109210968,0.1652459353208542,0.07831664383411407,0.04620632529258728,validacion_cruzada,60,0,"(64, 32)",0.1,0.001,15,100,val_loss,547.7076949367618,168.7165511123862,36
20,0.08686202019453049,0.04627137631177902,0.219779834151268,0.16002237796783447,0.08686202019453049,0.04627137631177902,validacion_cruzada,60,0,"(64, 32)",0.1,0.001,15,100,val_loss,547.7076949367618,168.7165511123862,36
21,0.07628720253705978,0.042054589837789536,0.20421651005744934,0.1540994942188263,0.07628720253705978,0.042054589837789536,validacion_cruzada,60,0,"(64, 32)",0.1,0.001,15,100,val_loss,547.7076949367618,168.7165511123862,36
22,0.08388549089431763,0.04216865450143814,0.21637339890003204,0.1540922075510025,0.08388549089431763,0.04216865450143814,validacion_cruzada,60,0,"(64, 32)",0.1,0.001,15,100,val_loss,547.7076949367618,168.7165511123862,36
23,0.08141790330410004,0.053621720522642136,0.2160203903913498,0.18113674223423004,0.08141790330410004,0.053621720522642136,validacion_cruzada,60,0,"(64, 32)",0.1,0.001,15,100,val_loss,547.7076949367618,168.7165511123862,36
24,0.07069229334592819,0.050992488861083984,0.20130902528762817,0.17625848948955536,0.07069229334592819,0.050992488861083984,validacion_cruzada,60,0,"(64, 32)",0.1,0.001,15,100,val_loss,547.7076949367618,168.7165511123862,36
25,0.07652553915977478,0.0543937124311924,0.20797207951545715,0.18249595165252686,0.07652553915977478,0.0543937124311924,validacion_cruzada,60,0,"(64, 32)",0.1,0.001,15,100,val_loss,547.7076949367618,168.7165511123862,36
26,0.0858987420797348,0.060194022953510284,0.21516387164592743,0.1913919746875763,0.0858987420797348,0.060194022953510284,validacion_cruzada,60,0,"(64, 32)",0.1,0.001,15,100,val_loss,547.7076949367618,168.7165511123862,36
27,0.07332218438386917,0.04591606929898262,0.19986096024513245,0.16444949805736542,0.07332218438386917,0.04591606929898262,validacion_cruzada,60,0,"(64, 32)",0.1,0.001,15,100,val_loss,547.7076949367618,168.7165511123862,36
28,0.07177744060754776,0.06089860200881958,0.2015211433172226,0.19042304158210754,0.07177744060754776,0.06089860200881958,validacion_cruzada,60,0,"(64, 32)",0.1,0.001,15,100,val_loss,547.7076949367618,168.7165511123862,36
29,0.07438085228204727,0.06943908333778381,0.20337927341461182,0.2073628455400467,0.07438085228204727,0.06943908333778381,validacion_cruzada,60,0,"(64, 32)",0.1,0.001,15,100,val_loss,547.7076949367618,168.7165511123862,36
30,0.07177919894456863,0.04753880947828293,0.19621126353740692,0.16885076463222504,0.07177919894456863,0.04753880947828293,validacion_cruzada,60,0,"(64, 32)",0.1,0.001,15,100,val_loss,547.7076949367618,168.7165511123862,36
31,0.06369105726480484,0.04622224345803261,0.19023345410823822,0.16112945973873138,0.06369105726480484,0.04622224345803261,validacion_cruzada,60,0,"(64, 32)",0.1,0.001,15,100,val_loss,547.7076949367618,168.7165511123862,36
32,0.06330621242523193,0.04752108454704285,0.1854042261838913,0.16744792461395264,0.06330621242523193,0.04752108454704285,validacion_cruzada,60,0,"(64, 32)",0.1,0.001,15,100,val_loss,547.7076949367618,168.7165511123862,36
33,0.062005508691072464,0.048049576580524445,0.18219172954559326,0.15806661546230316,0.062005508691072464,0.048049576580524445,validacion_cruzada,60,0,"(64, 32)",0.1,0.001,15,100,val_loss,547.7076949367618,168.7165511123862,36
34,0.06766822934150696,0.04938574507832527,0.19075925648212433,0.1700199544429779,0.06766822934150696,0.04938574507832527,validacion_cruzada,60,0,"(64, 32)",0.1,0.001,15,100,val_loss,547.7076949367618,168.7165511123862,36
35,0.06882160156965256,0.04804104194045067,0.1947024166584015,0.17030856013298035,0.06882160156965256,0.04804104194045067,validacion_cruzada,60,0,"(64, 32)",0.1,0.001,15,100,val_loss,547.7076949367618,168.7165511123862,36
36,0.06357735395431519,0.049653228372335434,0.18225255608558655,0.171937495470047,0.06357735395431519,0.049653228372335434,validacion_cruzada,60,0,"(64, 32)",0.1,0.001,15,100,val_loss,547.7076949367618,168.7165511123862,36
1,0.9395265579223633,0.3485511839389801,0.7387763261795044,0.46945399045944214,0.9395265579223633,0.3485511839389801,validacion_cruzada,60,1,"(64, 32)",0.1,0.001,15,100,val_loss,547.5829532529411,168.3576421783807,61
2,0.4312981069087982,0.18951068818569183,0.5138435959815979,0.3535517156124115,0.4312981069087982,0.18951068818569183,validacion_cruzada,60,1,"(64, 32)",0.1,0.001,15,100,val_loss,547.5829532529411,168.3576421783807,61
3,0.3005175292491913,0.13041263818740845,0.424752414226532,0.2939549684524536,0.3005175292491913,0.13041263818740845,validacion_cruzada,60,1,"(64, 32)",0.1,0.001,15,100,val_loss,547.5829532529411,168.3576421783807,61
4,0.23044313490390778,0.10232026875019073,0.3724595010280609,0.25857242941856384,0.23044313490390778,0.10232026875019073,validacion_cruzada,60,1,"(64, 32)",0.1,0.001,15,100,val_loss,547.5829532529411,168.3576421783807,61
5,0.18651698529720306,0.08817736804485321,0.33150768280029297,0.2421795129776001,0.18651698529720306,0.08817737549543381,validacion_cruzada,60,1,"(64, 32)",0.1,0.001,15,100,val_loss,547.5829532529411,168.3576421783807,61
6,0.17716766893863678,0.08313621580600739,0.3223802447319031,0.2328823059797287,0.17716766893863678,0.08313621580600739,validacion_cruzada,60,1,"(64, 32)",0.1,0.001,15,100,val_loss,547.5829532529411,168.3576421783807,61
7,0.15755081176757812,0.07315106689929962,0.30344483256340027,0.2163640707731247,0.15755081176757812,0.07315106689929962,validacion_cruzada,60,1,"(64, 32)",0.1,0.001,15,100,val_loss,547.5829532529411,168.3576421783807,61
8,0.15143348276615143,0.08524356782436371,0.29835885763168335,0.23670777678489685,0.15143348276615143,0.08524356782436371,validacion_cruzada,60,1,"(64, 32)",0.1,0.001,15,100,val_loss,547.5829532529411,168.3576421783807,61
9,0.12329959124326706,0.06450633704662323,0.2680618464946747,0.20285393297672272,0.12329959124326706,0.06450633704662323,validacion_cruzada,60,1,"(64, 32)",0.1,0.001,15,100,val_loss,547.5829532529411,168.3576421783807,61
10,0.12922252714633942,0.06340823322534561,0.2713165581226349,0.19760675728321075,0.12922252714633942,0.06340824067592621,validacion_cruzada,60,1,"(64, 32)",0.1,0.001,15,100,val_loss,547.5829532529411,168.3576421783807,61
11,0.118290014564991,0.05909541994333267,0.25791165232658386,0.19343654811382294,0.118290014564991,0.059095416218042374,validacion_cruzada,60,1,"(64, 32)",0.1,0.001,15,100,val_loss,547.5829532529411,168.3576421783807,61
12,0.11679701507091522,0.059251569211483,0.2560192942619324,0.1946772336959839,0.11679701507091522,0.059251569211483,validacion_cruzada,60,1,"(64, 32)",0.1,0.001,15,100,val_loss,547.5829532529411,168.3576421783807,61
13,0.10401822626590729,0.053920596837997437,0.24513539671897888,0.18111605942249298,0.10401822626590729,0.053920596837997437,validacion_cruzada,60,1,"(64, 32)",0.1,0.001,15,100,val_loss,547.5829532529411,168.3576421783807,61
14,0.10398281365633011,0.05755050852894783,0.2400621622800827,0.18470066785812378,0.10398281365633011,0.05755050852894783,validacion_cruzada,60,1,"(64, 32)",0.1,0.001,15,100,val_loss,547.5829532529411,168.3576421783807,61
15,0.09992820024490356,0.050940487533807755,0.23504680395126343,0.1743677705526352,0.09992820024490356,0.050940487533807755,validacion_cruzada,60,1,"(64, 32)",0.1,0.001,15,100,val_loss,547.5829532529411,168.3576421783807,61
16,0.0864606574177742,0.053669217973947525,0.22061021625995636,0.18264493346214294,0.0864606574177742,0.053669217973947525,validacion_cruzada,60,1,"(64, 32)",0.1,0.001,15,100,val_loss,547.5829532529411,168.3576421783807,61
17,0.08958853036165237,0.050492268055677414,0.2228669822216034,0.17716890573501587,0.08958853036165237,0.050492268055677414,validacion_cruzada,60,1,"(64, 32)",0.1,0.001,15,100,val_loss,547.5829532529411,168.3576421783807,61
18,0.0842246487736702,0.04558245465159416,0.2135884165763855,0.16253072023391724,0.0842246487736702,0.04558245465159416,validacion_cruzada,60,1,"(64, 32)",0.1,0.001,15,100,val_loss,547.5829532529411,168.3576421783807,61
19,0.08671163767576218,0.04804046079516411,0.21812495589256287,0.169486403465271,0.08671163767576218,0.04804046079516411,validacion_cruzada,60,1,"(64, 32)",0.1,0.001,15,100,val_loss,547.5829532529411,168.3576421783807,61
20,0.08011344820261002,0.05118784308433533,0.20960070192813873,0.17679131031036377,0.08011344820261002,0.05118784308433533,validacion_cruzada,60,1,"(64, 32)",0.1,0.001,15,100,val_loss,547.5829532529411,168.3576421783807,61
21,0.08688182383775711,0.05443761870265007,0.2202855497598648,0.18540790677070618,0.08688182383775711,0.05443761870265007,validacion_cruzada,60,1,"(64, 32)",0.1,0.001,15,100,val_loss,547.5829532529411,168.3576421783807,61
22,0.08132334053516388,0.04373342916369438,0.2112317532300949,0.16140642762184143,0.08132334053516388,0.04373342916369438,validacion_cruzada,60,1,"(64, 32)",0.1,0.001,15,100,val_loss,547.5829532529411,168.3576421783807,61
23,0.07178787142038345,0.04827862232923508,0.19965331256389618,0.17219330370426178,0.07178787142038345,0.04827862232923508,validacion_cruzada,60,1,"(64, 32)",0.1,0.001,15,100,val_loss,547.5829532529411,168.3576421783807,61
24,0.07569500803947449,0.048774316906929016,0.2044278234243393,0.17101289331912994,0.07569500803947449,0.048774316906929016,validacion_cruzada,60,1,"(64, 32)",0.1,0.001,15,100,val_loss,547.5829532529411,168.3576421783807,61
25,0.07537990808486938,0.05008872225880623,0.2049364298582077,0.17269814014434814,0.07537990808486938,0.05008872225880623,validacion_cruzada,60,1,"(64, 32)",0.1,0.001,15,100,val_loss,547.5829532529411,168.3576421783807,61
26,0.08053836971521378,0.048445265740156174,0.20975644886493683,0.17231188714504242,0.08053836971521378,0.048445265740156174,validacion_cruzada,60,1,"(64, 32)",0.1,0.001,15,100,val_loss,547.5829532529411,168.3576421783807,61
27,0.06216554343700409,0.046156466007232666,0.18313704431056976,0.1677149534225464,0.06216554343700409,0.046156466007232666,validacion_cruzada,60,1,"(64, 32)",0.1,0.001,15,100,val_loss,547.5829532529411,168.3576421783807,61
28,0.07000472396612167,0.048857882618904114,0.19823883473873138,0.17243535816669464,0.07000472396612167,0.048857882618904114,validacion_cruzada,60,1,"(64, 32)",0.1,0.001,15,100,val_loss,547.5829532529411,168.3576421783807,61
29,0.06835372745990753,0.04778226464986801,0.1951906532049179,0.17006592452526093,0.06835372745990753,0.04778226464986801,validacion_cruzada,60,1,"(64, 32)",0.1,0.001,15,100,val_loss,547.5829532529411,168.3576421783807,61
30,0.06934735924005508,0.04412687197327614,0.19402790069580078,0.16105084121227264,0.06934735924005508,0.04412687197327614,validacion_cruzada,60,1,"(64, 32)",0.1,0.001,15,100,val_loss,547.5829532529411,168.3576421783807,61
31,0.06284903734922409,0.04169867932796478,0.1849096417427063,0.1557363122701645,0.06284903734922409,0.04169867932796478,validacion_cruzada,60,1,"(64, 32)",0.1,0.001,15,100,val_loss,547.5829532529411,168.3576421783807,61
32,0.06848068535327911,0.045916598290205,0.19448238611221313,0.16616462171077728,0.06848068535327911,0.045916598290205,validacion_cruzada,60,1,"(64, 32)",0.1,0.001,15,100,val_loss,547.5829532529411,168.3576421783807,61
33,0.06145347282290459,0.05412765592336655,0.18514296412467957,0.1825292408466339,0.06145347282290459,0.05412765592336655,validacion_cruzada,60,1,"(64, 32)",0.1,0.001,15,100,val_loss,547.5829532529411,168.3576421783807,61
34,0.06994136422872543,0.04992670565843582,0.19370147585868835,0.17451946437358856,0.06994136422872543,0.04992670565843582,validacion_cruzada,60,1,"(64, 32)",0.1,0.001,15,100,val_loss,547.5829532529411,168.3576421783807,61
35,0.06517741084098816,0.04817423224449158,0.18801139295101166,0.17018544673919678,0.06517741084098816,0.04817423224449158,validacion_cruzada,60,1,"(64, 32)",0.1,0.001,15,100,val_loss,547.5829532529411,168.3576421783807,61
36,0.056015051901340485,0.043650757521390915,0.17757686972618103,0.1613193303346634,0.056015051901340485,0.043650757521390915,validacion_cruzada,60,1,"(64, 32)",0.1,0.001,15,100,val_loss,547.5829532529411,168.3576421783807,61
37,0.0639471784234047,0.041433412581682205,0.18667808175086975,0.15023812651634216,0.0639471784234047,0.041433412581682205,validacion_cruzada,60,1,"(64, 32)",0.1,0.001,15,100,val_loss,547.5829532529411,168.3576421783807,61
38,0.056311797350645065,0.039857007563114166,0.17602986097335815,0.14978772401809692,0.056311797350645065,0.039857007563114166,validacion_cruzada,60,1,"(64, 32)",0.1,0.001,15,100,val_loss,547.5829532529411,168.3576421783807,61
39,0.05764053761959076,0.042002540081739426,0.1753159910440445,0.15467381477355957,0.05764053761959076,0.042002540081739426,validacion_cruzada,60,1,"(64, 32)",0.1,0.001,15,100,val_loss,547.5829532529411,168.3576421783807,61
40,0.0536215640604496,0.04524143412709236,0.177994042634964,0.1633473038673401,0.0536215640604496,0.04524143412709236,validacion_cruzada,60,1,"(64, 32)",0.1,0.001,15,100,val_loss,547.5829532529411,168.3576421783807,61
41,0.06019061431288719,0.05248945578932762,0.18415802717208862,0.17979206144809723,0.06019061431288719,0.05248945578932762,validacion_cruzada,60,1,"(64, 32)",0.1,0.001,15,100,val_loss,547.5829532529411,168.3576421783807,61
42,0.06097549945116043,0.059982914477586746,0.18097126483917236,0.19160246849060059,0.06097549945116043,0.059982914477586746,validacion_cruzada,60,1,"(64, 32)",0.1,0.001,15,100,val_loss,547.5829532529411,168.3576421783807,61
43,0.0659450888633728,0.0513833723962307,0.18925563991069794,0.17326651513576508,0.0659450888633728,0.0513833723962307,validacion_cruzada,60,1,"(64, 32)",0.1,0.001,15,100,val_loss,547.5829532529411,168.3576421783807,61
44,0.058631427586078644,0.04899163171648979,0.17806291580200195,0.16897056996822357,0.058631427586078644,0.04899163171648979,validacion_cruzada,60,1,"(64, 32)",0.1,0.001,15,100,val_loss,547.5829532529411,168.3576421783807,61
45,0.056422263383865356,0.046357136219739914,0.17406262457370758,0.16651906073093414,0.056422263383865356,0.046357136219739914,validacion_cruzada,60,1,"(64, 32)",0.1,0.001,15,100,val_loss,547.5829532529411,168.3576421783807,61
46,0.04966936632990837,0.039143551141023636,0.16749759018421173,0.1458069533109665,0.04966936632990837,0.039143551141023636,validacion_cruzada,60,1,"(64, 32)",0.1,0.001,15,100,val_loss,547.5829532529411,168.3576421783807,61
47,0.05311769247055054,0.03924933075904846,0.1703389585018158,0.14892521500587463,0.05311769247055054,0.03924933075904846,validacion_cruzada,60,1,"(64, 32)",0.1,0.001,15,100,val_loss,547.5829532529411,168.3576421783807,61
48,0.06680794060230255,0.050530243664979935,0.1869351863861084,0.17562679946422577,0.06680794060230255,0.050530243664979935,validacion_cruzada,60,1,"(64, 32)",0.1,0.001,15,100,val_loss,547.5829532529411,168.3576421783807,61
49,0.055132657289505005,0.054751068353652954,0.1768636256456375,0.18249449133872986,0.055132657289505005,0.054751068353652954,validacion_cruzada,60,1,"(64, 32)",0.1,0.001,15,100,val_loss,547.5829532529411,168.3576421783807,61
50,0.05914827063679695,0.04634077101945877,0.1799890398979187,0.1652701199054718,0.05914827063679695,0.04634077101945877,validacion_cruzada,60,1,"(64, 32)",0.1,0.001,15,100,val_loss,547.5829532529411,168.3576421783807,61
51,0.05834776163101196,0.04039169102907181,0.17543789744377136,0.14930954575538635,0.05834776163101196,0.04039169102907181,validacion_cruzada,60,1,"(64, 32)",0.1,0.001,15,100,val_loss,547.5829532529411,168.3576421783807,61
52,0.05782696232199669,0.04657631367444992,0.17814846336841583,0.16441768407821655,0.05782696232199669,0.04657631367444992,validacion_cruzada,60,1,"(64, 32)",0.1,0.001,15,100,val_loss,547.5829532529411,168.3576421783807,61
53,0.05801605060696602,0.05190347880125046,0.17971473932266235,0.17569421231746674,0.05801605060696602,0.05190347880125046,validacion_cruzada,60,1,"(64, 32)",0.1,0.001,15,100,val_loss,547.5829532529411,168.3576421783807,61
54,0.05585586652159691,0.04176726192235947,0.17349766194820404,0.15460994839668274,0.05585586652159691,0.04176726192235947,validacion_cruzada,60,1,"(64, 32)",0.1,0.001,15,100,val_loss,547.5829532529411,168.3576421783807,61
55,0.05064139515161514,0.040154483169317245,0.16754117608070374,0.1470063030719757,0.05064139515161514,0.040154483169317245,validacion_cruzada,60,1,"(64, 32)",0.1,0.001,15,100,val_loss,547.5829532529411,168.3576421783807,61
56,0.05498627573251724,0.04018019139766693,0.17240025103092194,0.14820596575737,0.05498627573251724,0.04018019139766693,validacion_cruzada,60,1,"(64, 32)",0.1,0.001,15,100,val_loss,547.5829532529411,168.3576421783807,61
57,0.05500710755586624,0.04083944857120514,0.17548854649066925,0.1508704125881195,0.05500710755586624,0.04083944857120514,validacion_cruzada,60,1,"(64, 32)",0.1,0.001,15,100,val_loss,547.5829532529411,168.3576421783807,61
58,0.05479143187403679,0.040920693427324295,0.17336371541023254,0.15159420669078827,0.05479143187403679,0.040920693427324295,validacion_cruzada,60,1,"(64, 32)",0.1,0.001,15,100,val_loss,547.5829532529411,168.3576421783807,61
59,0.051931608468294144,0.04032707214355469,0.1676860749721527,0.1487988531589508,0.051931608468294144,0.04032707214355469,validacion_cruzada,60,1,"(64, 32)",0.1,0.001,15,100,val_loss,547.5829532529411,168.3576421783807,61
60,0.052775632590055466,0.05509471148252487,0.16847430169582367,0.1777300089597702,0.052775632590055466,0.05509471148252487,validacion_cruzada,60,1,"(64, 32)",0.1,0.001,15,100,val_loss,547.5829532529411,168.3576421783807,61
61,0.058498550206422806,0.0586162805557251,0.1769341677427292,0.18444661796092987,0.058498550206422806,0.0586162805557251,validacion_cruzada,60,1,"(64, 32)",0.1,0.001,15,100,val_loss,547.5829532529411,168.3576421783807,61
1,0.8818521499633789,0.45353785157203674,0.7353175282478333,0.5385825037956238,0.8818521499633789,0.45353785157203674,validacion_cruzada,60,2,"(64, 32)",0.1,0.001,15,100,val_loss,547.5216070042425,167.9500936742088,65
2,0.5129832625389099,0.2730712592601776,0.5525290966033936,0.4170070290565491,0.5129832625389099,0.2730712592601776,validacion_cruzada,60,2,"(64, 32)",0.1,0.001,15,100,val_loss,547.5216070042425,167.9500936742088,65
3,0.3717394769191742,0.17838256061077118,0.4676945209503174,0.33974695205688477,0.3717394769191742,0.17838256061077118,validacion_cruzada,60,2,"(64, 32)",0.1,0.001,15,100,val_loss,547.5216070042425,167.9500936742088,65
4,0.27529507875442505,0.12520495057106018,0.4020686149597168,0.28512853384017944,0.27529507875442505,0.12520495057106018,validacion_cruzada,60,2,"(64, 32)",0.1,0.001,15,100,val_loss,547.5216070042425,167.9500936742088,65
5,0.22602446377277374,0.10088478028774261,0.36642664670944214,0.2567276656627655,0.22602446377277374,0.10088478028774261,validacion_cruzada,60,2,"(64, 32)",0.1,0.001,15,100,val_loss,547.5216070042425,167.9500936742088,65
6,0.1847415268421173,0.09137020260095596,0.3298742175102234,0.24616092443466187,0.1847415268421173,0.09137021005153656,validacion_cruzada,60,2,"(64, 32)",0.1,0.001,15,100,val_loss,547.5216070042425,167.9500936742088,65
7,0.18158352375030518,0.09507668763399124,0.3226381838321686,0.24944131076335907,0.18158352375030518,0.09507668763399124,validacion_cruzada,60,2,"(64, 32)",0.1,0.001,15,100,val_loss,547.5216070042425,167.9500936742088,65
8,0.1616797000169754,0.08327905833721161,0.3083721697330475,0.2336519956588745,0.1616797000169754,0.08327905833721161,validacion_cruzada,60,2,"(64, 32)",0.1,0.001,15,100,val_loss,547.5216070042425,167.9500936742088,65
9,0.15847572684288025,0.0705297589302063,0.30127233266830444,0.20911072194576263,0.15847572684288025,0.0705297589302063,validacion_cruzada,60,2,"(64, 32)",0.1,0.001,15,100,val_loss,547.5216070042425,167.9500936742088,65
10,0.14898529648780823,0.0641038790345192,0.29067015647888184,0.19936273992061615,0.14898529648780823,0.0641038790345192,validacion_cruzada,60,2,"(64, 32)",0.1,0.001,15,100,val_loss,547.5216070042425,167.9500936742088,65
11,0.12921421229839325,0.06222043186426163,0.2678584158420563,0.19880421459674835,0.12921421229839325,0.06222043186426163,validacion_cruzada,60,2,"(64, 32)",0.1,0.001,15,100,val_loss,547.5216070042425,167.9500936742088,65
12,0.11745116114616394,0.06947382539510727,0.26043516397476196,0.21227332949638367,0.11745116114616394,0.06947382539510727,validacion_cruzada,60,2,"(64, 32)",0.1,0.001,15,100,val_loss,547.5216070042425,167.9500936742088,65
13,0.12053929269313812,0.0601896308362484,0.26013311743736267,0.19066989421844482,0.12053929269313812,0.0601896308362484,validacion_cruzada,60,2,"(64, 32)",0.1,0.001,15,100,val_loss,547.5216070042425,167.9500936742088,65
14,0.11521386355161667,0.061074987053871155,0.2526269257068634,0.19728486239910126,0.11521386355161667,0.061074987053871155,validacion_cruzada,60,2,"(64, 32)",0.1,0.001,15,100,val_loss,547.5216070042425,167.9500936742088,65
15,0.11094853281974792,0.057275738567113876,0.2472073882818222,0.19015291333198547,0.11094853281974792,0.057275738567113876,validacion_cruzada,60,2,"(64, 32)",0.1,0.001,15,100,val_loss,547.5216070042425,167.9500936742088,65
16,0.09864730387926102,0.057482700794935226,0.23754264414310455,0.1903713196516037,0.09864730387926102,0.057482700794935226,validacion_cruzada,60,2,"(64, 32)",0.1,0.001,15,100,val_loss,547.5216070042425,167.9500936742088,65
17,0.10271263122558594,0.05286746844649315,0.23866881430149078,0.1794702261686325,0.10271263122558594,0.05286746844649315,validacion_cruzada,60,2,"(64, 32)",0.1,0.001,15,100,val_loss,547.5216070042425,167.9500936742088,65
18,0.09417510777711868,0.04581548646092415,0.22925443947315216,0.16685466468334198,0.09417510777711868,0.04581548646092415,validacion_cruzada,60,2,"(64, 32)",0.1,0.001,15,100,val_loss,547.5216070042425,167.9500936742088,65
19,0.08568645268678665,0.04653554782271385,0.2213856279850006,0.168795645236969,0.08568645268678665,0.04653554782271385,validacion_cruzada,60,2,"(64, 32)",0.1,0.001,15,100,val_loss,547.5216070042425,167.9500936742088,65
20,0.09576341509819031,0.07078817486763,0.22980673611164093,0.2085391879081726,0.09576341509819031,0.07078817486763,validacion_cruzada,60,2,"(64, 32)",0.1,0.001,15,100,val_loss,547.5216070042425,167.9500936742088,65
21,0.09257704764604568,0.05082827806472778,0.2267509251832962,0.17794056236743927,0.09257704764604568,0.05082827806472778,validacion_cruzada,60,2,"(64, 32)",0.1,0.001,15,100,val_loss,547.5216070042425,167.9500936742088,65
22,0.09419490396976471,0.04690650850534439,0.22701135277748108,0.16188225150108337,0.09419490396976471,0.04690650850534439,validacion_cruzada,60,2,"(64, 32)",0.1,0.001,15,100,val_loss,547.5216070042425,167.9500936742088,65
23,0.08150042593479156,0.040931496769189835,0.20963793992996216,0.1526912897825241,0.08150042593479156,0.040931496769189835,validacion_cruzada,60,2,"(64, 32)",0.1,0.001,15,100,val_loss,547.5216070042425,167.9500936742088,65
24,0.0783650353550911,0.041586872190237045,0.20885500311851501,0.15369050204753876,0.0783650353550911,0.041586872190237045,validacion_cruzada,60,2,"(64, 32)",0.1,0.001,15,100,val_loss,547.5216070042425,167.9500936742088,65
25,0.07538746297359467,0.042202167212963104,0.20599953830242157,0.1595093160867691,0.07538746297359467,0.042202167212963104,validacion_cruzada,60,2,"(64, 32)",0.1,0.001,15,100,val_loss,547.5216070042425,167.9500936742088,65
26,0.07625194638967514,0.03950434923171997,0.20609107613563538,0.1487605720758438,0.07625194638967514,0.03950434923171997,validacion_cruzada,60,2,"(64, 32)",0.1,0.001,15,100,val_loss,547.5216070042425,167.9500936742088,65
27,0.08097642660140991,0.047587331384420395,0.2112705558538437,0.16907989978790283,0.08097642660140991,0.047587331384420395,validacion_cruzada,60,2,"(64, 32)",0.1,0.001,15,100,val_loss,547.5216070042425,167.9500936742088,65
28,0.07371419668197632,0.047885794192552567,0.19957946240901947,0.16998451948165894,0.07371419668197632,0.047885794192552567,validacion_cruzada,60,2,"(64, 32)",0.1,0.001,15,100,val_loss,547.5216070042425,167.9500936742088,65
29,0.07119244337081909,0.04705860838294029,0.19976240396499634,0.1710769534111023,0.07119244337081909,0.04705860838294029,validacion_cruzada,60,2,"(64, 32)",0.1,0.001,15,100,val_loss,547.5216070042425,167.9500936742088,65
30,0.06742668896913528,0.044631991535425186,0.19530025124549866,0.1666671633720398,0.06742668896913528,0.044631991535425186,validacion_cruzada,60,2,"(64, 32)",0.1,0.001,15,100,val_loss,547.5216070042425,167.9500936742088,65
31,0.07100843638181686,0.03867747262120247,0.19822221994400024,0.15055516362190247,0.07100843638181686,0.03867747262120247,validacion_cruzada,60,2,"(64, 32)",0.1,0.001,15,100,val_loss,547.5216070042425,167.9500936742088,65
32,0.0688576027750969,0.03896757587790489,0.19562986493110657,0.15212826430797577,0.0688576027750969,0.03896757587790489,validacion_cruzada,60,2,"(64, 32)",0.1,0.001,15,100,val_loss,547.5216070042425,167.9500936742088,65
33,0.06595228612422943,0.038228150457143784,0.18664070963859558,0.15147410333156586,0.06595228612422943,0.038228150457143784,validacion_cruzada,60,2,"(64, 32)",0.1,0.001,15,100,val_loss,547.5216070042425,167.9500936742088,65
34,0.06496576219797134,0.03683094680309296,0.18837618827819824,0.1452789306640625,0.06496576219797134,0.03683094680309296,validacion_cruzada,60,2,"(64, 32)",0.1,0.001,15,100,val_loss,547.5216070042425,167.9500936742088,65
35,0.06628201901912689,0.04397785663604736,0.1908465325832367,0.15986661612987518,0.06628201901912689,0.04397785663604736,validacion_cruzada,60,2,"(64, 32)",0.1,0.001,15,100,val_loss,547.5216070042425,167.9500936742088,65
36,0.07396984100341797,0.04641605168581009,0.19767576456069946,0.16220124065876007,0.07396984100341797,0.04641605168581009,validacion_cruzada,60,2,"(64, 32)",0.1,0.001,15,100,val_loss,547.5216070042425,167.9500936742088,65
37,0.07315084338188171,0.07251625508069992,0.19853085279464722,0.2070368081331253,0.07315084338188171,0.07251625508069992,validacion_cruzada,60,2,"(64, 32)",0.1,0.001,15,100,val_loss,547.5216070042425,167.9500936742088,65
38,0.07058452814817429,0.05247306451201439,0.19552017748355865,0.1749207228422165,0.07058452814817429,0.05247306451201439,validacion_cruzada,60,2,"(64, 32)",0.1,0.001,15,100,val_loss,547.5216070042425,167.9500936742088,65
39,0.06572273373603821,0.037503164261579514,0.19113926589488983,0.14403092861175537,0.06572273373603821,0.037503164261579514,validacion_cruzada,60,2,"(64, 32)",0.1,0.001,15,100,val_loss,547.5216070042425,167.9500936742088,65
40,0.06086861342191696,0.0366605781018734,0.18395204842090607,0.13873755931854248,0.06086861342191696,0.0366605781018734,validacion_cruzada,60,2,"(64, 32)",0.1,0.001,15,100,val_loss,547.5216070042425,167.9500936742088,65
41,0.060504186898469925,0.03541554883122444,0.18094705045223236,0.14327208697795868,0.060504186898469925,0.03541554883122444,validacion_cruzada,60,2,"(64, 32)",0.1,0.001,15,100,val_loss,547.5216070042425,167.9500936742088,65
42,0.057058148086071014,0.03941371664404869,0.17808501422405243,0.15088728070259094,0.057058148086071014,0.03941371664404869,validacion_cruzada,60,2,"(64, 32)",0.1,0.001,15,100,val_loss,547.5216070042425,167.9500936742088,65
43,0.0510469488799572,0.03824400156736374,0.166185200214386,0.14833877980709076,0.0510469488799572,0.03824400156736374,validacion_cruzada,60,2,"(64, 32)",0.1,0.001,15,100,val_loss,547.5216070042425,167.9500936742088,65
44,0.06156406179070473,0.04045703262090683,0.18006901443004608,0.15538401901721954,0.06156406179070473,0.04045703262090683,validacion_cruzada,60,2,"(64, 32)",0.1,0.001,15,100,val_loss,547.5216070042425,167.9500936742088,65
45,0.06462768465280533,0.05270583555102348,0.18711091578006744,0.18031270802021027,0.06462768465280533,0.05270583555102348,validacion_cruzada,60,2,"(64, 32)",0.1,0.001,15,100,val_loss,547.5216070042425,167.9500936742088,65
46,0.06283045560121536,0.051593631505966187,0.1874196082353592,0.1780017614364624,0.06283045560121536,0.051593631505966187,validacion_cruzada,60,2,"(64, 32)",0.1,0.001,15,100,val_loss,547.5216070042425,167.9500936742088,65
47,0.056818246841430664,0.05526012182235718,0.18018962442874908,0.18504656851291656,0.056818246841430664,0.05526012182235718,validacion_cruzada,60,2,"(64, 32)",0.1,0.001,15,100,val_loss,547.5216070042425,167.9500936742088,65
48,0.05389807000756264,0.03945733234286308,0.17304225265979767,0.1527535319328308,0.05389807000756264,0.03945733234286308,validacion_cruzada,60,2,"(64, 32)",0.1,0.001,15,100,val_loss,547.5216070042425,167.9500936742088,65
49,0.05402696132659912,0.04060668870806694,0.1723923534154892,0.15273717045783997,0.05402696132659912,0.04060668870806694,validacion_cruzada,60,2,"(64, 32)",0.1,0.001,15,100,val_loss,547.5216070042425,167.9500936742088,65
50,0.05211961641907692,0.033991869539022446,0.16774027049541473,0.1326582282781601,0.05211961641907692,0.033991869539022446,validacion_cruzada,60,2,"(64, 32)",0.1,0.001,15,100,val_loss,547.5216070042425,167.9500936742088,65
51,0.053520265966653824,0.03466949984431267,0.17052119970321655,0.13625144958496094,0.053520265966653824,0.03466949984431267,validacion_cruzada,60,2,"(64, 32)",0.1,0.001,15,100,val_loss,547.5216070042425,167.9500936742088,65
52,0.057184044271707535,0.042904406785964966,0.17458133399486542,0.15882714092731476,0.057184044271707535,0.042904406785964966,validacion_cruzada,60,2,"(64, 32)",0.1,0.001,15,100,val_loss,547.5216070042425,167.9500936742088,65
53,0.05317900329828262,0.03992871940135956,0.17343728244304657,0.15287184715270996,0.05317900329828262,0.03992871940135956,validacion_cruzada,60,2,"(64, 32)",0.1,0.001,15,100,val_loss,547.5216070042425,167.9500936742088,65
54,0.051627133041620255,0.03772260248661041,0.1691681295633316,0.14683611690998077,0.051627133041620255,0.03772260248661041,validacion_cruzada,60,2,"(64, 32)",0.1,0.001,15,100,val_loss,547.5216070042425,167.9500936742088,65
55,0.05315534770488739,0.04271170124411583,0.1687486320734024,0.15985478460788727,0.05315534770488739,0.04271170124411583,validacion_cruzada,60,2,"(64, 32)",0.1,0.001,15,100,val_loss,547.5216070042425,167.9500936742088,65
56,0.05466151610016823,0.0476577952504158,0.17169176042079926,0.17088712751865387,0.05466151610016823,0.0476577952504158,validacion_cruzada,60,2,"(64, 32)",0.1,0.001,15,100,val_loss,547.5216070042425,167.9500936742088,65
57,0.052751343697309494,0.035766780376434326,0.16866537928581238,0.1412670910358429,0.052751343697309494,0.035766780376434326,validacion_cruzada,60,2,"(64, 32)",0.1,0.001,15,100,val_loss,547.5216070042425,167.9500936742088,65
58,0.05164524167776108,0.03508706018328667,0.1665337234735489,0.1395295411348343,0.05164524167776108,0.03508706018328667,validacion_cruzada,60,2,"(64, 32)",0.1,0.001,15,100,val_loss,547.5216070042425,167.9500936742088,65
59,0.048107024282217026,0.03538432717323303,0.16489501297473907,0.14115971326828003,0.048107024282217026,0.03538432717323303,validacion_cruzada,60,2,"(64, 32)",0.1,0.001,15,100,val_loss,547.5216070042425,167.9500936742088,65
60,0.05614300072193146,0.047433435916900635,0.1747555136680603,0.1689499467611313,0.05614300072193146,0.047433435916900635,validacion_cruzada,60,2,"(64, 32)",0.1,0.001,15,100,val_loss,547.5216070042425,167.9500936742088,65
61,0.04980463907122612,0.03840189427137375,0.1660275012254715,0.15038229525089264,0.04980463907122612,0.03840189427137375,validacion_cruzada,60,2,"(64, 32)",0.1,0.001,15,100,val_loss,547.5216070042425,167.9500936742088,65
62,0.0535643994808197,0.04094406217336655,0.1699913889169693,0.15082283318042755,0.0535643994808197,0.04094406217336655,validacion_cruzada,60,2,"(64, 32)",0.1,0.001,15,100,val_loss,547.5216070042425,167.9500936742088,65
63,0.05558135360479355,0.045290738344192505,0.17205452919006348,0.1640956699848175,0.05558135360479355,0.045290738344192505,validacion_cruzada,60,2,"(64, 32)",0.1,0.001,15,100,val_loss,547.5216070042425,167.9500936742088,65
64,0.051958560943603516,0.042615197598934174,0.1668187826871872,0.15932586789131165,0.051958560943603516,0.042615197598934174,validacion_cruzada,60,2,"(64, 32)",0.1,0.001,15,100,val_loss,547.5216070042425,167.9500936742088,65
65,0.05244448035955429,0.04644332081079483,0.1669987440109253,0.16739922761917114,0.05244448035955429,0.04644332081079483,validacion_cruzada,60,2,"(64, 32)",0.1,0.001,15,100,val_loss,547.5216070042425,167.9500936742088,65
1,0.9116297364234924,0.5280420184135437,0.7374759316444397,0.5733819007873535,0.9116297364234924,0.5280420780181885,validacion_cruzada,60,3,"(64, 32)",0.1,0.001,15,100,val_loss,547.5143642402193,167.49511992445247,54
2,0.48176613450050354,0.2595568299293518,0.529955267906189,0.40273046493530273,0.48176613450050354,0.2595568299293518,validacion_cruzada,60,3,"(64, 32)",0.1,0.001,15,100,val_loss,547.5143642402193,167.49511992445247,54
3,0.31671541929244995,0.14700719714164734,0.425548791885376,0.30318695306777954,0.31671541929244995,0.14700719714164734,validacion_cruzada,60,3,"(64, 32)",0.1,0.001,15,100,val_loss,547.5143642402193,167.49511992445247,54
4,0.23986275494098663,0.1114252358675003,0.3701249659061432,0.2718808352947235,0.23986275494098663,0.1114252358675003,validacion_cruzada,60,3,"(64, 32)",0.1,0.001,15,100,val_loss,547.5143642402193,167.49511992445247,54
5,0.21745789051055908,0.09068971872329712,0.3490462005138397,0.2434573918581009,0.21745789051055908,0.09068971872329712,validacion_cruzada,60,3,"(64, 32)",0.1,0.001,15,100,val_loss,547.5143642402193,167.49511992445247,54
6,0.1720755249261856,0.08552233129739761,0.3155638575553894,0.23803342878818512,0.1720755249261856,0.08552233129739761,validacion_cruzada,60,3,"(64, 32)",0.1,0.001,15,100,val_loss,547.5143642402193,167.49511992445247,54
7,0.16016729176044464,0.07495102286338806,0.3029921054840088,0.21954858303070068,0.16016729176044464,0.07495102286338806,validacion_cruzada,60,3,"(64, 32)",0.1,0.001,15,100,val_loss,547.5143642402193,167.49511992445247,54
8,0.14206907153129578,0.07041389495134354,0.2861422002315521,0.2126290500164032,0.14206907153129578,0.07041389495134354,validacion_cruzada,60,3,"(64, 32)",0.1,0.001,15,100,val_loss,547.5143642402193,167.49511992445247,54
9,0.12927880883216858,0.06704360246658325,0.27219417691230774,0.20791731774806976,0.12927880883216858,0.06704360246658325,validacion_cruzada,60,3,"(64, 32)",0.1,0.001,15,100,val_loss,547.5143642402193,167.49511992445247,54
10,0.12036401778459549,0.06629128009080887,0.2601931393146515,0.20740754902362823,0.12036401778459549,0.06629128009080887,validacion_cruzada,60,3,"(64, 32)",0.1,0.001,15,100,val_loss,547.5143642402193,167.49511992445247,54
11,0.10859917104244232,0.0638420581817627,0.24867083132266998,0.2039284110069275,0.10859917104244232,0.0638420581817627,validacion_cruzada,60,3,"(64, 32)",0.1,0.001,15,100,val_loss,547.5143642402193,167.49511992445247,54
12,0.10778716206550598,0.05962993949651718,0.24643287062644958,0.1856536865234375,0.10778716206550598,0.05962993949651718,validacion_cruzada,60,3,"(64, 32)",0.1,0.001,15,100,val_loss,547.5143642402193,167.49511992445247,54
13,0.10978394746780396,0.05501019209623337,0.24547794461250305,0.1846104860305786,0.10978394746780396,0.05501019209623337,validacion_cruzada,60,3,"(64, 32)",0.1,0.001,15,100,val_loss,547.5143642402193,167.49511992445247,54
14,0.10629486292600632,0.06099540740251541,0.24313510954380035,0.1989271491765976,0.10629486292600632,0.06099540740251541,validacion_cruzada,60,3,"(64, 32)",0.1,0.001,15,100,val_loss,547.5143642402193,167.49511992445247,54
15,0.10457655042409897,0.06068884953856468,0.24146229028701782,0.1937958300113678,0.10457655042409897,0.06068884953856468,validacion_cruzada,60,3,"(64, 32)",0.1,0.001,15,100,val_loss,547.5143642402193,167.49511992445247,54
16,0.09764931350946426,0.05506986007094383,0.23008079826831818,0.1773199588060379,0.09764931350946426,0.05506986007094383,validacion_cruzada,60,3,"(64, 32)",0.1,0.001,15,100,val_loss,547.5143642402193,167.49511992445247,54
17,0.09323475509881973,0.05182798579335213,0.22623470425605774,0.17337432503700256,0.09323475509881973,0.05182798579335213,validacion_cruzada,60,3,"(64, 32)",0.1,0.001,15,100,val_loss,547.5143642402193,167.49511992445247,54
18,0.09148181229829788,0.058544471859931946,0.22610540688037872,0.19064553081989288,0.09148181229829788,0.058544471859931946,validacion_cruzada,60,3,"(64, 32)",0.1,0.001,15,100,val_loss,547.5143642402193,167.49511992445247,54
19,0.08836063742637634,0.05439050868153572,0.21987341344356537,0.1783338338136673,0.08836063742637634,0.05439050868153572,validacion_cruzada,60,3,"(64, 32)",0.1,0.001,15,100,val_loss,547.5143642402193,167.49511992445247,54
20,0.08811894804239273,0.048896368592977524,0.222174271941185,0.16145919263362885,0.08811894804239273,0.048896368592977524,validacion_cruzada,60,3,"(64, 32)",0.1,0.001,15,100,val_loss,547.5143642402193,167.49511992445247,54
21,0.0872901901602745,0.05488605052232742,0.2179373800754547,0.18119186162948608,0.0872901901602745,0.05488605052232742,validacion_cruzada,60,3,"(64, 32)",0.1,0.001,15,100,val_loss,547.5143642402193,167.49511992445247,54
22,0.08077644556760788,0.04838919639587402,0.21027003228664398,0.17095939815044403,0.08077644556760788,0.04838919639587402,validacion_cruzada,60,3,"(64, 32)",0.1,0.001,15,100,val_loss,547.5143642402193,167.49511992445247,54
23,0.08032086491584778,0.0469529964029789,0.20992714166641235,0.16689389944076538,0.08032086491584778,0.0469529964029789,validacion_cruzada,60,3,"(64, 32)",0.1,0.001,15,100,val_loss,547.5143642402193,167.49511992445247,54
24,0.07877325266599655,0.04861322045326233,0.21120557188987732,0.17319941520690918,0.07877325266599655,0.04861322045326233,validacion_cruzada,60,3,"(64, 32)",0.1,0.001,15,100,val_loss,547.5143642402193,167.49511992445247,54
25,0.07656721025705338,0.04151463136076927,0.20552541315555573,0.15317313373088837,0.07656721025705338,0.04151463136076927,validacion_cruzada,60,3,"(64, 32)",0.1,0.001,15,100,val_loss,547.5143642402193,167.49511992445247,54
26,0.07864248007535934,0.05045682191848755,0.21096177399158478,0.17374065518379211,0.07864248007535934,0.05045682191848755,validacion_cruzada,60,3,"(64, 32)",0.1,0.001,15,100,val_loss,547.5143642402193,167.49511992445247,54
27,0.07703821361064911,0.06477430462837219,0.2042330503463745,0.19714553654193878,0.07703821361064911,0.06477430462837219,validacion_cruzada,60,3,"(64, 32)",0.1,0.001,15,100,val_loss,547.5143642402193,167.49511992445247,54
28,0.08197391033172607,0.04960276558995247,0.20980100333690643,0.16447262465953827,0.08197391033172607,0.04960276558995247,validacion_cruzada,60,3,"(64, 32)",0.1,0.001,15,100,val_loss,547.5143642402193,167.49511992445247,54
29,0.08384054899215698,0.06055157259106636,0.21239900588989258,0.18659625947475433,0.08384054899215698,0.06055157259106636,validacion_cruzada,60,3,"(64, 32)",0.1,0.001,15,100,val_loss,547.5143642402193,167.49511992445247,54
30,0.07857391238212585,0.05090681463479996,0.20510873198509216,0.17045098543167114,0.07857391238212585,0.05090681463479996,validacion_cruzada,60,3,"(64, 32)",0.1,0.001,15,100,val_loss,547.5143642402193,167.49511992445247,54
31,0.07121551036834717,0.04870118200778961,0.19518209993839264,0.1701124757528305,0.07121551036834717,0.04870118200778961,validacion_cruzada,60,3,"(64, 32)",0.1,0.001,15,100,val_loss,547.5143642402193,167.49511992445247,54
32,0.07438832521438599,0.05270066484808922,0.20183219015598297,0.17832757532596588,0.07438832521438599,0.05270066484808922,validacion_cruzada,60,3,"(64, 32)",0.1,0.001,15,100,val_loss,547.5143642402193,167.49511992445247,54
33,0.0725068598985672,0.0539887510240078,0.20092813670635223,0.18046660721302032,0.0725068598985672,0.0539887510240078,validacion_cruzada,60,3,"(64, 32)",0.1,0.001,15,100,val_loss,547.5143642402193,167.49511992445247,54
34,0.0717337504029274,0.04834061861038208,0.19732269644737244,0.16752620041370392,0.0717337504029274,0.04834061861038208,validacion_cruzada,60,3,"(64, 32)",0.1,0.001,15,100,val_loss,547.5143642402193,167.49511992445247,54
35,0.07360413670539856,0.05023425817489624,0.19920258224010468,0.16883417963981628,0.07360413670539856,0.05023425817489624,validacion_cruzada,60,3,"(64, 32)",0.1,0.001,15,100,val_loss,547.5143642402193,167.49511992445247,54
36,0.07562465965747833,0.059733882546424866,0.20217975974082947,0.18691444396972656,0.07562465965747833,0.059733882546424866,validacion_cruzada,60,3,"(64, 32)",0.1,0.001,15,100,val_loss,547.5143642402193,167.49511992445247,54
37,0.07170985639095306,0.04079774394631386,0.19326037168502808,0.1511973887681961,0.07170985639095306,0.04079774394631386,validacion_cruzada,60,3,"(64, 32)",0.1,0.001,15,100,val_loss,547.5143642402193,167.49511992445247,54
38,0.06397426128387451,0.038825515657663345,0.18619894981384277,0.14832039177417755,0.06397426128387451,0.038825515657663345,validacion_cruzada,60,3,"(64, 32)",0.1,0.001,15,100,val_loss,547.5143642402193,167.49511992445247,54
39,0.05912169814109802,0.03760317340493202,0.1788518875837326,0.14230860769748688,0.05912169814109802,0.03760317340493202,validacion_cruzada,60,3,"(64, 32)",0.1,0.001,15,100,val_loss,547.5143642402193,167.49511992445247,54
40,0.059219926595687866,0.03947744891047478,0.18180833756923676,0.14230015873908997,0.059219926595687866,0.03947744891047478,validacion_cruzada,60,3,"(64, 32)",0.1,0.001,15,100,val_loss,547.5143642402193,167.49511992445247,54
41,0.06154819205403328,0.04498916491866112,0.18476535379886627,0.15168075263500214,0.06154819205403328,0.04498916491866112,validacion_cruzada,60,3,"(64, 32)",0.1,0.001,15,100,val_loss,547.5143642402193,167.49511992445247,54
42,0.07021205872297287,0.053116001188755035,0.1929665505886078,0.16661740839481354,0.07021205872297287,0.053116001188755035,validacion_cruzada,60,3,"(64, 32)",0.1,0.001,15,100,val_loss,547.5143642402193,167.49511992445247,54
43,0.05922870710492134,0.048111628741025925,0.17861507833003998,0.16460782289505005,0.05922870710492134,0.048111628741025925,validacion_cruzada,60,3,"(64, 32)",0.1,0.001,15,100,val_loss,547.5143642402193,167.49511992445247,54
44,0.06315450370311737,0.061134517192840576,0.1849878579378128,0.18576374650001526,0.06315450370311737,0.061134517192840576,validacion_cruzada,60,3,"(64, 32)",0.1,0.001,15,100,val_loss,547.5143642402193,167.49511992445247,54
45,0.06477296352386475,0.045388516038656235,0.18462426960468292,0.16465480625629425,0.06477296352386475,0.045388516038656235,validacion_cruzada,60,3,"(64, 32)",0.1,0.001,15,100,val_loss,547.5143642402193,167.49511992445247,54
46,0.062186289578676224,0.04644187167286873,0.18596316874027252,0.16316723823547363,0.062186289578676224,0.04644187167286873,validacion_cruzada,60,3,"(64, 32)",0.1,0.001,15,100,val_loss,547.5143642402193,167.49511992445247,54
47,0.058040253818035126,0.038302499800920486,0.17733119428157806,0.14645394682884216,0.058040253818035126,0.038302499800920486,validacion_cruzada,60,3,"(64, 32)",0.1,0.001,15,100,val_loss,547.5143642402193,167.49511992445247,54
48,0.05278247222304344,0.0417875200510025,0.170456200838089,0.14841917157173157,0.05278247222304344,0.0417875200510025,validacion_cruzada,60,3,"(64, 32)",0.1,0.001,15,100,val_loss,547.5143642402193,167.49511992445247,54
49,0.05815495178103447,0.04301838204264641,0.17845328152179718,0.15829706192016602,0.05815495178103447,0.04301838204264641,validacion_cruzada,60,3,"(64, 32)",0.1,0.001,15,100,val_loss,547.5143642402193,167.49511992445247,54
50,0.05948015674948692,0.051763296127319336,0.17630615830421448,0.17021246254444122,0.05948015674948692,0.051763296127319336,validacion_cruzada,60,3,"(64, 32)",0.1,0.001,15,100,val_loss,547.5143642402193,167.49511992445247,54
51,0.05818883329629898,0.06037379428744316,0.17885896563529968,0.184541717171669,0.05818883329629898,0.06037379428744316,validacion_cruzada,60,3,"(64, 32)",0.1,0.001,15,100,val_loss,547.5143642402193,167.49511992445247,54
52,0.06567855924367905,0.05751490592956543,0.18493977189064026,0.18306908011436462,0.06567855924367905,0.05751490592956543,validacion_cruzada,60,3,"(64, 32)",0.1,0.001,15,100,val_loss,547.5143642402193,167.49511992445247,54
53,0.05325952172279358,0.04355396702885628,0.16800455749034882,0.1595226377248764,0.05325952172279358,0.04355396702885628,validacion_cruzada,60,3,"(64, 32)",0.1,0.001,15,100,val_loss,547.5143642402193,167.49511992445247,54
54,0.05131419003009796,0.040180765092372894,0.16794858872890472,0.15304002165794373,0.05131419003009796,0.040180761367082596,validacion_cruzada,60,3,"(64, 32)",0.1,0.001,15,100,val_loss,547.5143642402193,167.49511992445247,54
1,0.8861649036407471,0.5777976512908936,0.749637246131897,0.6061508059501648,0.8861649036407471,0.5777976512908936,validacion_cruzada,60,4,"(64, 32)",0.1,0.001,15,100,val_loss,547.4405892483389,167.33656070416404,82
2,0.4834364354610443,0.3479173183441162,0.5453662872314453,0.4642278552055359,0.4834364354610443,0.3479173183441162,validacion_cruzada,60,4,"(64, 32)",0.1,0.001,15,100,val_loss,547.4405892483389,167.33656070416404,82
3,0.3374060392379761,0.21858736872673035,0.45240840315818787,0.3659662902355194,0.3374060392379761,0.21858736872673035,validacion_cruzada,60,4,"(64, 32)",0.1,0.001,15,100,val_loss,547.4405892483389,167.33656070416404,82
4,0.24177971482276917,0.15044182538986206,0.3847746253013611,0.30995920300483704,0.24177971482276917,0.15044184029102325,validacion_cruzada,60,4,"(64, 32)",0.1,0.001,15,100,val_loss,547.4405892483389,167.33656070416404,82
5,0.1989876627922058,0.11174879223108292,0.34461474418640137,0.2662946581840515,0.1989876627922058,0.11174879223108292,validacion_cruzada,60,4,"(64, 32)",0.1,0.001,15,100,val_loss,547.4405892483389,167.33656070416404,82
6,0.1770627647638321,0.09397535771131516,0.31970569491386414,0.24341605603694916,0.1770627647638321,0.09397535771131516,validacion_cruzada,60,4,"(64, 32)",0.1,0.001,15,100,val_loss,547.4405892483389,167.33656070416404,82
7,0.15045951306819916,0.0834929421544075,0.3007170259952545,0.2291577160358429,0.15045951306819916,0.0834929421544075,validacion_cruzada,60,4,"(64, 32)",0.1,0.001,15,100,val_loss,547.4405892483389,167.33656070416404,82
8,0.14662016928195953,0.07563721388578415,0.2915274500846863,0.2132948637008667,0.14662016928195953,0.07563721388578415,validacion_cruzada,60,4,"(64, 32)",0.1,0.001,15,100,val_loss,547.4405892483389,167.33656070416404,82
9,0.14604929089546204,0.06976553797721863,0.288118839263916,0.20359832048416138,0.14604929089546204,0.06976553797721863,validacion_cruzada,60,4,"(64, 32)",0.1,0.001,15,100,val_loss,547.4405892483389,167.33656070416404,82
10,0.12956199049949646,0.0651717558503151,0.2737393081188202,0.19488707184791565,0.12956199049949646,0.0651717558503151,validacion_cruzada,60,4,"(64, 32)",0.1,0.001,15,100,val_loss,547.4405892483389,167.33656070416404,82
11,0.11727185547351837,0.0626465305685997,0.2566513419151306,0.19035552442073822,0.11727185547351837,0.0626465305685997,validacion_cruzada,60,4,"(64, 32)",0.1,0.001,15,100,val_loss,547.4405892483389,167.33656070416404,82
12,0.1115540862083435,0.06240765377879143,0.25415173172950745,0.19025173783302307,0.1115540862083435,0.06240765377879143,validacion_cruzada,60,4,"(64, 32)",0.1,0.001,15,100,val_loss,547.4405892483389,167.33656070416404,82
13,0.09980528801679611,0.05882945656776428,0.24041758477687836,0.18204765021800995,0.09980528801679611,0.05882945656776428,validacion_cruzada,60,4,"(64, 32)",0.1,0.001,15,100,val_loss,547.4405892483389,167.33656070416404,82
14,0.11030726879835129,0.05545274540781975,0.2457032948732376,0.17584125697612762,0.11030726879835129,0.05545274540781975,validacion_cruzada,60,4,"(64, 32)",0.1,0.001,15,100,val_loss,547.4405892483389,167.33656070416404,82
15,0.10036385804414749,0.05510230362415314,0.2376922219991684,0.17392198741436005,0.10036385804414749,0.05510230362415314,validacion_cruzada,60,4,"(64, 32)",0.1,0.001,15,100,val_loss,547.4405892483389,167.33656070416404,82
16,0.09934793412685394,0.055231574922800064,0.2369401454925537,0.1740962117910385,0.09934793412685394,0.055231574922800064,validacion_cruzada,60,4,"(64, 32)",0.1,0.001,15,100,val_loss,547.4405892483389,167.33656070416404,82
17,0.0926605686545372,0.05170680955052376,0.231628879904747,0.16891206800937653,0.0926605686545372,0.05170680955052376,validacion_cruzada,60,4,"(64, 32)",0.1,0.001,15,100,val_loss,547.4405892483389,167.33656070416404,82
18,0.09141160547733307,0.05035926401615143,0.2268756628036499,0.1664511114358902,0.09141160547733307,0.05035926401615143,validacion_cruzada,60,4,"(64, 32)",0.1,0.001,15,100,val_loss,547.4405892483389,167.33656070416404,82
19,0.08449176698923111,0.05108368769288063,0.22006092965602875,0.1711217314004898,0.08449176698923111,0.05108368769288063,validacion_cruzada,60,4,"(64, 32)",0.1,0.001,15,100,val_loss,547.4405892483389,167.33656070416404,82
20,0.08313721418380737,0.049439337104558945,0.21638181805610657,0.1647695004940033,0.08313721418380737,0.049439337104558945,validacion_cruzada,60,4,"(64, 32)",0.1,0.001,15,100,val_loss,547.4405892483389,167.33656070416404,82
21,0.08800099045038223,0.04881102964282036,0.22416573762893677,0.16387619078159332,0.08800099045038223,0.04881102964282036,validacion_cruzada,60,4,"(64, 32)",0.1,0.001,15,100,val_loss,547.4405892483389,167.33656070416404,82
22,0.08265270292758942,0.04790300875902176,0.21718835830688477,0.16139695048332214,0.08265270292758942,0.04790300875902176,validacion_cruzada,60,4,"(64, 32)",0.1,0.001,15,100,val_loss,547.4405892483389,167.33656070416404,82
23,0.07961282879114151,0.047793783247470856,0.2115030139684677,0.1624952107667923,0.07961282879114151,0.047793783247470856,validacion_cruzada,60,4,"(64, 32)",0.1,0.001,15,100,val_loss,547.4405892483389,167.33656070416404,82
24,0.08094485849142075,0.045431461185216904,0.21253162622451782,0.15875747799873352,0.08094485849142075,0.045431461185216904,validacion_cruzada,60,4,"(64, 32)",0.1,0.001,15,100,val_loss,547.4405892483389,167.33656070416404,82
25,0.07690474390983582,0.04421966150403023,0.21031497418880463,0.1574142724275589,0.07690474390983582,0.04421966150403023,validacion_cruzada,60,4,"(64, 32)",0.1,0.001,15,100,val_loss,547.4405892483389,167.33656070416404,82
26,0.07583623379468918,0.044668011367321014,0.20606835186481476,0.15703095495700836,0.07583623379468918,0.044668011367321014,validacion_cruzada,60,4,"(64, 32)",0.1,0.001,15,100,val_loss,547.4405892483389,167.33656070416404,82
27,0.0800735130906105,0.04579804837703705,0.21186372637748718,0.16210924088954926,0.0800735130906105,0.04579804837703705,validacion_cruzada,60,4,"(64, 32)",0.1,0.001,15,100,val_loss,547.4405892483389,167.33656070416404,82
28,0.07787759602069855,0.043288279324769974,0.20842735469341278,0.15563639998435974,0.07787759602069855,0.043288279324769974,validacion_cruzada,60,4,"(64, 32)",0.1,0.001,15,100,val_loss,547.4405892483389,167.33656070416404,82
29,0.06942153722047806,0.04922695830464363,0.19677774608135223,0.16406019032001495,0.06942153722047806,0.04922695830464363,validacion_cruzada,60,4,"(64, 32)",0.1,0.001,15,100,val_loss,547.4405892483389,167.33656070416404,82
30,0.07673940062522888,0.04310019686818123,0.20771446824073792,0.1530788540840149,0.07673940062522888,0.04310019686818123,validacion_cruzada,60,4,"(64, 32)",0.1,0.001,15,100,val_loss,547.4405892483389,167.33656070416404,82
31,0.0697188675403595,0.04357815161347389,0.20109142363071442,0.1558058261871338,0.0697188675403595,0.04357815161347389,validacion_cruzada,60,4,"(64, 32)",0.1,0.001,15,100,val_loss,547.4405892483389,167.33656070416404,82
32,0.06883347779512405,0.04406753554940224,0.19546152651309967,0.1589539349079132,0.06883347779512405,0.04406753554940224,validacion_cruzada,60,4,"(64, 32)",0.1,0.001,15,100,val_loss,547.4405892483389,167.33656070416404,82
33,0.06508277356624603,0.04160588979721069,0.19147692620754242,0.1512531042098999,0.06508277356624603,0.04160588979721069,validacion_cruzada,60,4,"(64, 32)",0.1,0.001,15,100,val_loss,547.4405892483389,167.33656070416404,82
34,0.06726845353841782,0.040657658129930496,0.19116230309009552,0.15235234797000885,0.06726845353841782,0.040657658129930496,validacion_cruzada,60,4,"(64, 32)",0.1,0.001,15,100,val_loss,547.4405892483389,167.33656070416404,82
35,0.07239777594804764,0.04043065384030342,0.20010241866111755,0.14935633540153503,0.07239777594804764,0.04043065384030342,validacion_cruzada,60,4,"(64, 32)",0.1,0.001,15,100,val_loss,547.4405892483389,167.33656070416404,82
36,0.06669492274522781,0.04429075866937637,0.19368675351142883,0.15582118928432465,0.06669492274522781,0.04429075866937637,validacion_cruzada,60,4,"(64, 32)",0.1,0.001,15,100,val_loss,547.4405892483389,167.33656070416404,82
37,0.06906278431415558,0.044685568660497665,0.19589398801326752,0.15552762150764465,0.06906278431415558,0.044685568660497665,validacion_cruzada,60,4,"(64, 32)",0.1,0.001,15,100,val_loss,547.4405892483389,167.33656070416404,82
38,0.06403908133506775,0.03920712321996689,0.19018976390361786,0.1458258479833603,0.06403908133506775,0.03920712321996689,validacion_cruzada,60,4,"(64, 32)",0.1,0.001,15,100,val_loss,547.4405892483389,167.33656070416404,82
39,0.05974011868238449,0.042478639632463455,0.18291625380516052,0.15146350860595703,0.05974011868238449,0.042478639632463455,validacion_cruzada,60,4,"(64, 32)",0.1,0.001,15,100,val_loss,547.4405892483389,167.33656070416404,82
40,0.06721101701259613,0.04422977566719055,0.19068586826324463,0.15509581565856934,0.06721101701259613,0.04422977566719055,validacion_cruzada,60,4,"(64, 32)",0.1,0.001,15,100,val_loss,547.4405892483389,167.33656070416404,82
41,0.06632893532514572,0.043068841099739075,0.18942266702651978,0.1523100733757019,0.06632893532514572,0.043068841099739075,validacion_cruzada,60,4,"(64, 32)",0.1,0.001,15,100,val_loss,547.4405892483389,167.33656070416404,82
42,0.0560658797621727,0.040566734969615936,0.177986279129982,0.14798206090927124,0.0560658797621727,0.040566734969615936,validacion_cruzada,60,4,"(64, 32)",0.1,0.001,15,100,val_loss,547.4405892483389,167.33656070416404,82
43,0.057937219738960266,0.04217357933521271,0.17929302155971527,0.1518579125404358,0.057937219738960266,0.04217357933521271,validacion_cruzada,60,4,"(64, 32)",0.1,0.001,15,100,val_loss,547.4405892483389,167.33656070416404,82
44,0.06507013738155365,0.03761463612318039,0.1899753361940384,0.1432298719882965,0.06507013738155365,0.03761463612318039,validacion_cruzada,60,4,"(64, 32)",0.1,0.001,15,100,val_loss,547.4405892483389,167.33656070416404,82
45,0.063778355717659,0.03855133429169655,0.18400035798549652,0.14492017030715942,0.063778355717659,0.03855133429169655,validacion_cruzada,60,4,"(64, 32)",0.1,0.001,15,100,val_loss,547.4405892483389,167.33656070416404,82
46,0.0608968622982502,0.03897830843925476,0.18406999111175537,0.14555150270462036,0.0608968622982502,0.03897830843925476,validacion_cruzada,60,4,"(64, 32)",0.1,0.001,15,100,val_loss,547.4405892483389,167.33656070416404,82
47,0.060790419578552246,0.03812577947974205,0.18351304531097412,0.14490757882595062,0.060790419578552246,0.03812577947974205,validacion_cruzada,60,4,"(64, 32)",0.1,0.001,15,100,val_loss,547.4405892483389,167.33656070416404,82
48,0.06462987512350082,0.038151342421770096,0.18888075649738312,0.14468245208263397,0.06462987512350082,0.038151342421770096,validacion_cruzada,60,4,"(64, 32)",0.1,0.001,15,100,val_loss,547.4405892483389,167.33656070416404,82
49,0.06377684324979782,0.040794506669044495,0.1859011948108673,0.15152695775032043,0.06377684324979782,0.040794506669044495,validacion_cruzada,60,4,"(64, 32)",0.1,0.001,15,100,val_loss,547.4405892483389,167.33656070416404,82
50,0.06190256401896477,0.049805231392383575,0.18248263001441956,0.16350899636745453,0.06190256401896477,0.049805231392383575,validacion_cruzada,60,4,"(64, 32)",0.1,0.001,15,100,val_loss,547.4405892483389,167.33656070416404,82
51,0.06200932338833809,0.036285169422626495,0.1804535984992981,0.13913872838020325,0.06200932338833809,0.036285169422626495,validacion_cruzada,60,4,"(64, 32)",0.1,0.001,15,100,val_loss,547.4405892483389,167.33656070416404,82
52,0.05851136893033981,0.040535397827625275,0.1799212545156479,0.14745506644248962,0.05851136893033981,0.040535397827625275,validacion_cruzada,60,4,"(64, 32)",0.1,0.001,15,100,val_loss,547.4405892483389,167.33656070416404,82
53,0.05533062666654587,0.03597026690840721,0.17612016201019287,0.14099670946598053,0.05533062666654587,0.03597026690840721,validacion_cruzada,60,4,"(64, 32)",0.1,0.001,15,100,val_loss,547.4405892483389,167.33656070416404,82
54,0.05138655751943588,0.03976580500602722,0.1707514375448227,0.14816205203533173,0.05138655751943588,0.03976580500602722,validacion_cruzada,60,4,"(64, 32)",0.1,0.001,15,100,val_loss,547.4405892483389,167.33656070416404,82
55,0.056705404072999954,0.03569107502698898,0.1743435114622116,0.13823585212230682,0.056705404072999954,0.03569107502698898,validacion_cruzada,60,4,"(64, 32)",0.1,0.001,15,100,val_loss,547.4405892483389,167.33656070416404,82
56,0.05581008270382881,0.03635168820619583,0.17511150240898132,0.1388116180896759,0.05581008270382881,0.03635168820619583,validacion_cruzada,60,4,"(64, 32)",0.1,0.001,15,100,val_loss,547.4405892483389,167.33656070416404,82
57,0.052203454077243805,0.03776637092232704,0.16885757446289062,0.13979259133338928,0.052203454077243805,0.03776637092232704,validacion_cruzada,60,4,"(64, 32)",0.1,0.001,15,100,val_loss,547.4405892483389,167.33656070416404,82
58,0.05811847001314163,0.03517819568514824,0.17988799512386322,0.13805878162384033,0.05811847001314163,0.03517819568514824,validacion_cruzada,60,4,"(64, 32)",0.1,0.001,15,100,val_loss,547.4405892483389,167.33656070416404,82
59,0.052383821457624435,0.03750016540288925,0.17149080336093903,0.14090141654014587,0.052383821457624435,0.03750016540288925,validacion_cruzada,60,4,"(64, 32)",0.1,0.001,15,100,val_loss,547.4405892483389,167.33656070416404,82
60,0.05764835327863693,0.03568635508418083,0.17989982664585114,0.13773716986179352,0.05764835327863693,0.03568635508418083,validacion_cruzada,60,4,"(64, 32)",0.1,0.001,15,100,val_loss,547.4405892483389,167.33656070416404,82
61,0.05218859761953354,0.03802734240889549,0.1712251454591751,0.1413375288248062,0.05218859761953354,0.03802734240889549,validacion_cruzada,60,4,"(64, 32)",0.1,0.001,15,100,val_loss,547.4405892483389,167.33656070416404,82
62,0.051980067044496536,0.0383036732673645,0.16832730174064636,0.14506174623966217,0.051980067044496536,0.0383036732673645,validacion_cruzada,60,4,"(64, 32)",0.1,0.001,15,100,val_loss,547.4405892483389,167.33656070416404,82
63,0.05230162292718887,0.039582982659339905,0.16967914998531342,0.1464909315109253,0.05230162292718887,0.039582982659339905,validacion_cruzada,60,4,"(64, 32)",0.1,0.001,15,100,val_loss,547.4405892483389,167.33656070416404,82
64,0.05733107402920723,0.034365214407444,0.17869789898395538,0.13483621180057526,0.05733107402920723,0.034365214407444,validacion_cruzada,60,4,"(64, 32)",0.1,0.001,15,100,val_loss,547.4405892483389,167.33656070416404,82
65,0.051661230623722076,0.041168902069330215,0.16724732518196106,0.15175969898700714,0.051661230623722076,0.041168902069330215,validacion_cruzada,60,4,"(64, 32)",0.1,0.001,15,100,val_loss,547.4405892483389,167.33656070416404,82
66,0.05883040279150009,0.035587046295404434,0.18027298152446747,0.1375070959329605,0.05883040279150009,0.035587046295404434,validacion_cruzada,60,4,"(64, 32)",0.1,0.001,15,100,val_loss,547.4405892483389,167.33656070416404,82
67,0.04877632483839989,0.03368357941508293,0.16481566429138184,0.13435478508472443,0.04877632483839989,0.03368357941508293,validacion_cruzada,60,4,"(64, 32)",0.1,0.001,15,100,val_loss,547.4405892483389,167.33656070416404,82
68,0.046936362981796265,0.03929772228002548,0.16366852819919586,0.1479744166135788,0.046936362981796265,0.03929772228002548,validacion_cruzada,60,4,"(64, 32)",0.1,0.001,15,100,val_loss,547.4405892483389,167.33656070416404,82
69,0.052641674876213074,0.03907916694879532,0.1668088138103485,0.14353856444358826,0.052641674876213074,0.03907916694879532,validacion_cruzada,60,4,"(64, 32)",0.1,0.001,15,100,val_loss,547.4405892483389,167.33656070416404,82
70,0.05930881202220917,0.04229118674993515,0.17917680740356445,0.1515810340642929,0.05930881202220917,0.04229118674993515,validacion_cruzada,60,4,"(64, 32)",0.1,0.001,15,100,val_loss,547.4405892483389,167.33656070416404,82
71,0.052686214447021484,0.04081232100725174,0.16884969174861908,0.15091973543167114,0.052686214447021484,0.04081232100725174,validacion_cruzada,60,4,"(64, 32)",0.1,0.001,15,100,val_loss,547.4405892483389,167.33656070416404,82
72,0.053679585456848145,0.038859471678733826,0.17181868851184845,0.1439209282398224,0.053679585456848145,0.038859471678733826,validacion_cruzada,60,4,"(64, 32)",0.1,0.001,15,100,val_loss,547.4405892483389,167.33656070416404,82
73,0.05640440806746483,0.042238522320985794,0.17029131948947906,0.15031211078166962,0.05640440806746483,0.042238522320985794,validacion_cruzada,60,4,"(64, 32)",0.1,0.001,15,100,val_loss,547.4405892483389,167.33656070416404,82
74,0.0664481669664383,0.04187937080860138,0.18838834762573242,0.15247733891010284,0.0664481669664383,0.04187937080860138,validacion_cruzada,60,4,"(64, 32)",0.1,0.001,15,100,val_loss,547.4405892483389,167.33656070416404,82
75,0.05949149653315544,0.04023972526192665,0.17845918238162994,0.14965210855007172,0.05949149653315544,0.04023972526192665,validacion_cruzada,60,4,"(64, 32)",0.1,0.001,15,100,val_loss,547.4405892483389,167.33656070416404,82
76,0.053315404802560806,0.03955584391951561,0.16891439259052277,0.14765818417072296,0.053315404802560806,0.03955584391951561,validacion_cruzada,60,4,"(64, 32)",0.1,0.001,15,100,val_loss,547.4405892483389,167.33656070416404,82
77,0.054304953664541245,0.03861633315682411,0.16920985281467438,0.1441064178943634,0.054304953664541245,0.03861633315682411,validacion_cruzada,60,4,"(64, 32)",0.1,0.001,15,100,val_loss,547.4405892483389,167.33656070416404,82
78,0.05959806591272354,0.03815940394997597,0.17813757061958313,0.14296354353427887,0.05959806591272354,0.03815940394997597,validacion_cruzada,60,4,"(64, 32)",0.1,0.001,15,100,val_loss,547.4405892483389,167.33656070416404,82
79,0.05538252368569374,0.04069454222917557,0.16906103491783142,0.14936278760433197,0.05538252368569374,0.04069454222917557,validacion_cruzada,60,4,"(64, 32)",0.1,0.001,15,100,val_loss,547.4405892483389,167.33656070416404,82
80,0.05930204316973686,0.04174698144197464,0.17699171602725983,0.15156151354312897,0.05930204316973686,0.04174698144197464,validacion_cruzada,60,4,"(64, 32)",0.1,0.001,15,100,val_loss,547.4405892483389,167.33656070416404,82
81,0.06093985214829445,0.03964246064424515,0.17930981516838074,0.14765958487987518,0.06093985214829445,0.03964246064424515,validacion_cruzada,60,4,"(64, 32)",0.1,0.001,15,100,val_loss,547.4405892483389,167.33656070416404,82
82,0.05874745175242424,0.03574257716536522,0.1748666763305664,0.13923755288124084,0.05874745175242424,0.03574257716536522,validacion_cruzada,60,4,"(64, 32)",0.1,0.001,15,100,val_loss,547.4405892483389,167.33656070416404,82
